id,part_number,sub_model_id,sub_model_name,category_id,product_id,family,model_name,color_id,color_th,color_en,color_hex,storage,screen_size,connectivity,specs_chip,dimensions_mm,weight_grams,display_specs,camera_specs,battery_specs,box_contents,material,price_thb,formatted_price,image_url,image_url_png,local_image_path,local_image_png,buy_url,specs_url,overview_url
TH-IPHONE16STANDARD-ULTRAMARINE-128GB-D0EC,TH-IPHONE16STANDARD-ULTRAMARINE-128GB-D0EC,iphone-16-standard,iPhone 16,iphone,iphone-16,iPhone 16,iPhone 16 128GB สีน้ำเงินอัลตร้ามารีน (Ultramarine),ultramarine,น้ำเงินอัลตร้ามารีน,Ultramarine,#4D5E8C,128GB,"6.1""","5G (sub-6 GHz), Wi-Fi 7 (802.11be), Bluetooth 5.3, ชิป Ultra Wideband รุ่นที่ 2, พอร์ต USB-C รองรับ USB 2","ชิป A18 พร้อม CPU แบบ 6-core (2 ประสิทธิภาพ + 4 ประหยัดพลังงาน), GPU แบบ 5-core และ Neural Engine แบบ 16-core",147.6 x 71.6 x 7.80 มม.,170 กรัม,"จอภาพ Super Retina XDR OLED ขนาด 6.1 นิ้ว (แนวทแยง), ความละเอียด 2556 x 1179 พิกเซลที่ 460 ppi, ความสว่างสูงสุด 2,000 นิต (กลางแจ้ง), Dynamic Island, คอนทราสต์เรโช 2,000,000:1","ระบบกล้องคู่ขั้นสูง: กล้อง Fusion 48MP (26 มม., ƒ/1.6, ระบบ OIS แบบเลื่อนเซ็นเซอร์) + กล้อง Ultra Wide 12MP (13 มม., ƒ/2.2, มุมมอง 120°), ภาพถ่ายความละเอียดสูงพิเศษ (24MP และ 48MP), ปุ่มควบคุมกล้อง (Camera Control)","การเล่นวิดีโอนานสูงสุด 22 ชั่วโมง, การเล่นเสียงนานสูงสุด 80 ชั่วโมง, รองรับการชาร์จเร็วสูงสุด 50% ใน 30 นาที ด้วยอะแดปเตอร์ 20W หรือสูงกว่า","iPhone 16 พร้อม iOS 18, สายชาร์จ USB-C (1 ม., รองรับ 60W), เอกสารประกอบ","กระจกแต่งสีด้านหลังและกรอบอะลูมิเนียมเกรดเดียวกับที่ใช้ในอุตสาหกรรมอวกาศ, ด้านหน้าแบบ Ceramic Shield รุ่นล่าสุด",29900,"฿29,900",https://store.storeimages.cdn-apple.com/1/as-images.apple.com/is/iphone-16-finish-select-202409-6-1inch-ultramarine?wid=2560&hei=2560&fmt=jpeg&qlt=95,https://store.storeimages.cdn-apple.com/1/as-images.apple.com/is/iphone-16-finish-select-202409-6-1inch-ultramarine?wid=2048&hei=2048&fmt=png-alpha,data/images/iphone/iphone-16/ultramarine.jpg,data/images/iphone/iphone-16/ultramarine/hero.png,https://www.apple.com/th/shop/buy-iphone/iphone-16,https://www.apple.com/th/iphone-16/specs/,https://www.apple.com/th/iphone-16/
TH-IPHONE16STANDARD-ULTRAMARINE-256GB-E109,TH-IPHONE16STANDARD-ULTRAMARINE-256GB-E109,iphone-16-standard,iPhone 16,iphone,iphone-16,iPhone 16,iPhone 16 256GB สีน้ำเงินอัลตร้ามารีน (Ultramarine),ultramarine,น้ำเงินอัลตร้ามารีน,Ultramarine,#4D5E8C,256GB,"6.1""","5G (sub-6 GHz), Wi-Fi 7 (802.11be), Bluetooth 5.3, ชิป Ultra Wideband รุ่นที่ 2, พอร์ต USB-C รองรับ USB 2","ชิป A18 พร้อม CPU แบบ 6-core (2 ประสิทธิภาพ + 4 ประหยัดพลังงาน), GPU แบบ 5-core และ Neural Engine แบบ 16-core",147.6 x 71.6 x 7.80 มม.,170 กรัม,"จอภาพ Super Retina XDR OLED ขนาด 6.1 นิ้ว (แนวทแยง), ความละเอียด 2556 x 1179 พิกเซลที่ 460 ppi, ความสว่างสูงสุด 2,000 นิต (กลางแจ้ง), Dynamic Island, คอนทราสต์เรโช 2,000,000:1","ระบบกล้องคู่ขั้นสูง: กล้อง Fusion 48MP (26 มม., ƒ/1.6, ระบบ OIS แบบเลื่อนเซ็นเซอร์) + กล้อง Ultra Wide 12MP (13 มม., ƒ/2.2, มุมมอง 120°), ภาพถ่ายความละเอียดสูงพิเศษ (24MP และ 48MP), ปุ่มควบคุมกล้อง (Camera Control)","การเล่นวิดีโอนานสูงสุด 22 ชั่วโมง, การเล่นเสียงนานสูงสุด 80 ชั่วโมง, รองรับการชาร์จเร็วสูงสุด 50% ใน 30 นาที ด้วยอะแดปเตอร์ 20W หรือสูงกว่า","iPhone 16 พร้อม iOS 18, สายชาร์จ USB-C (1 ม., รองรับ 60W), เอกสารประกอบ","กระจกแต่งสีด้านหลังและกรอบอะลูมิเนียมเกรดเดียวกับที่ใช้ในอุตสาหกรรมอวกาศ, ด้านหน้าแบบ Ceramic Shield รุ่นล่าสุด",33900,"฿33,900",https://store.storeimages.cdn-apple.com/1/as-images.apple.com/is/iphone-16-finish-select-202409-6-1inch-ultramarine?wid=2560&hei=2560&fmt=jpeg&qlt=95,https://store.storeimages.cdn-apple.com/1/as-images.apple.com/is/iphone-16-finish-select-202409-6-1inch-ultramarine?wid=2048&hei=2048&fmt=png-alpha,data/images/iphone/iphone-16/ultramarine.jpg,data/images/iphone/iphone-16/ultramarine/hero.png,https://www.apple.com/th/shop/buy-iphone/iphone-16,https://www.apple.com/th/iphone-16/specs/,https://www.apple.com/th/iphone-16/
TH-IPHONE16STANDARD-ULTRAMARINE-512GB-A0C2,TH-IPHONE16STANDARD-ULTRAMARINE-512GB-A0C2,iphone-16-standard,iPhone 16,iphone,iphone-16,iPhone 16,iPhone 16 512GB สีน้ำเงินอัลตร้ามารีน (Ultramarine),ultramarine,น้ำเงินอัลตร้ามารีน,Ultramarine,#4D5E8C,512GB,"6.1""","5G (sub-6 GHz), Wi-Fi 7 (802.11be), Bluetooth 5.3, ชิป Ultra Wideband รุ่นที่ 2, พอร์ต USB-C รองรับ USB 2","ชิป A18 พร้อม CPU แบบ 6-core (2 ประสิทธิภาพ + 4 ประหยัดพลังงาน), GPU แบบ 5-core และ Neural Engine แบบ 16-core",147.6 x 71.6 x 7.80 มม.,170 กรัม,"จอภาพ Super Retina XDR OLED ขนาด 6.1 นิ้ว (แนวทแยง), ความละเอียด 2556 x 1179 พิกเซลที่ 460 ppi, ความสว่างสูงสุด 2,000 นิต (กลางแจ้ง), Dynamic Island, คอนทราสต์เรโช 2,000,000:1","ระบบกล้องคู่ขั้นสูง: กล้อง Fusion 48MP (26 มม., ƒ/1.6, ระบบ OIS แบบเลื่อนเซ็นเซอร์) + กล้อง Ultra Wide 12MP (13 มม., ƒ/2.2, มุมมอง 120°), ภาพถ่ายความละเอียดสูงพิเศษ (24MP และ 48MP), ปุ่มควบคุมกล้อง (Camera Control)","การเล่นวิดีโอนานสูงสุด 22 ชั่วโมง, การเล่นเสียงนานสูงสุด 80 ชั่วโมง, รองรับการชาร์จเร็วสูงสุด 50% ใน 30 นาที ด้วยอะแดปเตอร์ 20W หรือสูงกว่า","iPhone 16 พร้อม iOS 18, สายชาร์จ USB-C (1 ม., รองรับ 60W), เอกสารประกอบ","กระจกแต่งสีด้านหลังและกรอบอะลูมิเนียมเกรดเดียวกับที่ใช้ในอุตสาหกรรมอวกาศ, ด้านหน้าแบบ Ceramic Shield รุ่นล่าสุด",41900,"฿41,900",https://store.storeimages.cdn-apple.com/1/as-images.apple.com/is/iphone-16-finish-select-202409-6-1inch-ultramarine?wid=2560&hei=2560&fmt=jpeg&qlt=95,https://store.storeimages.cdn-apple.com/1/as-images.apple.com/is/iphone-16-finish-select-202409-6-1inch-ultramarine?wid=2048&hei=2048&fmt=png-alpha,data/images/iphone/iphone-16/ultramarine.jpg,data/images/iphone/iphone-16/ultramarine/hero.png,https://www.apple.com/th/shop/buy-iphone/iphone-16,https://www.apple.com/th/iphone-16/specs/,https://www.apple.com/th/iphone-16/
TH-IPHONE16STANDARD-TEAL-128GB-5472,TH-IPHONE16STANDARD-TEAL-128GB-5472,iphone-16-standard,iPhone 16,iphone,iphone-16,iPhone 16,iPhone 16 128GB สีเขียวอมฟ้า (Teal),teal,เขียวอมฟ้า,Teal,#84A8A3,128GB,"6.1""","5G (sub-6 GHz), Wi-Fi 7 (802.11be), Bluetooth 5.3, ชิป Ultra Wideband รุ่นที่ 2, พอร์ต USB-C รองรับ USB 2","ชิป A18 พร้อม CPU แบบ 6-core (2 ประสิทธิภาพ + 4 ประหยัดพลังงาน), GPU แบบ 5-core และ Neural Engine แบบ 16-core",147.6 x 71.6 x 7.80 มม.,170 กรัม,"จอภาพ Super Retina XDR OLED ขนาด 6.1 นิ้ว (แนวทแยง), ความละเอียด 2556 x 1179 พิกเซลที่ 460 ppi, ความสว่างสูงสุด 2,000 นิต (กลางแจ้ง), Dynamic Island, คอนทราสต์เรโช 2,000,000:1","ระบบกล้องคู่ขั้นสูง: กล้อง Fusion 48MP (26 มม., ƒ/1.6, ระบบ OIS แบบเลื่อนเซ็นเซอร์) + กล้อง Ultra Wide 12MP (13 มม., ƒ/2.2, มุมมอง 120°), ภาพถ่ายความละเอียดสูงพิเศษ (24MP และ 48MP), ปุ่มควบคุมกล้อง (Camera Control)","การเล่นวิดีโอนานสูงสุด 22 ชั่วโมง, การเล่นเสียงนานสูงสุด 80 ชั่วโมง, รองรับการชาร์จเร็วสูงสุด 50% ใน 30 นาที ด้วยอะแดปเตอร์ 20W หรือสูงกว่า","iPhone 16 พร้อม iOS 18, สายชาร์จ USB-C (1 ม., รองรับ 60W), เอกสารประกอบ","กระจกแต่งสีด้านหลังและกรอบอะลูมิเนียมเกรดเดียวกับที่ใช้ในอุตสาหกรรมอวกาศ, ด้านหน้าแบบ Ceramic Shield รุ่นล่าสุด",29900,"฿29,900",https://store.storeimages.cdn-apple.com/1/as-images.apple.com/is/iphone-16-finish-select-202409-6-1inch-teal?wid=2560&hei=2560&fmt=jpeg&qlt=95,https://store.storeimages.cdn-apple.com/1/as-images.apple.com/is/iphone-16-finish-select-202409-6-1inch-teal?wid=2048&hei=2048&fmt=png-alpha,data/images/iphone/iphone-16/teal.jpg,data/images/iphone/iphone-16/teal/hero.png,https://www.apple.com/th/shop/buy-iphone/iphone-16,https://www.apple.com/th/iphone-16/specs/,https://www.apple.com/th/iphone-16/
TH-IPHONE16STANDARD-TEAL-256GB-A9DE,TH-IPHONE16STANDARD-TEAL-256GB-A9DE,iphone-16-standard,iPhone 16,iphone,iphone-16,iPhone 16,iPhone 16 256GB สีเขียวอมฟ้า (Teal),teal,เขียวอมฟ้า,Teal,#84A8A3,256GB,"6.1""","5G (sub-6 GHz), Wi-Fi 7 (802.11be), Bluetooth 5.3, ชิป Ultra Wideband รุ่นที่ 2, พอร์ต USB-C รองรับ USB 2","ชิป A18 พร้อม CPU แบบ 6-core (2 ประสิทธิภาพ + 4 ประหยัดพลังงาน), GPU แบบ 5-core และ Neural Engine แบบ 16-core",147.6 x 71.6 x 7.80 มม.,170 กรัม,"จอภาพ Super Retina XDR OLED ขนาด 6.1 นิ้ว (แนวทแยง), ความละเอียด 2556 x 1179 พิกเซลที่ 460 ppi, ความสว่างสูงสุด 2,000 นิต (กลางแจ้ง), Dynamic Island, คอนทราสต์เรโช 2,000,000:1","ระบบกล้องคู่ขั้นสูง: กล้อง Fusion 48MP (26 มม., ƒ/1.6, ระบบ OIS แบบเลื่อนเซ็นเซอร์) + กล้อง Ultra Wide 12MP (13 มม., ƒ/2.2, มุมมอง 120°), ภาพถ่ายความละเอียดสูงพิเศษ (24MP และ 48MP), ปุ่มควบคุมกล้อง (Camera Control)","การเล่นวิดีโอนานสูงสุด 22 ชั่วโมง, การเล่นเสียงนานสูงสุด 80 ชั่วโมง, รองรับการชาร์จเร็วสูงสุด 50% ใน 30 นาที ด้วยอะแดปเตอร์ 20W หรือสูงกว่า","iPhone 16 พร้อม iOS 18, สายชาร์จ USB-C (1 ม., รองรับ 60W), เอกสารประกอบ","กระจกแต่งสีด้านหลังและกรอบอะลูมิเนียมเกรดเดียวกับที่ใช้ในอุตสาหกรรมอวกาศ, ด้านหน้าแบบ Ceramic Shield รุ่นล่าสุด",33900,"฿33,900",https://store.storeimages.cdn-apple.com/1/as-images.apple.com/is/iphone-16-finish-select-202409-6-1inch-teal?wid=2560&hei=2560&fmt=jpeg&qlt=95,https://store.storeimages.cdn-apple.com/1/as-images.apple.com/is/iphone-16-finish-select-202409-6-1inch-teal?wid=2048&hei=2048&fmt=png-alpha,data/images/iphone/iphone-16/teal.jpg,data/images/iphone/iphone-16/teal/hero.png,https://www.apple.com/th/shop/buy-iphone/iphone-16,https://www.apple.com/th/iphone-16/specs/,https://www.apple.com/th/iphone-16/
TH-IPHONE16STANDARD-TEAL-512GB-B9AF,TH-IPHONE16STANDARD-TEAL-512GB-B9AF,iphone-16-standard,iPhone 16,iphone,iphone-16,iPhone 16,iPhone 16 512GB สีเขียวอมฟ้า (Teal),teal,เขียวอมฟ้า,Teal,#84A8A3,512GB,"6.1""","5G (sub-6 GHz), Wi-Fi 7 (802.11be), Bluetooth 5.3, ชิป Ultra Wideband รุ่นที่ 2, พอร์ต USB-C รองรับ USB 2","ชิป A18 พร้อม CPU แบบ 6-core (2 ประสิทธิภาพ + 4 ประหยัดพลังงาน), GPU แบบ 5-core และ Neural Engine แบบ 16-core",147.6 x 71.6 x 7.80 มม.,170 กรัม,"จอภาพ Super Retina XDR OLED ขนาด 6.1 นิ้ว (แนวทแยง), ความละเอียด 2556 x 1179 พิกเซลที่ 460 ppi, ความสว่างสูงสุด 2,000 นิต (กลางแจ้ง), Dynamic Island, คอนทราสต์เรโช 2,000,000:1","ระบบกล้องคู่ขั้นสูง: กล้อง Fusion 48MP (26 มม., ƒ/1.6, ระบบ OIS แบบเลื่อนเซ็นเซอร์) + กล้อง Ultra Wide 12MP (13 มม., ƒ/2.2, มุมมอง 120°), ภาพถ่ายความละเอียดสูงพิเศษ (24MP และ 48MP), ปุ่มควบคุมกล้อง (Camera Control)","การเล่นวิดีโอนานสูงสุด 22 ชั่วโมง, การเล่นเสียงนานสูงสุด 80 ชั่วโมง, รองรับการชาร์จเร็วสูงสุด 50% ใน 30 นาที ด้วยอะแดปเตอร์ 20W หรือสูงกว่า","iPhone 16 พร้อม iOS 18, สายชาร์จ USB-C (1 ม., รองรับ 60W), เอกสารประกอบ","กระจกแต่งสีด้านหลังและกรอบอะลูมิเนียมเกรดเดียวกับที่ใช้ในอุตสาหกรรมอวกาศ, ด้านหน้าแบบ Ceramic Shield รุ่นล่าสุด",41900,"฿41,900",https://store.storeimages.cdn-apple.com/1/as-images.apple.com/is/iphone-16-finish-select-202409-6-1inch-teal?wid=2560&hei=2560&fmt=jpeg&qlt=95,https://store.storeimages.cdn-apple.com/1/as-images.apple.com/is/iphone-16-finish-select-202409-6-1inch-teal?wid=2048&hei=2048&fmt=png-alpha,data/images/iphone/iphone-16/teal.jpg,data/images/iphone/iphone-16/teal/hero.png,https://www.apple.com/th/shop/buy-iphone/iphone-16,https://www.apple.com/th/iphone-16/specs/,https://www.apple.com/th/iphone-16/
TH-IPHONE16STANDARD-PINK-128GB-67A1,TH-IPHONE16STANDARD-PINK-128GB-67A1,iphone-16-standard,iPhone 16,iphone,iphone-16,iPhone 16,iPhone 16 128GB สีชมพู (Pink),pink,ชมพู,Pink,#E3A3B1,128GB,"6.1""","5G (sub-6 GHz), Wi-Fi 7 (802.11be), Bluetooth 5.3, ชิป Ultra Wideband รุ่นที่ 2, พอร์ต USB-C รองรับ USB 2","ชิป A18 พร้อม CPU แบบ 6-core (2 ประสิทธิภาพ + 4 ประหยัดพลังงาน), GPU แบบ 5-core และ Neural Engine แบบ 16-core",147.6 x 71.6 x 7.80 มม.,170 กรัม,"จอภาพ Super Retina XDR OLED ขนาด 6.1 นิ้ว (แนวทแยง), ความละเอียด 2556 x 1179 พิกเซลที่ 460 ppi, ความสว่างสูงสุด 2,000 นิต (กลางแจ้ง), Dynamic Island, คอนทราสต์เรโช 2,000,000:1","ระบบกล้องคู่ขั้นสูง: กล้อง Fusion 48MP (26 มม., ƒ/1.6, ระบบ OIS แบบเลื่อนเซ็นเซอร์) + กล้อง Ultra Wide 12MP (13 มม., ƒ/2.2, มุมมอง 120°), ภาพถ่ายความละเอียดสูงพิเศษ (24MP และ 48MP), ปุ่มควบคุมกล้อง (Camera Control)","การเล่นวิดีโอนานสูงสุด 22 ชั่วโมง, การเล่นเสียงนานสูงสุด 80 ชั่วโมง, รองรับการชาร์จเร็วสูงสุด 50% ใน 30 นาที ด้วยอะแดปเตอร์ 20W หรือสูงกว่า","iPhone 16 พร้อม iOS 18, สายชาร์จ USB-C (1 ม., รองรับ 60W), เอกสารประกอบ","กระจกแต่งสีด้านหลังและกรอบอะลูมิเนียมเกรดเดียวกับที่ใช้ในอุตสาหกรรมอวกาศ, ด้านหน้าแบบ Ceramic Shield รุ่นล่าสุด",29900,"฿29,900",https://store.storeimages.cdn-apple.com/1/as-images.apple.com/is/iphone-16-finish-select-202409-6-1inch-pink?wid=2560&hei=2560&fmt=jpeg&qlt=95,https://store.storeimages.cdn-apple.com/1/as-images.apple.com/is/iphone-16-finish-select-202409-6-1inch-pink?wid=2048&hei=2048&fmt=png-alpha,data/images/iphone/iphone-16/pink.jpg,data/images/iphone/iphone-16/pink/hero.png,https://www.apple.com/th/shop/buy-iphone/iphone-16,https://www.apple.com/th/iphone-16/specs/,https://www.apple.com/th/iphone-16/
TH-IPHONE16STANDARD-PINK-256GB-5D28,TH-IPHONE16STANDARD-PINK-256GB-5D28,iphone-16-standard,iPhone 16,iphone,iphone-16,iPhone 16,iPhone 16 256GB สีชมพู (Pink),pink,ชมพู,Pink,#E3A3B1,256GB,"6.1""","5G (sub-6 GHz), Wi-Fi 7 (802.11be), Bluetooth 5.3, ชิป Ultra Wideband รุ่นที่ 2, พอร์ต USB-C รองรับ USB 2","ชิป A18 พร้อม CPU แบบ 6-core (2 ประสิทธิภาพ + 4 ประหยัดพลังงาน), GPU แบบ 5-core และ Neural Engine แบบ 16-core",147.6 x 71.6 x 7.80 มม.,170 กรัม,"จอภาพ Super Retina XDR OLED ขนาด 6.1 นิ้ว (แนวทแยง), ความละเอียด 2556 x 1179 พิกเซลที่ 460 ppi, ความสว่างสูงสุด 2,000 นิต (กลางแจ้ง), Dynamic Island, คอนทราสต์เรโช 2,000,000:1","ระบบกล้องคู่ขั้นสูง: กล้อง Fusion 48MP (26 มม., ƒ/1.6, ระบบ OIS แบบเลื่อนเซ็นเซอร์) + กล้อง Ultra Wide 12MP (13 มม., ƒ/2.2, มุมมอง 120°), ภาพถ่ายความละเอียดสูงพิเศษ (24MP และ 48MP), ปุ่มควบคุมกล้อง (Camera Control)","การเล่นวิดีโอนานสูงสุด 22 ชั่วโมง, การเล่นเสียงนานสูงสุด 80 ชั่วโมง, รองรับการชาร์จเร็วสูงสุด 50% ใน 30 นาที ด้วยอะแดปเตอร์ 20W หรือสูงกว่า","iPhone 16 พร้อม iOS 18, สายชาร์จ USB-C (1 ม., รองรับ 60W), เอกสารประกอบ","กระจกแต่งสีด้านหลังและกรอบอะลูมิเนียมเกรดเดียวกับที่ใช้ในอุตสาหกรรมอวกาศ, ด้านหน้าแบบ Ceramic Shield รุ่นล่าสุด",33900,"฿33,900",https://store.storeimages.cdn-apple.com/1/as-images.apple.com/is/iphone-16-finish-select-202409-6-1inch-pink?wid=2560&hei=2560&fmt=jpeg&qlt=95,https://store.storeimages.cdn-apple.com/1/as-images.apple.com/is/iphone-16-finish-select-202409-6-1inch-pink?wid=2048&hei=2048&fmt=png-alpha,data/images/iphone/iphone-16/pink.jpg,data/images/iphone/iphone-16/pink/hero.png,https://www.apple.com/th/shop/buy-iphone/iphone-16,https://www.apple.com/th/iphone-16/specs/,https://www.apple.com/th/iphone-16/
TH-IPHONE16STANDARD-PINK-512GB-58B9,TH-IPHONE16STANDARD-PINK-512GB-58B9,iphone-16-standard,iPhone 16,iphone,iphone-16,iPhone 16,iPhone 16 512GB สีชมพู (Pink),pink,ชมพู,Pink,#E3A3B1,512GB,"6.1""","5G (sub-6 GHz), Wi-Fi 7 (802.11be), Bluetooth 5.3, ชิป Ultra Wideband รุ่นที่ 2, พอร์ต USB-C รองรับ USB 2","ชิป A18 พร้อม CPU แบบ 6-core (2 ประสิทธิภาพ + 4 ประหยัดพลังงาน), GPU แบบ 5-core และ Neural Engine แบบ 16-core",147.6 x 71.6 x 7.80 มม.,170 กรัม,"จอภาพ Super Retina XDR OLED ขนาด 6.1 นิ้ว (แนวทแยง), ความละเอียด 2556 x 1179 พิกเซลที่ 460 ppi, ความสว่างสูงสุด 2,000 นิต (กลางแจ้ง), Dynamic Island, คอนทราสต์เรโช 2,000,000:1","ระบบกล้องคู่ขั้นสูง: กล้อง Fusion 48MP (26 มม., ƒ/1.6, ระบบ OIS แบบเลื่อนเซ็นเซอร์) + กล้อง Ultra Wide 12MP (13 มม., ƒ/2.2, มุมมอง 120°), ภาพถ่ายความละเอียดสูงพิเศษ (24MP และ 48MP), ปุ่มควบคุมกล้อง (Camera Control)","การเล่นวิดีโอนานสูงสุด 22 ชั่วโมง, การเล่นเสียงนานสูงสุด 80 ชั่วโมง, รองรับการชาร์จเร็วสูงสุด 50% ใน 30 นาที ด้วยอะแดปเตอร์ 20W หรือสูงกว่า","iPhone 16 พร้อม iOS 18, สายชาร์จ USB-C (1 ม., รองรับ 60W), เอกสารประกอบ","กระจกแต่งสีด้านหลังและกรอบอะลูมิเนียมเกรดเดียวกับที่ใช้ในอุตสาหกรรมอวกาศ, ด้านหน้าแบบ Ceramic Shield รุ่นล่าสุด",41900,"฿41,900",https://store.storeimages.cdn-apple.com/1/as-images.apple.com/is/iphone-16-finish-select-202409-6-1inch-pink?wid=2560&hei=2560&fmt=jpeg&qlt=95,https://store.storeimages.cdn-apple.com/1/as-images.apple.com/is/iphone-16-finish-select-202409-6-1inch-pink?wid=2048&hei=2048&fmt=png-alpha,data/images/iphone/iphone-16/pink.jpg,data/images/iphone/iphone-16/pink/hero.png,https://www.apple.com/th/shop/buy-iphone/iphone-16,https://www.apple.com/th/iphone-16/specs/,https://www.apple.com/th/iphone-16/
TH-IPHONE16STANDARD-WHITE-128GB-4C35,TH-IPHONE16STANDARD-WHITE-128GB-4C35,iphone-16-standard,iPhone 16,iphone,iphone-16,iPhone 16,iPhone 16 128GB สีขาว (White),white,ขาว,White,#F9F6EF,128GB,"6.1""","5G (sub-6 GHz), Wi-Fi 7 (802.11be), Bluetooth 5.3, ชิป Ultra Wideband รุ่นที่ 2, พอร์ต USB-C รองรับ USB 2","ชิป A18 พร้อม CPU แบบ 6-core (2 ประสิทธิภาพ + 4 ประหยัดพลังงาน), GPU แบบ 5-core และ Neural Engine แบบ 16-core",147.6 x 71.6 x 7.80 มม.,170 กรัม,"จอภาพ Super Retina XDR OLED ขนาด 6.1 นิ้ว (แนวทแยง), ความละเอียด 2556 x 1179 พิกเซลที่ 460 ppi, ความสว่างสูงสุด 2,000 นิต (กลางแจ้ง), Dynamic Island, คอนทราสต์เรโช 2,000,000:1","ระบบกล้องคู่ขั้นสูง: กล้อง Fusion 48MP (26 มม., ƒ/1.6, ระบบ OIS แบบเลื่อนเซ็นเซอร์) + กล้อง Ultra Wide 12MP (13 มม., ƒ/2.2, มุมมอง 120°), ภาพถ่ายความละเอียดสูงพิเศษ (24MP และ 48MP), ปุ่มควบคุมกล้อง (Camera Control)","การเล่นวิดีโอนานสูงสุด 22 ชั่วโมง, การเล่นเสียงนานสูงสุด 80 ชั่วโมง, รองรับการชาร์จเร็วสูงสุด 50% ใน 30 นาที ด้วยอะแดปเตอร์ 20W หรือสูงกว่า","iPhone 16 พร้อม iOS 18, สายชาร์จ USB-C (1 ม., รองรับ 60W), เอกสารประกอบ","กระจกแต่งสีด้านหลังและกรอบอะลูมิเนียมเกรดเดียวกับที่ใช้ในอุตสาหกรรมอวกาศ, ด้านหน้าแบบ Ceramic Shield รุ่นล่าสุด",29900,"฿29,900",https://store.storeimages.cdn-apple.com/1/as-images.apple.com/is/iphone-16-finish-select-202409-6-1inch-white?wid=2560&hei=2560&fmt=jpeg&qlt=95,https://store.storeimages.cdn-apple.com/1/as-images.apple.com/is/iphone-16-finish-select-202409-6-1inch-white?wid=2048&hei=2048&fmt=png-alpha,data/images/iphone/iphone-16/white.jpg,data/images/iphone/iphone-16/white/hero.png,https://www.apple.com/th/shop/buy-iphone/iphone-16,https://www.apple.com/th/iphone-16/specs/,https://www.apple.com/th/iphone-16/
TH-IPHONE16STANDARD-WHITE-256GB-C173,TH-IPHONE16STANDARD-WHITE-256GB-C173,iphone-16-standard,iPhone 16,iphone,iphone-16,iPhone 16,iPhone 16 256GB สีขาว (White),white,ขาว,White,#F9F6EF,256GB,"6.1""","5G (sub-6 GHz), Wi-Fi 7 (802.11be), Bluetooth 5.3, ชิป Ultra Wideband รุ่นที่ 2, พอร์ต USB-C รองรับ USB 2","ชิป A18 พร้อม CPU แบบ 6-core (2 ประสิทธิภาพ + 4 ประหยัดพลังงาน), GPU แบบ 5-core และ Neural Engine แบบ 16-core",147.6 x 71.6 x 7.80 มม.,170 กรัม,"จอภาพ Super Retina XDR OLED ขนาด 6.1 นิ้ว (แนวทแยง), ความละเอียด 2556 x 1179 พิกเซลที่ 460 ppi, ความสว่างสูงสุด 2,000 นิต (กลางแจ้ง), Dynamic Island, คอนทราสต์เรโช 2,000,000:1","ระบบกล้องคู่ขั้นสูง: กล้อง Fusion 48MP (26 มม., ƒ/1.6, ระบบ OIS แบบเลื่อนเซ็นเซอร์) + กล้อง Ultra Wide 12MP (13 มม., ƒ/2.2, มุมมอง 120°), ภาพถ่ายความละเอียดสูงพิเศษ (24MP และ 48MP), ปุ่มควบคุมกล้อง (Camera Control)","การเล่นวิดีโอนานสูงสุด 22 ชั่วโมง, การเล่นเสียงนานสูงสุด 80 ชั่วโมง, รองรับการชาร์จเร็วสูงสุด 50% ใน 30 นาที ด้วยอะแดปเตอร์ 20W หรือสูงกว่า","iPhone 16 พร้อม iOS 18, สายชาร์จ USB-C (1 ม., รองรับ 60W), เอกสารประกอบ","กระจกแต่งสีด้านหลังและกรอบอะลูมิเนียมเกรดเดียวกับที่ใช้ในอุตสาหกรรมอวกาศ, ด้านหน้าแบบ Ceramic Shield รุ่นล่าสุด",33900,"฿33,900",https://store.storeimages.cdn-apple.com/1/as-images.apple.com/is/iphone-16-finish-select-202409-6-1inch-white?wid=2560&hei=2560&fmt=jpeg&qlt=95,https://store.storeimages.cdn-apple.com/1/as-images.apple.com/is/iphone-16-finish-select-202409-6-1inch-white?wid=2048&hei=2048&fmt=png-alpha,data/images/iphone/iphone-16/white.jpg,data/images/iphone/iphone-16/white/hero.png,https://www.apple.com/th/shop/buy-iphone/iphone-16,https://www.apple.com/th/iphone-16/specs/,https://www.apple.com/th/iphone-16/
TH-IPHONE16STANDARD-WHITE-512GB-B4C2,TH-IPHONE16STANDARD-WHITE-512GB-B4C2,iphone-16-standard,iPhone 16,iphone,iphone-16,iPhone 16,iPhone 16 512GB สีขาว (White),white,ขาว,White,#F9F6EF,512GB,"6.1""","5G (sub-6 GHz), Wi-Fi 7 (802.11be), Bluetooth 5.3, ชิป Ultra Wideband รุ่นที่ 2, พอร์ต USB-C รองรับ USB 2","ชิป A18 พร้อม CPU แบบ 6-core (2 ประสิทธิภาพ + 4 ประหยัดพลังงาน), GPU แบบ 5-core และ Neural Engine แบบ 16-core",147.6 x 71.6 x 7.80 มม.,170 กรัม,"จอภาพ Super Retina XDR OLED ขนาด 6.1 นิ้ว (แนวทแยง), ความละเอียด 2556 x 1179 พิกเซลที่ 460 ppi, ความสว่างสูงสุด 2,000 นิต (กลางแจ้ง), Dynamic Island, คอนทราสต์เรโช 2,000,000:1","ระบบกล้องคู่ขั้นสูง: กล้อง Fusion 48MP (26 มม., ƒ/1.6, ระบบ OIS แบบเลื่อนเซ็นเซอร์) + กล้อง Ultra Wide 12MP (13 มม., ƒ/2.2, มุมมอง 120°), ภาพถ่ายความละเอียดสูงพิเศษ (24MP และ 48MP), ปุ่มควบคุมกล้อง (Camera Control)","การเล่นวิดีโอนานสูงสุด 22 ชั่วโมง, การเล่นเสียงนานสูงสุด 80 ชั่วโมง, รองรับการชาร์จเร็วสูงสุด 50% ใน 30 นาที ด้วยอะแดปเตอร์ 20W หรือสูงกว่า","iPhone 16 พร้อม iOS 18, สายชาร์จ USB-C (1 ม., รองรับ 60W), เอกสารประกอบ","กระจกแต่งสีด้านหลังและกรอบอะลูมิเนียมเกรดเดียวกับที่ใช้ในอุตสาหกรรมอวกาศ, ด้านหน้าแบบ Ceramic Shield รุ่นล่าสุด",41900,"฿41,900",https://store.storeimages.cdn-apple.com/1/as-images.apple.com/is/iphone-16-finish-select-202409-6-1inch-white?wid=2560&hei=2560&fmt=jpeg&qlt=95,https://store.storeimages.cdn-apple.com/1/as-images.apple.com/is/iphone-16-finish-select-202409-6-1inch-white?wid=2048&hei=2048&fmt=png-alpha,data/images/iphone/iphone-16/white.jpg,data/images/iphone/iphone-16/white/hero.png,https://www.apple.com/th/shop/buy-iphone/iphone-16,https://www.apple.com/th/iphone-16/specs/,https://www.apple.com/th/iphone-16/
TH-IPHONE16STANDARD-BLACK-128GB-1454,TH-IPHONE16STANDARD-BLACK-128GB-1454,iphone-16-standard,iPhone 16,iphone,iphone-16,iPhone 16,iPhone 16 128GB สีดำ (Black),black,ดำ,Black,#1F2022,128GB,"6.1""","5G (sub-6 GHz), Wi-Fi 7 (802.11be), Bluetooth 5.3, ชิป Ultra Wideband รุ่นที่ 2, พอร์ต USB-C รองรับ USB 2","ชิป A18 พร้อม CPU แบบ 6-core (2 ประสิทธิภาพ + 4 ประหยัดพลังงาน), GPU แบบ 5-core และ Neural Engine แบบ 16-core",147.6 x 71.6 x 7.80 มม.,170 กรัม,"จอภาพ Super Retina XDR OLED ขนาด 6.1 นิ้ว (แนวทแยง), ความละเอียด 2556 x 1179 พิกเซลที่ 460 ppi, ความสว่างสูงสุด 2,000 นิต (กลางแจ้ง), Dynamic Island, คอนทราสต์เรโช 2,000,000:1","ระบบกล้องคู่ขั้นสูง: กล้อง Fusion 48MP (26 มม., ƒ/1.6, ระบบ OIS แบบเลื่อนเซ็นเซอร์) + กล้อง Ultra Wide 12MP (13 มม., ƒ/2.2, มุมมอง 120°), ภาพถ่ายความละเอียดสูงพิเศษ (24MP และ 48MP), ปุ่มควบคุมกล้อง (Camera Control)","การเล่นวิดีโอนานสูงสุด 22 ชั่วโมง, การเล่นเสียงนานสูงสุด 80 ชั่วโมง, รองรับการชาร์จเร็วสูงสุด 50% ใน 30 นาที ด้วยอะแดปเตอร์ 20W หรือสูงกว่า","iPhone 16 พร้อม iOS 18, สายชาร์จ USB-C (1 ม., รองรับ 60W), เอกสารประกอบ","กระจกแต่งสีด้านหลังและกรอบอะลูมิเนียมเกรดเดียวกับที่ใช้ในอุตสาหกรรมอวกาศ, ด้านหน้าแบบ Ceramic Shield รุ่นล่าสุด",29900,"฿29,900",https://store.storeimages.cdn-apple.com/1/as-images.apple.com/is/iphone-16-finish-select-202409-6-1inch-black?wid=2560&hei=2560&fmt=jpeg&qlt=95,https://store.storeimages.cdn-apple.com/1/as-images.apple.com/is/iphone-16-finish-select-202409-6-1inch-black?wid=2048&hei=2048&fmt=png-alpha,data/images/iphone/iphone-16/black.jpg,data/images/iphone/iphone-16/black/hero.png,https://www.apple.com/th/shop/buy-iphone/iphone-16,https://www.apple.com/th/iphone-16/specs/,https://www.apple.com/th/iphone-16/
TH-IPHONE16STANDARD-BLACK-256GB-34A4,TH-IPHONE16STANDARD-BLACK-256GB-34A4,iphone-16-standard,iPhone 16,iphone,iphone-16,iPhone 16,iPhone 16 256GB สีดำ (Black),black,ดำ,Black,#1F2022,256GB,"6.1""","5G (sub-6 GHz), Wi-Fi 7 (802.11be), Bluetooth 5.3, ชิป Ultra Wideband รุ่นที่ 2, พอร์ต USB-C รองรับ USB 2","ชิป A18 พร้อม CPU แบบ 6-core (2 ประสิทธิภาพ + 4 ประหยัดพลังงาน), GPU แบบ 5-core และ Neural Engine แบบ 16-core",147.6 x 71.6 x 7.80 มม.,170 กรัม,"จอภาพ Super Retina XDR OLED ขนาด 6.1 นิ้ว (แนวทแยง), ความละเอียด 2556 x 1179 พิกเซลที่ 460 ppi, ความสว่างสูงสุด 2,000 นิต (กลางแจ้ง), Dynamic Island, คอนทราสต์เรโช 2,000,000:1","ระบบกล้องคู่ขั้นสูง: กล้อง Fusion 48MP (26 มม., ƒ/1.6, ระบบ OIS แบบเลื่อนเซ็นเซอร์) + กล้อง Ultra Wide 12MP (13 มม., ƒ/2.2, มุมมอง 120°), ภาพถ่ายความละเอียดสูงพิเศษ (24MP และ 48MP), ปุ่มควบคุมกล้อง (Camera Control)","การเล่นวิดีโอนานสูงสุด 22 ชั่วโมง, การเล่นเสียงนานสูงสุด 80 ชั่วโมง, รองรับการชาร์จเร็วสูงสุด 50% ใน 30 นาที ด้วยอะแดปเตอร์ 20W หรือสูงกว่า","iPhone 16 พร้อม iOS 18, สายชาร์จ USB-C (1 ม., รองรับ 60W), เอกสารประกอบ","กระจกแต่งสีด้านหลังและกรอบอะลูมิเนียมเกรดเดียวกับที่ใช้ในอุตสาหกรรมอวกาศ, ด้านหน้าแบบ Ceramic Shield รุ่นล่าสุด",33900,"฿33,900",https://store.storeimages.cdn-apple.com/1/as-images.apple.com/is/iphone-16-finish-select-202409-6-1inch-black?wid=2560&hei=2560&fmt=jpeg&qlt=95,https://store.storeimages.cdn-apple.com/1/as-images.apple.com/is/iphone-16-finish-select-202409-6-1inch-black?wid=2048&hei=2048&fmt=png-alpha,data/images/iphone/iphone-16/black.jpg,data/images/iphone/iphone-16/black/hero.png,https://www.apple.com/th/shop/buy-iphone/iphone-16,https://www.apple.com/th/iphone-16/specs/,https://www.apple.com/th/iphone-16/
TH-IPHONE16STANDARD-BLACK-512GB-EFEF,TH-IPHONE16STANDARD-BLACK-512GB-EFEF,iphone-16-standard,iPhone 16,iphone,iphone-16,iPhone 16,iPhone 16 512GB สีดำ (Black),black,ดำ,Black,#1F2022,512GB,"6.1""","5G (sub-6 GHz), Wi-Fi 7 (802.11be), Bluetooth 5.3, ชิป Ultra Wideband รุ่นที่ 2, พอร์ต USB-C รองรับ USB 2","ชิป A18 พร้อม CPU แบบ 6-core (2 ประสิทธิภาพ + 4 ประหยัดพลังงาน), GPU แบบ 5-core และ Neural Engine แบบ 16-core",147.6 x 71.6 x 7.80 มม.,170 กรัม,"จอภาพ Super Retina XDR OLED ขนาด 6.1 นิ้ว (แนวทแยง), ความละเอียด 2556 x 1179 พิกเซลที่ 460 ppi, ความสว่างสูงสุด 2,000 นิต (กลางแจ้ง), Dynamic Island, คอนทราสต์เรโช 2,000,000:1","ระบบกล้องคู่ขั้นสูง: กล้อง Fusion 48MP (26 มม., ƒ/1.6, ระบบ OIS แบบเลื่อนเซ็นเซอร์) + กล้อง Ultra Wide 12MP (13 มม., ƒ/2.2, มุมมอง 120°), ภาพถ่ายความละเอียดสูงพิเศษ (24MP และ 48MP), ปุ่มควบคุมกล้อง (Camera Control)","การเล่นวิดีโอนานสูงสุด 22 ชั่วโมง, การเล่นเสียงนานสูงสุด 80 ชั่วโมง, รองรับการชาร์จเร็วสูงสุด 50% ใน 30 นาที ด้วยอะแดปเตอร์ 20W หรือสูงกว่า","iPhone 16 พร้อม iOS 18, สายชาร์จ USB-C (1 ม., รองรับ 60W), เอกสารประกอบ","กระจกแต่งสีด้านหลังและกรอบอะลูมิเนียมเกรดเดียวกับที่ใช้ในอุตสาหกรรมอวกาศ, ด้านหน้าแบบ Ceramic Shield รุ่นล่าสุด",41900,"฿41,900",https://store.storeimages.cdn-apple.com/1/as-images.apple.com/is/iphone-16-finish-select-202409-6-1inch-black?wid=2560&hei=2560&fmt=jpeg&qlt=95,https://store.storeimages.cdn-apple.com/1/as-images.apple.com/is/iphone-16-finish-select-202409-6-1inch-black?wid=2048&hei=2048&fmt=png-alpha,data/images/iphone/iphone-16/black.jpg,data/images/iphone/iphone-16/black/hero.png,https://www.apple.com/th/shop/buy-iphone/iphone-16,https://www.apple.com/th/iphone-16/specs/,https://www.apple.com/th/iphone-16/
TH-IPHONE16PLUS-ULTRAMARINE-128GB-7C8C,TH-IPHONE16PLUS-ULTRAMARINE-128GB-7C8C,iphone-16-plus,iPhone 16 Plus,iphone,iphone-16,iPhone 16,iPhone 16 Plus 128GB สีน้ำเงินอัลตร้ามารีน (Ultramarine),ultramarine,น้ำเงินอัลตร้ามารีน,Ultramarine,#4D5E8C,128GB,"6.7""","5G (sub-6 GHz), Wi-Fi 7, Bluetooth 5.3, ชิป Ultra Wideband รุ่นที่ 2, พอร์ต USB-C","ชิป A18 พร้อม CPU แบบ 6-core (2 ประสิทธิภาพ + 4 ประหยัดพลังงาน), GPU แบบ 5-core และ Neural Engine แบบ 16-core",160.9 x 77.8 x 7.80 มม.,199 กรัม,"จอภาพ Super Retina XDR OLED ขนาด 6.7 นิ้ว (แนวทแยง), ความละเอียด 2796 x 1290 พิกเซลที่ 460 ppi, ความสว่างสูงสุด 2,000 นิต (กลางแจ้ง), Dynamic Island, คอนทราสต์เรโช 2,000,000:1","ระบบกล้องคู่ขั้นสูง: กล้อง Fusion 48MP (26 มม., ƒ/1.6) + กล้อง Ultra Wide 12MP (13 มม., ƒ/2.2), รองรับภาพถ่ายมาโคร, ปุ่มควบคุมกล้อง (Camera Control)","การเล่นวิดีโอนานสูงสุด 27 ชั่วโมง, การเล่นเสียงนานสูงสุด 100 ชั่วโมง, รองรับการชาร์จเร็วสูงสุด 50% ใน 30 นาที","iPhone 16 Plus พร้อม iOS 18, สายชาร์จ USB-C (1 ม.), เอกสารประกอบ","กระจกแต่งสีด้านหลังและกรอบอะลูมิเนียมเกรดเดียวกับที่ใช้ในอุตสาหกรรมอวกาศ, ด้านหน้าแบบ Ceramic Shield รุ่นล่าสุด",34900,"฿34,900",https://store.storeimages.cdn-apple.com/1/as-images.apple.com/is/iphone-16-finish-select-202409-6-1inch-ultramarine?wid=2560&hei=2560&fmt=jpeg&qlt=95,https://store.storeimages.cdn-apple.com/1/as-images.apple.com/is/iphone-16-finish-select-202409-6-1inch-ultramarine?wid=2048&hei=2048&fmt=png-alpha,data/images/iphone/iphone-16/ultramarine.jpg,data/images/iphone/iphone-16/ultramarine/hero.png,https://www.apple.com/th/shop/buy-iphone/iphone-16,https://www.apple.com/th/iphone-16/specs/,https://www.apple.com/th/iphone-16/
TH-IPHONE16PLUS-ULTRAMARINE-256GB-9861,TH-IPHONE16PLUS-ULTRAMARINE-256GB-9861,iphone-16-plus,iPhone 16 Plus,iphone,iphone-16,iPhone 16,iPhone 16 Plus 256GB สีน้ำเงินอัลตร้ามารีน (Ultramarine),ultramarine,น้ำเงินอัลตร้ามารีน,Ultramarine,#4D5E8C,256GB,"6.7""","5G (sub-6 GHz), Wi-Fi 7, Bluetooth 5.3, ชิป Ultra Wideband รุ่นที่ 2, พอร์ต USB-C","ชิป A18 พร้อม CPU แบบ 6-core (2 ประสิทธิภาพ + 4 ประหยัดพลังงาน), GPU แบบ 5-core และ Neural Engine แบบ 16-core",160.9 x 77.8 x 7.80 มม.,199 กรัม,"จอภาพ Super Retina XDR OLED ขนาด 6.7 นิ้ว (แนวทแยง), ความละเอียด 2796 x 1290 พิกเซลที่ 460 ppi, ความสว่างสูงสุด 2,000 นิต (กลางแจ้ง), Dynamic Island, คอนทราสต์เรโช 2,000,000:1","ระบบกล้องคู่ขั้นสูง: กล้อง Fusion 48MP (26 มม., ƒ/1.6) + กล้อง Ultra Wide 12MP (13 มม., ƒ/2.2), รองรับภาพถ่ายมาโคร, ปุ่มควบคุมกล้อง (Camera Control)","การเล่นวิดีโอนานสูงสุด 27 ชั่วโมง, การเล่นเสียงนานสูงสุด 100 ชั่วโมง, รองรับการชาร์จเร็วสูงสุด 50% ใน 30 นาที","iPhone 16 Plus พร้อม iOS 18, สายชาร์จ USB-C (1 ม.), เอกสารประกอบ","กระจกแต่งสีด้านหลังและกรอบอะลูมิเนียมเกรดเดียวกับที่ใช้ในอุตสาหกรรมอวกาศ, ด้านหน้าแบบ Ceramic Shield รุ่นล่าสุด",38900,"฿38,900",https://store.storeimages.cdn-apple.com/1/as-images.apple.com/is/iphone-16-finish-select-202409-6-1inch-ultramarine?wid=2560&hei=2560&fmt=jpeg&qlt=95,https://store.storeimages.cdn-apple.com/1/as-images.apple.com/is/iphone-16-finish-select-202409-6-1inch-ultramarine?wid=2048&hei=2048&fmt=png-alpha,data/images/iphone/iphone-16/ultramarine.jpg,data/images/iphone/iphone-16/ultramarine/hero.png,https://www.apple.com/th/shop/buy-iphone/iphone-16,https://www.apple.com/th/iphone-16/specs/,https://www.apple.com/th/iphone-16/
TH-IPHONE16PLUS-ULTRAMARINE-512GB-0703,TH-IPHONE16PLUS-ULTRAMARINE-512GB-0703,iphone-16-plus,iPhone 16 Plus,iphone,iphone-16,iPhone 16,iPhone 16 Plus 512GB สีน้ำเงินอัลตร้ามารีน (Ultramarine),ultramarine,น้ำเงินอัลตร้ามารีน,Ultramarine,#4D5E8C,512GB,"6.7""","5G (sub-6 GHz), Wi-Fi 7, Bluetooth 5.3, ชิป Ultra Wideband รุ่นที่ 2, พอร์ต USB-C","ชิป A18 พร้อม CPU แบบ 6-core (2 ประสิทธิภาพ + 4 ประหยัดพลังงาน), GPU แบบ 5-core และ Neural Engine แบบ 16-core",160.9 x 77.8 x 7.80 มม.,199 กรัม,"จอภาพ Super Retina XDR OLED ขนาด 6.7 นิ้ว (แนวทแยง), ความละเอียด 2796 x 1290 พิกเซลที่ 460 ppi, ความสว่างสูงสุด 2,000 นิต (กลางแจ้ง), Dynamic Island, คอนทราสต์เรโช 2,000,000:1","ระบบกล้องคู่ขั้นสูง: กล้อง Fusion 48MP (26 มม., ƒ/1.6) + กล้อง Ultra Wide 12MP (13 มม., ƒ/2.2), รองรับภาพถ่ายมาโคร, ปุ่มควบคุมกล้อง (Camera Control)","การเล่นวิดีโอนานสูงสุด 27 ชั่วโมง, การเล่นเสียงนานสูงสุด 100 ชั่วโมง, รองรับการชาร์จเร็วสูงสุด 50% ใน 30 นาที","iPhone 16 Plus พร้อม iOS 18, สายชาร์จ USB-C (1 ม.), เอกสารประกอบ","กระจกแต่งสีด้านหลังและกรอบอะลูมิเนียมเกรดเดียวกับที่ใช้ในอุตสาหกรรมอวกาศ, ด้านหน้าแบบ Ceramic Shield รุ่นล่าสุด",46900,"฿46,900",https://store.storeimages.cdn-apple.com/1/as-images.apple.com/is/iphone-16-finish-select-202409-6-1inch-ultramarine?wid=2560&hei=2560&fmt=jpeg&qlt=95,https://store.storeimages.cdn-apple.com/1/as-images.apple.com/is/iphone-16-finish-select-202409-6-1inch-ultramarine?wid=2048&hei=2048&fmt=png-alpha,data/images/iphone/iphone-16/ultramarine.jpg,data/images/iphone/iphone-16/ultramarine/hero.png,https://www.apple.com/th/shop/buy-iphone/iphone-16,https://www.apple.com/th/iphone-16/specs/,https://www.apple.com/th/iphone-16/
TH-IPHONE16PLUS-TEAL-128GB-1DAA,TH-IPHONE16PLUS-TEAL-128GB-1DAA,iphone-16-plus,iPhone 16 Plus,iphone,iphone-16,iPhone 16,iPhone 16 Plus 128GB สีเขียวอมฟ้า (Teal),teal,เขียวอมฟ้า,Teal,#84A8A3,128GB,"6.7""","5G (sub-6 GHz), Wi-Fi 7, Bluetooth 5.3, ชิป Ultra Wideband รุ่นที่ 2, พอร์ต USB-C","ชิป A18 พร้อม CPU แบบ 6-core (2 ประสิทธิภาพ + 4 ประหยัดพลังงาน), GPU แบบ 5-core และ Neural Engine แบบ 16-core",160.9 x 77.8 x 7.80 มม.,199 กรัม,"จอภาพ Super Retina XDR OLED ขนาด 6.7 นิ้ว (แนวทแยง), ความละเอียด 2796 x 1290 พิกเซลที่ 460 ppi, ความสว่างสูงสุด 2,000 นิต (กลางแจ้ง), Dynamic Island, คอนทราสต์เรโช 2,000,000:1","ระบบกล้องคู่ขั้นสูง: กล้อง Fusion 48MP (26 มม., ƒ/1.6) + กล้อง Ultra Wide 12MP (13 มม., ƒ/2.2), รองรับภาพถ่ายมาโคร, ปุ่มควบคุมกล้อง (Camera Control)","การเล่นวิดีโอนานสูงสุด 27 ชั่วโมง, การเล่นเสียงนานสูงสุด 100 ชั่วโมง, รองรับการชาร์จเร็วสูงสุด 50% ใน 30 นาที","iPhone 16 Plus พร้อม iOS 18, สายชาร์จ USB-C (1 ม.), เอกสารประกอบ","กระจกแต่งสีด้านหลังและกรอบอะลูมิเนียมเกรดเดียวกับที่ใช้ในอุตสาหกรรมอวกาศ, ด้านหน้าแบบ Ceramic Shield รุ่นล่าสุด",34900,"฿34,900",https://store.storeimages.cdn-apple.com/1/as-images.apple.com/is/iphone-16-finish-select-202409-6-1inch-teal?wid=2560&hei=2560&fmt=jpeg&qlt=95,https://store.storeimages.cdn-apple.com/1/as-images.apple.com/is/iphone-16-finish-select-202409-6-1inch-teal?wid=2048&hei=2048&fmt=png-alpha,data/images/iphone/iphone-16/teal.jpg,data/images/iphone/iphone-16/teal/hero.png,https://www.apple.com/th/shop/buy-iphone/iphone-16,https://www.apple.com/th/iphone-16/specs/,https://www.apple.com/th/iphone-16/
TH-IPHONE16PLUS-TEAL-256GB-A833,TH-IPHONE16PLUS-TEAL-256GB-A833,iphone-16-plus,iPhone 16 Plus,iphone,iphone-16,iPhone 16,iPhone 16 Plus 256GB สีเขียวอมฟ้า (Teal),teal,เขียวอมฟ้า,Teal,#84A8A3,256GB,"6.7""","5G (sub-6 GHz), Wi-Fi 7, Bluetooth 5.3, ชิป Ultra Wideband รุ่นที่ 2, พอร์ต USB-C","ชิป A18 พร้อม CPU แบบ 6-core (2 ประสิทธิภาพ + 4 ประหยัดพลังงาน), GPU แบบ 5-core และ Neural Engine แบบ 16-core",160.9 x 77.8 x 7.80 มม.,199 กรัม,"จอภาพ Super Retina XDR OLED ขนาด 6.7 นิ้ว (แนวทแยง), ความละเอียด 2796 x 1290 พิกเซลที่ 460 ppi, ความสว่างสูงสุด 2,000 นิต (กลางแจ้ง), Dynamic Island, คอนทราสต์เรโช 2,000,000:1","ระบบกล้องคู่ขั้นสูง: กล้อง Fusion 48MP (26 มม., ƒ/1.6) + กล้อง Ultra Wide 12MP (13 มม., ƒ/2.2), รองรับภาพถ่ายมาโคร, ปุ่มควบคุมกล้อง (Camera Control)","การเล่นวิดีโอนานสูงสุด 27 ชั่วโมง, การเล่นเสียงนานสูงสุด 100 ชั่วโมง, รองรับการชาร์จเร็วสูงสุด 50% ใน 30 นาที","iPhone 16 Plus พร้อม iOS 18, สายชาร์จ USB-C (1 ม.), เอกสารประกอบ","กระจกแต่งสีด้านหลังและกรอบอะลูมิเนียมเกรดเดียวกับที่ใช้ในอุตสาหกรรมอวกาศ, ด้านหน้าแบบ Ceramic Shield รุ่นล่าสุด",38900,"฿38,900",https://store.storeimages.cdn-apple.com/1/as-images.apple.com/is/iphone-16-finish-select-202409-6-1inch-teal?wid=2560&hei=2560&fmt=jpeg&qlt=95,https://store.storeimages.cdn-apple.com/1/as-images.apple.com/is/iphone-16-finish-select-202409-6-1inch-teal?wid=2048&hei=2048&fmt=png-alpha,data/images/iphone/iphone-16/teal.jpg,data/images/iphone/iphone-16/teal/hero.png,https://www.apple.com/th/shop/buy-iphone/iphone-16,https://www.apple.com/th/iphone-16/specs/,https://www.apple.com/th/iphone-16/
TH-IPHONE16PLUS-TEAL-512GB-84CC,TH-IPHONE16PLUS-TEAL-512GB-84CC,iphone-16-plus,iPhone 16 Plus,iphone,iphone-16,iPhone 16,iPhone 16 Plus 512GB สีเขียวอมฟ้า (Teal),teal,เขียวอมฟ้า,Teal,#84A8A3,512GB,"6.7""","5G (sub-6 GHz), Wi-Fi 7, Bluetooth 5.3, ชิป Ultra Wideband รุ่นที่ 2, พอร์ต USB-C","ชิป A18 พร้อม CPU แบบ 6-core (2 ประสิทธิภาพ + 4 ประหยัดพลังงาน), GPU แบบ 5-core และ Neural Engine แบบ 16-core",160.9 x 77.8 x 7.80 มม.,199 กรัม,"จอภาพ Super Retina XDR OLED ขนาด 6.7 นิ้ว (แนวทแยง), ความละเอียด 2796 x 1290 พิกเซลที่ 460 ppi, ความสว่างสูงสุด 2,000 นิต (กลางแจ้ง), Dynamic Island, คอนทราสต์เรโช 2,000,000:1","ระบบกล้องคู่ขั้นสูง: กล้อง Fusion 48MP (26 มม., ƒ/1.6) + กล้อง Ultra Wide 12MP (13 มม., ƒ/2.2), รองรับภาพถ่ายมาโคร, ปุ่มควบคุมกล้อง (Camera Control)","การเล่นวิดีโอนานสูงสุด 27 ชั่วโมง, การเล่นเสียงนานสูงสุด 100 ชั่วโมง, รองรับการชาร์จเร็วสูงสุด 50% ใน 30 นาที","iPhone 16 Plus พร้อม iOS 18, สายชาร์จ USB-C (1 ม.), เอกสารประกอบ","กระจกแต่งสีด้านหลังและกรอบอะลูมิเนียมเกรดเดียวกับที่ใช้ในอุตสาหกรรมอวกาศ, ด้านหน้าแบบ Ceramic Shield รุ่นล่าสุด",46900,"฿46,900",https://store.storeimages.cdn-apple.com/1/as-images.apple.com/is/iphone-16-finish-select-202409-6-1inch-teal?wid=2560&hei=2560&fmt=jpeg&qlt=95,https://store.storeimages.cdn-apple.com/1/as-images.apple.com/is/iphone-16-finish-select-202409-6-1inch-teal?wid=2048&hei=2048&fmt=png-alpha,data/images/iphone/iphone-16/teal.jpg,data/images/iphone/iphone-16/teal/hero.png,https://www.apple.com/th/shop/buy-iphone/iphone-16,https://www.apple.com/th/iphone-16/specs/,https://www.apple.com/th/iphone-16/
TH-IPHONE16PLUS-PINK-128GB-C619,TH-IPHONE16PLUS-PINK-128GB-C619,iphone-16-plus,iPhone 16 Plus,iphone,iphone-16,iPhone 16,iPhone 16 Plus 128GB สีชมพู (Pink),pink,ชมพู,Pink,#E3A3B1,128GB,"6.7""","5G (sub-6 GHz), Wi-Fi 7, Bluetooth 5.3, ชิป Ultra Wideband รุ่นที่ 2, พอร์ต USB-C","ชิป A18 พร้อม CPU แบบ 6-core (2 ประสิทธิภาพ + 4 ประหยัดพลังงาน), GPU แบบ 5-core และ Neural Engine แบบ 16-core",160.9 x 77.8 x 7.80 มม.,199 กรัม,"จอภาพ Super Retina XDR OLED ขนาด 6.7 นิ้ว (แนวทแยง), ความละเอียด 2796 x 1290 พิกเซลที่ 460 ppi, ความสว่างสูงสุด 2,000 นิต (กลางแจ้ง), Dynamic Island, คอนทราสต์เรโช 2,000,000:1","ระบบกล้องคู่ขั้นสูง: กล้อง Fusion 48MP (26 มม., ƒ/1.6) + กล้อง Ultra Wide 12MP (13 มม., ƒ/2.2), รองรับภาพถ่ายมาโคร, ปุ่มควบคุมกล้อง (Camera Control)","การเล่นวิดีโอนานสูงสุด 27 ชั่วโมง, การเล่นเสียงนานสูงสุด 100 ชั่วโมง, รองรับการชาร์จเร็วสูงสุด 50% ใน 30 นาที","iPhone 16 Plus พร้อม iOS 18, สายชาร์จ USB-C (1 ม.), เอกสารประกอบ","กระจกแต่งสีด้านหลังและกรอบอะลูมิเนียมเกรดเดียวกับที่ใช้ในอุตสาหกรรมอวกาศ, ด้านหน้าแบบ Ceramic Shield รุ่นล่าสุด",34900,"฿34,900",https://store.storeimages.cdn-apple.com/1/as-images.apple.com/is/iphone-16-finish-select-202409-6-1inch-pink?wid=2560&hei=2560&fmt=jpeg&qlt=95,https://store.storeimages.cdn-apple.com/1/as-images.apple.com/is/iphone-16-finish-select-202409-6-1inch-pink?wid=2048&hei=2048&fmt=png-alpha,data/images/iphone/iphone-16/pink.jpg,data/images/iphone/iphone-16/pink/hero.png,https://www.apple.com/th/shop/buy-iphone/iphone-16,https://www.apple.com/th/iphone-16/specs/,https://www.apple.com/th/iphone-16/
TH-IPHONE16PLUS-PINK-256GB-573D,TH-IPHONE16PLUS-PINK-256GB-573D,iphone-16-plus,iPhone 16 Plus,iphone,iphone-16,iPhone 16,iPhone 16 Plus 256GB สีชมพู (Pink),pink,ชมพู,Pink,#E3A3B1,256GB,"6.7""","5G (sub-6 GHz), Wi-Fi 7, Bluetooth 5.3, ชิป Ultra Wideband รุ่นที่ 2, พอร์ต USB-C","ชิป A18 พร้อม CPU แบบ 6-core (2 ประสิทธิภาพ + 4 ประหยัดพลังงาน), GPU แบบ 5-core และ Neural Engine แบบ 16-core",160.9 x 77.8 x 7.80 มม.,199 กรัม,"จอภาพ Super Retina XDR OLED ขนาด 6.7 นิ้ว (แนวทแยง), ความละเอียด 2796 x 1290 พิกเซลที่ 460 ppi, ความสว่างสูงสุด 2,000 นิต (กลางแจ้ง), Dynamic Island, คอนทราสต์เรโช 2,000,000:1","ระบบกล้องคู่ขั้นสูง: กล้อง Fusion 48MP (26 มม., ƒ/1.6) + กล้อง Ultra Wide 12MP (13 มม., ƒ/2.2), รองรับภาพถ่ายมาโคร, ปุ่มควบคุมกล้อง (Camera Control)","การเล่นวิดีโอนานสูงสุด 27 ชั่วโมง, การเล่นเสียงนานสูงสุด 100 ชั่วโมง, รองรับการชาร์จเร็วสูงสุด 50% ใน 30 นาที","iPhone 16 Plus พร้อม iOS 18, สายชาร์จ USB-C (1 ม.), เอกสารประกอบ","กระจกแต่งสีด้านหลังและกรอบอะลูมิเนียมเกรดเดียวกับที่ใช้ในอุตสาหกรรมอวกาศ, ด้านหน้าแบบ Ceramic Shield รุ่นล่าสุด",38900,"฿38,900",https://store.storeimages.cdn-apple.com/1/as-images.apple.com/is/iphone-16-finish-select-202409-6-1inch-pink?wid=2560&hei=2560&fmt=jpeg&qlt=95,https://store.storeimages.cdn-apple.com/1/as-images.apple.com/is/iphone-16-finish-select-202409-6-1inch-pink?wid=2048&hei=2048&fmt=png-alpha,data/images/iphone/iphone-16/pink.jpg,data/images/iphone/iphone-16/pink/hero.png,https://www.apple.com/th/shop/buy-iphone/iphone-16,https://www.apple.com/th/iphone-16/specs/,https://www.apple.com/th/iphone-16/
TH-IPHONE16PLUS-PINK-512GB-93C8,TH-IPHONE16PLUS-PINK-512GB-93C8,iphone-16-plus,iPhone 16 Plus,iphone,iphone-16,iPhone 16,iPhone 16 Plus 512GB สีชมพู (Pink),pink,ชมพู,Pink,#E3A3B1,512GB,"6.7""","5G (sub-6 GHz), Wi-Fi 7, Bluetooth 5.3, ชิป Ultra Wideband รุ่นที่ 2, พอร์ต USB-C","ชิป A18 พร้อม CPU แบบ 6-core (2 ประสิทธิภาพ + 4 ประหยัดพลังงาน), GPU แบบ 5-core และ Neural Engine แบบ 16-core",160.9 x 77.8 x 7.80 มม.,199 กรัม,"จอภาพ Super Retina XDR OLED ขนาด 6.7 นิ้ว (แนวทแยง), ความละเอียด 2796 x 1290 พิกเซลที่ 460 ppi, ความสว่างสูงสุด 2,000 นิต (กลางแจ้ง), Dynamic Island, คอนทราสต์เรโช 2,000,000:1","ระบบกล้องคู่ขั้นสูง: กล้อง Fusion 48MP (26 มม., ƒ/1.6) + กล้อง Ultra Wide 12MP (13 มม., ƒ/2.2), รองรับภาพถ่ายมาโคร, ปุ่มควบคุมกล้อง (Camera Control)","การเล่นวิดีโอนานสูงสุด 27 ชั่วโมง, การเล่นเสียงนานสูงสุด 100 ชั่วโมง, รองรับการชาร์จเร็วสูงสุด 50% ใน 30 นาที","iPhone 16 Plus พร้อม iOS 18, สายชาร์จ USB-C (1 ม.), เอกสารประกอบ","กระจกแต่งสีด้านหลังและกรอบอะลูมิเนียมเกรดเดียวกับที่ใช้ในอุตสาหกรรมอวกาศ, ด้านหน้าแบบ Ceramic Shield รุ่นล่าสุด",46900,"฿46,900",https://store.storeimages.cdn-apple.com/1/as-images.apple.com/is/iphone-16-finish-select-202409-6-1inch-pink?wid=2560&hei=2560&fmt=jpeg&qlt=95,https://store.storeimages.cdn-apple.com/1/as-images.apple.com/is/iphone-16-finish-select-202409-6-1inch-pink?wid=2048&hei=2048&fmt=png-alpha,data/images/iphone/iphone-16/pink.jpg,data/images/iphone/iphone-16/pink/hero.png,https://www.apple.com/th/shop/buy-iphone/iphone-16,https://www.apple.com/th/iphone-16/specs/,https://www.apple.com/th/iphone-16/
TH-IPHONE16PLUS-WHITE-128GB-F118,TH-IPHONE16PLUS-WHITE-128GB-F118,iphone-16-plus,iPhone 16 Plus,iphone,iphone-16,iPhone 16,iPhone 16 Plus 128GB สีขาว (White),white,ขาว,White,#F9F6EF,128GB,"6.7""","5G (sub-6 GHz), Wi-Fi 7, Bluetooth 5.3, ชิป Ultra Wideband รุ่นที่ 2, พอร์ต USB-C","ชิป A18 พร้อม CPU แบบ 6-core (2 ประสิทธิภาพ + 4 ประหยัดพลังงาน), GPU แบบ 5-core และ Neural Engine แบบ 16-core",160.9 x 77.8 x 7.80 มม.,199 กรัม,"จอภาพ Super Retina XDR OLED ขนาด 6.7 นิ้ว (แนวทแยง), ความละเอียด 2796 x 1290 พิกเซลที่ 460 ppi, ความสว่างสูงสุด 2,000 นิต (กลางแจ้ง), Dynamic Island, คอนทราสต์เรโช 2,000,000:1","ระบบกล้องคู่ขั้นสูง: กล้อง Fusion 48MP (26 มม., ƒ/1.6) + กล้อง Ultra Wide 12MP (13 มม., ƒ/2.2), รองรับภาพถ่ายมาโคร, ปุ่มควบคุมกล้อง (Camera Control)","การเล่นวิดีโอนานสูงสุด 27 ชั่วโมง, การเล่นเสียงนานสูงสุด 100 ชั่วโมง, รองรับการชาร์จเร็วสูงสุด 50% ใน 30 นาที","iPhone 16 Plus พร้อม iOS 18, สายชาร์จ USB-C (1 ม.), เอกสารประกอบ","กระจกแต่งสีด้านหลังและกรอบอะลูมิเนียมเกรดเดียวกับที่ใช้ในอุตสาหกรรมอวกาศ, ด้านหน้าแบบ Ceramic Shield รุ่นล่าสุด",34900,"฿34,900",https://store.storeimages.cdn-apple.com/1/as-images.apple.com/is/iphone-16-finish-select-202409-6-1inch-white?wid=2560&hei=2560&fmt=jpeg&qlt=95,https://store.storeimages.cdn-apple.com/1/as-images.apple.com/is/iphone-16-finish-select-202409-6-1inch-white?wid=2048&hei=2048&fmt=png-alpha,data/images/iphone/iphone-16/white.jpg,data/images/iphone/iphone-16/white/hero.png,https://www.apple.com/th/shop/buy-iphone/iphone-16,https://www.apple.com/th/iphone-16/specs/,https://www.apple.com/th/iphone-16/
TH-IPHONE16PLUS-WHITE-256GB-39DE,TH-IPHONE16PLUS-WHITE-256GB-39DE,iphone-16-plus,iPhone 16 Plus,iphone,iphone-16,iPhone 16,iPhone 16 Plus 256GB สีขาว (White),white,ขาว,White,#F9F6EF,256GB,"6.7""","5G (sub-6 GHz), Wi-Fi 7, Bluetooth 5.3, ชิป Ultra Wideband รุ่นที่ 2, พอร์ต USB-C","ชิป A18 พร้อม CPU แบบ 6-core (2 ประสิทธิภาพ + 4 ประหยัดพลังงาน), GPU แบบ 5-core และ Neural Engine แบบ 16-core",160.9 x 77.8 x 7.80 มม.,199 กรัม,"จอภาพ Super Retina XDR OLED ขนาด 6.7 นิ้ว (แนวทแยง), ความละเอียด 2796 x 1290 พิกเซลที่ 460 ppi, ความสว่างสูงสุด 2,000 นิต (กลางแจ้ง), Dynamic Island, คอนทราสต์เรโช 2,000,000:1","ระบบกล้องคู่ขั้นสูง: กล้อง Fusion 48MP (26 มม., ƒ/1.6) + กล้อง Ultra Wide 12MP (13 มม., ƒ/2.2), รองรับภาพถ่ายมาโคร, ปุ่มควบคุมกล้อง (Camera Control)","การเล่นวิดีโอนานสูงสุด 27 ชั่วโมง, การเล่นเสียงนานสูงสุด 100 ชั่วโมง, รองรับการชาร์จเร็วสูงสุด 50% ใน 30 นาที","iPhone 16 Plus พร้อม iOS 18, สายชาร์จ USB-C (1 ม.), เอกสารประกอบ","กระจกแต่งสีด้านหลังและกรอบอะลูมิเนียมเกรดเดียวกับที่ใช้ในอุตสาหกรรมอวกาศ, ด้านหน้าแบบ Ceramic Shield รุ่นล่าสุด",38900,"฿38,900",https://store.storeimages.cdn-apple.com/1/as-images.apple.com/is/iphone-16-finish-select-202409-6-1inch-white?wid=2560&hei=2560&fmt=jpeg&qlt=95,https://store.storeimages.cdn-apple.com/1/as-images.apple.com/is/iphone-16-finish-select-202409-6-1inch-white?wid=2048&hei=2048&fmt=png-alpha,data/images/iphone/iphone-16/white.jpg,data/images/iphone/iphone-16/white/hero.png,https://www.apple.com/th/shop/buy-iphone/iphone-16,https://www.apple.com/th/iphone-16/specs/,https://www.apple.com/th/iphone-16/
TH-IPHONE16PLUS-WHITE-512GB-4076,TH-IPHONE16PLUS-WHITE-512GB-4076,iphone-16-plus,iPhone 16 Plus,iphone,iphone-16,iPhone 16,iPhone 16 Plus 512GB สีขาว (White),white,ขาว,White,#F9F6EF,512GB,"6.7""","5G (sub-6 GHz), Wi-Fi 7, Bluetooth 5.3, ชิป Ultra Wideband รุ่นที่ 2, พอร์ต USB-C","ชิป A18 พร้อม CPU แบบ 6-core (2 ประสิทธิภาพ + 4 ประหยัดพลังงาน), GPU แบบ 5-core และ Neural Engine แบบ 16-core",160.9 x 77.8 x 7.80 มม.,199 กรัม,"จอภาพ Super Retina XDR OLED ขนาด 6.7 นิ้ว (แนวทแยง), ความละเอียด 2796 x 1290 พิกเซลที่ 460 ppi, ความสว่างสูงสุด 2,000 นิต (กลางแจ้ง), Dynamic Island, คอนทราสต์เรโช 2,000,000:1","ระบบกล้องคู่ขั้นสูง: กล้อง Fusion 48MP (26 มม., ƒ/1.6) + กล้อง Ultra Wide 12MP (13 มม., ƒ/2.2), รองรับภาพถ่ายมาโคร, ปุ่มควบคุมกล้อง (Camera Control)","การเล่นวิดีโอนานสูงสุด 27 ชั่วโมง, การเล่นเสียงนานสูงสุด 100 ชั่วโมง, รองรับการชาร์จเร็วสูงสุด 50% ใน 30 นาที","iPhone 16 Plus พร้อม iOS 18, สายชาร์จ USB-C (1 ม.), เอกสารประกอบ","กระจกแต่งสีด้านหลังและกรอบอะลูมิเนียมเกรดเดียวกับที่ใช้ในอุตสาหกรรมอวกาศ, ด้านหน้าแบบ Ceramic Shield รุ่นล่าสุด",46900,"฿46,900",https://store.storeimages.cdn-apple.com/1/as-images.apple.com/is/iphone-16-finish-select-202409-6-1inch-white?wid=2560&hei=2560&fmt=jpeg&qlt=95,https://store.storeimages.cdn-apple.com/1/as-images.apple.com/is/iphone-16-finish-select-202409-6-1inch-white?wid=2048&hei=2048&fmt=png-alpha,data/images/iphone/iphone-16/white.jpg,data/images/iphone/iphone-16/white/hero.png,https://www.apple.com/th/shop/buy-iphone/iphone-16,https://www.apple.com/th/iphone-16/specs/,https://www.apple.com/th/iphone-16/
TH-IPHONE16PLUS-BLACK-128GB-CD9B,TH-IPHONE16PLUS-BLACK-128GB-CD9B,iphone-16-plus,iPhone 16 Plus,iphone,iphone-16,iPhone 16,iPhone 16 Plus 128GB สีดำ (Black),black,ดำ,Black,#1F2022,128GB,"6.7""","5G (sub-6 GHz), Wi-Fi 7, Bluetooth 5.3, ชิป Ultra Wideband รุ่นที่ 2, พอร์ต USB-C","ชิป A18 พร้อม CPU แบบ 6-core (2 ประสิทธิภาพ + 4 ประหยัดพลังงาน), GPU แบบ 5-core และ Neural Engine แบบ 16-core",160.9 x 77.8 x 7.80 มม.,199 กรัม,"จอภาพ Super Retina XDR OLED ขนาด 6.7 นิ้ว (แนวทแยง), ความละเอียด 2796 x 1290 พิกเซลที่ 460 ppi, ความสว่างสูงสุด 2,000 นิต (กลางแจ้ง), Dynamic Island, คอนทราสต์เรโช 2,000,000:1","ระบบกล้องคู่ขั้นสูง: กล้อง Fusion 48MP (26 มม., ƒ/1.6) + กล้อง Ultra Wide 12MP (13 มม., ƒ/2.2), รองรับภาพถ่ายมาโคร, ปุ่มควบคุมกล้อง (Camera Control)","การเล่นวิดีโอนานสูงสุด 27 ชั่วโมง, การเล่นเสียงนานสูงสุด 100 ชั่วโมง, รองรับการชาร์จเร็วสูงสุด 50% ใน 30 นาที","iPhone 16 Plus พร้อม iOS 18, สายชาร์จ USB-C (1 ม.), เอกสารประกอบ","กระจกแต่งสีด้านหลังและกรอบอะลูมิเนียมเกรดเดียวกับที่ใช้ในอุตสาหกรรมอวกาศ, ด้านหน้าแบบ Ceramic Shield รุ่นล่าสุด",34900,"฿34,900",https://store.storeimages.cdn-apple.com/1/as-images.apple.com/is/iphone-16-finish-select-202409-6-1inch-black?wid=2560&hei=2560&fmt=jpeg&qlt=95,https://store.storeimages.cdn-apple.com/1/as-images.apple.com/is/iphone-16-finish-select-202409-6-1inch-black?wid=2048&hei=2048&fmt=png-alpha,data/images/iphone/iphone-16/black.jpg,data/images/iphone/iphone-16/black/hero.png,https://www.apple.com/th/shop/buy-iphone/iphone-16,https://www.apple.com/th/iphone-16/specs/,https://www.apple.com/th/iphone-16/
TH-IPHONE16PLUS-BLACK-256GB-27FC,TH-IPHONE16PLUS-BLACK-256GB-27FC,iphone-16-plus,iPhone 16 Plus,iphone,iphone-16,iPhone 16,iPhone 16 Plus 256GB สีดำ (Black),black,ดำ,Black,#1F2022,256GB,"6.7""","5G (sub-6 GHz), Wi-Fi 7, Bluetooth 5.3, ชิป Ultra Wideband รุ่นที่ 2, พอร์ต USB-C","ชิป A18 พร้อม CPU แบบ 6-core (2 ประสิทธิภาพ + 4 ประหยัดพลังงาน), GPU แบบ 5-core และ Neural Engine แบบ 16-core",160.9 x 77.8 x 7.80 มม.,199 กรัม,"จอภาพ Super Retina XDR OLED ขนาด 6.7 นิ้ว (แนวทแยง), ความละเอียด 2796 x 1290 พิกเซลที่ 460 ppi, ความสว่างสูงสุด 2,000 นิต (กลางแจ้ง), Dynamic Island, คอนทราสต์เรโช 2,000,000:1","ระบบกล้องคู่ขั้นสูง: กล้อง Fusion 48MP (26 มม., ƒ/1.6) + กล้อง Ultra Wide 12MP (13 มม., ƒ/2.2), รองรับภาพถ่ายมาโคร, ปุ่มควบคุมกล้อง (Camera Control)","การเล่นวิดีโอนานสูงสุด 27 ชั่วโมง, การเล่นเสียงนานสูงสุด 100 ชั่วโมง, รองรับการชาร์จเร็วสูงสุด 50% ใน 30 นาที","iPhone 16 Plus พร้อม iOS 18, สายชาร์จ USB-C (1 ม.), เอกสารประกอบ","กระจกแต่งสีด้านหลังและกรอบอะลูมิเนียมเกรดเดียวกับที่ใช้ในอุตสาหกรรมอวกาศ, ด้านหน้าแบบ Ceramic Shield รุ่นล่าสุด",38900,"฿38,900",https://store.storeimages.cdn-apple.com/1/as-images.apple.com/is/iphone-16-finish-select-202409-6-1inch-black?wid=2560&hei=2560&fmt=jpeg&qlt=95,https://store.storeimages.cdn-apple.com/1/as-images.apple.com/is/iphone-16-finish-select-202409-6-1inch-black?wid=2048&hei=2048&fmt=png-alpha,data/images/iphone/iphone-16/black.jpg,data/images/iphone/iphone-16/black/hero.png,https://www.apple.com/th/shop/buy-iphone/iphone-16,https://www.apple.com/th/iphone-16/specs/,https://www.apple.com/th/iphone-16/
TH-IPHONE16PLUS-BLACK-512GB-697D,TH-IPHONE16PLUS-BLACK-512GB-697D,iphone-16-plus,iPhone 16 Plus,iphone,iphone-16,iPhone 16,iPhone 16 Plus 512GB สีดำ (Black),black,ดำ,Black,#1F2022,512GB,"6.7""","5G (sub-6 GHz), Wi-Fi 7, Bluetooth 5.3, ชิป Ultra Wideband รุ่นที่ 2, พอร์ต USB-C","ชิป A18 พร้อม CPU แบบ 6-core (2 ประสิทธิภาพ + 4 ประหยัดพลังงาน), GPU แบบ 5-core และ Neural Engine แบบ 16-core",160.9 x 77.8 x 7.80 มม.,199 กรัม,"จอภาพ Super Retina XDR OLED ขนาด 6.7 นิ้ว (แนวทแยง), ความละเอียด 2796 x 1290 พิกเซลที่ 460 ppi, ความสว่างสูงสุด 2,000 นิต (กลางแจ้ง), Dynamic Island, คอนทราสต์เรโช 2,000,000:1","ระบบกล้องคู่ขั้นสูง: กล้อง Fusion 48MP (26 มม., ƒ/1.6) + กล้อง Ultra Wide 12MP (13 มม., ƒ/2.2), รองรับภาพถ่ายมาโคร, ปุ่มควบคุมกล้อง (Camera Control)","การเล่นวิดีโอนานสูงสุด 27 ชั่วโมง, การเล่นเสียงนานสูงสุด 100 ชั่วโมง, รองรับการชาร์จเร็วสูงสุด 50% ใน 30 นาที","iPhone 16 Plus พร้อม iOS 18, สายชาร์จ USB-C (1 ม.), เอกสารประกอบ","กระจกแต่งสีด้านหลังและกรอบอะลูมิเนียมเกรดเดียวกับที่ใช้ในอุตสาหกรรมอวกาศ, ด้านหน้าแบบ Ceramic Shield รุ่นล่าสุด",46900,"฿46,900",https://store.storeimages.cdn-apple.com/1/as-images.apple.com/is/iphone-16-finish-select-202409-6-1inch-black?wid=2560&hei=2560&fmt=jpeg&qlt=95,https://store.storeimages.cdn-apple.com/1/as-images.apple.com/is/iphone-16-finish-select-202409-6-1inch-black?wid=2048&hei=2048&fmt=png-alpha,data/images/iphone/iphone-16/black.jpg,data/images/iphone/iphone-16/black/hero.png,https://www.apple.com/th/shop/buy-iphone/iphone-16,https://www.apple.com/th/iphone-16/specs/,https://www.apple.com/th/iphone-16/
TH-IPHONE16PRO-DESERTTITANIUM-128GB-730A,TH-IPHONE16PRO-DESERTTITANIUM-128GB-730A,iphone-16-pro,iPhone 16 Pro,iphone,iphone-16-pro,iPhone 16 Pro,iPhone 16 Pro 128GB สีไทเทเนียมทะเลทราย (Desert Titanium),desert-titanium,ไทเทเนียมทะเลทราย,Desert Titanium,#C5A992,128GB,"6.3""","5G, Wi-Fi 7, Bluetooth 5.3, Ultra Wideband 2, Thread, พอร์ต USB-C รองรับ USB 3 (สูงสุด 10Gb/s)","ชิป A18 Pro พร้อม CPU แบบ 6-core (2 ประสิทธิภาพ + 4 ประหยัดพลังงาน), GPU แบบ 6-core ระดับโปร และ Neural Engine แบบ 16-core",149.6 x 71.5 x 8.25 มม.,199 กรัม,"จอภาพ Super Retina XDR OLED ขนาด 6.3 นิ้ว, เทคโนโลยี ProMotion อัตรารีเฟรชสูงสุด 120Hz, ความละเอียด 2622 x 1206 พิกเซลที่ 460 ppi, จอภาพติดตลอด (Always-On)","ระบบกล้องระดับโปร: กล้อง Fusion 48MP (24 มม., ƒ/1.78) + กล้อง Ultra Wide 48MP (13 มม., ƒ/2.2) + กล้อง Telephoto 5x 12MP (120 มม., ƒ/2.8), สแกนเนอร์ LiDAR, บันทึกวิดีโอ 4K Dolby Vision 120 fps, ปุ่มควบคุมกล้อง (Camera Control)","การเล่นวิดีโอนานสูงสุด 27 ชั่วโมง, การเล่นสตรีมวิดีโอนานสูงสุด 22 ชั่วโมง, ชาร์จเร็ว 50% ใน 30 นาที","iPhone 16 Pro พร้อม iOS 18, สายชาร์จ USB-C (1 ม., รองรับ USB 3), เอกสารประกอบ",ดีไซน์ไทเทเนียมเกรด 5 ผิวขัดเงาละเอียด ด้านหลังกระจกผิวด้านแบบมีสีในตัว ด้านหน้า Ceramic Shield รุ่นล่าสุด,39900,"฿39,900",https://store.storeimages.cdn-apple.com/1/as-images.apple.com/is/iphone-16-pro-finish-select-202409-6-3inch-deserttitanium?wid=2560&hei=2560&fmt=jpeg&qlt=95,https://store.storeimages.cdn-apple.com/1/as-images.apple.com/is/iphone-16-pro-finish-select-202409-6-3inch-deserttitanium?wid=2048&hei=2048&fmt=png-alpha,data/images/iphone/iphone-16-pro/desert-titanium.jpg,data/images/iphone/iphone-16-pro/desert-titanium/hero.png,https://www.apple.com/th/shop/buy-iphone/iphone-16-pro,https://www.apple.com/th/iphone-16-pro/specs/,https://www.apple.com/th/iphone-16-pro/
TH-IPHONE16PRO-DESERTTITANIUM-256GB-3185,TH-IPHONE16PRO-DESERTTITANIUM-256GB-3185,iphone-16-pro,iPhone 16 Pro,iphone,iphone-16-pro,iPhone 16 Pro,iPhone 16 Pro 256GB สีไทเทเนียมทะเลทราย (Desert Titanium),desert-titanium,ไทเทเนียมทะเลทราย,Desert Titanium,#C5A992,256GB,"6.3""","5G, Wi-Fi 7, Bluetooth 5.3, Ultra Wideband 2, Thread, พอร์ต USB-C รองรับ USB 3 (สูงสุด 10Gb/s)","ชิป A18 Pro พร้อม CPU แบบ 6-core (2 ประสิทธิภาพ + 4 ประหยัดพลังงาน), GPU แบบ 6-core ระดับโปร และ Neural Engine แบบ 16-core",149.6 x 71.5 x 8.25 มม.,199 กรัม,"จอภาพ Super Retina XDR OLED ขนาด 6.3 นิ้ว, เทคโนโลยี ProMotion อัตรารีเฟรชสูงสุด 120Hz, ความละเอียด 2622 x 1206 พิกเซลที่ 460 ppi, จอภาพติดตลอด (Always-On)","ระบบกล้องระดับโปร: กล้อง Fusion 48MP (24 มม., ƒ/1.78) + กล้อง Ultra Wide 48MP (13 มม., ƒ/2.2) + กล้อง Telephoto 5x 12MP (120 มม., ƒ/2.8), สแกนเนอร์ LiDAR, บันทึกวิดีโอ 4K Dolby Vision 120 fps, ปุ่มควบคุมกล้อง (Camera Control)","การเล่นวิดีโอนานสูงสุด 27 ชั่วโมง, การเล่นสตรีมวิดีโอนานสูงสุด 22 ชั่วโมง, ชาร์จเร็ว 50% ใน 30 นาที","iPhone 16 Pro พร้อม iOS 18, สายชาร์จ USB-C (1 ม., รองรับ USB 3), เอกสารประกอบ",ดีไซน์ไทเทเนียมเกรด 5 ผิวขัดเงาละเอียด ด้านหลังกระจกผิวด้านแบบมีสีในตัว ด้านหน้า Ceramic Shield รุ่นล่าสุด,43900,"฿43,900",https://store.storeimages.cdn-apple.com/1/as-images.apple.com/is/iphone-16-pro-finish-select-202409-6-3inch-deserttitanium?wid=2560&hei=2560&fmt=jpeg&qlt=95,https://store.storeimages.cdn-apple.com/1/as-images.apple.com/is/iphone-16-pro-finish-select-202409-6-3inch-deserttitanium?wid=2048&hei=2048&fmt=png-alpha,data/images/iphone/iphone-16-pro/desert-titanium.jpg,data/images/iphone/iphone-16-pro/desert-titanium/hero.png,https://www.apple.com/th/shop/buy-iphone/iphone-16-pro,https://www.apple.com/th/iphone-16-pro/specs/,https://www.apple.com/th/iphone-16-pro/
TH-IPHONE16PRO-DESERTTITANIUM-512GB-556B,TH-IPHONE16PRO-DESERTTITANIUM-512GB-556B,iphone-16-pro,iPhone 16 Pro,iphone,iphone-16-pro,iPhone 16 Pro,iPhone 16 Pro 512GB สีไทเทเนียมทะเลทราย (Desert Titanium),desert-titanium,ไทเทเนียมทะเลทราย,Desert Titanium,#C5A992,512GB,"6.3""","5G, Wi-Fi 7, Bluetooth 5.3, Ultra Wideband 2, Thread, พอร์ต USB-C รองรับ USB 3 (สูงสุด 10Gb/s)","ชิป A18 Pro พร้อม CPU แบบ 6-core (2 ประสิทธิภาพ + 4 ประหยัดพลังงาน), GPU แบบ 6-core ระดับโปร และ Neural Engine แบบ 16-core",149.6 x 71.5 x 8.25 มม.,199 กรัม,"จอภาพ Super Retina XDR OLED ขนาด 6.3 นิ้ว, เทคโนโลยี ProMotion อัตรารีเฟรชสูงสุด 120Hz, ความละเอียด 2622 x 1206 พิกเซลที่ 460 ppi, จอภาพติดตลอด (Always-On)","ระบบกล้องระดับโปร: กล้อง Fusion 48MP (24 มม., ƒ/1.78) + กล้อง Ultra Wide 48MP (13 มม., ƒ/2.2) + กล้อง Telephoto 5x 12MP (120 มม., ƒ/2.8), สแกนเนอร์ LiDAR, บันทึกวิดีโอ 4K Dolby Vision 120 fps, ปุ่มควบคุมกล้อง (Camera Control)","การเล่นวิดีโอนานสูงสุด 27 ชั่วโมง, การเล่นสตรีมวิดีโอนานสูงสุด 22 ชั่วโมง, ชาร์จเร็ว 50% ใน 30 นาที","iPhone 16 Pro พร้อม iOS 18, สายชาร์จ USB-C (1 ม., รองรับ USB 3), เอกสารประกอบ",ดีไซน์ไทเทเนียมเกรด 5 ผิวขัดเงาละเอียด ด้านหลังกระจกผิวด้านแบบมีสีในตัว ด้านหน้า Ceramic Shield รุ่นล่าสุด,51900,"฿51,900",https://store.storeimages.cdn-apple.com/1/as-images.apple.com/is/iphone-16-pro-finish-select-202409-6-3inch-deserttitanium?wid=2560&hei=2560&fmt=jpeg&qlt=95,https://store.storeimages.cdn-apple.com/1/as-images.apple.com/is/iphone-16-pro-finish-select-202409-6-3inch-deserttitanium?wid=2048&hei=2048&fmt=png-alpha,data/images/iphone/iphone-16-pro/desert-titanium.jpg,data/images/iphone/iphone-16-pro/desert-titanium/hero.png,https://www.apple.com/th/shop/buy-iphone/iphone-16-pro,https://www.apple.com/th/iphone-16-pro/specs/,https://www.apple.com/th/iphone-16-pro/
TH-IPHONE16PRO-DESERTTITANIUM-1TB-1FEA,TH-IPHONE16PRO-DESERTTITANIUM-1TB-1FEA,iphone-16-pro,iPhone 16 Pro,iphone,iphone-16-pro,iPhone 16 Pro,iPhone 16 Pro 1TB สีไทเทเนียมทะเลทราย (Desert Titanium),desert-titanium,ไทเทเนียมทะเลทราย,Desert Titanium,#C5A992,1TB,"6.3""","5G, Wi-Fi 7, Bluetooth 5.3, Ultra Wideband 2, Thread, พอร์ต USB-C รองรับ USB 3 (สูงสุด 10Gb/s)","ชิป A18 Pro พร้อม CPU แบบ 6-core (2 ประสิทธิภาพ + 4 ประหยัดพลังงาน), GPU แบบ 6-core ระดับโปร และ Neural Engine แบบ 16-core",149.6 x 71.5 x 8.25 มม.,199 กรัม,"จอภาพ Super Retina XDR OLED ขนาด 6.3 นิ้ว, เทคโนโลยี ProMotion อัตรารีเฟรชสูงสุด 120Hz, ความละเอียด 2622 x 1206 พิกเซลที่ 460 ppi, จอภาพติดตลอด (Always-On)","ระบบกล้องระดับโปร: กล้อง Fusion 48MP (24 มม., ƒ/1.78) + กล้อง Ultra Wide 48MP (13 มม., ƒ/2.2) + กล้อง Telephoto 5x 12MP (120 มม., ƒ/2.8), สแกนเนอร์ LiDAR, บันทึกวิดีโอ 4K Dolby Vision 120 fps, ปุ่มควบคุมกล้อง (Camera Control)","การเล่นวิดีโอนานสูงสุด 27 ชั่วโมง, การเล่นสตรีมวิดีโอนานสูงสุด 22 ชั่วโมง, ชาร์จเร็ว 50% ใน 30 นาที","iPhone 16 Pro พร้อม iOS 18, สายชาร์จ USB-C (1 ม., รองรับ USB 3), เอกสารประกอบ",ดีไซน์ไทเทเนียมเกรด 5 ผิวขัดเงาละเอียด ด้านหลังกระจกผิวด้านแบบมีสีในตัว ด้านหน้า Ceramic Shield รุ่นล่าสุด,59900,"฿59,900",https://store.storeimages.cdn-apple.com/1/as-images.apple.com/is/iphone-16-pro-finish-select-202409-6-3inch-deserttitanium?wid=2560&hei=2560&fmt=jpeg&qlt=95,https://store.storeimages.cdn-apple.com/1/as-images.apple.com/is/iphone-16-pro-finish-select-202409-6-3inch-deserttitanium?wid=2048&hei=2048&fmt=png-alpha,data/images/iphone/iphone-16-pro/desert-titanium.jpg,data/images/iphone/iphone-16-pro/desert-titanium/hero.png,https://www.apple.com/th/shop/buy-iphone/iphone-16-pro,https://www.apple.com/th/iphone-16-pro/specs/,https://www.apple.com/th/iphone-16-pro/
TH-IPHONE16PRO-NATURALTITANIUM-128GB-242B,TH-IPHONE16PRO-NATURALTITANIUM-128GB-242B,iphone-16-pro,iPhone 16 Pro,iphone,iphone-16-pro,iPhone 16 Pro,iPhone 16 Pro 128GB สีไทเทเนียมธรรมชาติ (Natural Titanium),natural-titanium,ไทเทเนียมธรรมชาติ,Natural Titanium,#9A958E,128GB,"6.3""","5G, Wi-Fi 7, Bluetooth 5.3, Ultra Wideband 2, Thread, พอร์ต USB-C รองรับ USB 3 (สูงสุด 10Gb/s)","ชิป A18 Pro พร้อม CPU แบบ 6-core (2 ประสิทธิภาพ + 4 ประหยัดพลังงาน), GPU แบบ 6-core ระดับโปร และ Neural Engine แบบ 16-core",149.6 x 71.5 x 8.25 มม.,199 กรัม,"จอภาพ Super Retina XDR OLED ขนาด 6.3 นิ้ว, เทคโนโลยี ProMotion อัตรารีเฟรชสูงสุด 120Hz, ความละเอียด 2622 x 1206 พิกเซลที่ 460 ppi, จอภาพติดตลอด (Always-On)","ระบบกล้องระดับโปร: กล้อง Fusion 48MP (24 มม., ƒ/1.78) + กล้อง Ultra Wide 48MP (13 มม., ƒ/2.2) + กล้อง Telephoto 5x 12MP (120 มม., ƒ/2.8), สแกนเนอร์ LiDAR, บันทึกวิดีโอ 4K Dolby Vision 120 fps, ปุ่มควบคุมกล้อง (Camera Control)","การเล่นวิดีโอนานสูงสุด 27 ชั่วโมง, การเล่นสตรีมวิดีโอนานสูงสุด 22 ชั่วโมง, ชาร์จเร็ว 50% ใน 30 นาที","iPhone 16 Pro พร้อม iOS 18, สายชาร์จ USB-C (1 ม., รองรับ USB 3), เอกสารประกอบ",ดีไซน์ไทเทเนียมเกรด 5 ผิวขัดเงาละเอียด ด้านหลังกระจกผิวด้านแบบมีสีในตัว ด้านหน้า Ceramic Shield รุ่นล่าสุด,39900,"฿39,900",https://store.storeimages.cdn-apple.com/1/as-images.apple.com/is/iphone-16-pro-finish-select-202409-6-3inch-naturaltitanium?wid=2560&hei=2560&fmt=jpeg&qlt=95,https://store.storeimages.cdn-apple.com/1/as-images.apple.com/is/iphone-16-pro-finish-select-202409-6-3inch-naturaltitanium?wid=2048&hei=2048&fmt=png-alpha,data/images/iphone/iphone-16-pro/natural-titanium.jpg,data/images/iphone/iphone-16-pro/natural-titanium/hero.png,https://www.apple.com/th/shop/buy-iphone/iphone-16-pro,https://www.apple.com/th/iphone-16-pro/specs/,https://www.apple.com/th/iphone-16-pro/
TH-IPHONE16PRO-NATURALTITANIUM-256GB-F01B,TH-IPHONE16PRO-NATURALTITANIUM-256GB-F01B,iphone-16-pro,iPhone 16 Pro,iphone,iphone-16-pro,iPhone 16 Pro,iPhone 16 Pro 256GB สีไทเทเนียมธรรมชาติ (Natural Titanium),natural-titanium,ไทเทเนียมธรรมชาติ,Natural Titanium,#9A958E,256GB,"6.3""","5G, Wi-Fi 7, Bluetooth 5.3, Ultra Wideband 2, Thread, พอร์ต USB-C รองรับ USB 3 (สูงสุด 10Gb/s)","ชิป A18 Pro พร้อม CPU แบบ 6-core (2 ประสิทธิภาพ + 4 ประหยัดพลังงาน), GPU แบบ 6-core ระดับโปร และ Neural Engine แบบ 16-core",149.6 x 71.5 x 8.25 มม.,199 กรัม,"จอภาพ Super Retina XDR OLED ขนาด 6.3 นิ้ว, เทคโนโลยี ProMotion อัตรารีเฟรชสูงสุด 120Hz, ความละเอียด 2622 x 1206 พิกเซลที่ 460 ppi, จอภาพติดตลอด (Always-On)","ระบบกล้องระดับโปร: กล้อง Fusion 48MP (24 มม., ƒ/1.78) + กล้อง Ultra Wide 48MP (13 มม., ƒ/2.2) + กล้อง Telephoto 5x 12MP (120 มม., ƒ/2.8), สแกนเนอร์ LiDAR, บันทึกวิดีโอ 4K Dolby Vision 120 fps, ปุ่มควบคุมกล้อง (Camera Control)","การเล่นวิดีโอนานสูงสุด 27 ชั่วโมง, การเล่นสตรีมวิดีโอนานสูงสุด 22 ชั่วโมง, ชาร์จเร็ว 50% ใน 30 นาที","iPhone 16 Pro พร้อม iOS 18, สายชาร์จ USB-C (1 ม., รองรับ USB 3), เอกสารประกอบ",ดีไซน์ไทเทเนียมเกรด 5 ผิวขัดเงาละเอียด ด้านหลังกระจกผิวด้านแบบมีสีในตัว ด้านหน้า Ceramic Shield รุ่นล่าสุด,43900,"฿43,900",https://store.storeimages.cdn-apple.com/1/as-images.apple.com/is/iphone-16-pro-finish-select-202409-6-3inch-naturaltitanium?wid=2560&hei=2560&fmt=jpeg&qlt=95,https://store.storeimages.cdn-apple.com/1/as-images.apple.com/is/iphone-16-pro-finish-select-202409-6-3inch-naturaltitanium?wid=2048&hei=2048&fmt=png-alpha,data/images/iphone/iphone-16-pro/natural-titanium.jpg,data/images/iphone/iphone-16-pro/natural-titanium/hero.png,https://www.apple.com/th/shop/buy-iphone/iphone-16-pro,https://www.apple.com/th/iphone-16-pro/specs/,https://www.apple.com/th/iphone-16-pro/
TH-IPHONE16PRO-NATURALTITANIUM-512GB-6385,TH-IPHONE16PRO-NATURALTITANIUM-512GB-6385,iphone-16-pro,iPhone 16 Pro,iphone,iphone-16-pro,iPhone 16 Pro,iPhone 16 Pro 512GB สีไทเทเนียมธรรมชาติ (Natural Titanium),natural-titanium,ไทเทเนียมธรรมชาติ,Natural Titanium,#9A958E,512GB,"6.3""","5G, Wi-Fi 7, Bluetooth 5.3, Ultra Wideband 2, Thread, พอร์ต USB-C รองรับ USB 3 (สูงสุด 10Gb/s)","ชิป A18 Pro พร้อม CPU แบบ 6-core (2 ประสิทธิภาพ + 4 ประหยัดพลังงาน), GPU แบบ 6-core ระดับโปร และ Neural Engine แบบ 16-core",149.6 x 71.5 x 8.25 มม.,199 กรัม,"จอภาพ Super Retina XDR OLED ขนาด 6.3 นิ้ว, เทคโนโลยี ProMotion อัตรารีเฟรชสูงสุด 120Hz, ความละเอียด 2622 x 1206 พิกเซลที่ 460 ppi, จอภาพติดตลอด (Always-On)","ระบบกล้องระดับโปร: กล้อง Fusion 48MP (24 มม., ƒ/1.78) + กล้อง Ultra Wide 48MP (13 มม., ƒ/2.2) + กล้อง Telephoto 5x 12MP (120 มม., ƒ/2.8), สแกนเนอร์ LiDAR, บันทึกวิดีโอ 4K Dolby Vision 120 fps, ปุ่มควบคุมกล้อง (Camera Control)","การเล่นวิดีโอนานสูงสุด 27 ชั่วโมง, การเล่นสตรีมวิดีโอนานสูงสุด 22 ชั่วโมง, ชาร์จเร็ว 50% ใน 30 นาที","iPhone 16 Pro พร้อม iOS 18, สายชาร์จ USB-C (1 ม., รองรับ USB 3), เอกสารประกอบ",ดีไซน์ไทเทเนียมเกรด 5 ผิวขัดเงาละเอียด ด้านหลังกระจกผิวด้านแบบมีสีในตัว ด้านหน้า Ceramic Shield รุ่นล่าสุด,51900,"฿51,900",https://store.storeimages.cdn-apple.com/1/as-images.apple.com/is/iphone-16-pro-finish-select-202409-6-3inch-naturaltitanium?wid=2560&hei=2560&fmt=jpeg&qlt=95,https://store.storeimages.cdn-apple.com/1/as-images.apple.com/is/iphone-16-pro-finish-select-202409-6-3inch-naturaltitanium?wid=2048&hei=2048&fmt=png-alpha,data/images/iphone/iphone-16-pro/natural-titanium.jpg,data/images/iphone/iphone-16-pro/natural-titanium/hero.png,https://www.apple.com/th/shop/buy-iphone/iphone-16-pro,https://www.apple.com/th/iphone-16-pro/specs/,https://www.apple.com/th/iphone-16-pro/
TH-IPHONE16PRO-NATURALTITANIUM-1TB-FF7D,TH-IPHONE16PRO-NATURALTITANIUM-1TB-FF7D,iphone-16-pro,iPhone 16 Pro,iphone,iphone-16-pro,iPhone 16 Pro,iPhone 16 Pro 1TB สีไทเทเนียมธรรมชาติ (Natural Titanium),natural-titanium,ไทเทเนียมธรรมชาติ,Natural Titanium,#9A958E,1TB,"6.3""","5G, Wi-Fi 7, Bluetooth 5.3, Ultra Wideband 2, Thread, พอร์ต USB-C รองรับ USB 3 (สูงสุด 10Gb/s)","ชิป A18 Pro พร้อม CPU แบบ 6-core (2 ประสิทธิภาพ + 4 ประหยัดพลังงาน), GPU แบบ 6-core ระดับโปร และ Neural Engine แบบ 16-core",149.6 x 71.5 x 8.25 มม.,199 กรัม,"จอภาพ Super Retina XDR OLED ขนาด 6.3 นิ้ว, เทคโนโลยี ProMotion อัตรารีเฟรชสูงสุด 120Hz, ความละเอียด 2622 x 1206 พิกเซลที่ 460 ppi, จอภาพติดตลอด (Always-On)","ระบบกล้องระดับโปร: กล้อง Fusion 48MP (24 มม., ƒ/1.78) + กล้อง Ultra Wide 48MP (13 มม., ƒ/2.2) + กล้อง Telephoto 5x 12MP (120 มม., ƒ/2.8), สแกนเนอร์ LiDAR, บันทึกวิดีโอ 4K Dolby Vision 120 fps, ปุ่มควบคุมกล้อง (Camera Control)","การเล่นวิดีโอนานสูงสุด 27 ชั่วโมง, การเล่นสตรีมวิดีโอนานสูงสุด 22 ชั่วโมง, ชาร์จเร็ว 50% ใน 30 นาที","iPhone 16 Pro พร้อม iOS 18, สายชาร์จ USB-C (1 ม., รองรับ USB 3), เอกสารประกอบ",ดีไซน์ไทเทเนียมเกรด 5 ผิวขัดเงาละเอียด ด้านหลังกระจกผิวด้านแบบมีสีในตัว ด้านหน้า Ceramic Shield รุ่นล่าสุด,59900,"฿59,900",https://store.storeimages.cdn-apple.com/1/as-images.apple.com/is/iphone-16-pro-finish-select-202409-6-3inch-naturaltitanium?wid=2560&hei=2560&fmt=jpeg&qlt=95,https://store.storeimages.cdn-apple.com/1/as-images.apple.com/is/iphone-16-pro-finish-select-202409-6-3inch-naturaltitanium?wid=2048&hei=2048&fmt=png-alpha,data/images/iphone/iphone-16-pro/natural-titanium.jpg,data/images/iphone/iphone-16-pro/natural-titanium/hero.png,https://www.apple.com/th/shop/buy-iphone/iphone-16-pro,https://www.apple.com/th/iphone-16-pro/specs/,https://www.apple.com/th/iphone-16-pro/
TH-IPHONE16PRO-WHITETITANIUM-128GB-8132,TH-IPHONE16PRO-WHITETITANIUM-128GB-8132,iphone-16-pro,iPhone 16 Pro,iphone,iphone-16-pro,iPhone 16 Pro,iPhone 16 Pro 128GB สีไทเทเนียมขาว (White Titanium),white-titanium,ไทเทเนียมขาว,White Titanium,#E2E4E1,128GB,"6.3""","5G, Wi-Fi 7, Bluetooth 5.3, Ultra Wideband 2, Thread, พอร์ต USB-C รองรับ USB 3 (สูงสุด 10Gb/s)","ชิป A18 Pro พร้อม CPU แบบ 6-core (2 ประสิทธิภาพ + 4 ประหยัดพลังงาน), GPU แบบ 6-core ระดับโปร และ Neural Engine แบบ 16-core",149.6 x 71.5 x 8.25 มม.,199 กรัม,"จอภาพ Super Retina XDR OLED ขนาด 6.3 นิ้ว, เทคโนโลยี ProMotion อัตรารีเฟรชสูงสุด 120Hz, ความละเอียด 2622 x 1206 พิกเซลที่ 460 ppi, จอภาพติดตลอด (Always-On)","ระบบกล้องระดับโปร: กล้อง Fusion 48MP (24 มม., ƒ/1.78) + กล้อง Ultra Wide 48MP (13 มม., ƒ/2.2) + กล้อง Telephoto 5x 12MP (120 มม., ƒ/2.8), สแกนเนอร์ LiDAR, บันทึกวิดีโอ 4K Dolby Vision 120 fps, ปุ่มควบคุมกล้อง (Camera Control)","การเล่นวิดีโอนานสูงสุด 27 ชั่วโมง, การเล่นสตรีมวิดีโอนานสูงสุด 22 ชั่วโมง, ชาร์จเร็ว 50% ใน 30 นาที","iPhone 16 Pro พร้อม iOS 18, สายชาร์จ USB-C (1 ม., รองรับ USB 3), เอกสารประกอบ",ดีไซน์ไทเทเนียมเกรด 5 ผิวขัดเงาละเอียด ด้านหลังกระจกผิวด้านแบบมีสีในตัว ด้านหน้า Ceramic Shield รุ่นล่าสุด,39900,"฿39,900",https://store.storeimages.cdn-apple.com/1/as-images.apple.com/is/iphone-16-pro-finish-select-202409-6-3inch-whitetitanium?wid=2560&hei=2560&fmt=jpeg&qlt=95,https://store.storeimages.cdn-apple.com/1/as-images.apple.com/is/iphone-16-pro-finish-select-202409-6-3inch-whitetitanium?wid=2048&hei=2048&fmt=png-alpha,data/images/iphone/iphone-16-pro/white-titanium.jpg,data/images/iphone/iphone-16-pro/white-titanium/hero.png,https://www.apple.com/th/shop/buy-iphone/iphone-16-pro,https://www.apple.com/th/iphone-16-pro/specs/,https://www.apple.com/th/iphone-16-pro/
TH-IPHONE16PRO-WHITETITANIUM-256GB-7D0C,TH-IPHONE16PRO-WHITETITANIUM-256GB-7D0C,iphone-16-pro,iPhone 16 Pro,iphone,iphone-16-pro,iPhone 16 Pro,iPhone 16 Pro 256GB สีไทเทเนียมขาว (White Titanium),white-titanium,ไทเทเนียมขาว,White Titanium,#E2E4E1,256GB,"6.3""","5G, Wi-Fi 7, Bluetooth 5.3, Ultra Wideband 2, Thread, พอร์ต USB-C รองรับ USB 3 (สูงสุด 10Gb/s)","ชิป A18 Pro พร้อม CPU แบบ 6-core (2 ประสิทธิภาพ + 4 ประหยัดพลังงาน), GPU แบบ 6-core ระดับโปร และ Neural Engine แบบ 16-core",149.6 x 71.5 x 8.25 มม.,199 กรัม,"จอภาพ Super Retina XDR OLED ขนาด 6.3 นิ้ว, เทคโนโลยี ProMotion อัตรารีเฟรชสูงสุด 120Hz, ความละเอียด 2622 x 1206 พิกเซลที่ 460 ppi, จอภาพติดตลอด (Always-On)","ระบบกล้องระดับโปร: กล้อง Fusion 48MP (24 มม., ƒ/1.78) + กล้อง Ultra Wide 48MP (13 มม., ƒ/2.2) + กล้อง Telephoto 5x 12MP (120 มม., ƒ/2.8), สแกนเนอร์ LiDAR, บันทึกวิดีโอ 4K Dolby Vision 120 fps, ปุ่มควบคุมกล้อง (Camera Control)","การเล่นวิดีโอนานสูงสุด 27 ชั่วโมง, การเล่นสตรีมวิดีโอนานสูงสุด 22 ชั่วโมง, ชาร์จเร็ว 50% ใน 30 นาที","iPhone 16 Pro พร้อม iOS 18, สายชาร์จ USB-C (1 ม., รองรับ USB 3), เอกสารประกอบ",ดีไซน์ไทเทเนียมเกรด 5 ผิวขัดเงาละเอียด ด้านหลังกระจกผิวด้านแบบมีสีในตัว ด้านหน้า Ceramic Shield รุ่นล่าสุด,43900,"฿43,900",https://store.storeimages.cdn-apple.com/1/as-images.apple.com/is/iphone-16-pro-finish-select-202409-6-3inch-whitetitanium?wid=2560&hei=2560&fmt=jpeg&qlt=95,https://store.storeimages.cdn-apple.com/1/as-images.apple.com/is/iphone-16-pro-finish-select-202409-6-3inch-whitetitanium?wid=2048&hei=2048&fmt=png-alpha,data/images/iphone/iphone-16-pro/white-titanium.jpg,data/images/iphone/iphone-16-pro/white-titanium/hero.png,https://www.apple.com/th/shop/buy-iphone/iphone-16-pro,https://www.apple.com/th/iphone-16-pro/specs/,https://www.apple.com/th/iphone-16-pro/
TH-IPHONE16PRO-WHITETITANIUM-512GB-336E,TH-IPHONE16PRO-WHITETITANIUM-512GB-336E,iphone-16-pro,iPhone 16 Pro,iphone,iphone-16-pro,iPhone 16 Pro,iPhone 16 Pro 512GB สีไทเทเนียมขาว (White Titanium),white-titanium,ไทเทเนียมขาว,White Titanium,#E2E4E1,512GB,"6.3""","5G, Wi-Fi 7, Bluetooth 5.3, Ultra Wideband 2, Thread, พอร์ต USB-C รองรับ USB 3 (สูงสุด 10Gb/s)","ชิป A18 Pro พร้อม CPU แบบ 6-core (2 ประสิทธิภาพ + 4 ประหยัดพลังงาน), GPU แบบ 6-core ระดับโปร และ Neural Engine แบบ 16-core",149.6 x 71.5 x 8.25 มม.,199 กรัม,"จอภาพ Super Retina XDR OLED ขนาด 6.3 นิ้ว, เทคโนโลยี ProMotion อัตรารีเฟรชสูงสุด 120Hz, ความละเอียด 2622 x 1206 พิกเซลที่ 460 ppi, จอภาพติดตลอด (Always-On)","ระบบกล้องระดับโปร: กล้อง Fusion 48MP (24 มม., ƒ/1.78) + กล้อง Ultra Wide 48MP (13 มม., ƒ/2.2) + กล้อง Telephoto 5x 12MP (120 มม., ƒ/2.8), สแกนเนอร์ LiDAR, บันทึกวิดีโอ 4K Dolby Vision 120 fps, ปุ่มควบคุมกล้อง (Camera Control)","การเล่นวิดีโอนานสูงสุด 27 ชั่วโมง, การเล่นสตรีมวิดีโอนานสูงสุด 22 ชั่วโมง, ชาร์จเร็ว 50% ใน 30 นาที","iPhone 16 Pro พร้อม iOS 18, สายชาร์จ USB-C (1 ม., รองรับ USB 3), เอกสารประกอบ",ดีไซน์ไทเทเนียมเกรด 5 ผิวขัดเงาละเอียด ด้านหลังกระจกผิวด้านแบบมีสีในตัว ด้านหน้า Ceramic Shield รุ่นล่าสุด,51900,"฿51,900",https://store.storeimages.cdn-apple.com/1/as-images.apple.com/is/iphone-16-pro-finish-select-202409-6-3inch-whitetitanium?wid=2560&hei=2560&fmt=jpeg&qlt=95,https://store.storeimages.cdn-apple.com/1/as-images.apple.com/is/iphone-16-pro-finish-select-202409-6-3inch-whitetitanium?wid=2048&hei=2048&fmt=png-alpha,data/images/iphone/iphone-16-pro/white-titanium.jpg,data/images/iphone/iphone-16-pro/white-titanium/hero.png,https://www.apple.com/th/shop/buy-iphone/iphone-16-pro,https://www.apple.com/th/iphone-16-pro/specs/,https://www.apple.com/th/iphone-16-pro/
TH-IPHONE16PRO-WHITETITANIUM-1TB-7D6B,TH-IPHONE16PRO-WHITETITANIUM-1TB-7D6B,iphone-16-pro,iPhone 16 Pro,iphone,iphone-16-pro,iPhone 16 Pro,iPhone 16 Pro 1TB สีไทเทเนียมขาว (White Titanium),white-titanium,ไทเทเนียมขาว,White Titanium,#E2E4E1,1TB,"6.3""","5G, Wi-Fi 7, Bluetooth 5.3, Ultra Wideband 2, Thread, พอร์ต USB-C รองรับ USB 3 (สูงสุด 10Gb/s)","ชิป A18 Pro พร้อม CPU แบบ 6-core (2 ประสิทธิภาพ + 4 ประหยัดพลังงาน), GPU แบบ 6-core ระดับโปร และ Neural Engine แบบ 16-core",149.6 x 71.5 x 8.25 มม.,199 กรัม,"จอภาพ Super Retina XDR OLED ขนาด 6.3 นิ้ว, เทคโนโลยี ProMotion อัตรารีเฟรชสูงสุด 120Hz, ความละเอียด 2622 x 1206 พิกเซลที่ 460 ppi, จอภาพติดตลอด (Always-On)","ระบบกล้องระดับโปร: กล้อง Fusion 48MP (24 มม., ƒ/1.78) + กล้อง Ultra Wide 48MP (13 มม., ƒ/2.2) + กล้อง Telephoto 5x 12MP (120 มม., ƒ/2.8), สแกนเนอร์ LiDAR, บันทึกวิดีโอ 4K Dolby Vision 120 fps, ปุ่มควบคุมกล้อง (Camera Control)","การเล่นวิดีโอนานสูงสุด 27 ชั่วโมง, การเล่นสตรีมวิดีโอนานสูงสุด 22 ชั่วโมง, ชาร์จเร็ว 50% ใน 30 นาที","iPhone 16 Pro พร้อม iOS 18, สายชาร์จ USB-C (1 ม., รองรับ USB 3), เอกสารประกอบ",ดีไซน์ไทเทเนียมเกรด 5 ผิวขัดเงาละเอียด ด้านหลังกระจกผิวด้านแบบมีสีในตัว ด้านหน้า Ceramic Shield รุ่นล่าสุด,59900,"฿59,900",https://store.storeimages.cdn-apple.com/1/as-images.apple.com/is/iphone-16-pro-finish-select-202409-6-3inch-whitetitanium?wid=2560&hei=2560&fmt=jpeg&qlt=95,https://store.storeimages.cdn-apple.com/1/as-images.apple.com/is/iphone-16-pro-finish-select-202409-6-3inch-whitetitanium?wid=2048&hei=2048&fmt=png-alpha,data/images/iphone/iphone-16-pro/white-titanium.jpg,data/images/iphone/iphone-16-pro/white-titanium/hero.png,https://www.apple.com/th/shop/buy-iphone/iphone-16-pro,https://www.apple.com/th/iphone-16-pro/specs/,https://www.apple.com/th/iphone-16-pro/
TH-IPHONE16PRO-BLACKTITANIUM-128GB-C2BC,TH-IPHONE16PRO-BLACKTITANIUM-128GB-C2BC,iphone-16-pro,iPhone 16 Pro,iphone,iphone-16-pro,iPhone 16 Pro,iPhone 16 Pro 128GB สีไทเทเนียมดำ (Black Titanium),black-titanium,ไทเทเนียมดำ,Black Titanium,#3A393E,128GB,"6.3""","5G, Wi-Fi 7, Bluetooth 5.3, Ultra Wideband 2, Thread, พอร์ต USB-C รองรับ USB 3 (สูงสุด 10Gb/s)","ชิป A18 Pro พร้อม CPU แบบ 6-core (2 ประสิทธิภาพ + 4 ประหยัดพลังงาน), GPU แบบ 6-core ระดับโปร และ Neural Engine แบบ 16-core",149.6 x 71.5 x 8.25 มม.,199 กรัม,"จอภาพ Super Retina XDR OLED ขนาด 6.3 นิ้ว, เทคโนโลยี ProMotion อัตรารีเฟรชสูงสุด 120Hz, ความละเอียด 2622 x 1206 พิกเซลที่ 460 ppi, จอภาพติดตลอด (Always-On)","ระบบกล้องระดับโปร: กล้อง Fusion 48MP (24 มม., ƒ/1.78) + กล้อง Ultra Wide 48MP (13 มม., ƒ/2.2) + กล้อง Telephoto 5x 12MP (120 มม., ƒ/2.8), สแกนเนอร์ LiDAR, บันทึกวิดีโอ 4K Dolby Vision 120 fps, ปุ่มควบคุมกล้อง (Camera Control)","การเล่นวิดีโอนานสูงสุด 27 ชั่วโมง, การเล่นสตรีมวิดีโอนานสูงสุด 22 ชั่วโมง, ชาร์จเร็ว 50% ใน 30 นาที","iPhone 16 Pro พร้อม iOS 18, สายชาร์จ USB-C (1 ม., รองรับ USB 3), เอกสารประกอบ",ดีไซน์ไทเทเนียมเกรด 5 ผิวขัดเงาละเอียด ด้านหลังกระจกผิวด้านแบบมีสีในตัว ด้านหน้า Ceramic Shield รุ่นล่าสุด,39900,"฿39,900",https://store.storeimages.cdn-apple.com/1/as-images.apple.com/is/iphone-16-pro-finish-select-202409-6-3inch-blacktitanium?wid=2560&hei=2560&fmt=jpeg&qlt=95,https://store.storeimages.cdn-apple.com/1/as-images.apple.com/is/iphone-16-pro-finish-select-202409-6-3inch-blacktitanium?wid=2048&hei=2048&fmt=png-alpha,data/images/iphone/iphone-16-pro/black-titanium.jpg,data/images/iphone/iphone-16-pro/black-titanium/hero.png,https://www.apple.com/th/shop/buy-iphone/iphone-16-pro,https://www.apple.com/th/iphone-16-pro/specs/,https://www.apple.com/th/iphone-16-pro/
TH-IPHONE16PRO-BLACKTITANIUM-256GB-538B,TH-IPHONE16PRO-BLACKTITANIUM-256GB-538B,iphone-16-pro,iPhone 16 Pro,iphone,iphone-16-pro,iPhone 16 Pro,iPhone 16 Pro 256GB สีไทเทเนียมดำ (Black Titanium),black-titanium,ไทเทเนียมดำ,Black Titanium,#3A393E,256GB,"6.3""","5G, Wi-Fi 7, Bluetooth 5.3, Ultra Wideband 2, Thread, พอร์ต USB-C รองรับ USB 3 (สูงสุด 10Gb/s)","ชิป A18 Pro พร้อม CPU แบบ 6-core (2 ประสิทธิภาพ + 4 ประหยัดพลังงาน), GPU แบบ 6-core ระดับโปร และ Neural Engine แบบ 16-core",149.6 x 71.5 x 8.25 มม.,199 กรัม,"จอภาพ Super Retina XDR OLED ขนาด 6.3 นิ้ว, เทคโนโลยี ProMotion อัตรารีเฟรชสูงสุด 120Hz, ความละเอียด 2622 x 1206 พิกเซลที่ 460 ppi, จอภาพติดตลอด (Always-On)","ระบบกล้องระดับโปร: กล้อง Fusion 48MP (24 มม., ƒ/1.78) + กล้อง Ultra Wide 48MP (13 มม., ƒ/2.2) + กล้อง Telephoto 5x 12MP (120 มม., ƒ/2.8), สแกนเนอร์ LiDAR, บันทึกวิดีโอ 4K Dolby Vision 120 fps, ปุ่มควบคุมกล้อง (Camera Control)","การเล่นวิดีโอนานสูงสุด 27 ชั่วโมง, การเล่นสตรีมวิดีโอนานสูงสุด 22 ชั่วโมง, ชาร์จเร็ว 50% ใน 30 นาที","iPhone 16 Pro พร้อม iOS 18, สายชาร์จ USB-C (1 ม., รองรับ USB 3), เอกสารประกอบ",ดีไซน์ไทเทเนียมเกรด 5 ผิวขัดเงาละเอียด ด้านหลังกระจกผิวด้านแบบมีสีในตัว ด้านหน้า Ceramic Shield รุ่นล่าสุด,43900,"฿43,900",https://store.storeimages.cdn-apple.com/1/as-images.apple.com/is/iphone-16-pro-finish-select-202409-6-3inch-blacktitanium?wid=2560&hei=2560&fmt=jpeg&qlt=95,https://store.storeimages.cdn-apple.com/1/as-images.apple.com/is/iphone-16-pro-finish-select-202409-6-3inch-blacktitanium?wid=2048&hei=2048&fmt=png-alpha,data/images/iphone/iphone-16-pro/black-titanium.jpg,data/images/iphone/iphone-16-pro/black-titanium/hero.png,https://www.apple.com/th/shop/buy-iphone/iphone-16-pro,https://www.apple.com/th/iphone-16-pro/specs/,https://www.apple.com/th/iphone-16-pro/
TH-IPHONE16PRO-BLACKTITANIUM-512GB-BBEF,TH-IPHONE16PRO-BLACKTITANIUM-512GB-BBEF,iphone-16-pro,iPhone 16 Pro,iphone,iphone-16-pro,iPhone 16 Pro,iPhone 16 Pro 512GB สีไทเทเนียมดำ (Black Titanium),black-titanium,ไทเทเนียมดำ,Black Titanium,#3A393E,512GB,"6.3""","5G, Wi-Fi 7, Bluetooth 5.3, Ultra Wideband 2, Thread, พอร์ต USB-C รองรับ USB 3 (สูงสุด 10Gb/s)","ชิป A18 Pro พร้อม CPU แบบ 6-core (2 ประสิทธิภาพ + 4 ประหยัดพลังงาน), GPU แบบ 6-core ระดับโปร และ Neural Engine แบบ 16-core",149.6 x 71.5 x 8.25 มม.,199 กรัม,"จอภาพ Super Retina XDR OLED ขนาด 6.3 นิ้ว, เทคโนโลยี ProMotion อัตรารีเฟรชสูงสุด 120Hz, ความละเอียด 2622 x 1206 พิกเซลที่ 460 ppi, จอภาพติดตลอด (Always-On)","ระบบกล้องระดับโปร: กล้อง Fusion 48MP (24 มม., ƒ/1.78) + กล้อง Ultra Wide 48MP (13 มม., ƒ/2.2) + กล้อง Telephoto 5x 12MP (120 มม., ƒ/2.8), สแกนเนอร์ LiDAR, บันทึกวิดีโอ 4K Dolby Vision 120 fps, ปุ่มควบคุมกล้อง (Camera Control)","การเล่นวิดีโอนานสูงสุด 27 ชั่วโมง, การเล่นสตรีมวิดีโอนานสูงสุด 22 ชั่วโมง, ชาร์จเร็ว 50% ใน 30 นาที","iPhone 16 Pro พร้อม iOS 18, สายชาร์จ USB-C (1 ม., รองรับ USB 3), เอกสารประกอบ",ดีไซน์ไทเทเนียมเกรด 5 ผิวขัดเงาละเอียด ด้านหลังกระจกผิวด้านแบบมีสีในตัว ด้านหน้า Ceramic Shield รุ่นล่าสุด,51900,"฿51,900",https://store.storeimages.cdn-apple.com/1/as-images.apple.com/is/iphone-16-pro-finish-select-202409-6-3inch-blacktitanium?wid=2560&hei=2560&fmt=jpeg&qlt=95,https://store.storeimages.cdn-apple.com/1/as-images.apple.com/is/iphone-16-pro-finish-select-202409-6-3inch-blacktitanium?wid=2048&hei=2048&fmt=png-alpha,data/images/iphone/iphone-16-pro/black-titanium.jpg,data/images/iphone/iphone-16-pro/black-titanium/hero.png,https://www.apple.com/th/shop/buy-iphone/iphone-16-pro,https://www.apple.com/th/iphone-16-pro/specs/,https://www.apple.com/th/iphone-16-pro/
TH-IPHONE16PRO-BLACKTITANIUM-1TB-1D3B,TH-IPHONE16PRO-BLACKTITANIUM-1TB-1D3B,iphone-16-pro,iPhone 16 Pro,iphone,iphone-16-pro,iPhone 16 Pro,iPhone 16 Pro 1TB สีไทเทเนียมดำ (Black Titanium),black-titanium,ไทเทเนียมดำ,Black Titanium,#3A393E,1TB,"6.3""","5G, Wi-Fi 7, Bluetooth 5.3, Ultra Wideband 2, Thread, พอร์ต USB-C รองรับ USB 3 (สูงสุด 10Gb/s)","ชิป A18 Pro พร้อม CPU แบบ 6-core (2 ประสิทธิภาพ + 4 ประหยัดพลังงาน), GPU แบบ 6-core ระดับโปร และ Neural Engine แบบ 16-core",149.6 x 71.5 x 8.25 มม.,199 กรัม,"จอภาพ Super Retina XDR OLED ขนาด 6.3 นิ้ว, เทคโนโลยี ProMotion อัตรารีเฟรชสูงสุด 120Hz, ความละเอียด 2622 x 1206 พิกเซลที่ 460 ppi, จอภาพติดตลอด (Always-On)","ระบบกล้องระดับโปร: กล้อง Fusion 48MP (24 มม., ƒ/1.78) + กล้อง Ultra Wide 48MP (13 มม., ƒ/2.2) + กล้อง Telephoto 5x 12MP (120 มม., ƒ/2.8), สแกนเนอร์ LiDAR, บันทึกวิดีโอ 4K Dolby Vision 120 fps, ปุ่มควบคุมกล้อง (Camera Control)","การเล่นวิดีโอนานสูงสุด 27 ชั่วโมง, การเล่นสตรีมวิดีโอนานสูงสุด 22 ชั่วโมง, ชาร์จเร็ว 50% ใน 30 นาที","iPhone 16 Pro พร้อม iOS 18, สายชาร์จ USB-C (1 ม., รองรับ USB 3), เอกสารประกอบ",ดีไซน์ไทเทเนียมเกรด 5 ผิวขัดเงาละเอียด ด้านหลังกระจกผิวด้านแบบมีสีในตัว ด้านหน้า Ceramic Shield รุ่นล่าสุด,59900,"฿59,900",https://store.storeimages.cdn-apple.com/1/as-images.apple.com/is/iphone-16-pro-finish-select-202409-6-3inch-blacktitanium?wid=2560&hei=2560&fmt=jpeg&qlt=95,https://store.storeimages.cdn-apple.com/1/as-images.apple.com/is/iphone-16-pro-finish-select-202409-6-3inch-blacktitanium?wid=2048&hei=2048&fmt=png-alpha,data/images/iphone/iphone-16-pro/black-titanium.jpg,data/images/iphone/iphone-16-pro/black-titanium/hero.png,https://www.apple.com/th/shop/buy-iphone/iphone-16-pro,https://www.apple.com/th/iphone-16-pro/specs/,https://www.apple.com/th/iphone-16-pro/
TH-IPHONE16PROMAX-DESERTTITANIUM-256GB-C85E,TH-IPHONE16PROMAX-DESERTTITANIUM-256GB-C85E,iphone-16-pro-max,iPhone 16 Pro Max,iphone,iphone-16-pro,iPhone 16 Pro,iPhone 16 Pro Max 256GB สีไทเทเนียมทะเลทราย (Desert Titanium),desert-titanium,ไทเทเนียมทะเลทราย,Desert Titanium,#C5A992,256GB,"6.9""","5G, Wi-Fi 7, Bluetooth 5.3, Ultra Wideband 2, Thread, พอร์ต USB-C รองรับ USB 3 (สูงสุด 10Gb/s)","ชิป A18 Pro พร้อม CPU แบบ 6-core (2 ประสิทธิภาพ + 4 ประหยัดพลังงาน), GPU แบบ 6-core ระดับโปร และ Neural Engine แบบ 16-core",163.0 x 77.6 x 8.25 มม.,227 กรัม,"จอภาพ Super Retina XDR OLED ขนาด 6.9 นิ้ว, เทคโนโลยี ProMotion อัตรารีเฟรช 1-120Hz, ความละเอียด 2868 x 1320 พิกเซลที่ 460 ppi, จอภาพติดตลอด (Always-On)","ระบบกล้องระดับโปร: กล้อง Fusion 48MP + กล้อง Ultra Wide 48MP + กล้อง Telephoto 5x 12MP (120 มม., ดีไซน์เตตร้าปริซึม), ซูมแบบออปติคัล 5 เท่า, สแกนเนอร์ LiDAR, ปุ่มควบคุมกล้อง (Camera Control)","การเล่นวิดีโอนานสูงสุด 33 ชั่วโมง (แบตเตอรี่อึดที่สุดในประวัติศาสตร์ iPhone), การเล่นเสียงนานสูงสุด 105 ชั่วโมง","iPhone 16 Pro Max พร้อม iOS 18, สายชาร์จ USB-C (1 ม., รองรับ USB 3), เอกสารประกอบ",ดีไซน์ไทเทเนียมเกรด 5 ผิวขัดเงา ด้านหลังกระจกผิวด้านแบบมีสีในตัว ด้านหน้า Ceramic Shield,48900,"฿48,900",https://store.storeimages.cdn-apple.com/1/as-images.apple.com/is/iphone-16-pro-finish-select-202409-6-3inch-deserttitanium?wid=2560&hei=2560&fmt=jpeg&qlt=95,https://store.storeimages.cdn-apple.com/1/as-images.apple.com/is/iphone-16-pro-finish-select-202409-6-3inch-deserttitanium?wid=2048&hei=2048&fmt=png-alpha,data/images/iphone/iphone-16-pro/desert-titanium.jpg,data/images/iphone/iphone-16-pro/desert-titanium/hero.png,https://www.apple.com/th/shop/buy-iphone/iphone-16-pro,https://www.apple.com/th/iphone-16-pro/specs/,https://www.apple.com/th/iphone-16-pro/
TH-IPHONE16PROMAX-DESERTTITANIUM-512GB-570D,TH-IPHONE16PROMAX-DESERTTITANIUM-512GB-570D,iphone-16-pro-max,iPhone 16 Pro Max,iphone,iphone-16-pro,iPhone 16 Pro,iPhone 16 Pro Max 512GB สีไทเทเนียมทะเลทราย (Desert Titanium),desert-titanium,ไทเทเนียมทะเลทราย,Desert Titanium,#C5A992,512GB,"6.9""","5G, Wi-Fi 7, Bluetooth 5.3, Ultra Wideband 2, Thread, พอร์ต USB-C รองรับ USB 3 (สูงสุด 10Gb/s)","ชิป A18 Pro พร้อม CPU แบบ 6-core (2 ประสิทธิภาพ + 4 ประหยัดพลังงาน), GPU แบบ 6-core ระดับโปร และ Neural Engine แบบ 16-core",163.0 x 77.6 x 8.25 มม.,227 กรัม,"จอภาพ Super Retina XDR OLED ขนาด 6.9 นิ้ว, เทคโนโลยี ProMotion อัตรารีเฟรช 1-120Hz, ความละเอียด 2868 x 1320 พิกเซลที่ 460 ppi, จอภาพติดตลอด (Always-On)","ระบบกล้องระดับโปร: กล้อง Fusion 48MP + กล้อง Ultra Wide 48MP + กล้อง Telephoto 5x 12MP (120 มม., ดีไซน์เตตร้าปริซึม), ซูมแบบออปติคัล 5 เท่า, สแกนเนอร์ LiDAR, ปุ่มควบคุมกล้อง (Camera Control)","การเล่นวิดีโอนานสูงสุด 33 ชั่วโมง (แบตเตอรี่อึดที่สุดในประวัติศาสตร์ iPhone), การเล่นเสียงนานสูงสุด 105 ชั่วโมง","iPhone 16 Pro Max พร้อม iOS 18, สายชาร์จ USB-C (1 ม., รองรับ USB 3), เอกสารประกอบ",ดีไซน์ไทเทเนียมเกรด 5 ผิวขัดเงา ด้านหลังกระจกผิวด้านแบบมีสีในตัว ด้านหน้า Ceramic Shield,56900,"฿56,900",https://store.storeimages.cdn-apple.com/1/as-images.apple.com/is/iphone-16-pro-finish-select-202409-6-3inch-deserttitanium?wid=2560&hei=2560&fmt=jpeg&qlt=95,https://store.storeimages.cdn-apple.com/1/as-images.apple.com/is/iphone-16-pro-finish-select-202409-6-3inch-deserttitanium?wid=2048&hei=2048&fmt=png-alpha,data/images/iphone/iphone-16-pro/desert-titanium.jpg,data/images/iphone/iphone-16-pro/desert-titanium/hero.png,https://www.apple.com/th/shop/buy-iphone/iphone-16-pro,https://www.apple.com/th/iphone-16-pro/specs/,https://www.apple.com/th/iphone-16-pro/
TH-IPHONE16PROMAX-DESERTTITANIUM-1TB-EDFB,TH-IPHONE16PROMAX-DESERTTITANIUM-1TB-EDFB,iphone-16-pro-max,iPhone 16 Pro Max,iphone,iphone-16-pro,iPhone 16 Pro,iPhone 16 Pro Max 1TB สีไทเทเนียมทะเลทราย (Desert Titanium),desert-titanium,ไทเทเนียมทะเลทราย,Desert Titanium,#C5A992,1TB,"6.9""","5G, Wi-Fi 7, Bluetooth 5.3, Ultra Wideband 2, Thread, พอร์ต USB-C รองรับ USB 3 (สูงสุด 10Gb/s)","ชิป A18 Pro พร้อม CPU แบบ 6-core (2 ประสิทธิภาพ + 4 ประหยัดพลังงาน), GPU แบบ 6-core ระดับโปร และ Neural Engine แบบ 16-core",163.0 x 77.6 x 8.25 มม.,227 กรัม,"จอภาพ Super Retina XDR OLED ขนาด 6.9 นิ้ว, เทคโนโลยี ProMotion อัตรารีเฟรช 1-120Hz, ความละเอียด 2868 x 1320 พิกเซลที่ 460 ppi, จอภาพติดตลอด (Always-On)","ระบบกล้องระดับโปร: กล้อง Fusion 48MP + กล้อง Ultra Wide 48MP + กล้อง Telephoto 5x 12MP (120 มม., ดีไซน์เตตร้าปริซึม), ซูมแบบออปติคัล 5 เท่า, สแกนเนอร์ LiDAR, ปุ่มควบคุมกล้อง (Camera Control)","การเล่นวิดีโอนานสูงสุด 33 ชั่วโมง (แบตเตอรี่อึดที่สุดในประวัติศาสตร์ iPhone), การเล่นเสียงนานสูงสุด 105 ชั่วโมง","iPhone 16 Pro Max พร้อม iOS 18, สายชาร์จ USB-C (1 ม., รองรับ USB 3), เอกสารประกอบ",ดีไซน์ไทเทเนียมเกรด 5 ผิวขัดเงา ด้านหลังกระจกผิวด้านแบบมีสีในตัว ด้านหน้า Ceramic Shield,64900,"฿64,900",https://store.storeimages.cdn-apple.com/1/as-images.apple.com/is/iphone-16-pro-finish-select-202409-6-3inch-deserttitanium?wid=2560&hei=2560&fmt=jpeg&qlt=95,https://store.storeimages.cdn-apple.com/1/as-images.apple.com/is/iphone-16-pro-finish-select-202409-6-3inch-deserttitanium?wid=2048&hei=2048&fmt=png-alpha,data/images/iphone/iphone-16-pro/desert-titanium.jpg,data/images/iphone/iphone-16-pro/desert-titanium/hero.png,https://www.apple.com/th/shop/buy-iphone/iphone-16-pro,https://www.apple.com/th/iphone-16-pro/specs/,https://www.apple.com/th/iphone-16-pro/
TH-IPHONE16PROMAX-NATURALTITANIUM-256GB-0D8D,TH-IPHONE16PROMAX-NATURALTITANIUM-256GB-0D8D,iphone-16-pro-max,iPhone 16 Pro Max,iphone,iphone-16-pro,iPhone 16 Pro,iPhone 16 Pro Max 256GB สีไทเทเนียมธรรมชาติ (Natural Titanium),natural-titanium,ไทเทเนียมธรรมชาติ,Natural Titanium,#9A958E,256GB,"6.9""","5G, Wi-Fi 7, Bluetooth 5.3, Ultra Wideband 2, Thread, พอร์ต USB-C รองรับ USB 3 (สูงสุด 10Gb/s)","ชิป A18 Pro พร้อม CPU แบบ 6-core (2 ประสิทธิภาพ + 4 ประหยัดพลังงาน), GPU แบบ 6-core ระดับโปร และ Neural Engine แบบ 16-core",163.0 x 77.6 x 8.25 มม.,227 กรัม,"จอภาพ Super Retina XDR OLED ขนาด 6.9 นิ้ว, เทคโนโลยี ProMotion อัตรารีเฟรช 1-120Hz, ความละเอียด 2868 x 1320 พิกเซลที่ 460 ppi, จอภาพติดตลอด (Always-On)","ระบบกล้องระดับโปร: กล้อง Fusion 48MP + กล้อง Ultra Wide 48MP + กล้อง Telephoto 5x 12MP (120 มม., ดีไซน์เตตร้าปริซึม), ซูมแบบออปติคัล 5 เท่า, สแกนเนอร์ LiDAR, ปุ่มควบคุมกล้อง (Camera Control)","การเล่นวิดีโอนานสูงสุด 33 ชั่วโมง (แบตเตอรี่อึดที่สุดในประวัติศาสตร์ iPhone), การเล่นเสียงนานสูงสุด 105 ชั่วโมง","iPhone 16 Pro Max พร้อม iOS 18, สายชาร์จ USB-C (1 ม., รองรับ USB 3), เอกสารประกอบ",ดีไซน์ไทเทเนียมเกรด 5 ผิวขัดเงา ด้านหลังกระจกผิวด้านแบบมีสีในตัว ด้านหน้า Ceramic Shield,48900,"฿48,900",https://store.storeimages.cdn-apple.com/1/as-images.apple.com/is/iphone-16-pro-finish-select-202409-6-3inch-naturaltitanium?wid=2560&hei=2560&fmt=jpeg&qlt=95,https://store.storeimages.cdn-apple.com/1/as-images.apple.com/is/iphone-16-pro-finish-select-202409-6-3inch-naturaltitanium?wid=2048&hei=2048&fmt=png-alpha,data/images/iphone/iphone-16-pro/natural-titanium.jpg,data/images/iphone/iphone-16-pro/natural-titanium/hero.png,https://www.apple.com/th/shop/buy-iphone/iphone-16-pro,https://www.apple.com/th/iphone-16-pro/specs/,https://www.apple.com/th/iphone-16-pro/
TH-IPHONE16PROMAX-NATURALTITANIUM-512GB-83F8,TH-IPHONE16PROMAX-NATURALTITANIUM-512GB-83F8,iphone-16-pro-max,iPhone 16 Pro Max,iphone,iphone-16-pro,iPhone 16 Pro,iPhone 16 Pro Max 512GB สีไทเทเนียมธรรมชาติ (Natural Titanium),natural-titanium,ไทเทเนียมธรรมชาติ,Natural Titanium,#9A958E,512GB,"6.9""","5G, Wi-Fi 7, Bluetooth 5.3, Ultra Wideband 2, Thread, พอร์ต USB-C รองรับ USB 3 (สูงสุด 10Gb/s)","ชิป A18 Pro พร้อม CPU แบบ 6-core (2 ประสิทธิภาพ + 4 ประหยัดพลังงาน), GPU แบบ 6-core ระดับโปร และ Neural Engine แบบ 16-core",163.0 x 77.6 x 8.25 มม.,227 กรัม,"จอภาพ Super Retina XDR OLED ขนาด 6.9 นิ้ว, เทคโนโลยี ProMotion อัตรารีเฟรช 1-120Hz, ความละเอียด 2868 x 1320 พิกเซลที่ 460 ppi, จอภาพติดตลอด (Always-On)","ระบบกล้องระดับโปร: กล้อง Fusion 48MP + กล้อง Ultra Wide 48MP + กล้อง Telephoto 5x 12MP (120 มม., ดีไซน์เตตร้าปริซึม), ซูมแบบออปติคัล 5 เท่า, สแกนเนอร์ LiDAR, ปุ่มควบคุมกล้อง (Camera Control)","การเล่นวิดีโอนานสูงสุด 33 ชั่วโมง (แบตเตอรี่อึดที่สุดในประวัติศาสตร์ iPhone), การเล่นเสียงนานสูงสุด 105 ชั่วโมง","iPhone 16 Pro Max พร้อม iOS 18, สายชาร์จ USB-C (1 ม., รองรับ USB 3), เอกสารประกอบ",ดีไซน์ไทเทเนียมเกรด 5 ผิวขัดเงา ด้านหลังกระจกผิวด้านแบบมีสีในตัว ด้านหน้า Ceramic Shield,56900,"฿56,900",https://store.storeimages.cdn-apple.com/1/as-images.apple.com/is/iphone-16-pro-finish-select-202409-6-3inch-naturaltitanium?wid=2560&hei=2560&fmt=jpeg&qlt=95,https://store.storeimages.cdn-apple.com/1/as-images.apple.com/is/iphone-16-pro-finish-select-202409-6-3inch-naturaltitanium?wid=2048&hei=2048&fmt=png-alpha,data/images/iphone/iphone-16-pro/natural-titanium.jpg,data/images/iphone/iphone-16-pro/natural-titanium/hero.png,https://www.apple.com/th/shop/buy-iphone/iphone-16-pro,https://www.apple.com/th/iphone-16-pro/specs/,https://www.apple.com/th/iphone-16-pro/
TH-IPHONE16PROMAX-NATURALTITANIUM-1TB-9678,TH-IPHONE16PROMAX-NATURALTITANIUM-1TB-9678,iphone-16-pro-max,iPhone 16 Pro Max,iphone,iphone-16-pro,iPhone 16 Pro,iPhone 16 Pro Max 1TB สีไทเทเนียมธรรมชาติ (Natural Titanium),natural-titanium,ไทเทเนียมธรรมชาติ,Natural Titanium,#9A958E,1TB,"6.9""","5G, Wi-Fi 7, Bluetooth 5.3, Ultra Wideband 2, Thread, พอร์ต USB-C รองรับ USB 3 (สูงสุด 10Gb/s)","ชิป A18 Pro พร้อม CPU แบบ 6-core (2 ประสิทธิภาพ + 4 ประหยัดพลังงาน), GPU แบบ 6-core ระดับโปร และ Neural Engine แบบ 16-core",163.0 x 77.6 x 8.25 มม.,227 กรัม,"จอภาพ Super Retina XDR OLED ขนาด 6.9 นิ้ว, เทคโนโลยี ProMotion อัตรารีเฟรช 1-120Hz, ความละเอียด 2868 x 1320 พิกเซลที่ 460 ppi, จอภาพติดตลอด (Always-On)","ระบบกล้องระดับโปร: กล้อง Fusion 48MP + กล้อง Ultra Wide 48MP + กล้อง Telephoto 5x 12MP (120 มม., ดีไซน์เตตร้าปริซึม), ซูมแบบออปติคัล 5 เท่า, สแกนเนอร์ LiDAR, ปุ่มควบคุมกล้อง (Camera Control)","การเล่นวิดีโอนานสูงสุด 33 ชั่วโมง (แบตเตอรี่อึดที่สุดในประวัติศาสตร์ iPhone), การเล่นเสียงนานสูงสุด 105 ชั่วโมง","iPhone 16 Pro Max พร้อม iOS 18, สายชาร์จ USB-C (1 ม., รองรับ USB 3), เอกสารประกอบ",ดีไซน์ไทเทเนียมเกรด 5 ผิวขัดเงา ด้านหลังกระจกผิวด้านแบบมีสีในตัว ด้านหน้า Ceramic Shield,64900,"฿64,900",https://store.storeimages.cdn-apple.com/1/as-images.apple.com/is/iphone-16-pro-finish-select-202409-6-3inch-naturaltitanium?wid=2560&hei=2560&fmt=jpeg&qlt=95,https://store.storeimages.cdn-apple.com/1/as-images.apple.com/is/iphone-16-pro-finish-select-202409-6-3inch-naturaltitanium?wid=2048&hei=2048&fmt=png-alpha,data/images/iphone/iphone-16-pro/natural-titanium.jpg,data/images/iphone/iphone-16-pro/natural-titanium/hero.png,https://www.apple.com/th/shop/buy-iphone/iphone-16-pro,https://www.apple.com/th/iphone-16-pro/specs/,https://www.apple.com/th/iphone-16-pro/
TH-IPHONE16PROMAX-WHITETITANIUM-256GB-DA08,TH-IPHONE16PROMAX-WHITETITANIUM-256GB-DA08,iphone-16-pro-max,iPhone 16 Pro Max,iphone,iphone-16-pro,iPhone 16 Pro,iPhone 16 Pro Max 256GB สีไทเทเนียมขาว (White Titanium),white-titanium,ไทเทเนียมขาว,White Titanium,#E2E4E1,256GB,"6.9""","5G, Wi-Fi 7, Bluetooth 5.3, Ultra Wideband 2, Thread, พอร์ต USB-C รองรับ USB 3 (สูงสุด 10Gb/s)","ชิป A18 Pro พร้อม CPU แบบ 6-core (2 ประสิทธิภาพ + 4 ประหยัดพลังงาน), GPU แบบ 6-core ระดับโปร และ Neural Engine แบบ 16-core",163.0 x 77.6 x 8.25 มม.,227 กรัม,"จอภาพ Super Retina XDR OLED ขนาด 6.9 นิ้ว, เทคโนโลยี ProMotion อัตรารีเฟรช 1-120Hz, ความละเอียด 2868 x 1320 พิกเซลที่ 460 ppi, จอภาพติดตลอด (Always-On)","ระบบกล้องระดับโปร: กล้อง Fusion 48MP + กล้อง Ultra Wide 48MP + กล้อง Telephoto 5x 12MP (120 มม., ดีไซน์เตตร้าปริซึม), ซูมแบบออปติคัล 5 เท่า, สแกนเนอร์ LiDAR, ปุ่มควบคุมกล้อง (Camera Control)","การเล่นวิดีโอนานสูงสุด 33 ชั่วโมง (แบตเตอรี่อึดที่สุดในประวัติศาสตร์ iPhone), การเล่นเสียงนานสูงสุด 105 ชั่วโมง","iPhone 16 Pro Max พร้อม iOS 18, สายชาร์จ USB-C (1 ม., รองรับ USB 3), เอกสารประกอบ",ดีไซน์ไทเทเนียมเกรด 5 ผิวขัดเงา ด้านหลังกระจกผิวด้านแบบมีสีในตัว ด้านหน้า Ceramic Shield,48900,"฿48,900",https://store.storeimages.cdn-apple.com/1/as-images.apple.com/is/iphone-16-pro-finish-select-202409-6-3inch-whitetitanium?wid=2560&hei=2560&fmt=jpeg&qlt=95,https://store.storeimages.cdn-apple.com/1/as-images.apple.com/is/iphone-16-pro-finish-select-202409-6-3inch-whitetitanium?wid=2048&hei=2048&fmt=png-alpha,data/images/iphone/iphone-16-pro/white-titanium.jpg,data/images/iphone/iphone-16-pro/white-titanium/hero.png,https://www.apple.com/th/shop/buy-iphone/iphone-16-pro,https://www.apple.com/th/iphone-16-pro/specs/,https://www.apple.com/th/iphone-16-pro/
TH-IPHONE16PROMAX-WHITETITANIUM-512GB-5426,TH-IPHONE16PROMAX-WHITETITANIUM-512GB-5426,iphone-16-pro-max,iPhone 16 Pro Max,iphone,iphone-16-pro,iPhone 16 Pro,iPhone 16 Pro Max 512GB สีไทเทเนียมขาว (White Titanium),white-titanium,ไทเทเนียมขาว,White Titanium,#E2E4E1,512GB,"6.9""","5G, Wi-Fi 7, Bluetooth 5.3, Ultra Wideband 2, Thread, พอร์ต USB-C รองรับ USB 3 (สูงสุด 10Gb/s)","ชิป A18 Pro พร้อม CPU แบบ 6-core (2 ประสิทธิภาพ + 4 ประหยัดพลังงาน), GPU แบบ 6-core ระดับโปร และ Neural Engine แบบ 16-core",163.0 x 77.6 x 8.25 มม.,227 กรัม,"จอภาพ Super Retina XDR OLED ขนาด 6.9 นิ้ว, เทคโนโลยี ProMotion อัตรารีเฟรช 1-120Hz, ความละเอียด 2868 x 1320 พิกเซลที่ 460 ppi, จอภาพติดตลอด (Always-On)","ระบบกล้องระดับโปร: กล้อง Fusion 48MP + กล้อง Ultra Wide 48MP + กล้อง Telephoto 5x 12MP (120 มม., ดีไซน์เตตร้าปริซึม), ซูมแบบออปติคัล 5 เท่า, สแกนเนอร์ LiDAR, ปุ่มควบคุมกล้อง (Camera Control)","การเล่นวิดีโอนานสูงสุด 33 ชั่วโมง (แบตเตอรี่อึดที่สุดในประวัติศาสตร์ iPhone), การเล่นเสียงนานสูงสุด 105 ชั่วโมง","iPhone 16 Pro Max พร้อม iOS 18, สายชาร์จ USB-C (1 ม., รองรับ USB 3), เอกสารประกอบ",ดีไซน์ไทเทเนียมเกรด 5 ผิวขัดเงา ด้านหลังกระจกผิวด้านแบบมีสีในตัว ด้านหน้า Ceramic Shield,56900,"฿56,900",https://store.storeimages.cdn-apple.com/1/as-images.apple.com/is/iphone-16-pro-finish-select-202409-6-3inch-whitetitanium?wid=2560&hei=2560&fmt=jpeg&qlt=95,https://store.storeimages.cdn-apple.com/1/as-images.apple.com/is/iphone-16-pro-finish-select-202409-6-3inch-whitetitanium?wid=2048&hei=2048&fmt=png-alpha,data/images/iphone/iphone-16-pro/white-titanium.jpg,data/images/iphone/iphone-16-pro/white-titanium/hero.png,https://www.apple.com/th/shop/buy-iphone/iphone-16-pro,https://www.apple.com/th/iphone-16-pro/specs/,https://www.apple.com/th/iphone-16-pro/
TH-IPHONE16PROMAX-WHITETITANIUM-1TB-7AC8,TH-IPHONE16PROMAX-WHITETITANIUM-1TB-7AC8,iphone-16-pro-max,iPhone 16 Pro Max,iphone,iphone-16-pro,iPhone 16 Pro,iPhone 16 Pro Max 1TB สีไทเทเนียมขาว (White Titanium),white-titanium,ไทเทเนียมขาว,White Titanium,#E2E4E1,1TB,"6.9""","5G, Wi-Fi 7, Bluetooth 5.3, Ultra Wideband 2, Thread, พอร์ต USB-C รองรับ USB 3 (สูงสุด 10Gb/s)","ชิป A18 Pro พร้อม CPU แบบ 6-core (2 ประสิทธิภาพ + 4 ประหยัดพลังงาน), GPU แบบ 6-core ระดับโปร และ Neural Engine แบบ 16-core",163.0 x 77.6 x 8.25 มม.,227 กรัม,"จอภาพ Super Retina XDR OLED ขนาด 6.9 นิ้ว, เทคโนโลยี ProMotion อัตรารีเฟรช 1-120Hz, ความละเอียด 2868 x 1320 พิกเซลที่ 460 ppi, จอภาพติดตลอด (Always-On)","ระบบกล้องระดับโปร: กล้อง Fusion 48MP + กล้อง Ultra Wide 48MP + กล้อง Telephoto 5x 12MP (120 มม., ดีไซน์เตตร้าปริซึม), ซูมแบบออปติคัล 5 เท่า, สแกนเนอร์ LiDAR, ปุ่มควบคุมกล้อง (Camera Control)","การเล่นวิดีโอนานสูงสุด 33 ชั่วโมง (แบตเตอรี่อึดที่สุดในประวัติศาสตร์ iPhone), การเล่นเสียงนานสูงสุด 105 ชั่วโมง","iPhone 16 Pro Max พร้อม iOS 18, สายชาร์จ USB-C (1 ม., รองรับ USB 3), เอกสารประกอบ",ดีไซน์ไทเทเนียมเกรด 5 ผิวขัดเงา ด้านหลังกระจกผิวด้านแบบมีสีในตัว ด้านหน้า Ceramic Shield,64900,"฿64,900",https://store.storeimages.cdn-apple.com/1/as-images.apple.com/is/iphone-16-pro-finish-select-202409-6-3inch-whitetitanium?wid=2560&hei=2560&fmt=jpeg&qlt=95,https://store.storeimages.cdn-apple.com/1/as-images.apple.com/is/iphone-16-pro-finish-select-202409-6-3inch-whitetitanium?wid=2048&hei=2048&fmt=png-alpha,data/images/iphone/iphone-16-pro/white-titanium.jpg,data/images/iphone/iphone-16-pro/white-titanium/hero.png,https://www.apple.com/th/shop/buy-iphone/iphone-16-pro,https://www.apple.com/th/iphone-16-pro/specs/,https://www.apple.com/th/iphone-16-pro/
TH-IPHONE16PROMAX-BLACKTITANIUM-256GB-39D3,TH-IPHONE16PROMAX-BLACKTITANIUM-256GB-39D3,iphone-16-pro-max,iPhone 16 Pro Max,iphone,iphone-16-pro,iPhone 16 Pro,iPhone 16 Pro Max 256GB สีไทเทเนียมดำ (Black Titanium),black-titanium,ไทเทเนียมดำ,Black Titanium,#3A393E,256GB,"6.9""","5G, Wi-Fi 7, Bluetooth 5.3, Ultra Wideband 2, Thread, พอร์ต USB-C รองรับ USB 3 (สูงสุด 10Gb/s)","ชิป A18 Pro พร้อม CPU แบบ 6-core (2 ประสิทธิภาพ + 4 ประหยัดพลังงาน), GPU แบบ 6-core ระดับโปร และ Neural Engine แบบ 16-core",163.0 x 77.6 x 8.25 มม.,227 กรัม,"จอภาพ Super Retina XDR OLED ขนาด 6.9 นิ้ว, เทคโนโลยี ProMotion อัตรารีเฟรช 1-120Hz, ความละเอียด 2868 x 1320 พิกเซลที่ 460 ppi, จอภาพติดตลอด (Always-On)","ระบบกล้องระดับโปร: กล้อง Fusion 48MP + กล้อง Ultra Wide 48MP + กล้อง Telephoto 5x 12MP (120 มม., ดีไซน์เตตร้าปริซึม), ซูมแบบออปติคัล 5 เท่า, สแกนเนอร์ LiDAR, ปุ่มควบคุมกล้อง (Camera Control)","การเล่นวิดีโอนานสูงสุด 33 ชั่วโมง (แบตเตอรี่อึดที่สุดในประวัติศาสตร์ iPhone), การเล่นเสียงนานสูงสุด 105 ชั่วโมง","iPhone 16 Pro Max พร้อม iOS 18, สายชาร์จ USB-C (1 ม., รองรับ USB 3), เอกสารประกอบ",ดีไซน์ไทเทเนียมเกรด 5 ผิวขัดเงา ด้านหลังกระจกผิวด้านแบบมีสีในตัว ด้านหน้า Ceramic Shield,48900,"฿48,900",https://store.storeimages.cdn-apple.com/1/as-images.apple.com/is/iphone-16-pro-finish-select-202409-6-3inch-blacktitanium?wid=2560&hei=2560&fmt=jpeg&qlt=95,https://store.storeimages.cdn-apple.com/1/as-images.apple.com/is/iphone-16-pro-finish-select-202409-6-3inch-blacktitanium?wid=2048&hei=2048&fmt=png-alpha,data/images/iphone/iphone-16-pro/black-titanium.jpg,data/images/iphone/iphone-16-pro/black-titanium/hero.png,https://www.apple.com/th/shop/buy-iphone/iphone-16-pro,https://www.apple.com/th/iphone-16-pro/specs/,https://www.apple.com/th/iphone-16-pro/
TH-IPHONE16PROMAX-BLACKTITANIUM-512GB-5C5A,TH-IPHONE16PROMAX-BLACKTITANIUM-512GB-5C5A,iphone-16-pro-max,iPhone 16 Pro Max,iphone,iphone-16-pro,iPhone 16 Pro,iPhone 16 Pro Max 512GB สีไทเทเนียมดำ (Black Titanium),black-titanium,ไทเทเนียมดำ,Black Titanium,#3A393E,512GB,"6.9""","5G, Wi-Fi 7, Bluetooth 5.3, Ultra Wideband 2, Thread, พอร์ต USB-C รองรับ USB 3 (สูงสุด 10Gb/s)","ชิป A18 Pro พร้อม CPU แบบ 6-core (2 ประสิทธิภาพ + 4 ประหยัดพลังงาน), GPU แบบ 6-core ระดับโปร และ Neural Engine แบบ 16-core",163.0 x 77.6 x 8.25 มม.,227 กรัม,"จอภาพ Super Retina XDR OLED ขนาด 6.9 นิ้ว, เทคโนโลยี ProMotion อัตรารีเฟรช 1-120Hz, ความละเอียด 2868 x 1320 พิกเซลที่ 460 ppi, จอภาพติดตลอด (Always-On)","ระบบกล้องระดับโปร: กล้อง Fusion 48MP + กล้อง Ultra Wide 48MP + กล้อง Telephoto 5x 12MP (120 มม., ดีไซน์เตตร้าปริซึม), ซูมแบบออปติคัล 5 เท่า, สแกนเนอร์ LiDAR, ปุ่มควบคุมกล้อง (Camera Control)","การเล่นวิดีโอนานสูงสุด 33 ชั่วโมง (แบตเตอรี่อึดที่สุดในประวัติศาสตร์ iPhone), การเล่นเสียงนานสูงสุด 105 ชั่วโมง","iPhone 16 Pro Max พร้อม iOS 18, สายชาร์จ USB-C (1 ม., รองรับ USB 3), เอกสารประกอบ",ดีไซน์ไทเทเนียมเกรด 5 ผิวขัดเงา ด้านหลังกระจกผิวด้านแบบมีสีในตัว ด้านหน้า Ceramic Shield,56900,"฿56,900",https://store.storeimages.cdn-apple.com/1/as-images.apple.com/is/iphone-16-pro-finish-select-202409-6-3inch-blacktitanium?wid=2560&hei=2560&fmt=jpeg&qlt=95,https://store.storeimages.cdn-apple.com/1/as-images.apple.com/is/iphone-16-pro-finish-select-202409-6-3inch-blacktitanium?wid=2048&hei=2048&fmt=png-alpha,data/images/iphone/iphone-16-pro/black-titanium.jpg,data/images/iphone/iphone-16-pro/black-titanium/hero.png,https://www.apple.com/th/shop/buy-iphone/iphone-16-pro,https://www.apple.com/th/iphone-16-pro/specs/,https://www.apple.com/th/iphone-16-pro/
TH-IPHONE16PROMAX-BLACKTITANIUM-1TB-2070,TH-IPHONE16PROMAX-BLACKTITANIUM-1TB-2070,iphone-16-pro-max,iPhone 16 Pro Max,iphone,iphone-16-pro,iPhone 16 Pro,iPhone 16 Pro Max 1TB สีไทเทเนียมดำ (Black Titanium),black-titanium,ไทเทเนียมดำ,Black Titanium,#3A393E,1TB,"6.9""","5G, Wi-Fi 7, Bluetooth 5.3, Ultra Wideband 2, Thread, พอร์ต USB-C รองรับ USB 3 (สูงสุด 10Gb/s)","ชิป A18 Pro พร้อม CPU แบบ 6-core (2 ประสิทธิภาพ + 4 ประหยัดพลังงาน), GPU แบบ 6-core ระดับโปร และ Neural Engine แบบ 16-core",163.0 x 77.6 x 8.25 มม.,227 กรัม,"จอภาพ Super Retina XDR OLED ขนาด 6.9 นิ้ว, เทคโนโลยี ProMotion อัตรารีเฟรช 1-120Hz, ความละเอียด 2868 x 1320 พิกเซลที่ 460 ppi, จอภาพติดตลอด (Always-On)","ระบบกล้องระดับโปร: กล้อง Fusion 48MP + กล้อง Ultra Wide 48MP + กล้อง Telephoto 5x 12MP (120 มม., ดีไซน์เตตร้าปริซึม), ซูมแบบออปติคัล 5 เท่า, สแกนเนอร์ LiDAR, ปุ่มควบคุมกล้อง (Camera Control)","การเล่นวิดีโอนานสูงสุด 33 ชั่วโมง (แบตเตอรี่อึดที่สุดในประวัติศาสตร์ iPhone), การเล่นเสียงนานสูงสุด 105 ชั่วโมง","iPhone 16 Pro Max พร้อม iOS 18, สายชาร์จ USB-C (1 ม., รองรับ USB 3), เอกสารประกอบ",ดีไซน์ไทเทเนียมเกรด 5 ผิวขัดเงา ด้านหลังกระจกผิวด้านแบบมีสีในตัว ด้านหน้า Ceramic Shield,64900,"฿64,900",https://store.storeimages.cdn-apple.com/1/as-images.apple.com/is/iphone-16-pro-finish-select-202409-6-3inch-blacktitanium?wid=2560&hei=2560&fmt=jpeg&qlt=95,https://store.storeimages.cdn-apple.com/1/as-images.apple.com/is/iphone-16-pro-finish-select-202409-6-3inch-blacktitanium?wid=2048&hei=2048&fmt=png-alpha,data/images/iphone/iphone-16-pro/black-titanium.jpg,data/images/iphone/iphone-16-pro/black-titanium/hero.png,https://www.apple.com/th/shop/buy-iphone/iphone-16-pro,https://www.apple.com/th/iphone-16-pro/specs/,https://www.apple.com/th/iphone-16-pro/
TH-IPHONE15-PINK-128GB-DB41,TH-IPHONE15-PINK-128GB-DB41,iphone-15,iPhone 15,iphone,iphone-15,iPhone 15,iPhone 15 128GB สีชมพู (Pink),pink,ชมพู,Pink,#E3A3B1,128GB,"6.1""","5G, Wi-Fi 6, Bluetooth 5.3, ชิป Ultra Wideband รุ่นที่ 2, พอร์ต USB-C","ชิป A16 Bionic พร้อม CPU แบบ 6-core (2 ประสิทธิภาพ + 4 ประหยัดพลังงาน), GPU แบบ 5-core และ Neural Engine แบบ 16-core",147.6 x 71.6 x 7.80 มม.,171 กรัม,"จอภาพ Super Retina XDR OLED ขนาด 6.1 นิ้ว, ความละเอียด 2556 x 1179 พิกเซลที่ 460 ppi, Dynamic Island, ความสว่างสูงสุด 2,000 นิต (กลางแจ้ง)","ระบบกล้องคู่ขั้นสูง: กล้องหลัก 48MP (26 มม., ƒ/1.6) + กล้อง Ultra Wide 12MP (13 มม., ƒ/2.4), ถ่ายภาพบุคคลรุ่นถัดไปพร้อมการควบคุมโฟกัสและความชัดลึก","การเล่นวิดีโอนานสูงสุด 20 ชั่วโมง, การเล่นเสียงนานสูงสุด 80 ชั่วโมง, ชาร์จเร็ว 50% ใน 30 นาที","iPhone 15 พร้อม iOS, สายชาร์จ USB-C (1 ม.), เอกสารประกอบ",ด้านหลังแบบกระจกแต่งสี และดีไซน์อะลูมิเนียม ด้านหน้า Ceramic Shield,26900,"฿26,900",https://store.storeimages.cdn-apple.com/1/as-images.apple.com/is/iphone-15-finish-select-202309-6-1inch-pink?wid=2560&hei=2560&fmt=jpeg&qlt=95,https://store.storeimages.cdn-apple.com/1/as-images.apple.com/is/iphone-15-finish-select-202309-6-1inch-pink?wid=2048&hei=2048&fmt=png-alpha,data/images/iphone/iphone-15/pink.jpg,data/images/iphone/iphone-15/pink/hero.png,https://www.apple.com/th/shop/buy-iphone/iphone-15,https://www.apple.com/th/iphone-15/specs/,https://www.apple.com/th/iphone-15/
TH-IPHONE15-PINK-256GB-E435,TH-IPHONE15-PINK-256GB-E435,iphone-15,iPhone 15,iphone,iphone-15,iPhone 15,iPhone 15 256GB สีชมพู (Pink),pink,ชมพู,Pink,#E3A3B1,256GB,"6.1""","5G, Wi-Fi 6, Bluetooth 5.3, ชิป Ultra Wideband รุ่นที่ 2, พอร์ต USB-C","ชิป A16 Bionic พร้อม CPU แบบ 6-core (2 ประสิทธิภาพ + 4 ประหยัดพลังงาน), GPU แบบ 5-core และ Neural Engine แบบ 16-core",147.6 x 71.6 x 7.80 มม.,171 กรัม,"จอภาพ Super Retina XDR OLED ขนาด 6.1 นิ้ว, ความละเอียด 2556 x 1179 พิกเซลที่ 460 ppi, Dynamic Island, ความสว่างสูงสุด 2,000 นิต (กลางแจ้ง)","ระบบกล้องคู่ขั้นสูง: กล้องหลัก 48MP (26 มม., ƒ/1.6) + กล้อง Ultra Wide 12MP (13 มม., ƒ/2.4), ถ่ายภาพบุคคลรุ่นถัดไปพร้อมการควบคุมโฟกัสและความชัดลึก","การเล่นวิดีโอนานสูงสุด 20 ชั่วโมง, การเล่นเสียงนานสูงสุด 80 ชั่วโมง, ชาร์จเร็ว 50% ใน 30 นาที","iPhone 15 พร้อม iOS, สายชาร์จ USB-C (1 ม.), เอกสารประกอบ",ด้านหลังแบบกระจกแต่งสี และดีไซน์อะลูมิเนียม ด้านหน้า Ceramic Shield,30900,"฿30,900",https://store.storeimages.cdn-apple.com/1/as-images.apple.com/is/iphone-15-finish-select-202309-6-1inch-pink?wid=2560&hei=2560&fmt=jpeg&qlt=95,https://store.storeimages.cdn-apple.com/1/as-images.apple.com/is/iphone-15-finish-select-202309-6-1inch-pink?wid=2048&hei=2048&fmt=png-alpha,data/images/iphone/iphone-15/pink.jpg,data/images/iphone/iphone-15/pink/hero.png,https://www.apple.com/th/shop/buy-iphone/iphone-15,https://www.apple.com/th/iphone-15/specs/,https://www.apple.com/th/iphone-15/
TH-IPHONE15-PINK-512GB-151F,TH-IPHONE15-PINK-512GB-151F,iphone-15,iPhone 15,iphone,iphone-15,iPhone 15,iPhone 15 512GB สีชมพู (Pink),pink,ชมพู,Pink,#E3A3B1,512GB,"6.1""","5G, Wi-Fi 6, Bluetooth 5.3, ชิป Ultra Wideband รุ่นที่ 2, พอร์ต USB-C","ชิป A16 Bionic พร้อม CPU แบบ 6-core (2 ประสิทธิภาพ + 4 ประหยัดพลังงาน), GPU แบบ 5-core และ Neural Engine แบบ 16-core",147.6 x 71.6 x 7.80 มม.,171 กรัม,"จอภาพ Super Retina XDR OLED ขนาด 6.1 นิ้ว, ความละเอียด 2556 x 1179 พิกเซลที่ 460 ppi, Dynamic Island, ความสว่างสูงสุด 2,000 นิต (กลางแจ้ง)","ระบบกล้องคู่ขั้นสูง: กล้องหลัก 48MP (26 มม., ƒ/1.6) + กล้อง Ultra Wide 12MP (13 มม., ƒ/2.4), ถ่ายภาพบุคคลรุ่นถัดไปพร้อมการควบคุมโฟกัสและความชัดลึก","การเล่นวิดีโอนานสูงสุด 20 ชั่วโมง, การเล่นเสียงนานสูงสุด 80 ชั่วโมง, ชาร์จเร็ว 50% ใน 30 นาที","iPhone 15 พร้อม iOS, สายชาร์จ USB-C (1 ม.), เอกสารประกอบ",ด้านหลังแบบกระจกแต่งสี และดีไซน์อะลูมิเนียม ด้านหน้า Ceramic Shield,38900,"฿38,900",https://store.storeimages.cdn-apple.com/1/as-images.apple.com/is/iphone-15-finish-select-202309-6-1inch-pink?wid=2560&hei=2560&fmt=jpeg&qlt=95,https://store.storeimages.cdn-apple.com/1/as-images.apple.com/is/iphone-15-finish-select-202309-6-1inch-pink?wid=2048&hei=2048&fmt=png-alpha,data/images/iphone/iphone-15/pink.jpg,data/images/iphone/iphone-15/pink/hero.png,https://www.apple.com/th/shop/buy-iphone/iphone-15,https://www.apple.com/th/iphone-15/specs/,https://www.apple.com/th/iphone-15/
TH-IPHONE15-YELLOW-128GB-9F31,TH-IPHONE15-YELLOW-128GB-9F31,iphone-15,iPhone 15,iphone,iphone-15,iPhone 15,iPhone 15 128GB สีเหลือง (Yellow),yellow,เหลือง,Yellow,#FBE27D,128GB,"6.1""","5G, Wi-Fi 6, Bluetooth 5.3, ชิป Ultra Wideband รุ่นที่ 2, พอร์ต USB-C","ชิป A16 Bionic พร้อม CPU แบบ 6-core (2 ประสิทธิภาพ + 4 ประหยัดพลังงาน), GPU แบบ 5-core และ Neural Engine แบบ 16-core",147.6 x 71.6 x 7.80 มม.,171 กรัม,"จอภาพ Super Retina XDR OLED ขนาด 6.1 นิ้ว, ความละเอียด 2556 x 1179 พิกเซลที่ 460 ppi, Dynamic Island, ความสว่างสูงสุด 2,000 นิต (กลางแจ้ง)","ระบบกล้องคู่ขั้นสูง: กล้องหลัก 48MP (26 มม., ƒ/1.6) + กล้อง Ultra Wide 12MP (13 มม., ƒ/2.4), ถ่ายภาพบุคคลรุ่นถัดไปพร้อมการควบคุมโฟกัสและความชัดลึก","การเล่นวิดีโอนานสูงสุด 20 ชั่วโมง, การเล่นเสียงนานสูงสุด 80 ชั่วโมง, ชาร์จเร็ว 50% ใน 30 นาที","iPhone 15 พร้อม iOS, สายชาร์จ USB-C (1 ม.), เอกสารประกอบ",ด้านหลังแบบกระจกแต่งสี และดีไซน์อะลูมิเนียม ด้านหน้า Ceramic Shield,26900,"฿26,900",https://store.storeimages.cdn-apple.com/1/as-images.apple.com/is/iphone-15-finish-select-202309-6-1inch-yellow?wid=2560&hei=2560&fmt=jpeg&qlt=95,https://store.storeimages.cdn-apple.com/1/as-images.apple.com/is/iphone-15-finish-select-202309-6-1inch-yellow?wid=2048&hei=2048&fmt=png-alpha,data/images/iphone/iphone-15/yellow.jpg,data/images/iphone/iphone-15/yellow/hero.png,https://www.apple.com/th/shop/buy-iphone/iphone-15,https://www.apple.com/th/iphone-15/specs/,https://www.apple.com/th/iphone-15/
TH-IPHONE15-YELLOW-256GB-3D3C,TH-IPHONE15-YELLOW-256GB-3D3C,iphone-15,iPhone 15,iphone,iphone-15,iPhone 15,iPhone 15 256GB สีเหลือง (Yellow),yellow,เหลือง,Yellow,#FBE27D,256GB,"6.1""","5G, Wi-Fi 6, Bluetooth 5.3, ชิป Ultra Wideband รุ่นที่ 2, พอร์ต USB-C","ชิป A16 Bionic พร้อม CPU แบบ 6-core (2 ประสิทธิภาพ + 4 ประหยัดพลังงาน), GPU แบบ 5-core และ Neural Engine แบบ 16-core",147.6 x 71.6 x 7.80 มม.,171 กรัม,"จอภาพ Super Retina XDR OLED ขนาด 6.1 นิ้ว, ความละเอียด 2556 x 1179 พิกเซลที่ 460 ppi, Dynamic Island, ความสว่างสูงสุด 2,000 นิต (กลางแจ้ง)","ระบบกล้องคู่ขั้นสูง: กล้องหลัก 48MP (26 มม., ƒ/1.6) + กล้อง Ultra Wide 12MP (13 มม., ƒ/2.4), ถ่ายภาพบุคคลรุ่นถัดไปพร้อมการควบคุมโฟกัสและความชัดลึก","การเล่นวิดีโอนานสูงสุด 20 ชั่วโมง, การเล่นเสียงนานสูงสุด 80 ชั่วโมง, ชาร์จเร็ว 50% ใน 30 นาที","iPhone 15 พร้อม iOS, สายชาร์จ USB-C (1 ม.), เอกสารประกอบ",ด้านหลังแบบกระจกแต่งสี และดีไซน์อะลูมิเนียม ด้านหน้า Ceramic Shield,30900,"฿30,900",https://store.storeimages.cdn-apple.com/1/as-images.apple.com/is/iphone-15-finish-select-202309-6-1inch-yellow?wid=2560&hei=2560&fmt=jpeg&qlt=95,https://store.storeimages.cdn-apple.com/1/as-images.apple.com/is/iphone-15-finish-select-202309-6-1inch-yellow?wid=2048&hei=2048&fmt=png-alpha,data/images/iphone/iphone-15/yellow.jpg,data/images/iphone/iphone-15/yellow/hero.png,https://www.apple.com/th/shop/buy-iphone/iphone-15,https://www.apple.com/th/iphone-15/specs/,https://www.apple.com/th/iphone-15/
TH-IPHONE15-YELLOW-512GB-5F5E,TH-IPHONE15-YELLOW-512GB-5F5E,iphone-15,iPhone 15,iphone,iphone-15,iPhone 15,iPhone 15 512GB สีเหลือง (Yellow),yellow,เหลือง,Yellow,#FBE27D,512GB,"6.1""","5G, Wi-Fi 6, Bluetooth 5.3, ชิป Ultra Wideband รุ่นที่ 2, พอร์ต USB-C","ชิป A16 Bionic พร้อม CPU แบบ 6-core (2 ประสิทธิภาพ + 4 ประหยัดพลังงาน), GPU แบบ 5-core และ Neural Engine แบบ 16-core",147.6 x 71.6 x 7.80 มม.,171 กรัม,"จอภาพ Super Retina XDR OLED ขนาด 6.1 นิ้ว, ความละเอียด 2556 x 1179 พิกเซลที่ 460 ppi, Dynamic Island, ความสว่างสูงสุด 2,000 นิต (กลางแจ้ง)","ระบบกล้องคู่ขั้นสูง: กล้องหลัก 48MP (26 มม., ƒ/1.6) + กล้อง Ultra Wide 12MP (13 มม., ƒ/2.4), ถ่ายภาพบุคคลรุ่นถัดไปพร้อมการควบคุมโฟกัสและความชัดลึก","การเล่นวิดีโอนานสูงสุด 20 ชั่วโมง, การเล่นเสียงนานสูงสุด 80 ชั่วโมง, ชาร์จเร็ว 50% ใน 30 นาที","iPhone 15 พร้อม iOS, สายชาร์จ USB-C (1 ม.), เอกสารประกอบ",ด้านหลังแบบกระจกแต่งสี และดีไซน์อะลูมิเนียม ด้านหน้า Ceramic Shield,38900,"฿38,900",https://store.storeimages.cdn-apple.com/1/as-images.apple.com/is/iphone-15-finish-select-202309-6-1inch-yellow?wid=2560&hei=2560&fmt=jpeg&qlt=95,https://store.storeimages.cdn-apple.com/1/as-images.apple.com/is/iphone-15-finish-select-202309-6-1inch-yellow?wid=2048&hei=2048&fmt=png-alpha,data/images/iphone/iphone-15/yellow.jpg,data/images/iphone/iphone-15/yellow/hero.png,https://www.apple.com/th/shop/buy-iphone/iphone-15,https://www.apple.com/th/iphone-15/specs/,https://www.apple.com/th/iphone-15/
TH-IPHONE15-GREEN-128GB-E305,TH-IPHONE15-GREEN-128GB-E305,iphone-15,iPhone 15,iphone,iphone-15,iPhone 15,iPhone 15 128GB สีเขียว (Green),green,เขียว,Green,#43594B,128GB,"6.1""","5G, Wi-Fi 6, Bluetooth 5.3, ชิป Ultra Wideband รุ่นที่ 2, พอร์ต USB-C","ชิป A16 Bionic พร้อม CPU แบบ 6-core (2 ประสิทธิภาพ + 4 ประหยัดพลังงาน), GPU แบบ 5-core และ Neural Engine แบบ 16-core",147.6 x 71.6 x 7.80 มม.,171 กรัม,"จอภาพ Super Retina XDR OLED ขนาด 6.1 นิ้ว, ความละเอียด 2556 x 1179 พิกเซลที่ 460 ppi, Dynamic Island, ความสว่างสูงสุด 2,000 นิต (กลางแจ้ง)","ระบบกล้องคู่ขั้นสูง: กล้องหลัก 48MP (26 มม., ƒ/1.6) + กล้อง Ultra Wide 12MP (13 มม., ƒ/2.4), ถ่ายภาพบุคคลรุ่นถัดไปพร้อมการควบคุมโฟกัสและความชัดลึก","การเล่นวิดีโอนานสูงสุด 20 ชั่วโมง, การเล่นเสียงนานสูงสุด 80 ชั่วโมง, ชาร์จเร็ว 50% ใน 30 นาที","iPhone 15 พร้อม iOS, สายชาร์จ USB-C (1 ม.), เอกสารประกอบ",ด้านหลังแบบกระจกแต่งสี และดีไซน์อะลูมิเนียม ด้านหน้า Ceramic Shield,26900,"฿26,900",https://store.storeimages.cdn-apple.com/1/as-images.apple.com/is/iphone-15-finish-select-202309-6-1inch-green?wid=2560&hei=2560&fmt=jpeg&qlt=95,https://store.storeimages.cdn-apple.com/1/as-images.apple.com/is/iphone-15-finish-select-202309-6-1inch-green?wid=2048&hei=2048&fmt=png-alpha,data/images/iphone/iphone-15/green.jpg,data/images/iphone/iphone-15/green/hero.png,https://www.apple.com/th/shop/buy-iphone/iphone-15,https://www.apple.com/th/iphone-15/specs/,https://www.apple.com/th/iphone-15/
TH-IPHONE15-GREEN-256GB-97A3,TH-IPHONE15-GREEN-256GB-97A3,iphone-15,iPhone 15,iphone,iphone-15,iPhone 15,iPhone 15 256GB สีเขียว (Green),green,เขียว,Green,#43594B,256GB,"6.1""","5G, Wi-Fi 6, Bluetooth 5.3, ชิป Ultra Wideband รุ่นที่ 2, พอร์ต USB-C","ชิป A16 Bionic พร้อม CPU แบบ 6-core (2 ประสิทธิภาพ + 4 ประหยัดพลังงาน), GPU แบบ 5-core และ Neural Engine แบบ 16-core",147.6 x 71.6 x 7.80 มม.,171 กรัม,"จอภาพ Super Retina XDR OLED ขนาด 6.1 นิ้ว, ความละเอียด 2556 x 1179 พิกเซลที่ 460 ppi, Dynamic Island, ความสว่างสูงสุด 2,000 นิต (กลางแจ้ง)","ระบบกล้องคู่ขั้นสูง: กล้องหลัก 48MP (26 มม., ƒ/1.6) + กล้อง Ultra Wide 12MP (13 มม., ƒ/2.4), ถ่ายภาพบุคคลรุ่นถัดไปพร้อมการควบคุมโฟกัสและความชัดลึก","การเล่นวิดีโอนานสูงสุด 20 ชั่วโมง, การเล่นเสียงนานสูงสุด 80 ชั่วโมง, ชาร์จเร็ว 50% ใน 30 นาที","iPhone 15 พร้อม iOS, สายชาร์จ USB-C (1 ม.), เอกสารประกอบ",ด้านหลังแบบกระจกแต่งสี และดีไซน์อะลูมิเนียม ด้านหน้า Ceramic Shield,30900,"฿30,900",https://store.storeimages.cdn-apple.com/1/as-images.apple.com/is/iphone-15-finish-select-202309-6-1inch-green?wid=2560&hei=2560&fmt=jpeg&qlt=95,https://store.storeimages.cdn-apple.com/1/as-images.apple.com/is/iphone-15-finish-select-202309-6-1inch-green?wid=2048&hei=2048&fmt=png-alpha,data/images/iphone/iphone-15/green.jpg,data/images/iphone/iphone-15/green/hero.png,https://www.apple.com/th/shop/buy-iphone/iphone-15,https://www.apple.com/th/iphone-15/specs/,https://www.apple.com/th/iphone-15/
TH-IPHONE15-GREEN-512GB-5A94,TH-IPHONE15-GREEN-512GB-5A94,iphone-15,iPhone 15,iphone,iphone-15,iPhone 15,iPhone 15 512GB สีเขียว (Green),green,เขียว,Green,#43594B,512GB,"6.1""","5G, Wi-Fi 6, Bluetooth 5.3, ชิป Ultra Wideband รุ่นที่ 2, พอร์ต USB-C","ชิป A16 Bionic พร้อม CPU แบบ 6-core (2 ประสิทธิภาพ + 4 ประหยัดพลังงาน), GPU แบบ 5-core และ Neural Engine แบบ 16-core",147.6 x 71.6 x 7.80 มม.,171 กรัม,"จอภาพ Super Retina XDR OLED ขนาด 6.1 นิ้ว, ความละเอียด 2556 x 1179 พิกเซลที่ 460 ppi, Dynamic Island, ความสว่างสูงสุด 2,000 นิต (กลางแจ้ง)","ระบบกล้องคู่ขั้นสูง: กล้องหลัก 48MP (26 มม., ƒ/1.6) + กล้อง Ultra Wide 12MP (13 มม., ƒ/2.4), ถ่ายภาพบุคคลรุ่นถัดไปพร้อมการควบคุมโฟกัสและความชัดลึก","การเล่นวิดีโอนานสูงสุด 20 ชั่วโมง, การเล่นเสียงนานสูงสุด 80 ชั่วโมง, ชาร์จเร็ว 50% ใน 30 นาที","iPhone 15 พร้อม iOS, สายชาร์จ USB-C (1 ม.), เอกสารประกอบ",ด้านหลังแบบกระจกแต่งสี และดีไซน์อะลูมิเนียม ด้านหน้า Ceramic Shield,38900,"฿38,900",https://store.storeimages.cdn-apple.com/1/as-images.apple.com/is/iphone-15-finish-select-202309-6-1inch-green?wid=2560&hei=2560&fmt=jpeg&qlt=95,https://store.storeimages.cdn-apple.com/1/as-images.apple.com/is/iphone-15-finish-select-202309-6-1inch-green?wid=2048&hei=2048&fmt=png-alpha,data/images/iphone/iphone-15/green.jpg,data/images/iphone/iphone-15/green/hero.png,https://www.apple.com/th/shop/buy-iphone/iphone-15,https://www.apple.com/th/iphone-15/specs/,https://www.apple.com/th/iphone-15/
TH-IPHONE15-BLUE-128GB-93DE,TH-IPHONE15-BLUE-128GB-93DE,iphone-15,iPhone 15,iphone,iphone-15,iPhone 15,iPhone 15 128GB สีฟ้า (Blue),blue,ฟ้า,Blue,#3E536B,128GB,"6.1""","5G, Wi-Fi 6, Bluetooth 5.3, ชิป Ultra Wideband รุ่นที่ 2, พอร์ต USB-C","ชิป A16 Bionic พร้อม CPU แบบ 6-core (2 ประสิทธิภาพ + 4 ประหยัดพลังงาน), GPU แบบ 5-core และ Neural Engine แบบ 16-core",147.6 x 71.6 x 7.80 มม.,171 กรัม,"จอภาพ Super Retina XDR OLED ขนาด 6.1 นิ้ว, ความละเอียด 2556 x 1179 พิกเซลที่ 460 ppi, Dynamic Island, ความสว่างสูงสุด 2,000 นิต (กลางแจ้ง)","ระบบกล้องคู่ขั้นสูง: กล้องหลัก 48MP (26 มม., ƒ/1.6) + กล้อง Ultra Wide 12MP (13 มม., ƒ/2.4), ถ่ายภาพบุคคลรุ่นถัดไปพร้อมการควบคุมโฟกัสและความชัดลึก","การเล่นวิดีโอนานสูงสุด 20 ชั่วโมง, การเล่นเสียงนานสูงสุด 80 ชั่วโมง, ชาร์จเร็ว 50% ใน 30 นาที","iPhone 15 พร้อม iOS, สายชาร์จ USB-C (1 ม.), เอกสารประกอบ",ด้านหลังแบบกระจกแต่งสี และดีไซน์อะลูมิเนียม ด้านหน้า Ceramic Shield,26900,"฿26,900",https://store.storeimages.cdn-apple.com/1/as-images.apple.com/is/iphone-15-finish-select-202309-6-1inch-blue?wid=2560&hei=2560&fmt=jpeg&qlt=95,https://store.storeimages.cdn-apple.com/1/as-images.apple.com/is/iphone-15-finish-select-202309-6-1inch-blue?wid=2048&hei=2048&fmt=png-alpha,data/images/iphone/iphone-15/blue.jpg,data/images/iphone/iphone-15/blue/hero.png,https://www.apple.com/th/shop/buy-iphone/iphone-15,https://www.apple.com/th/iphone-15/specs/,https://www.apple.com/th/iphone-15/
TH-IPHONE15-BLUE-256GB-3615,TH-IPHONE15-BLUE-256GB-3615,iphone-15,iPhone 15,iphone,iphone-15,iPhone 15,iPhone 15 256GB สีฟ้า (Blue),blue,ฟ้า,Blue,#3E536B,256GB,"6.1""","5G, Wi-Fi 6, Bluetooth 5.3, ชิป Ultra Wideband รุ่นที่ 2, พอร์ต USB-C","ชิป A16 Bionic พร้อม CPU แบบ 6-core (2 ประสิทธิภาพ + 4 ประหยัดพลังงาน), GPU แบบ 5-core และ Neural Engine แบบ 16-core",147.6 x 71.6 x 7.80 มม.,171 กรัม,"จอภาพ Super Retina XDR OLED ขนาด 6.1 นิ้ว, ความละเอียด 2556 x 1179 พิกเซลที่ 460 ppi, Dynamic Island, ความสว่างสูงสุด 2,000 นิต (กลางแจ้ง)","ระบบกล้องคู่ขั้นสูง: กล้องหลัก 48MP (26 มม., ƒ/1.6) + กล้อง Ultra Wide 12MP (13 มม., ƒ/2.4), ถ่ายภาพบุคคลรุ่นถัดไปพร้อมการควบคุมโฟกัสและความชัดลึก","การเล่นวิดีโอนานสูงสุด 20 ชั่วโมง, การเล่นเสียงนานสูงสุด 80 ชั่วโมง, ชาร์จเร็ว 50% ใน 30 นาที","iPhone 15 พร้อม iOS, สายชาร์จ USB-C (1 ม.), เอกสารประกอบ",ด้านหลังแบบกระจกแต่งสี และดีไซน์อะลูมิเนียม ด้านหน้า Ceramic Shield,30900,"฿30,900",https://store.storeimages.cdn-apple.com/1/as-images.apple.com/is/iphone-15-finish-select-202309-6-1inch-blue?wid=2560&hei=2560&fmt=jpeg&qlt=95,https://store.storeimages.cdn-apple.com/1/as-images.apple.com/is/iphone-15-finish-select-202309-6-1inch-blue?wid=2048&hei=2048&fmt=png-alpha,data/images/iphone/iphone-15/blue.jpg,data/images/iphone/iphone-15/blue/hero.png,https://www.apple.com/th/shop/buy-iphone/iphone-15,https://www.apple.com/th/iphone-15/specs/,https://www.apple.com/th/iphone-15/
TH-IPHONE15-BLUE-512GB-C637,TH-IPHONE15-BLUE-512GB-C637,iphone-15,iPhone 15,iphone,iphone-15,iPhone 15,iPhone 15 512GB สีฟ้า (Blue),blue,ฟ้า,Blue,#3E536B,512GB,"6.1""","5G, Wi-Fi 6, Bluetooth 5.3, ชิป Ultra Wideband รุ่นที่ 2, พอร์ต USB-C","ชิป A16 Bionic พร้อม CPU แบบ 6-core (2 ประสิทธิภาพ + 4 ประหยัดพลังงาน), GPU แบบ 5-core และ Neural Engine แบบ 16-core",147.6 x 71.6 x 7.80 มม.,171 กรัม,"จอภาพ Super Retina XDR OLED ขนาด 6.1 นิ้ว, ความละเอียด 2556 x 1179 พิกเซลที่ 460 ppi, Dynamic Island, ความสว่างสูงสุด 2,000 นิต (กลางแจ้ง)","ระบบกล้องคู่ขั้นสูง: กล้องหลัก 48MP (26 มม., ƒ/1.6) + กล้อง Ultra Wide 12MP (13 มม., ƒ/2.4), ถ่ายภาพบุคคลรุ่นถัดไปพร้อมการควบคุมโฟกัสและความชัดลึก","การเล่นวิดีโอนานสูงสุด 20 ชั่วโมง, การเล่นเสียงนานสูงสุด 80 ชั่วโมง, ชาร์จเร็ว 50% ใน 30 นาที","iPhone 15 พร้อม iOS, สายชาร์จ USB-C (1 ม.), เอกสารประกอบ",ด้านหลังแบบกระจกแต่งสี และดีไซน์อะลูมิเนียม ด้านหน้า Ceramic Shield,38900,"฿38,900",https://store.storeimages.cdn-apple.com/1/as-images.apple.com/is/iphone-15-finish-select-202309-6-1inch-blue?wid=2560&hei=2560&fmt=jpeg&qlt=95,https://store.storeimages.cdn-apple.com/1/as-images.apple.com/is/iphone-15-finish-select-202309-6-1inch-blue?wid=2048&hei=2048&fmt=png-alpha,data/images/iphone/iphone-15/blue.jpg,data/images/iphone/iphone-15/blue/hero.png,https://www.apple.com/th/shop/buy-iphone/iphone-15,https://www.apple.com/th/iphone-15/specs/,https://www.apple.com/th/iphone-15/
TH-IPHONE15-BLACK-128GB-8E88,TH-IPHONE15-BLACK-128GB-8E88,iphone-15,iPhone 15,iphone,iphone-15,iPhone 15,iPhone 15 128GB สีดำ (Black),black,ดำ,Black,#1F2022,128GB,"6.1""","5G, Wi-Fi 6, Bluetooth 5.3, ชิป Ultra Wideband รุ่นที่ 2, พอร์ต USB-C","ชิป A16 Bionic พร้อม CPU แบบ 6-core (2 ประสิทธิภาพ + 4 ประหยัดพลังงาน), GPU แบบ 5-core และ Neural Engine แบบ 16-core",147.6 x 71.6 x 7.80 มม.,171 กรัม,"จอภาพ Super Retina XDR OLED ขนาด 6.1 นิ้ว, ความละเอียด 2556 x 1179 พิกเซลที่ 460 ppi, Dynamic Island, ความสว่างสูงสุด 2,000 นิต (กลางแจ้ง)","ระบบกล้องคู่ขั้นสูง: กล้องหลัก 48MP (26 มม., ƒ/1.6) + กล้อง Ultra Wide 12MP (13 มม., ƒ/2.4), ถ่ายภาพบุคคลรุ่นถัดไปพร้อมการควบคุมโฟกัสและความชัดลึก","การเล่นวิดีโอนานสูงสุด 20 ชั่วโมง, การเล่นเสียงนานสูงสุด 80 ชั่วโมง, ชาร์จเร็ว 50% ใน 30 นาที","iPhone 15 พร้อม iOS, สายชาร์จ USB-C (1 ม.), เอกสารประกอบ",ด้านหลังแบบกระจกแต่งสี และดีไซน์อะลูมิเนียม ด้านหน้า Ceramic Shield,26900,"฿26,900",https://store.storeimages.cdn-apple.com/1/as-images.apple.com/is/iphone-15-finish-select-202309-6-1inch-black?wid=2560&hei=2560&fmt=jpeg&qlt=95,https://store.storeimages.cdn-apple.com/1/as-images.apple.com/is/iphone-15-finish-select-202309-6-1inch-black?wid=2048&hei=2048&fmt=png-alpha,data/images/iphone/iphone-15/black.jpg,data/images/iphone/iphone-15/black/hero.png,https://www.apple.com/th/shop/buy-iphone/iphone-15,https://www.apple.com/th/iphone-15/specs/,https://www.apple.com/th/iphone-15/
TH-IPHONE15-BLACK-256GB-0E60,TH-IPHONE15-BLACK-256GB-0E60,iphone-15,iPhone 15,iphone,iphone-15,iPhone 15,iPhone 15 256GB สีดำ (Black),black,ดำ,Black,#1F2022,256GB,"6.1""","5G, Wi-Fi 6, Bluetooth 5.3, ชิป Ultra Wideband รุ่นที่ 2, พอร์ต USB-C","ชิป A16 Bionic พร้อม CPU แบบ 6-core (2 ประสิทธิภาพ + 4 ประหยัดพลังงาน), GPU แบบ 5-core และ Neural Engine แบบ 16-core",147.6 x 71.6 x 7.80 มม.,171 กรัม,"จอภาพ Super Retina XDR OLED ขนาด 6.1 นิ้ว, ความละเอียด 2556 x 1179 พิกเซลที่ 460 ppi, Dynamic Island, ความสว่างสูงสุด 2,000 นิต (กลางแจ้ง)","ระบบกล้องคู่ขั้นสูง: กล้องหลัก 48MP (26 มม., ƒ/1.6) + กล้อง Ultra Wide 12MP (13 มม., ƒ/2.4), ถ่ายภาพบุคคลรุ่นถัดไปพร้อมการควบคุมโฟกัสและความชัดลึก","การเล่นวิดีโอนานสูงสุด 20 ชั่วโมง, การเล่นเสียงนานสูงสุด 80 ชั่วโมง, ชาร์จเร็ว 50% ใน 30 นาที","iPhone 15 พร้อม iOS, สายชาร์จ USB-C (1 ม.), เอกสารประกอบ",ด้านหลังแบบกระจกแต่งสี และดีไซน์อะลูมิเนียม ด้านหน้า Ceramic Shield,30900,"฿30,900",https://store.storeimages.cdn-apple.com/1/as-images.apple.com/is/iphone-15-finish-select-202309-6-1inch-black?wid=2560&hei=2560&fmt=jpeg&qlt=95,https://store.storeimages.cdn-apple.com/1/as-images.apple.com/is/iphone-15-finish-select-202309-6-1inch-black?wid=2048&hei=2048&fmt=png-alpha,data/images/iphone/iphone-15/black.jpg,data/images/iphone/iphone-15/black/hero.png,https://www.apple.com/th/shop/buy-iphone/iphone-15,https://www.apple.com/th/iphone-15/specs/,https://www.apple.com/th/iphone-15/
TH-IPHONE15-BLACK-512GB-09CA,TH-IPHONE15-BLACK-512GB-09CA,iphone-15,iPhone 15,iphone,iphone-15,iPhone 15,iPhone 15 512GB สีดำ (Black),black,ดำ,Black,#1F2022,512GB,"6.1""","5G, Wi-Fi 6, Bluetooth 5.3, ชิป Ultra Wideband รุ่นที่ 2, พอร์ต USB-C","ชิป A16 Bionic พร้อม CPU แบบ 6-core (2 ประสิทธิภาพ + 4 ประหยัดพลังงาน), GPU แบบ 5-core และ Neural Engine แบบ 16-core",147.6 x 71.6 x 7.80 มม.,171 กรัม,"จอภาพ Super Retina XDR OLED ขนาด 6.1 นิ้ว, ความละเอียด 2556 x 1179 พิกเซลที่ 460 ppi, Dynamic Island, ความสว่างสูงสุด 2,000 นิต (กลางแจ้ง)","ระบบกล้องคู่ขั้นสูง: กล้องหลัก 48MP (26 มม., ƒ/1.6) + กล้อง Ultra Wide 12MP (13 มม., ƒ/2.4), ถ่ายภาพบุคคลรุ่นถัดไปพร้อมการควบคุมโฟกัสและความชัดลึก","การเล่นวิดีโอนานสูงสุด 20 ชั่วโมง, การเล่นเสียงนานสูงสุด 80 ชั่วโมง, ชาร์จเร็ว 50% ใน 30 นาที","iPhone 15 พร้อม iOS, สายชาร์จ USB-C (1 ม.), เอกสารประกอบ",ด้านหลังแบบกระจกแต่งสี และดีไซน์อะลูมิเนียม ด้านหน้า Ceramic Shield,38900,"฿38,900",https://store.storeimages.cdn-apple.com/1/as-images.apple.com/is/iphone-15-finish-select-202309-6-1inch-black?wid=2560&hei=2560&fmt=jpeg&qlt=95,https://store.storeimages.cdn-apple.com/1/as-images.apple.com/is/iphone-15-finish-select-202309-6-1inch-black?wid=2048&hei=2048&fmt=png-alpha,data/images/iphone/iphone-15/black.jpg,data/images/iphone/iphone-15/black/hero.png,https://www.apple.com/th/shop/buy-iphone/iphone-15,https://www.apple.com/th/iphone-15/specs/,https://www.apple.com/th/iphone-15/
TH-IPHONE15PLUS-PINK-128GB-243D,TH-IPHONE15PLUS-PINK-128GB-243D,iphone-15-plus,iPhone 15 Plus,iphone,iphone-15,iPhone 15,iPhone 15 Plus 128GB สีชมพู (Pink),pink,ชมพู,Pink,#E3A3B1,128GB,"6.7""","5G, Wi-Fi 6, Bluetooth 5.3, Ultra Wideband 2, USB-C","ชิป A16 Bionic พร้อม CPU แบบ 6-core, GPU แบบ 5-core และ Neural Engine แบบ 16-core",160.9 x 77.8 x 7.80 มม.,201 กรัม,"จอภาพ Super Retina XDR OLED ขนาด 6.7 นิ้ว, ความละเอียด 2796 x 1290 พิกเซลที่ 460 ppi, Dynamic Island","ระบบกล้องคู่: กล้องหลัก 48MP + กล้อง Ultra Wide 12MP, ซูมแบบออปติคัล 2 เท่า","การเล่นวิดีโอนานสูงสุด 26 ชั่วโมง, การเล่นเสียงนานสูงสุด 100 ชั่วโมง","iPhone 15 Plus พร้อม iOS, สายชาร์จ USB-C (1 ม.), เอกสารประกอบ",กระจกแต่งสีด้านหลังและกรอบอะลูมิเนียม,29900,"฿29,900",https://store.storeimages.cdn-apple.com/1/as-images.apple.com/is/iphone-15-finish-select-202309-6-1inch-pink?wid=2560&hei=2560&fmt=jpeg&qlt=95,https://store.storeimages.cdn-apple.com/1/as-images.apple.com/is/iphone-15-finish-select-202309-6-1inch-pink?wid=2048&hei=2048&fmt=png-alpha,data/images/iphone/iphone-15/pink.jpg,data/images/iphone/iphone-15/pink/hero.png,https://www.apple.com/th/shop/buy-iphone/iphone-15,https://www.apple.com/th/iphone-15/specs/,https://www.apple.com/th/iphone-15/
TH-IPHONE15PLUS-PINK-256GB-62E9,TH-IPHONE15PLUS-PINK-256GB-62E9,iphone-15-plus,iPhone 15 Plus,iphone,iphone-15,iPhone 15,iPhone 15 Plus 256GB สีชมพู (Pink),pink,ชมพู,Pink,#E3A3B1,256GB,"6.7""","5G, Wi-Fi 6, Bluetooth 5.3, Ultra Wideband 2, USB-C","ชิป A16 Bionic พร้อม CPU แบบ 6-core, GPU แบบ 5-core และ Neural Engine แบบ 16-core",160.9 x 77.8 x 7.80 มม.,201 กรัม,"จอภาพ Super Retina XDR OLED ขนาด 6.7 นิ้ว, ความละเอียด 2796 x 1290 พิกเซลที่ 460 ppi, Dynamic Island","ระบบกล้องคู่: กล้องหลัก 48MP + กล้อง Ultra Wide 12MP, ซูมแบบออปติคัล 2 เท่า","การเล่นวิดีโอนานสูงสุด 26 ชั่วโมง, การเล่นเสียงนานสูงสุด 100 ชั่วโมง","iPhone 15 Plus พร้อม iOS, สายชาร์จ USB-C (1 ม.), เอกสารประกอบ",กระจกแต่งสีด้านหลังและกรอบอะลูมิเนียม,33900,"฿33,900",https://store.storeimages.cdn-apple.com/1/as-images.apple.com/is/iphone-15-finish-select-202309-6-1inch-pink?wid=2560&hei=2560&fmt=jpeg&qlt=95,https://store.storeimages.cdn-apple.com/1/as-images.apple.com/is/iphone-15-finish-select-202309-6-1inch-pink?wid=2048&hei=2048&fmt=png-alpha,data/images/iphone/iphone-15/pink.jpg,data/images/iphone/iphone-15/pink/hero.png,https://www.apple.com/th/shop/buy-iphone/iphone-15,https://www.apple.com/th/iphone-15/specs/,https://www.apple.com/th/iphone-15/
TH-IPHONE15PLUS-PINK-512GB-EF03,TH-IPHONE15PLUS-PINK-512GB-EF03,iphone-15-plus,iPhone 15 Plus,iphone,iphone-15,iPhone 15,iPhone 15 Plus 512GB สีชมพู (Pink),pink,ชมพู,Pink,#E3A3B1,512GB,"6.7""","5G, Wi-Fi 6, Bluetooth 5.3, Ultra Wideband 2, USB-C","ชิป A16 Bionic พร้อม CPU แบบ 6-core, GPU แบบ 5-core และ Neural Engine แบบ 16-core",160.9 x 77.8 x 7.80 มม.,201 กรัม,"จอภาพ Super Retina XDR OLED ขนาด 6.7 นิ้ว, ความละเอียด 2796 x 1290 พิกเซลที่ 460 ppi, Dynamic Island","ระบบกล้องคู่: กล้องหลัก 48MP + กล้อง Ultra Wide 12MP, ซูมแบบออปติคัล 2 เท่า","การเล่นวิดีโอนานสูงสุด 26 ชั่วโมง, การเล่นเสียงนานสูงสุด 100 ชั่วโมง","iPhone 15 Plus พร้อม iOS, สายชาร์จ USB-C (1 ม.), เอกสารประกอบ",กระจกแต่งสีด้านหลังและกรอบอะลูมิเนียม,41900,"฿41,900",https://store.storeimages.cdn-apple.com/1/as-images.apple.com/is/iphone-15-finish-select-202309-6-1inch-pink?wid=2560&hei=2560&fmt=jpeg&qlt=95,https://store.storeimages.cdn-apple.com/1/as-images.apple.com/is/iphone-15-finish-select-202309-6-1inch-pink?wid=2048&hei=2048&fmt=png-alpha,data/images/iphone/iphone-15/pink.jpg,data/images/iphone/iphone-15/pink/hero.png,https://www.apple.com/th/shop/buy-iphone/iphone-15,https://www.apple.com/th/iphone-15/specs/,https://www.apple.com/th/iphone-15/
TH-IPHONE15PLUS-YELLOW-128GB-D2AC,TH-IPHONE15PLUS-YELLOW-128GB-D2AC,iphone-15-plus,iPhone 15 Plus,iphone,iphone-15,iPhone 15,iPhone 15 Plus 128GB สีเหลือง (Yellow),yellow,เหลือง,Yellow,#FBE27D,128GB,"6.7""","5G, Wi-Fi 6, Bluetooth 5.3, Ultra Wideband 2, USB-C","ชิป A16 Bionic พร้อม CPU แบบ 6-core, GPU แบบ 5-core และ Neural Engine แบบ 16-core",160.9 x 77.8 x 7.80 มม.,201 กรัม,"จอภาพ Super Retina XDR OLED ขนาด 6.7 นิ้ว, ความละเอียด 2796 x 1290 พิกเซลที่ 460 ppi, Dynamic Island","ระบบกล้องคู่: กล้องหลัก 48MP + กล้อง Ultra Wide 12MP, ซูมแบบออปติคัล 2 เท่า","การเล่นวิดีโอนานสูงสุด 26 ชั่วโมง, การเล่นเสียงนานสูงสุด 100 ชั่วโมง","iPhone 15 Plus พร้อม iOS, สายชาร์จ USB-C (1 ม.), เอกสารประกอบ",กระจกแต่งสีด้านหลังและกรอบอะลูมิเนียม,29900,"฿29,900",https://store.storeimages.cdn-apple.com/1/as-images.apple.com/is/iphone-15-finish-select-202309-6-1inch-yellow?wid=2560&hei=2560&fmt=jpeg&qlt=95,https://store.storeimages.cdn-apple.com/1/as-images.apple.com/is/iphone-15-finish-select-202309-6-1inch-yellow?wid=2048&hei=2048&fmt=png-alpha,data/images/iphone/iphone-15/yellow.jpg,data/images/iphone/iphone-15/yellow/hero.png,https://www.apple.com/th/shop/buy-iphone/iphone-15,https://www.apple.com/th/iphone-15/specs/,https://www.apple.com/th/iphone-15/
TH-IPHONE15PLUS-YELLOW-256GB-8B07,TH-IPHONE15PLUS-YELLOW-256GB-8B07,iphone-15-plus,iPhone 15 Plus,iphone,iphone-15,iPhone 15,iPhone 15 Plus 256GB สีเหลือง (Yellow),yellow,เหลือง,Yellow,#FBE27D,256GB,"6.7""","5G, Wi-Fi 6, Bluetooth 5.3, Ultra Wideband 2, USB-C","ชิป A16 Bionic พร้อม CPU แบบ 6-core, GPU แบบ 5-core และ Neural Engine แบบ 16-core",160.9 x 77.8 x 7.80 มม.,201 กรัม,"จอภาพ Super Retina XDR OLED ขนาด 6.7 นิ้ว, ความละเอียด 2796 x 1290 พิกเซลที่ 460 ppi, Dynamic Island","ระบบกล้องคู่: กล้องหลัก 48MP + กล้อง Ultra Wide 12MP, ซูมแบบออปติคัล 2 เท่า","การเล่นวิดีโอนานสูงสุด 26 ชั่วโมง, การเล่นเสียงนานสูงสุด 100 ชั่วโมง","iPhone 15 Plus พร้อม iOS, สายชาร์จ USB-C (1 ม.), เอกสารประกอบ",กระจกแต่งสีด้านหลังและกรอบอะลูมิเนียม,33900,"฿33,900",https://store.storeimages.cdn-apple.com/1/as-images.apple.com/is/iphone-15-finish-select-202309-6-1inch-yellow?wid=2560&hei=2560&fmt=jpeg&qlt=95,https://store.storeimages.cdn-apple.com/1/as-images.apple.com/is/iphone-15-finish-select-202309-6-1inch-yellow?wid=2048&hei=2048&fmt=png-alpha,data/images/iphone/iphone-15/yellow.jpg,data/images/iphone/iphone-15/yellow/hero.png,https://www.apple.com/th/shop/buy-iphone/iphone-15,https://www.apple.com/th/iphone-15/specs/,https://www.apple.com/th/iphone-15/
TH-IPHONE15PLUS-YELLOW-512GB-B96F,TH-IPHONE15PLUS-YELLOW-512GB-B96F,iphone-15-plus,iPhone 15 Plus,iphone,iphone-15,iPhone 15,iPhone 15 Plus 512GB สีเหลือง (Yellow),yellow,เหลือง,Yellow,#FBE27D,512GB,"6.7""","5G, Wi-Fi 6, Bluetooth 5.3, Ultra Wideband 2, USB-C","ชิป A16 Bionic พร้อม CPU แบบ 6-core, GPU แบบ 5-core และ Neural Engine แบบ 16-core",160.9 x 77.8 x 7.80 มม.,201 กรัม,"จอภาพ Super Retina XDR OLED ขนาด 6.7 นิ้ว, ความละเอียด 2796 x 1290 พิกเซลที่ 460 ppi, Dynamic Island","ระบบกล้องคู่: กล้องหลัก 48MP + กล้อง Ultra Wide 12MP, ซูมแบบออปติคัล 2 เท่า","การเล่นวิดีโอนานสูงสุด 26 ชั่วโมง, การเล่นเสียงนานสูงสุด 100 ชั่วโมง","iPhone 15 Plus พร้อม iOS, สายชาร์จ USB-C (1 ม.), เอกสารประกอบ",กระจกแต่งสีด้านหลังและกรอบอะลูมิเนียม,41900,"฿41,900",https://store.storeimages.cdn-apple.com/1/as-images.apple.com/is/iphone-15-finish-select-202309-6-1inch-yellow?wid=2560&hei=2560&fmt=jpeg&qlt=95,https://store.storeimages.cdn-apple.com/1/as-images.apple.com/is/iphone-15-finish-select-202309-6-1inch-yellow?wid=2048&hei=2048&fmt=png-alpha,data/images/iphone/iphone-15/yellow.jpg,data/images/iphone/iphone-15/yellow/hero.png,https://www.apple.com/th/shop/buy-iphone/iphone-15,https://www.apple.com/th/iphone-15/specs/,https://www.apple.com/th/iphone-15/
TH-IPHONE15PLUS-GREEN-128GB-FBA6,TH-IPHONE15PLUS-GREEN-128GB-FBA6,iphone-15-plus,iPhone 15 Plus,iphone,iphone-15,iPhone 15,iPhone 15 Plus 128GB สีเขียว (Green),green,เขียว,Green,#43594B,128GB,"6.7""","5G, Wi-Fi 6, Bluetooth 5.3, Ultra Wideband 2, USB-C","ชิป A16 Bionic พร้อม CPU แบบ 6-core, GPU แบบ 5-core และ Neural Engine แบบ 16-core",160.9 x 77.8 x 7.80 มม.,201 กรัม,"จอภาพ Super Retina XDR OLED ขนาด 6.7 นิ้ว, ความละเอียด 2796 x 1290 พิกเซลที่ 460 ppi, Dynamic Island","ระบบกล้องคู่: กล้องหลัก 48MP + กล้อง Ultra Wide 12MP, ซูมแบบออปติคัล 2 เท่า","การเล่นวิดีโอนานสูงสุด 26 ชั่วโมง, การเล่นเสียงนานสูงสุด 100 ชั่วโมง","iPhone 15 Plus พร้อม iOS, สายชาร์จ USB-C (1 ม.), เอกสารประกอบ",กระจกแต่งสีด้านหลังและกรอบอะลูมิเนียม,29900,"฿29,900",https://store.storeimages.cdn-apple.com/1/as-images.apple.com/is/iphone-15-finish-select-202309-6-1inch-green?wid=2560&hei=2560&fmt=jpeg&qlt=95,https://store.storeimages.cdn-apple.com/1/as-images.apple.com/is/iphone-15-finish-select-202309-6-1inch-green?wid=2048&hei=2048&fmt=png-alpha,data/images/iphone/iphone-15/green.jpg,data/images/iphone/iphone-15/green/hero.png,https://www.apple.com/th/shop/buy-iphone/iphone-15,https://www.apple.com/th/iphone-15/specs/,https://www.apple.com/th/iphone-15/
TH-IPHONE15PLUS-GREEN-256GB-131A,TH-IPHONE15PLUS-GREEN-256GB-131A,iphone-15-plus,iPhone 15 Plus,iphone,iphone-15,iPhone 15,iPhone 15 Plus 256GB สีเขียว (Green),green,เขียว,Green,#43594B,256GB,"6.7""","5G, Wi-Fi 6, Bluetooth 5.3, Ultra Wideband 2, USB-C","ชิป A16 Bionic พร้อม CPU แบบ 6-core, GPU แบบ 5-core และ Neural Engine แบบ 16-core",160.9 x 77.8 x 7.80 มม.,201 กรัม,"จอภาพ Super Retina XDR OLED ขนาด 6.7 นิ้ว, ความละเอียด 2796 x 1290 พิกเซลที่ 460 ppi, Dynamic Island","ระบบกล้องคู่: กล้องหลัก 48MP + กล้อง Ultra Wide 12MP, ซูมแบบออปติคัล 2 เท่า","การเล่นวิดีโอนานสูงสุด 26 ชั่วโมง, การเล่นเสียงนานสูงสุด 100 ชั่วโมง","iPhone 15 Plus พร้อม iOS, สายชาร์จ USB-C (1 ม.), เอกสารประกอบ",กระจกแต่งสีด้านหลังและกรอบอะลูมิเนียม,33900,"฿33,900",https://store.storeimages.cdn-apple.com/1/as-images.apple.com/is/iphone-15-finish-select-202309-6-1inch-green?wid=2560&hei=2560&fmt=jpeg&qlt=95,https://store.storeimages.cdn-apple.com/1/as-images.apple.com/is/iphone-15-finish-select-202309-6-1inch-green?wid=2048&hei=2048&fmt=png-alpha,data/images/iphone/iphone-15/green.jpg,data/images/iphone/iphone-15/green/hero.png,https://www.apple.com/th/shop/buy-iphone/iphone-15,https://www.apple.com/th/iphone-15/specs/,https://www.apple.com/th/iphone-15/
TH-IPHONE15PLUS-GREEN-512GB-7854,TH-IPHONE15PLUS-GREEN-512GB-7854,iphone-15-plus,iPhone 15 Plus,iphone,iphone-15,iPhone 15,iPhone 15 Plus 512GB สีเขียว (Green),green,เขียว,Green,#43594B,512GB,"6.7""","5G, Wi-Fi 6, Bluetooth 5.3, Ultra Wideband 2, USB-C","ชิป A16 Bionic พร้อม CPU แบบ 6-core, GPU แบบ 5-core และ Neural Engine แบบ 16-core",160.9 x 77.8 x 7.80 มม.,201 กรัม,"จอภาพ Super Retina XDR OLED ขนาด 6.7 นิ้ว, ความละเอียด 2796 x 1290 พิกเซลที่ 460 ppi, Dynamic Island","ระบบกล้องคู่: กล้องหลัก 48MP + กล้อง Ultra Wide 12MP, ซูมแบบออปติคัล 2 เท่า","การเล่นวิดีโอนานสูงสุด 26 ชั่วโมง, การเล่นเสียงนานสูงสุด 100 ชั่วโมง","iPhone 15 Plus พร้อม iOS, สายชาร์จ USB-C (1 ม.), เอกสารประกอบ",กระจกแต่งสีด้านหลังและกรอบอะลูมิเนียม,41900,"฿41,900",https://store.storeimages.cdn-apple.com/1/as-images.apple.com/is/iphone-15-finish-select-202309-6-1inch-green?wid=2560&hei=2560&fmt=jpeg&qlt=95,https://store.storeimages.cdn-apple.com/1/as-images.apple.com/is/iphone-15-finish-select-202309-6-1inch-green?wid=2048&hei=2048&fmt=png-alpha,data/images/iphone/iphone-15/green.jpg,data/images/iphone/iphone-15/green/hero.png,https://www.apple.com/th/shop/buy-iphone/iphone-15,https://www.apple.com/th/iphone-15/specs/,https://www.apple.com/th/iphone-15/
TH-IPHONE15PLUS-BLUE-128GB-CD97,TH-IPHONE15PLUS-BLUE-128GB-CD97,iphone-15-plus,iPhone 15 Plus,iphone,iphone-15,iPhone 15,iPhone 15 Plus 128GB สีฟ้า (Blue),blue,ฟ้า,Blue,#3E536B,128GB,"6.7""","5G, Wi-Fi 6, Bluetooth 5.3, Ultra Wideband 2, USB-C","ชิป A16 Bionic พร้อม CPU แบบ 6-core, GPU แบบ 5-core และ Neural Engine แบบ 16-core",160.9 x 77.8 x 7.80 มม.,201 กรัม,"จอภาพ Super Retina XDR OLED ขนาด 6.7 นิ้ว, ความละเอียด 2796 x 1290 พิกเซลที่ 460 ppi, Dynamic Island","ระบบกล้องคู่: กล้องหลัก 48MP + กล้อง Ultra Wide 12MP, ซูมแบบออปติคัล 2 เท่า","การเล่นวิดีโอนานสูงสุด 26 ชั่วโมง, การเล่นเสียงนานสูงสุด 100 ชั่วโมง","iPhone 15 Plus พร้อม iOS, สายชาร์จ USB-C (1 ม.), เอกสารประกอบ",กระจกแต่งสีด้านหลังและกรอบอะลูมิเนียม,29900,"฿29,900",https://store.storeimages.cdn-apple.com/1/as-images.apple.com/is/iphone-15-finish-select-202309-6-1inch-blue?wid=2560&hei=2560&fmt=jpeg&qlt=95,https://store.storeimages.cdn-apple.com/1/as-images.apple.com/is/iphone-15-finish-select-202309-6-1inch-blue?wid=2048&hei=2048&fmt=png-alpha,data/images/iphone/iphone-15/blue.jpg,data/images/iphone/iphone-15/blue/hero.png,https://www.apple.com/th/shop/buy-iphone/iphone-15,https://www.apple.com/th/iphone-15/specs/,https://www.apple.com/th/iphone-15/
TH-IPHONE15PLUS-BLUE-256GB-31F1,TH-IPHONE15PLUS-BLUE-256GB-31F1,iphone-15-plus,iPhone 15 Plus,iphone,iphone-15,iPhone 15,iPhone 15 Plus 256GB สีฟ้า (Blue),blue,ฟ้า,Blue,#3E536B,256GB,"6.7""","5G, Wi-Fi 6, Bluetooth 5.3, Ultra Wideband 2, USB-C","ชิป A16 Bionic พร้อม CPU แบบ 6-core, GPU แบบ 5-core และ Neural Engine แบบ 16-core",160.9 x 77.8 x 7.80 มม.,201 กรัม,"จอภาพ Super Retina XDR OLED ขนาด 6.7 นิ้ว, ความละเอียด 2796 x 1290 พิกเซลที่ 460 ppi, Dynamic Island","ระบบกล้องคู่: กล้องหลัก 48MP + กล้อง Ultra Wide 12MP, ซูมแบบออปติคัล 2 เท่า","การเล่นวิดีโอนานสูงสุด 26 ชั่วโมง, การเล่นเสียงนานสูงสุด 100 ชั่วโมง","iPhone 15 Plus พร้อม iOS, สายชาร์จ USB-C (1 ม.), เอกสารประกอบ",กระจกแต่งสีด้านหลังและกรอบอะลูมิเนียม,33900,"฿33,900",https://store.storeimages.cdn-apple.com/1/as-images.apple.com/is/iphone-15-finish-select-202309-6-1inch-blue?wid=2560&hei=2560&fmt=jpeg&qlt=95,https://store.storeimages.cdn-apple.com/1/as-images.apple.com/is/iphone-15-finish-select-202309-6-1inch-blue?wid=2048&hei=2048&fmt=png-alpha,data/images/iphone/iphone-15/blue.jpg,data/images/iphone/iphone-15/blue/hero.png,https://www.apple.com/th/shop/buy-iphone/iphone-15,https://www.apple.com/th/iphone-15/specs/,https://www.apple.com/th/iphone-15/
TH-IPHONE15PLUS-BLUE-512GB-640A,TH-IPHONE15PLUS-BLUE-512GB-640A,iphone-15-plus,iPhone 15 Plus,iphone,iphone-15,iPhone 15,iPhone 15 Plus 512GB สีฟ้า (Blue),blue,ฟ้า,Blue,#3E536B,512GB,"6.7""","5G, Wi-Fi 6, Bluetooth 5.3, Ultra Wideband 2, USB-C","ชิป A16 Bionic พร้อม CPU แบบ 6-core, GPU แบบ 5-core และ Neural Engine แบบ 16-core",160.9 x 77.8 x 7.80 มม.,201 กรัม,"จอภาพ Super Retina XDR OLED ขนาด 6.7 นิ้ว, ความละเอียด 2796 x 1290 พิกเซลที่ 460 ppi, Dynamic Island","ระบบกล้องคู่: กล้องหลัก 48MP + กล้อง Ultra Wide 12MP, ซูมแบบออปติคัล 2 เท่า","การเล่นวิดีโอนานสูงสุด 26 ชั่วโมง, การเล่นเสียงนานสูงสุด 100 ชั่วโมง","iPhone 15 Plus พร้อม iOS, สายชาร์จ USB-C (1 ม.), เอกสารประกอบ",กระจกแต่งสีด้านหลังและกรอบอะลูมิเนียม,41900,"฿41,900",https://store.storeimages.cdn-apple.com/1/as-images.apple.com/is/iphone-15-finish-select-202309-6-1inch-blue?wid=2560&hei=2560&fmt=jpeg&qlt=95,https://store.storeimages.cdn-apple.com/1/as-images.apple.com/is/iphone-15-finish-select-202309-6-1inch-blue?wid=2048&hei=2048&fmt=png-alpha,data/images/iphone/iphone-15/blue.jpg,data/images/iphone/iphone-15/blue/hero.png,https://www.apple.com/th/shop/buy-iphone/iphone-15,https://www.apple.com/th/iphone-15/specs/,https://www.apple.com/th/iphone-15/
TH-IPHONE15PLUS-BLACK-128GB-7B03,TH-IPHONE15PLUS-BLACK-128GB-7B03,iphone-15-plus,iPhone 15 Plus,iphone,iphone-15,iPhone 15,iPhone 15 Plus 128GB สีดำ (Black),black,ดำ,Black,#1F2022,128GB,"6.7""","5G, Wi-Fi 6, Bluetooth 5.3, Ultra Wideband 2, USB-C","ชิป A16 Bionic พร้อม CPU แบบ 6-core, GPU แบบ 5-core และ Neural Engine แบบ 16-core",160.9 x 77.8 x 7.80 มม.,201 กรัม,"จอภาพ Super Retina XDR OLED ขนาด 6.7 นิ้ว, ความละเอียด 2796 x 1290 พิกเซลที่ 460 ppi, Dynamic Island","ระบบกล้องคู่: กล้องหลัก 48MP + กล้อง Ultra Wide 12MP, ซูมแบบออปติคัล 2 เท่า","การเล่นวิดีโอนานสูงสุด 26 ชั่วโมง, การเล่นเสียงนานสูงสุด 100 ชั่วโมง","iPhone 15 Plus พร้อม iOS, สายชาร์จ USB-C (1 ม.), เอกสารประกอบ",กระจกแต่งสีด้านหลังและกรอบอะลูมิเนียม,29900,"฿29,900",https://store.storeimages.cdn-apple.com/1/as-images.apple.com/is/iphone-15-finish-select-202309-6-1inch-black?wid=2560&hei=2560&fmt=jpeg&qlt=95,https://store.storeimages.cdn-apple.com/1/as-images.apple.com/is/iphone-15-finish-select-202309-6-1inch-black?wid=2048&hei=2048&fmt=png-alpha,data/images/iphone/iphone-15/black.jpg,data/images/iphone/iphone-15/black/hero.png,https://www.apple.com/th/shop/buy-iphone/iphone-15,https://www.apple.com/th/iphone-15/specs/,https://www.apple.com/th/iphone-15/
TH-IPHONE15PLUS-BLACK-256GB-97CB,TH-IPHONE15PLUS-BLACK-256GB-97CB,iphone-15-plus,iPhone 15 Plus,iphone,iphone-15,iPhone 15,iPhone 15 Plus 256GB สีดำ (Black),black,ดำ,Black,#1F2022,256GB,"6.7""","5G, Wi-Fi 6, Bluetooth 5.3, Ultra Wideband 2, USB-C","ชิป A16 Bionic พร้อม CPU แบบ 6-core, GPU แบบ 5-core และ Neural Engine แบบ 16-core",160.9 x 77.8 x 7.80 มม.,201 กรัม,"จอภาพ Super Retina XDR OLED ขนาด 6.7 นิ้ว, ความละเอียด 2796 x 1290 พิกเซลที่ 460 ppi, Dynamic Island","ระบบกล้องคู่: กล้องหลัก 48MP + กล้อง Ultra Wide 12MP, ซูมแบบออปติคัล 2 เท่า","การเล่นวิดีโอนานสูงสุด 26 ชั่วโมง, การเล่นเสียงนานสูงสุด 100 ชั่วโมง","iPhone 15 Plus พร้อม iOS, สายชาร์จ USB-C (1 ม.), เอกสารประกอบ",กระจกแต่งสีด้านหลังและกรอบอะลูมิเนียม,33900,"฿33,900",https://store.storeimages.cdn-apple.com/1/as-images.apple.com/is/iphone-15-finish-select-202309-6-1inch-black?wid=2560&hei=2560&fmt=jpeg&qlt=95,https://store.storeimages.cdn-apple.com/1/as-images.apple.com/is/iphone-15-finish-select-202309-6-1inch-black?wid=2048&hei=2048&fmt=png-alpha,data/images/iphone/iphone-15/black.jpg,data/images/iphone/iphone-15/black/hero.png,https://www.apple.com/th/shop/buy-iphone/iphone-15,https://www.apple.com/th/iphone-15/specs/,https://www.apple.com/th/iphone-15/
TH-IPHONE15PLUS-BLACK-512GB-9E4A,TH-IPHONE15PLUS-BLACK-512GB-9E4A,iphone-15-plus,iPhone 15 Plus,iphone,iphone-15,iPhone 15,iPhone 15 Plus 512GB สีดำ (Black),black,ดำ,Black,#1F2022,512GB,"6.7""","5G, Wi-Fi 6, Bluetooth 5.3, Ultra Wideband 2, USB-C","ชิป A16 Bionic พร้อม CPU แบบ 6-core, GPU แบบ 5-core และ Neural Engine แบบ 16-core",160.9 x 77.8 x 7.80 มม.,201 กรัม,"จอภาพ Super Retina XDR OLED ขนาด 6.7 นิ้ว, ความละเอียด 2796 x 1290 พิกเซลที่ 460 ppi, Dynamic Island","ระบบกล้องคู่: กล้องหลัก 48MP + กล้อง Ultra Wide 12MP, ซูมแบบออปติคัล 2 เท่า","การเล่นวิดีโอนานสูงสุด 26 ชั่วโมง, การเล่นเสียงนานสูงสุด 100 ชั่วโมง","iPhone 15 Plus พร้อม iOS, สายชาร์จ USB-C (1 ม.), เอกสารประกอบ",กระจกแต่งสีด้านหลังและกรอบอะลูมิเนียม,41900,"฿41,900",https://store.storeimages.cdn-apple.com/1/as-images.apple.com/is/iphone-15-finish-select-202309-6-1inch-black?wid=2560&hei=2560&fmt=jpeg&qlt=95,https://store.storeimages.cdn-apple.com/1/as-images.apple.com/is/iphone-15-finish-select-202309-6-1inch-black?wid=2048&hei=2048&fmt=png-alpha,data/images/iphone/iphone-15/black.jpg,data/images/iphone/iphone-15/black/hero.png,https://www.apple.com/th/shop/buy-iphone/iphone-15,https://www.apple.com/th/iphone-15/specs/,https://www.apple.com/th/iphone-15/
TH-IPHONE14-BLUE-128GB-B7D1,TH-IPHONE14-BLUE-128GB-B7D1,iphone-14,iPhone 14,iphone,iphone-14,iPhone 14,iPhone 14 128GB สีฟ้า (Blue),blue,ฟ้า,Blue,#3E536B,128GB,"6.1""","5G, Wi-Fi 6, Bluetooth 5.3, พอร์ต Lightning","ชิป A15 Bionic พร้อม CPU แบบ 6-core, GPU แบบ 5-core และ Neural Engine แบบ 16-core",146.7 x 71.5 x 7.80 มม.,172 กรัม,"จอภาพ Super Retina XDR OLED ขนาด 6.1 นิ้ว, ความละเอียด 2532 x 1170 พิกเซลที่ 460 ppi","ระบบกล้องคู่: กล้องหลัก 12MP (26 มม., ƒ/1.5) + กล้อง Ultra Wide 12MP (13 มม., ƒ/2.4), โหมดแอ็คชั่นและโหมดภาพยนตร์","การเล่นวิดีโอนานสูงสุด 20 ชั่วโมง, ชาร์จเร็ว 50% ใน 30 นาที","iPhone 14 พร้อม iOS, สาย USB-C เป็น Lightning (1 ม.), เอกสารประกอบ","ด้านหน้าแบบ Ceramic Shield, ด้านหลังแบบกระจก และอะลูมิเนียม",22900,"฿22,900",https://store.storeimages.cdn-apple.com/1/as-images.apple.com/is/iphone-14-finish-select-202209-6-1inch-blue?wid=2560&hei=2560&fmt=jpeg&qlt=95,https://store.storeimages.cdn-apple.com/1/as-images.apple.com/is/iphone-14-finish-select-202209-6-1inch-blue?wid=2048&hei=2048&fmt=png-alpha,data/images/iphone/iphone-14/blue.jpg,data/images/iphone/iphone-14/blue/hero.png,https://www.apple.com/th/shop/buy-iphone/iphone-14,https://www.apple.com/th/iphone-14/specs/,https://www.apple.com/th/iphone-14/
TH-IPHONE14-BLUE-256GB-7280,TH-IPHONE14-BLUE-256GB-7280,iphone-14,iPhone 14,iphone,iphone-14,iPhone 14,iPhone 14 256GB สีฟ้า (Blue),blue,ฟ้า,Blue,#3E536B,256GB,"6.1""","5G, Wi-Fi 6, Bluetooth 5.3, พอร์ต Lightning","ชิป A15 Bionic พร้อม CPU แบบ 6-core, GPU แบบ 5-core และ Neural Engine แบบ 16-core",146.7 x 71.5 x 7.80 มม.,172 กรัม,"จอภาพ Super Retina XDR OLED ขนาด 6.1 นิ้ว, ความละเอียด 2532 x 1170 พิกเซลที่ 460 ppi","ระบบกล้องคู่: กล้องหลัก 12MP (26 มม., ƒ/1.5) + กล้อง Ultra Wide 12MP (13 มม., ƒ/2.4), โหมดแอ็คชั่นและโหมดภาพยนตร์","การเล่นวิดีโอนานสูงสุด 20 ชั่วโมง, ชาร์จเร็ว 50% ใน 30 นาที","iPhone 14 พร้อม iOS, สาย USB-C เป็น Lightning (1 ม.), เอกสารประกอบ","ด้านหน้าแบบ Ceramic Shield, ด้านหลังแบบกระจก และอะลูมิเนียม",26900,"฿26,900",https://store.storeimages.cdn-apple.com/1/as-images.apple.com/is/iphone-14-finish-select-202209-6-1inch-blue?wid=2560&hei=2560&fmt=jpeg&qlt=95,https://store.storeimages.cdn-apple.com/1/as-images.apple.com/is/iphone-14-finish-select-202209-6-1inch-blue?wid=2048&hei=2048&fmt=png-alpha,data/images/iphone/iphone-14/blue.jpg,data/images/iphone/iphone-14/blue/hero.png,https://www.apple.com/th/shop/buy-iphone/iphone-14,https://www.apple.com/th/iphone-14/specs/,https://www.apple.com/th/iphone-14/
TH-IPHONE14-PURPLE-128GB-359B,TH-IPHONE14-PURPLE-128GB-359B,iphone-14,iPhone 14,iphone,iphone-14,iPhone 14,iPhone 14 128GB สีม่วง (Purple),purple,ม่วง,Purple,#D1CDDA,128GB,"6.1""","5G, Wi-Fi 6, Bluetooth 5.3, พอร์ต Lightning","ชิป A15 Bionic พร้อม CPU แบบ 6-core, GPU แบบ 5-core และ Neural Engine แบบ 16-core",146.7 x 71.5 x 7.80 มม.,172 กรัม,"จอภาพ Super Retina XDR OLED ขนาด 6.1 นิ้ว, ความละเอียด 2532 x 1170 พิกเซลที่ 460 ppi","ระบบกล้องคู่: กล้องหลัก 12MP (26 มม., ƒ/1.5) + กล้อง Ultra Wide 12MP (13 มม., ƒ/2.4), โหมดแอ็คชั่นและโหมดภาพยนตร์","การเล่นวิดีโอนานสูงสุด 20 ชั่วโมง, ชาร์จเร็ว 50% ใน 30 นาที","iPhone 14 พร้อม iOS, สาย USB-C เป็น Lightning (1 ม.), เอกสารประกอบ","ด้านหน้าแบบ Ceramic Shield, ด้านหลังแบบกระจก และอะลูมิเนียม",22900,"฿22,900",https://store.storeimages.cdn-apple.com/1/as-images.apple.com/is/iphone-14-finish-select-202209-6-1inch-purple?wid=2560&hei=2560&fmt=jpeg&qlt=95,https://store.storeimages.cdn-apple.com/1/as-images.apple.com/is/iphone-14-finish-select-202209-6-1inch-purple?wid=2048&hei=2048&fmt=png-alpha,data/images/iphone/iphone-14/purple.jpg,data/images/iphone/iphone-14/purple/hero.png,https://www.apple.com/th/shop/buy-iphone/iphone-14,https://www.apple.com/th/iphone-14/specs/,https://www.apple.com/th/iphone-14/
TH-IPHONE14-PURPLE-256GB-28F4,TH-IPHONE14-PURPLE-256GB-28F4,iphone-14,iPhone 14,iphone,iphone-14,iPhone 14,iPhone 14 256GB สีม่วง (Purple),purple,ม่วง,Purple,#D1CDDA,256GB,"6.1""","5G, Wi-Fi 6, Bluetooth 5.3, พอร์ต Lightning","ชิป A15 Bionic พร้อม CPU แบบ 6-core, GPU แบบ 5-core และ Neural Engine แบบ 16-core",146.7 x 71.5 x 7.80 มม.,172 กรัม,"จอภาพ Super Retina XDR OLED ขนาด 6.1 นิ้ว, ความละเอียด 2532 x 1170 พิกเซลที่ 460 ppi","ระบบกล้องคู่: กล้องหลัก 12MP (26 มม., ƒ/1.5) + กล้อง Ultra Wide 12MP (13 มม., ƒ/2.4), โหมดแอ็คชั่นและโหมดภาพยนตร์","การเล่นวิดีโอนานสูงสุด 20 ชั่วโมง, ชาร์จเร็ว 50% ใน 30 นาที","iPhone 14 พร้อม iOS, สาย USB-C เป็น Lightning (1 ม.), เอกสารประกอบ","ด้านหน้าแบบ Ceramic Shield, ด้านหลังแบบกระจก และอะลูมิเนียม",26900,"฿26,900",https://store.storeimages.cdn-apple.com/1/as-images.apple.com/is/iphone-14-finish-select-202209-6-1inch-purple?wid=2560&hei=2560&fmt=jpeg&qlt=95,https://store.storeimages.cdn-apple.com/1/as-images.apple.com/is/iphone-14-finish-select-202209-6-1inch-purple?wid=2048&hei=2048&fmt=png-alpha,data/images/iphone/iphone-14/purple.jpg,data/images/iphone/iphone-14/purple/hero.png,https://www.apple.com/th/shop/buy-iphone/iphone-14,https://www.apple.com/th/iphone-14/specs/,https://www.apple.com/th/iphone-14/
TH-IPHONE14-MIDNIGHT-128GB-8D86,TH-IPHONE14-MIDNIGHT-128GB-8D86,iphone-14,iPhone 14,iphone,iphone-14,iPhone 14,iPhone 14 128GB สีมิดไนท์ (Midnight),midnight,มิดไนท์,Midnight,#1E222A,128GB,"6.1""","5G, Wi-Fi 6, Bluetooth 5.3, พอร์ต Lightning","ชิป A15 Bionic พร้อม CPU แบบ 6-core, GPU แบบ 5-core และ Neural Engine แบบ 16-core",146.7 x 71.5 x 7.80 มม.,172 กรัม,"จอภาพ Super Retina XDR OLED ขนาด 6.1 นิ้ว, ความละเอียด 2532 x 1170 พิกเซลที่ 460 ppi","ระบบกล้องคู่: กล้องหลัก 12MP (26 มม., ƒ/1.5) + กล้อง Ultra Wide 12MP (13 มม., ƒ/2.4), โหมดแอ็คชั่นและโหมดภาพยนตร์","การเล่นวิดีโอนานสูงสุด 20 ชั่วโมง, ชาร์จเร็ว 50% ใน 30 นาที","iPhone 14 พร้อม iOS, สาย USB-C เป็น Lightning (1 ม.), เอกสารประกอบ","ด้านหน้าแบบ Ceramic Shield, ด้านหลังแบบกระจก และอะลูมิเนียม",22900,"฿22,900",https://store.storeimages.cdn-apple.com/1/as-images.apple.com/is/iphone-14-finish-select-202209-6-1inch-midnight?wid=2560&hei=2560&fmt=jpeg&qlt=95,https://store.storeimages.cdn-apple.com/1/as-images.apple.com/is/iphone-14-finish-select-202209-6-1inch-midnight?wid=2048&hei=2048&fmt=png-alpha,data/images/iphone/iphone-14/midnight.jpg,data/images/iphone/iphone-14/midnight/hero.png,https://www.apple.com/th/shop/buy-iphone/iphone-14,https://www.apple.com/th/iphone-14/specs/,https://www.apple.com/th/iphone-14/
TH-IPHONE14-MIDNIGHT-256GB-F891,TH-IPHONE14-MIDNIGHT-256GB-F891,iphone-14,iPhone 14,iphone,iphone-14,iPhone 14,iPhone 14 256GB สีมิดไนท์ (Midnight),midnight,มิดไนท์,Midnight,#1E222A,256GB,"6.1""","5G, Wi-Fi 6, Bluetooth 5.3, พอร์ต Lightning","ชิป A15 Bionic พร้อม CPU แบบ 6-core, GPU แบบ 5-core และ Neural Engine แบบ 16-core",146.7 x 71.5 x 7.80 มม.,172 กรัม,"จอภาพ Super Retina XDR OLED ขนาด 6.1 นิ้ว, ความละเอียด 2532 x 1170 พิกเซลที่ 460 ppi","ระบบกล้องคู่: กล้องหลัก 12MP (26 มม., ƒ/1.5) + กล้อง Ultra Wide 12MP (13 มม., ƒ/2.4), โหมดแอ็คชั่นและโหมดภาพยนตร์","การเล่นวิดีโอนานสูงสุด 20 ชั่วโมง, ชาร์จเร็ว 50% ใน 30 นาที","iPhone 14 พร้อม iOS, สาย USB-C เป็น Lightning (1 ม.), เอกสารประกอบ","ด้านหน้าแบบ Ceramic Shield, ด้านหลังแบบกระจก และอะลูมิเนียม",26900,"฿26,900",https://store.storeimages.cdn-apple.com/1/as-images.apple.com/is/iphone-14-finish-select-202209-6-1inch-midnight?wid=2560&hei=2560&fmt=jpeg&qlt=95,https://store.storeimages.cdn-apple.com/1/as-images.apple.com/is/iphone-14-finish-select-202209-6-1inch-midnight?wid=2048&hei=2048&fmt=png-alpha,data/images/iphone/iphone-14/midnight.jpg,data/images/iphone/iphone-14/midnight/hero.png,https://www.apple.com/th/shop/buy-iphone/iphone-14,https://www.apple.com/th/iphone-14/specs/,https://www.apple.com/th/iphone-14/
TH-IPHONE14-STARLIGHT-128GB-2FA4,TH-IPHONE14-STARLIGHT-128GB-2FA4,iphone-14,iPhone 14,iphone,iphone-14,iPhone 14,iPhone 14 128GB สีสตาร์ไลท์ (Starlight),starlight,สตาร์ไลท์,Starlight,#F0ECE1,128GB,"6.1""","5G, Wi-Fi 6, Bluetooth 5.3, พอร์ต Lightning","ชิป A15 Bionic พร้อม CPU แบบ 6-core, GPU แบบ 5-core และ Neural Engine แบบ 16-core",146.7 x 71.5 x 7.80 มม.,172 กรัม,"จอภาพ Super Retina XDR OLED ขนาด 6.1 นิ้ว, ความละเอียด 2532 x 1170 พิกเซลที่ 460 ppi","ระบบกล้องคู่: กล้องหลัก 12MP (26 มม., ƒ/1.5) + กล้อง Ultra Wide 12MP (13 มม., ƒ/2.4), โหมดแอ็คชั่นและโหมดภาพยนตร์","การเล่นวิดีโอนานสูงสุด 20 ชั่วโมง, ชาร์จเร็ว 50% ใน 30 นาที","iPhone 14 พร้อม iOS, สาย USB-C เป็น Lightning (1 ม.), เอกสารประกอบ","ด้านหน้าแบบ Ceramic Shield, ด้านหลังแบบกระจก และอะลูมิเนียม",22900,"฿22,900",https://store.storeimages.cdn-apple.com/1/as-images.apple.com/is/iphone-14-finish-select-202209-6-1inch-starlight?wid=2560&hei=2560&fmt=jpeg&qlt=95,https://store.storeimages.cdn-apple.com/1/as-images.apple.com/is/iphone-14-finish-select-202209-6-1inch-starlight?wid=2048&hei=2048&fmt=png-alpha,data/images/iphone/iphone-14/starlight.jpg,data/images/iphone/iphone-14/starlight/hero.png,https://www.apple.com/th/shop/buy-iphone/iphone-14,https://www.apple.com/th/iphone-14/specs/,https://www.apple.com/th/iphone-14/
TH-IPHONE14-STARLIGHT-256GB-3984,TH-IPHONE14-STARLIGHT-256GB-3984,iphone-14,iPhone 14,iphone,iphone-14,iPhone 14,iPhone 14 256GB สีสตาร์ไลท์ (Starlight),starlight,สตาร์ไลท์,Starlight,#F0ECE1,256GB,"6.1""","5G, Wi-Fi 6, Bluetooth 5.3, พอร์ต Lightning","ชิป A15 Bionic พร้อม CPU แบบ 6-core, GPU แบบ 5-core และ Neural Engine แบบ 16-core",146.7 x 71.5 x 7.80 มม.,172 กรัม,"จอภาพ Super Retina XDR OLED ขนาด 6.1 นิ้ว, ความละเอียด 2532 x 1170 พิกเซลที่ 460 ppi","ระบบกล้องคู่: กล้องหลัก 12MP (26 มม., ƒ/1.5) + กล้อง Ultra Wide 12MP (13 มม., ƒ/2.4), โหมดแอ็คชั่นและโหมดภาพยนตร์","การเล่นวิดีโอนานสูงสุด 20 ชั่วโมง, ชาร์จเร็ว 50% ใน 30 นาที","iPhone 14 พร้อม iOS, สาย USB-C เป็น Lightning (1 ม.), เอกสารประกอบ","ด้านหน้าแบบ Ceramic Shield, ด้านหลังแบบกระจก และอะลูมิเนียม",26900,"฿26,900",https://store.storeimages.cdn-apple.com/1/as-images.apple.com/is/iphone-14-finish-select-202209-6-1inch-starlight?wid=2560&hei=2560&fmt=jpeg&qlt=95,https://store.storeimages.cdn-apple.com/1/as-images.apple.com/is/iphone-14-finish-select-202209-6-1inch-starlight?wid=2048&hei=2048&fmt=png-alpha,data/images/iphone/iphone-14/starlight.jpg,data/images/iphone/iphone-14/starlight/hero.png,https://www.apple.com/th/shop/buy-iphone/iphone-14,https://www.apple.com/th/iphone-14/specs/,https://www.apple.com/th/iphone-14/
TH-IPHONESE3-MIDNIGHT-64GB-609B,TH-IPHONESE3-MIDNIGHT-64GB-609B,iphone-se-3,iPhone SE (รุ่นที่ 3),iphone,iphone-se,iPhone SE,iPhone SE (รุ่นที่ 3) 64GB สีมิดไนท์ (Midnight),midnight,มิดไนท์,Midnight,#1E222A,64GB,"4.7""","5G, Wi-Fi 6, Bluetooth 5.0, พอร์ต Lightning","ชิป A15 Bionic พร้อม CPU แบบ 6-core, GPU แบบ 4-core และ Neural Engine แบบ 16-core",138.4 x 67.3 x 7.3 มม.,144 กรัม,"จอภาพ Retina HD LCD ขนาด 4.7 นิ้ว, ความละเอียด 1334 x 750 พิกเซลที่ 326 ppi, ปุ่มโฮมพร้อม Touch ID","กล้องไวด์ 12MP (ƒ/1.8), HDR อัจฉริยะ 4, วิดีโอ 4K สูงสุด 60 fps","การเล่นวิดีโอนานสูงสุด 15 ชั่วโมง, ชาร์จเร็ว 50% ใน 30 นาที","iPhone SE พร้อม iOS, สาย USB-C เป็น Lightning (1 ม.), เอกสารประกอบ",ดีไซน์กระจกและอะลูมิเนียม,17900,"฿17,900",https://store.storeimages.cdn-apple.com/1/as-images.apple.com/is/iphone-se-finish-select-202207-midnight?wid=2560&hei=2560&fmt=jpeg&qlt=95,https://store.storeimages.cdn-apple.com/1/as-images.apple.com/is/iphone-se-finish-select-202207-midnight?wid=2048&hei=2048&fmt=png-alpha,data/images/iphone/iphone-se/midnight.jpg,data/images/iphone/iphone-se/midnight/hero.png,https://www.apple.com/th/shop/buy-iphone/iphone-se,https://www.apple.com/th/iphone-se/specs/,https://www.apple.com/th/iphone-se/
TH-IPHONESE3-MIDNIGHT-128GB-E26A,TH-IPHONESE3-MIDNIGHT-128GB-E26A,iphone-se-3,iPhone SE (รุ่นที่ 3),iphone,iphone-se,iPhone SE,iPhone SE (รุ่นที่ 3) 128GB สีมิดไนท์ (Midnight),midnight,มิดไนท์,Midnight,#1E222A,128GB,"4.7""","5G, Wi-Fi 6, Bluetooth 5.0, พอร์ต Lightning","ชิป A15 Bionic พร้อม CPU แบบ 6-core, GPU แบบ 4-core และ Neural Engine แบบ 16-core",138.4 x 67.3 x 7.3 มม.,144 กรัม,"จอภาพ Retina HD LCD ขนาด 4.7 นิ้ว, ความละเอียด 1334 x 750 พิกเซลที่ 326 ppi, ปุ่มโฮมพร้อม Touch ID","กล้องไวด์ 12MP (ƒ/1.8), HDR อัจฉริยะ 4, วิดีโอ 4K สูงสุด 60 fps","การเล่นวิดีโอนานสูงสุด 15 ชั่วโมง, ชาร์จเร็ว 50% ใน 30 นาที","iPhone SE พร้อม iOS, สาย USB-C เป็น Lightning (1 ม.), เอกสารประกอบ",ดีไซน์กระจกและอะลูมิเนียม,19900,"฿19,900",https://store.storeimages.cdn-apple.com/1/as-images.apple.com/is/iphone-se-finish-select-202207-midnight?wid=2560&hei=2560&fmt=jpeg&qlt=95,https://store.storeimages.cdn-apple.com/1/as-images.apple.com/is/iphone-se-finish-select-202207-midnight?wid=2048&hei=2048&fmt=png-alpha,data/images/iphone/iphone-se/midnight.jpg,data/images/iphone/iphone-se/midnight/hero.png,https://www.apple.com/th/shop/buy-iphone/iphone-se,https://www.apple.com/th/iphone-se/specs/,https://www.apple.com/th/iphone-se/
TH-IPHONESE3-MIDNIGHT-256GB-1DFE,TH-IPHONESE3-MIDNIGHT-256GB-1DFE,iphone-se-3,iPhone SE (รุ่นที่ 3),iphone,iphone-se,iPhone SE,iPhone SE (รุ่นที่ 3) 256GB สีมิดไนท์ (Midnight),midnight,มิดไนท์,Midnight,#1E222A,256GB,"4.7""","5G, Wi-Fi 6, Bluetooth 5.0, พอร์ต Lightning","ชิป A15 Bionic พร้อม CPU แบบ 6-core, GPU แบบ 4-core และ Neural Engine แบบ 16-core",138.4 x 67.3 x 7.3 มม.,144 กรัม,"จอภาพ Retina HD LCD ขนาด 4.7 นิ้ว, ความละเอียด 1334 x 750 พิกเซลที่ 326 ppi, ปุ่มโฮมพร้อม Touch ID","กล้องไวด์ 12MP (ƒ/1.8), HDR อัจฉริยะ 4, วิดีโอ 4K สูงสุด 60 fps","การเล่นวิดีโอนานสูงสุด 15 ชั่วโมง, ชาร์จเร็ว 50% ใน 30 นาที","iPhone SE พร้อม iOS, สาย USB-C เป็น Lightning (1 ม.), เอกสารประกอบ",ดีไซน์กระจกและอะลูมิเนียม,23900,"฿23,900",https://store.storeimages.cdn-apple.com/1/as-images.apple.com/is/iphone-se-finish-select-202207-midnight?wid=2560&hei=2560&fmt=jpeg&qlt=95,https://store.storeimages.cdn-apple.com/1/as-images.apple.com/is/iphone-se-finish-select-202207-midnight?wid=2048&hei=2048&fmt=png-alpha,data/images/iphone/iphone-se/midnight.jpg,data/images/iphone/iphone-se/midnight/hero.png,https://www.apple.com/th/shop/buy-iphone/iphone-se,https://www.apple.com/th/iphone-se/specs/,https://www.apple.com/th/iphone-se/
TH-IPHONESE3-STARLIGHT-64GB-D2D6,TH-IPHONESE3-STARLIGHT-64GB-D2D6,iphone-se-3,iPhone SE (รุ่นที่ 3),iphone,iphone-se,iPhone SE,iPhone SE (รุ่นที่ 3) 64GB สีสตาร์ไลท์ (Starlight),starlight,สตาร์ไลท์,Starlight,#F0ECE1,64GB,"4.7""","5G, Wi-Fi 6, Bluetooth 5.0, พอร์ต Lightning","ชิป A15 Bionic พร้อม CPU แบบ 6-core, GPU แบบ 4-core และ Neural Engine แบบ 16-core",138.4 x 67.3 x 7.3 มม.,144 กรัม,"จอภาพ Retina HD LCD ขนาด 4.7 นิ้ว, ความละเอียด 1334 x 750 พิกเซลที่ 326 ppi, ปุ่มโฮมพร้อม Touch ID","กล้องไวด์ 12MP (ƒ/1.8), HDR อัจฉริยะ 4, วิดีโอ 4K สูงสุด 60 fps","การเล่นวิดีโอนานสูงสุด 15 ชั่วโมง, ชาร์จเร็ว 50% ใน 30 นาที","iPhone SE พร้อม iOS, สาย USB-C เป็น Lightning (1 ม.), เอกสารประกอบ",ดีไซน์กระจกและอะลูมิเนียม,17900,"฿17,900",https://store.storeimages.cdn-apple.com/1/as-images.apple.com/is/iphone-se-finish-select-202207-starlight?wid=2560&hei=2560&fmt=jpeg&qlt=95,https://store.storeimages.cdn-apple.com/1/as-images.apple.com/is/iphone-se-finish-select-202207-starlight?wid=2048&hei=2048&fmt=png-alpha,data/images/iphone/iphone-se/starlight.jpg,data/images/iphone/iphone-se/starlight/hero.png,https://www.apple.com/th/shop/buy-iphone/iphone-se,https://www.apple.com/th/iphone-se/specs/,https://www.apple.com/th/iphone-se/
TH-IPHONESE3-STARLIGHT-128GB-8F80,TH-IPHONESE3-STARLIGHT-128GB-8F80,iphone-se-3,iPhone SE (รุ่นที่ 3),iphone,iphone-se,iPhone SE,iPhone SE (รุ่นที่ 3) 128GB สีสตาร์ไลท์ (Starlight),starlight,สตาร์ไลท์,Starlight,#F0ECE1,128GB,"4.7""","5G, Wi-Fi 6, Bluetooth 5.0, พอร์ต Lightning","ชิป A15 Bionic พร้อม CPU แบบ 6-core, GPU แบบ 4-core และ Neural Engine แบบ 16-core",138.4 x 67.3 x 7.3 มม.,144 กรัม,"จอภาพ Retina HD LCD ขนาด 4.7 นิ้ว, ความละเอียด 1334 x 750 พิกเซลที่ 326 ppi, ปุ่มโฮมพร้อม Touch ID","กล้องไวด์ 12MP (ƒ/1.8), HDR อัจฉริยะ 4, วิดีโอ 4K สูงสุด 60 fps","การเล่นวิดีโอนานสูงสุด 15 ชั่วโมง, ชาร์จเร็ว 50% ใน 30 นาที","iPhone SE พร้อม iOS, สาย USB-C เป็น Lightning (1 ม.), เอกสารประกอบ",ดีไซน์กระจกและอะลูมิเนียม,19900,"฿19,900",https://store.storeimages.cdn-apple.com/1/as-images.apple.com/is/iphone-se-finish-select-202207-starlight?wid=2560&hei=2560&fmt=jpeg&qlt=95,https://store.storeimages.cdn-apple.com/1/as-images.apple.com/is/iphone-se-finish-select-202207-starlight?wid=2048&hei=2048&fmt=png-alpha,data/images/iphone/iphone-se/starlight.jpg,data/images/iphone/iphone-se/starlight/hero.png,https://www.apple.com/th/shop/buy-iphone/iphone-se,https://www.apple.com/th/iphone-se/specs/,https://www.apple.com/th/iphone-se/
TH-IPHONESE3-STARLIGHT-256GB-0E4A,TH-IPHONESE3-STARLIGHT-256GB-0E4A,iphone-se-3,iPhone SE (รุ่นที่ 3),iphone,iphone-se,iPhone SE,iPhone SE (รุ่นที่ 3) 256GB สีสตาร์ไลท์ (Starlight),starlight,สตาร์ไลท์,Starlight,#F0ECE1,256GB,"4.7""","5G, Wi-Fi 6, Bluetooth 5.0, พอร์ต Lightning","ชิป A15 Bionic พร้อม CPU แบบ 6-core, GPU แบบ 4-core และ Neural Engine แบบ 16-core",138.4 x 67.3 x 7.3 มม.,144 กรัม,"จอภาพ Retina HD LCD ขนาด 4.7 นิ้ว, ความละเอียด 1334 x 750 พิกเซลที่ 326 ppi, ปุ่มโฮมพร้อม Touch ID","กล้องไวด์ 12MP (ƒ/1.8), HDR อัจฉริยะ 4, วิดีโอ 4K สูงสุด 60 fps","การเล่นวิดีโอนานสูงสุด 15 ชั่วโมง, ชาร์จเร็ว 50% ใน 30 นาที","iPhone SE พร้อม iOS, สาย USB-C เป็น Lightning (1 ม.), เอกสารประกอบ",ดีไซน์กระจกและอะลูมิเนียม,23900,"฿23,900",https://store.storeimages.cdn-apple.com/1/as-images.apple.com/is/iphone-se-finish-select-202207-starlight?wid=2560&hei=2560&fmt=jpeg&qlt=95,https://store.storeimages.cdn-apple.com/1/as-images.apple.com/is/iphone-se-finish-select-202207-starlight?wid=2048&hei=2048&fmt=png-alpha,data/images/iphone/iphone-se/starlight.jpg,data/images/iphone/iphone-se/starlight/hero.png,https://www.apple.com/th/shop/buy-iphone/iphone-se,https://www.apple.com/th/iphone-se/specs/,https://www.apple.com/th/iphone-se/
TH-IPHONESE3-RED-64GB-808F,TH-IPHONESE3-RED-64GB-808F,iphone-se-3,iPhone SE (รุ่นที่ 3),iphone,iphone-se,iPhone SE,iPhone SE (รุ่นที่ 3) 64GB สีแดง (Red),red,แดง,Red,#E11C2A,64GB,"4.7""","5G, Wi-Fi 6, Bluetooth 5.0, พอร์ต Lightning","ชิป A15 Bionic พร้อม CPU แบบ 6-core, GPU แบบ 4-core และ Neural Engine แบบ 16-core",138.4 x 67.3 x 7.3 มม.,144 กรัม,"จอภาพ Retina HD LCD ขนาด 4.7 นิ้ว, ความละเอียด 1334 x 750 พิกเซลที่ 326 ppi, ปุ่มโฮมพร้อม Touch ID","กล้องไวด์ 12MP (ƒ/1.8), HDR อัจฉริยะ 4, วิดีโอ 4K สูงสุด 60 fps","การเล่นวิดีโอนานสูงสุด 15 ชั่วโมง, ชาร์จเร็ว 50% ใน 30 นาที","iPhone SE พร้อม iOS, สาย USB-C เป็น Lightning (1 ม.), เอกสารประกอบ",ดีไซน์กระจกและอะลูมิเนียม,17900,"฿17,900",https://store.storeimages.cdn-apple.com/1/as-images.apple.com/is/iphone-se-finish-select-202207-product-red?wid=2560&hei=2560&fmt=jpeg&qlt=95,https://store.storeimages.cdn-apple.com/1/as-images.apple.com/is/iphone-se-finish-select-202207-product-red?wid=2048&hei=2048&fmt=png-alpha,data/images/iphone/iphone-se/red.jpg,data/images/iphone/iphone-se/red/hero.png,https://www.apple.com/th/shop/buy-iphone/iphone-se,https://www.apple.com/th/iphone-se/specs/,https://www.apple.com/th/iphone-se/
TH-IPHONESE3-RED-128GB-13A0,TH-IPHONESE3-RED-128GB-13A0,iphone-se-3,iPhone SE (รุ่นที่ 3),iphone,iphone-se,iPhone SE,iPhone SE (รุ่นที่ 3) 128GB สีแดง (Red),red,แดง,Red,#E11C2A,128GB,"4.7""","5G, Wi-Fi 6, Bluetooth 5.0, พอร์ต Lightning","ชิป A15 Bionic พร้อม CPU แบบ 6-core, GPU แบบ 4-core และ Neural Engine แบบ 16-core",138.4 x 67.3 x 7.3 มม.,144 กรัม,"จอภาพ Retina HD LCD ขนาด 4.7 นิ้ว, ความละเอียด 1334 x 750 พิกเซลที่ 326 ppi, ปุ่มโฮมพร้อม Touch ID","กล้องไวด์ 12MP (ƒ/1.8), HDR อัจฉริยะ 4, วิดีโอ 4K สูงสุด 60 fps","การเล่นวิดีโอนานสูงสุด 15 ชั่วโมง, ชาร์จเร็ว 50% ใน 30 นาที","iPhone SE พร้อม iOS, สาย USB-C เป็น Lightning (1 ม.), เอกสารประกอบ",ดีไซน์กระจกและอะลูมิเนียม,19900,"฿19,900",https://store.storeimages.cdn-apple.com/1/as-images.apple.com/is/iphone-se-finish-select-202207-product-red?wid=2560&hei=2560&fmt=jpeg&qlt=95,https://store.storeimages.cdn-apple.com/1/as-images.apple.com/is/iphone-se-finish-select-202207-product-red?wid=2048&hei=2048&fmt=png-alpha,data/images/iphone/iphone-se/red.jpg,data/images/iphone/iphone-se/red/hero.png,https://www.apple.com/th/shop/buy-iphone/iphone-se,https://www.apple.com/th/iphone-se/specs/,https://www.apple.com/th/iphone-se/
TH-IPHONESE3-RED-256GB-8D56,TH-IPHONESE3-RED-256GB-8D56,iphone-se-3,iPhone SE (รุ่นที่ 3),iphone,iphone-se,iPhone SE,iPhone SE (รุ่นที่ 3) 256GB สีแดง (Red),red,แดง,Red,#E11C2A,256GB,"4.7""","5G, Wi-Fi 6, Bluetooth 5.0, พอร์ต Lightning","ชิป A15 Bionic พร้อม CPU แบบ 6-core, GPU แบบ 4-core และ Neural Engine แบบ 16-core",138.4 x 67.3 x 7.3 มม.,144 กรัม,"จอภาพ Retina HD LCD ขนาด 4.7 นิ้ว, ความละเอียด 1334 x 750 พิกเซลที่ 326 ppi, ปุ่มโฮมพร้อม Touch ID","กล้องไวด์ 12MP (ƒ/1.8), HDR อัจฉริยะ 4, วิดีโอ 4K สูงสุด 60 fps","การเล่นวิดีโอนานสูงสุด 15 ชั่วโมง, ชาร์จเร็ว 50% ใน 30 นาที","iPhone SE พร้อม iOS, สาย USB-C เป็น Lightning (1 ม.), เอกสารประกอบ",ดีไซน์กระจกและอะลูมิเนียม,23900,"฿23,900",https://store.storeimages.cdn-apple.com/1/as-images.apple.com/is/iphone-se-finish-select-202207-product-red?wid=2560&hei=2560&fmt=jpeg&qlt=95,https://store.storeimages.cdn-apple.com/1/as-images.apple.com/is/iphone-se-finish-select-202207-product-red?wid=2048&hei=2048&fmt=png-alpha,data/images/iphone/iphone-se/red.jpg,data/images/iphone/iphone-se/red/hero.png,https://www.apple.com/th/shop/buy-iphone/iphone-se,https://www.apple.com/th/iphone-se/specs/,https://www.apple.com/th/iphone-se/
TH-IPADPRO11M4-SPACEBLACK-256GBWIF-9979,TH-IPADPRO11M4-SPACEBLACK-256GBWIF-9979,ipad-pro-11-m4,iPad Pro รุ่น 11 นิ้ว (M4),ipad,ipad-pro,iPad Pro (M4),iPad Pro รุ่น 11 นิ้ว (M4) 256GB (Wi-Fi) สีดำสเปซแบล็ค (Space Black),space-black,ดำสเปซแบล็ค,Space Black,#2E2C2F,256GB (Wi-Fi),"11""","Thunderbolt / USB 4 (สูงสุด 40Gb/s), Wi-Fi 6E (802.11ax), Bluetooth 5.3, ตัวเลือก 5G (eSIM)","ชิป M4 พร้อม CPU สูงสุดแบบ 10-core, GPU แบบ 10-core รองรับ Ray Tracing ด้วยฮาร์ดแวร์ และ Neural Engine แบบ 16-core (38 ล้านล้านคำสั่งต่อวินาที)",249.7 x 177.5 x 5.3 มม.,444 กรัม (Wi-Fi) / 446 กรัม (Cellular),"จอภาพ Ultra Retina XDR เทคโนโลยี Tandem OLED สองชั้น, ความละเอียด 2420 x 1668 พิกเซลที่ 264 ppi, ProMotion 10-120Hz, ความสว่างเต็มหน้าจอ 1,000 นิต (XDR สูงสุด 1,600 นิต), ตัวเลือกกระจก Nano-texture สำหรับรุ่น 1TB/2TB","กล้องไวด์ 12MP (ƒ/1.8), ซูมดิจิทัล 5x, แฟลช True Tone แบบปรับตามสภาวะ, สแกนเนอร์ LiDAR, กล้องหน้าแนวนอน Ultra Wide 12MP พร้อมคุณสมบัติจัดให้อยู่ตรงกลาง (Center Stage)","ท่องเว็บผ่าน Wi-Fi หรือดูวิดีโอนานสูงสุด 10 ชั่วโมง, ชาร์จผ่านอะแดปเตอร์แปลงไฟหรือ USB-C เข้ากับระบบคอมพิวเตอร์","iPad Pro 11 นิ้ว, สายชาร์จ USB-C (1 ม.), อะแดปเตอร์แปลงไฟ USB-C ขนาด 20W, ผ้าเช็ดหน้าจอ (เฉพาะรุ่นกระจก Nano-texture)",ตัวเครื่องอะลูมิเนียมรีไซเคิล 100% ดีไซน์บางเฉียบที่สุดเท่าที่ Apple เคยสร้างมาเพียง 5.3 มม.,39900,"฿39,900",https://store.storeimages.cdn-apple.com/1/as-images.apple.com/is/ipad-pro-finish-select-202405-11inch-spaceblack?wid=2560&hei=2560&fmt=jpeg&qlt=95,https://store.storeimages.cdn-apple.com/1/as-images.apple.com/is/ipad-pro-finish-select-202405-11inch-spaceblack?wid=2048&hei=2048&fmt=png-alpha,data/images/ipad/ipad-pro/space-black.jpg,data/images/ipad/ipad-pro/space-black/hero.png,https://www.apple.com/th/shop/buy-ipad/ipad-pro,https://www.apple.com/th/ipad-pro/specs/,https://www.apple.com/th/ipad-pro/
TH-IPADPRO11M4-SPACEBLACK-512GBWIF-1E7E,TH-IPADPRO11M4-SPACEBLACK-512GBWIF-1E7E,ipad-pro-11-m4,iPad Pro รุ่น 11 นิ้ว (M4),ipad,ipad-pro,iPad Pro (M4),iPad Pro รุ่น 11 นิ้ว (M4) 512GB (Wi-Fi) สีดำสเปซแบล็ค (Space Black),space-black,ดำสเปซแบล็ค,Space Black,#2E2C2F,512GB (Wi-Fi),"11""","Thunderbolt / USB 4 (สูงสุด 40Gb/s), Wi-Fi 6E (802.11ax), Bluetooth 5.3, ตัวเลือก 5G (eSIM)","ชิป M4 พร้อม CPU สูงสุดแบบ 10-core, GPU แบบ 10-core รองรับ Ray Tracing ด้วยฮาร์ดแวร์ และ Neural Engine แบบ 16-core (38 ล้านล้านคำสั่งต่อวินาที)",249.7 x 177.5 x 5.3 มม.,444 กรัม (Wi-Fi) / 446 กรัม (Cellular),"จอภาพ Ultra Retina XDR เทคโนโลยี Tandem OLED สองชั้น, ความละเอียด 2420 x 1668 พิกเซลที่ 264 ppi, ProMotion 10-120Hz, ความสว่างเต็มหน้าจอ 1,000 นิต (XDR สูงสุด 1,600 นิต), ตัวเลือกกระจก Nano-texture สำหรับรุ่น 1TB/2TB","กล้องไวด์ 12MP (ƒ/1.8), ซูมดิจิทัล 5x, แฟลช True Tone แบบปรับตามสภาวะ, สแกนเนอร์ LiDAR, กล้องหน้าแนวนอน Ultra Wide 12MP พร้อมคุณสมบัติจัดให้อยู่ตรงกลาง (Center Stage)","ท่องเว็บผ่าน Wi-Fi หรือดูวิดีโอนานสูงสุด 10 ชั่วโมง, ชาร์จผ่านอะแดปเตอร์แปลงไฟหรือ USB-C เข้ากับระบบคอมพิวเตอร์","iPad Pro 11 นิ้ว, สายชาร์จ USB-C (1 ม.), อะแดปเตอร์แปลงไฟ USB-C ขนาด 20W, ผ้าเช็ดหน้าจอ (เฉพาะรุ่นกระจก Nano-texture)",ตัวเครื่องอะลูมิเนียมรีไซเคิล 100% ดีไซน์บางเฉียบที่สุดเท่าที่ Apple เคยสร้างมาเพียง 5.3 มม.,47900,"฿47,900",https://store.storeimages.cdn-apple.com/1/as-images.apple.com/is/ipad-pro-finish-select-202405-11inch-spaceblack?wid=2560&hei=2560&fmt=jpeg&qlt=95,https://store.storeimages.cdn-apple.com/1/as-images.apple.com/is/ipad-pro-finish-select-202405-11inch-spaceblack?wid=2048&hei=2048&fmt=png-alpha,data/images/ipad/ipad-pro/space-black.jpg,data/images/ipad/ipad-pro/space-black/hero.png,https://www.apple.com/th/shop/buy-ipad/ipad-pro,https://www.apple.com/th/ipad-pro/specs/,https://www.apple.com/th/ipad-pro/
TH-IPADPRO11M4-SPACEBLACK-1TBWIFI-142B,TH-IPADPRO11M4-SPACEBLACK-1TBWIFI-142B,ipad-pro-11-m4,iPad Pro รุ่น 11 นิ้ว (M4),ipad,ipad-pro,iPad Pro (M4),iPad Pro รุ่น 11 นิ้ว (M4) 1TB (Wi-Fi) สีดำสเปซแบล็ค (Space Black),space-black,ดำสเปซแบล็ค,Space Black,#2E2C2F,1TB (Wi-Fi),"11""","Thunderbolt / USB 4 (สูงสุด 40Gb/s), Wi-Fi 6E (802.11ax), Bluetooth 5.3, ตัวเลือก 5G (eSIM)","ชิป M4 พร้อม CPU สูงสุดแบบ 10-core, GPU แบบ 10-core รองรับ Ray Tracing ด้วยฮาร์ดแวร์ และ Neural Engine แบบ 16-core (38 ล้านล้านคำสั่งต่อวินาที)",249.7 x 177.5 x 5.3 มม.,444 กรัม (Wi-Fi) / 446 กรัม (Cellular),"จอภาพ Ultra Retina XDR เทคโนโลยี Tandem OLED สองชั้น, ความละเอียด 2420 x 1668 พิกเซลที่ 264 ppi, ProMotion 10-120Hz, ความสว่างเต็มหน้าจอ 1,000 นิต (XDR สูงสุด 1,600 นิต), ตัวเลือกกระจก Nano-texture สำหรับรุ่น 1TB/2TB","กล้องไวด์ 12MP (ƒ/1.8), ซูมดิจิทัล 5x, แฟลช True Tone แบบปรับตามสภาวะ, สแกนเนอร์ LiDAR, กล้องหน้าแนวนอน Ultra Wide 12MP พร้อมคุณสมบัติจัดให้อยู่ตรงกลาง (Center Stage)","ท่องเว็บผ่าน Wi-Fi หรือดูวิดีโอนานสูงสุด 10 ชั่วโมง, ชาร์จผ่านอะแดปเตอร์แปลงไฟหรือ USB-C เข้ากับระบบคอมพิวเตอร์","iPad Pro 11 นิ้ว, สายชาร์จ USB-C (1 ม.), อะแดปเตอร์แปลงไฟ USB-C ขนาด 20W, ผ้าเช็ดหน้าจอ (เฉพาะรุ่นกระจก Nano-texture)",ตัวเครื่องอะลูมิเนียมรีไซเคิล 100% ดีไซน์บางเฉียบที่สุดเท่าที่ Apple เคยสร้างมาเพียง 5.3 มม.,63900,"฿63,900",https://store.storeimages.cdn-apple.com/1/as-images.apple.com/is/ipad-pro-finish-select-202405-11inch-spaceblack?wid=2560&hei=2560&fmt=jpeg&qlt=95,https://store.storeimages.cdn-apple.com/1/as-images.apple.com/is/ipad-pro-finish-select-202405-11inch-spaceblack?wid=2048&hei=2048&fmt=png-alpha,data/images/ipad/ipad-pro/space-black.jpg,data/images/ipad/ipad-pro/space-black/hero.png,https://www.apple.com/th/shop/buy-ipad/ipad-pro,https://www.apple.com/th/ipad-pro/specs/,https://www.apple.com/th/ipad-pro/
TH-IPADPRO11M4-SPACEBLACK-2TBWIFI-6912,TH-IPADPRO11M4-SPACEBLACK-2TBWIFI-6912,ipad-pro-11-m4,iPad Pro รุ่น 11 นิ้ว (M4),ipad,ipad-pro,iPad Pro (M4),iPad Pro รุ่น 11 นิ้ว (M4) 2TB (Wi-Fi) สีดำสเปซแบล็ค (Space Black),space-black,ดำสเปซแบล็ค,Space Black,#2E2C2F,2TB (Wi-Fi),"11""","Thunderbolt / USB 4 (สูงสุด 40Gb/s), Wi-Fi 6E (802.11ax), Bluetooth 5.3, ตัวเลือก 5G (eSIM)","ชิป M4 พร้อม CPU สูงสุดแบบ 10-core, GPU แบบ 10-core รองรับ Ray Tracing ด้วยฮาร์ดแวร์ และ Neural Engine แบบ 16-core (38 ล้านล้านคำสั่งต่อวินาที)",249.7 x 177.5 x 5.3 มม.,444 กรัม (Wi-Fi) / 446 กรัม (Cellular),"จอภาพ Ultra Retina XDR เทคโนโลยี Tandem OLED สองชั้น, ความละเอียด 2420 x 1668 พิกเซลที่ 264 ppi, ProMotion 10-120Hz, ความสว่างเต็มหน้าจอ 1,000 นิต (XDR สูงสุด 1,600 นิต), ตัวเลือกกระจก Nano-texture สำหรับรุ่น 1TB/2TB","กล้องไวด์ 12MP (ƒ/1.8), ซูมดิจิทัล 5x, แฟลช True Tone แบบปรับตามสภาวะ, สแกนเนอร์ LiDAR, กล้องหน้าแนวนอน Ultra Wide 12MP พร้อมคุณสมบัติจัดให้อยู่ตรงกลาง (Center Stage)","ท่องเว็บผ่าน Wi-Fi หรือดูวิดีโอนานสูงสุด 10 ชั่วโมง, ชาร์จผ่านอะแดปเตอร์แปลงไฟหรือ USB-C เข้ากับระบบคอมพิวเตอร์","iPad Pro 11 นิ้ว, สายชาร์จ USB-C (1 ม.), อะแดปเตอร์แปลงไฟ USB-C ขนาด 20W, ผ้าเช็ดหน้าจอ (เฉพาะรุ่นกระจก Nano-texture)",ตัวเครื่องอะลูมิเนียมรีไซเคิล 100% ดีไซน์บางเฉียบที่สุดเท่าที่ Apple เคยสร้างมาเพียง 5.3 มม.,79900,"฿79,900",https://store.storeimages.cdn-apple.com/1/as-images.apple.com/is/ipad-pro-finish-select-202405-11inch-spaceblack?wid=2560&hei=2560&fmt=jpeg&qlt=95,https://store.storeimages.cdn-apple.com/1/as-images.apple.com/is/ipad-pro-finish-select-202405-11inch-spaceblack?wid=2048&hei=2048&fmt=png-alpha,data/images/ipad/ipad-pro/space-black.jpg,data/images/ipad/ipad-pro/space-black/hero.png,https://www.apple.com/th/shop/buy-ipad/ipad-pro,https://www.apple.com/th/ipad-pro/specs/,https://www.apple.com/th/ipad-pro/
TH-IPADPRO11M4-SPACEBLACK-256GBCEL-58CA,TH-IPADPRO11M4-SPACEBLACK-256GBCEL-58CA,ipad-pro-11-m4,iPad Pro รุ่น 11 นิ้ว (M4),ipad,ipad-pro,iPad Pro (M4),iPad Pro รุ่น 11 นิ้ว (M4) 256GB (Cellular) สีดำสเปซแบล็ค (Space Black),space-black,ดำสเปซแบล็ค,Space Black,#2E2C2F,256GB (Cellular),"11""","Thunderbolt / USB 4 (สูงสุด 40Gb/s), Wi-Fi 6E (802.11ax), Bluetooth 5.3, ตัวเลือก 5G (eSIM)","ชิป M4 พร้อม CPU สูงสุดแบบ 10-core, GPU แบบ 10-core รองรับ Ray Tracing ด้วยฮาร์ดแวร์ และ Neural Engine แบบ 16-core (38 ล้านล้านคำสั่งต่อวินาที)",249.7 x 177.5 x 5.3 มม.,444 กรัม (Wi-Fi) / 446 กรัม (Cellular),"จอภาพ Ultra Retina XDR เทคโนโลยี Tandem OLED สองชั้น, ความละเอียด 2420 x 1668 พิกเซลที่ 264 ppi, ProMotion 10-120Hz, ความสว่างเต็มหน้าจอ 1,000 นิต (XDR สูงสุด 1,600 นิต), ตัวเลือกกระจก Nano-texture สำหรับรุ่น 1TB/2TB","กล้องไวด์ 12MP (ƒ/1.8), ซูมดิจิทัล 5x, แฟลช True Tone แบบปรับตามสภาวะ, สแกนเนอร์ LiDAR, กล้องหน้าแนวนอน Ultra Wide 12MP พร้อมคุณสมบัติจัดให้อยู่ตรงกลาง (Center Stage)","ท่องเว็บผ่าน Wi-Fi หรือดูวิดีโอนานสูงสุด 10 ชั่วโมง, ชาร์จผ่านอะแดปเตอร์แปลงไฟหรือ USB-C เข้ากับระบบคอมพิวเตอร์","iPad Pro 11 นิ้ว, สายชาร์จ USB-C (1 ม.), อะแดปเตอร์แปลงไฟ USB-C ขนาด 20W, ผ้าเช็ดหน้าจอ (เฉพาะรุ่นกระจก Nano-texture)",ตัวเครื่องอะลูมิเนียมรีไซเคิล 100% ดีไซน์บางเฉียบที่สุดเท่าที่ Apple เคยสร้างมาเพียง 5.3 มม.,47900,"฿47,900",https://store.storeimages.cdn-apple.com/1/as-images.apple.com/is/ipad-pro-finish-select-202405-11inch-spaceblack?wid=2560&hei=2560&fmt=jpeg&qlt=95,https://store.storeimages.cdn-apple.com/1/as-images.apple.com/is/ipad-pro-finish-select-202405-11inch-spaceblack?wid=2048&hei=2048&fmt=png-alpha,data/images/ipad/ipad-pro/space-black.jpg,data/images/ipad/ipad-pro/space-black/hero.png,https://www.apple.com/th/shop/buy-ipad/ipad-pro,https://www.apple.com/th/ipad-pro/specs/,https://www.apple.com/th/ipad-pro/
TH-IPADPRO11M4-SPACEBLACK-512GBCEL-A335,TH-IPADPRO11M4-SPACEBLACK-512GBCEL-A335,ipad-pro-11-m4,iPad Pro รุ่น 11 นิ้ว (M4),ipad,ipad-pro,iPad Pro (M4),iPad Pro รุ่น 11 นิ้ว (M4) 512GB (Cellular) สีดำสเปซแบล็ค (Space Black),space-black,ดำสเปซแบล็ค,Space Black,#2E2C2F,512GB (Cellular),"11""","Thunderbolt / USB 4 (สูงสุด 40Gb/s), Wi-Fi 6E (802.11ax), Bluetooth 5.3, ตัวเลือก 5G (eSIM)","ชิป M4 พร้อม CPU สูงสุดแบบ 10-core, GPU แบบ 10-core รองรับ Ray Tracing ด้วยฮาร์ดแวร์ และ Neural Engine แบบ 16-core (38 ล้านล้านคำสั่งต่อวินาที)",249.7 x 177.5 x 5.3 มม.,444 กรัม (Wi-Fi) / 446 กรัม (Cellular),"จอภาพ Ultra Retina XDR เทคโนโลยี Tandem OLED สองชั้น, ความละเอียด 2420 x 1668 พิกเซลที่ 264 ppi, ProMotion 10-120Hz, ความสว่างเต็มหน้าจอ 1,000 นิต (XDR สูงสุด 1,600 นิต), ตัวเลือกกระจก Nano-texture สำหรับรุ่น 1TB/2TB","กล้องไวด์ 12MP (ƒ/1.8), ซูมดิจิทัล 5x, แฟลช True Tone แบบปรับตามสภาวะ, สแกนเนอร์ LiDAR, กล้องหน้าแนวนอน Ultra Wide 12MP พร้อมคุณสมบัติจัดให้อยู่ตรงกลาง (Center Stage)","ท่องเว็บผ่าน Wi-Fi หรือดูวิดีโอนานสูงสุด 10 ชั่วโมง, ชาร์จผ่านอะแดปเตอร์แปลงไฟหรือ USB-C เข้ากับระบบคอมพิวเตอร์","iPad Pro 11 นิ้ว, สายชาร์จ USB-C (1 ม.), อะแดปเตอร์แปลงไฟ USB-C ขนาด 20W, ผ้าเช็ดหน้าจอ (เฉพาะรุ่นกระจก Nano-texture)",ตัวเครื่องอะลูมิเนียมรีไซเคิล 100% ดีไซน์บางเฉียบที่สุดเท่าที่ Apple เคยสร้างมาเพียง 5.3 มม.,55900,"฿55,900",https://store.storeimages.cdn-apple.com/1/as-images.apple.com/is/ipad-pro-finish-select-202405-11inch-spaceblack?wid=2560&hei=2560&fmt=jpeg&qlt=95,https://store.storeimages.cdn-apple.com/1/as-images.apple.com/is/ipad-pro-finish-select-202405-11inch-spaceblack?wid=2048&hei=2048&fmt=png-alpha,data/images/ipad/ipad-pro/space-black.jpg,data/images/ipad/ipad-pro/space-black/hero.png,https://www.apple.com/th/shop/buy-ipad/ipad-pro,https://www.apple.com/th/ipad-pro/specs/,https://www.apple.com/th/ipad-pro/
TH-IPADPRO11M4-SPACEBLACK-1TBCELLU-2187,TH-IPADPRO11M4-SPACEBLACK-1TBCELLU-2187,ipad-pro-11-m4,iPad Pro รุ่น 11 นิ้ว (M4),ipad,ipad-pro,iPad Pro (M4),iPad Pro รุ่น 11 นิ้ว (M4) 1TB (Cellular) สีดำสเปซแบล็ค (Space Black),space-black,ดำสเปซแบล็ค,Space Black,#2E2C2F,1TB (Cellular),"11""","Thunderbolt / USB 4 (สูงสุด 40Gb/s), Wi-Fi 6E (802.11ax), Bluetooth 5.3, ตัวเลือก 5G (eSIM)","ชิป M4 พร้อม CPU สูงสุดแบบ 10-core, GPU แบบ 10-core รองรับ Ray Tracing ด้วยฮาร์ดแวร์ และ Neural Engine แบบ 16-core (38 ล้านล้านคำสั่งต่อวินาที)",249.7 x 177.5 x 5.3 มม.,444 กรัม (Wi-Fi) / 446 กรัม (Cellular),"จอภาพ Ultra Retina XDR เทคโนโลยี Tandem OLED สองชั้น, ความละเอียด 2420 x 1668 พิกเซลที่ 264 ppi, ProMotion 10-120Hz, ความสว่างเต็มหน้าจอ 1,000 นิต (XDR สูงสุด 1,600 นิต), ตัวเลือกกระจก Nano-texture สำหรับรุ่น 1TB/2TB","กล้องไวด์ 12MP (ƒ/1.8), ซูมดิจิทัล 5x, แฟลช True Tone แบบปรับตามสภาวะ, สแกนเนอร์ LiDAR, กล้องหน้าแนวนอน Ultra Wide 12MP พร้อมคุณสมบัติจัดให้อยู่ตรงกลาง (Center Stage)","ท่องเว็บผ่าน Wi-Fi หรือดูวิดีโอนานสูงสุด 10 ชั่วโมง, ชาร์จผ่านอะแดปเตอร์แปลงไฟหรือ USB-C เข้ากับระบบคอมพิวเตอร์","iPad Pro 11 นิ้ว, สายชาร์จ USB-C (1 ม.), อะแดปเตอร์แปลงไฟ USB-C ขนาด 20W, ผ้าเช็ดหน้าจอ (เฉพาะรุ่นกระจก Nano-texture)",ตัวเครื่องอะลูมิเนียมรีไซเคิล 100% ดีไซน์บางเฉียบที่สุดเท่าที่ Apple เคยสร้างมาเพียง 5.3 มม.,71900,"฿71,900",https://store.storeimages.cdn-apple.com/1/as-images.apple.com/is/ipad-pro-finish-select-202405-11inch-spaceblack?wid=2560&hei=2560&fmt=jpeg&qlt=95,https://store.storeimages.cdn-apple.com/1/as-images.apple.com/is/ipad-pro-finish-select-202405-11inch-spaceblack?wid=2048&hei=2048&fmt=png-alpha,data/images/ipad/ipad-pro/space-black.jpg,data/images/ipad/ipad-pro/space-black/hero.png,https://www.apple.com/th/shop/buy-ipad/ipad-pro,https://www.apple.com/th/ipad-pro/specs/,https://www.apple.com/th/ipad-pro/
TH-IPADPRO11M4-SPACEBLACK-2TBCELLU-0C96,TH-IPADPRO11M4-SPACEBLACK-2TBCELLU-0C96,ipad-pro-11-m4,iPad Pro รุ่น 11 นิ้ว (M4),ipad,ipad-pro,iPad Pro (M4),iPad Pro รุ่น 11 นิ้ว (M4) 2TB (Cellular) สีดำสเปซแบล็ค (Space Black),space-black,ดำสเปซแบล็ค,Space Black,#2E2C2F,2TB (Cellular),"11""","Thunderbolt / USB 4 (สูงสุด 40Gb/s), Wi-Fi 6E (802.11ax), Bluetooth 5.3, ตัวเลือก 5G (eSIM)","ชิป M4 พร้อม CPU สูงสุดแบบ 10-core, GPU แบบ 10-core รองรับ Ray Tracing ด้วยฮาร์ดแวร์ และ Neural Engine แบบ 16-core (38 ล้านล้านคำสั่งต่อวินาที)",249.7 x 177.5 x 5.3 มม.,444 กรัม (Wi-Fi) / 446 กรัม (Cellular),"จอภาพ Ultra Retina XDR เทคโนโลยี Tandem OLED สองชั้น, ความละเอียด 2420 x 1668 พิกเซลที่ 264 ppi, ProMotion 10-120Hz, ความสว่างเต็มหน้าจอ 1,000 นิต (XDR สูงสุด 1,600 นิต), ตัวเลือกกระจก Nano-texture สำหรับรุ่น 1TB/2TB","กล้องไวด์ 12MP (ƒ/1.8), ซูมดิจิทัล 5x, แฟลช True Tone แบบปรับตามสภาวะ, สแกนเนอร์ LiDAR, กล้องหน้าแนวนอน Ultra Wide 12MP พร้อมคุณสมบัติจัดให้อยู่ตรงกลาง (Center Stage)","ท่องเว็บผ่าน Wi-Fi หรือดูวิดีโอนานสูงสุด 10 ชั่วโมง, ชาร์จผ่านอะแดปเตอร์แปลงไฟหรือ USB-C เข้ากับระบบคอมพิวเตอร์","iPad Pro 11 นิ้ว, สายชาร์จ USB-C (1 ม.), อะแดปเตอร์แปลงไฟ USB-C ขนาด 20W, ผ้าเช็ดหน้าจอ (เฉพาะรุ่นกระจก Nano-texture)",ตัวเครื่องอะลูมิเนียมรีไซเคิล 100% ดีไซน์บางเฉียบที่สุดเท่าที่ Apple เคยสร้างมาเพียง 5.3 มม.,87900,"฿87,900",https://store.storeimages.cdn-apple.com/1/as-images.apple.com/is/ipad-pro-finish-select-202405-11inch-spaceblack?wid=2560&hei=2560&fmt=jpeg&qlt=95,https://store.storeimages.cdn-apple.com/1/as-images.apple.com/is/ipad-pro-finish-select-202405-11inch-spaceblack?wid=2048&hei=2048&fmt=png-alpha,data/images/ipad/ipad-pro/space-black.jpg,data/images/ipad/ipad-pro/space-black/hero.png,https://www.apple.com/th/shop/buy-ipad/ipad-pro,https://www.apple.com/th/ipad-pro/specs/,https://www.apple.com/th/ipad-pro/
TH-IPADPRO11M4-SILVER-256GBWIF-374E,TH-IPADPRO11M4-SILVER-256GBWIF-374E,ipad-pro-11-m4,iPad Pro รุ่น 11 นิ้ว (M4),ipad,ipad-pro,iPad Pro (M4),iPad Pro รุ่น 11 นิ้ว (M4) 256GB (Wi-Fi) สีเงิน (Silver),silver,เงิน,Silver,#E3E4E5,256GB (Wi-Fi),"11""","Thunderbolt / USB 4 (สูงสุด 40Gb/s), Wi-Fi 6E (802.11ax), Bluetooth 5.3, ตัวเลือก 5G (eSIM)","ชิป M4 พร้อม CPU สูงสุดแบบ 10-core, GPU แบบ 10-core รองรับ Ray Tracing ด้วยฮาร์ดแวร์ และ Neural Engine แบบ 16-core (38 ล้านล้านคำสั่งต่อวินาที)",249.7 x 177.5 x 5.3 มม.,444 กรัม (Wi-Fi) / 446 กรัม (Cellular),"จอภาพ Ultra Retina XDR เทคโนโลยี Tandem OLED สองชั้น, ความละเอียด 2420 x 1668 พิกเซลที่ 264 ppi, ProMotion 10-120Hz, ความสว่างเต็มหน้าจอ 1,000 นิต (XDR สูงสุด 1,600 นิต), ตัวเลือกกระจก Nano-texture สำหรับรุ่น 1TB/2TB","กล้องไวด์ 12MP (ƒ/1.8), ซูมดิจิทัล 5x, แฟลช True Tone แบบปรับตามสภาวะ, สแกนเนอร์ LiDAR, กล้องหน้าแนวนอน Ultra Wide 12MP พร้อมคุณสมบัติจัดให้อยู่ตรงกลาง (Center Stage)","ท่องเว็บผ่าน Wi-Fi หรือดูวิดีโอนานสูงสุด 10 ชั่วโมง, ชาร์จผ่านอะแดปเตอร์แปลงไฟหรือ USB-C เข้ากับระบบคอมพิวเตอร์","iPad Pro 11 นิ้ว, สายชาร์จ USB-C (1 ม.), อะแดปเตอร์แปลงไฟ USB-C ขนาด 20W, ผ้าเช็ดหน้าจอ (เฉพาะรุ่นกระจก Nano-texture)",ตัวเครื่องอะลูมิเนียมรีไซเคิล 100% ดีไซน์บางเฉียบที่สุดเท่าที่ Apple เคยสร้างมาเพียง 5.3 มม.,39900,"฿39,900",https://store.storeimages.cdn-apple.com/1/as-images.apple.com/is/ipad-pro-finish-select-202405-11inch-silver?wid=2560&hei=2560&fmt=jpeg&qlt=95,https://store.storeimages.cdn-apple.com/1/as-images.apple.com/is/ipad-pro-finish-select-202405-11inch-silver?wid=2048&hei=2048&fmt=png-alpha,data/images/ipad/ipad-pro/silver.jpg,data/images/ipad/ipad-pro/silver/hero.png,https://www.apple.com/th/shop/buy-ipad/ipad-pro,https://www.apple.com/th/ipad-pro/specs/,https://www.apple.com/th/ipad-pro/
TH-IPADPRO11M4-SILVER-512GBWIF-D841,TH-IPADPRO11M4-SILVER-512GBWIF-D841,ipad-pro-11-m4,iPad Pro รุ่น 11 นิ้ว (M4),ipad,ipad-pro,iPad Pro (M4),iPad Pro รุ่น 11 นิ้ว (M4) 512GB (Wi-Fi) สีเงิน (Silver),silver,เงิน,Silver,#E3E4E5,512GB (Wi-Fi),"11""","Thunderbolt / USB 4 (สูงสุด 40Gb/s), Wi-Fi 6E (802.11ax), Bluetooth 5.3, ตัวเลือก 5G (eSIM)","ชิป M4 พร้อม CPU สูงสุดแบบ 10-core, GPU แบบ 10-core รองรับ Ray Tracing ด้วยฮาร์ดแวร์ และ Neural Engine แบบ 16-core (38 ล้านล้านคำสั่งต่อวินาที)",249.7 x 177.5 x 5.3 มม.,444 กรัม (Wi-Fi) / 446 กรัม (Cellular),"จอภาพ Ultra Retina XDR เทคโนโลยี Tandem OLED สองชั้น, ความละเอียด 2420 x 1668 พิกเซลที่ 264 ppi, ProMotion 10-120Hz, ความสว่างเต็มหน้าจอ 1,000 นิต (XDR สูงสุด 1,600 นิต), ตัวเลือกกระจก Nano-texture สำหรับรุ่น 1TB/2TB","กล้องไวด์ 12MP (ƒ/1.8), ซูมดิจิทัล 5x, แฟลช True Tone แบบปรับตามสภาวะ, สแกนเนอร์ LiDAR, กล้องหน้าแนวนอน Ultra Wide 12MP พร้อมคุณสมบัติจัดให้อยู่ตรงกลาง (Center Stage)","ท่องเว็บผ่าน Wi-Fi หรือดูวิดีโอนานสูงสุด 10 ชั่วโมง, ชาร์จผ่านอะแดปเตอร์แปลงไฟหรือ USB-C เข้ากับระบบคอมพิวเตอร์","iPad Pro 11 นิ้ว, สายชาร์จ USB-C (1 ม.), อะแดปเตอร์แปลงไฟ USB-C ขนาด 20W, ผ้าเช็ดหน้าจอ (เฉพาะรุ่นกระจก Nano-texture)",ตัวเครื่องอะลูมิเนียมรีไซเคิล 100% ดีไซน์บางเฉียบที่สุดเท่าที่ Apple เคยสร้างมาเพียง 5.3 มม.,47900,"฿47,900",https://store.storeimages.cdn-apple.com/1/as-images.apple.com/is/ipad-pro-finish-select-202405-11inch-silver?wid=2560&hei=2560&fmt=jpeg&qlt=95,https://store.storeimages.cdn-apple.com/1/as-images.apple.com/is/ipad-pro-finish-select-202405-11inch-silver?wid=2048&hei=2048&fmt=png-alpha,data/images/ipad/ipad-pro/silver.jpg,data/images/ipad/ipad-pro/silver/hero.png,https://www.apple.com/th/shop/buy-ipad/ipad-pro,https://www.apple.com/th/ipad-pro/specs/,https://www.apple.com/th/ipad-pro/
TH-IPADPRO11M4-SILVER-1TBWIFI-73B1,TH-IPADPRO11M4-SILVER-1TBWIFI-73B1,ipad-pro-11-m4,iPad Pro รุ่น 11 นิ้ว (M4),ipad,ipad-pro,iPad Pro (M4),iPad Pro รุ่น 11 นิ้ว (M4) 1TB (Wi-Fi) สีเงิน (Silver),silver,เงิน,Silver,#E3E4E5,1TB (Wi-Fi),"11""","Thunderbolt / USB 4 (สูงสุด 40Gb/s), Wi-Fi 6E (802.11ax), Bluetooth 5.3, ตัวเลือก 5G (eSIM)","ชิป M4 พร้อม CPU สูงสุดแบบ 10-core, GPU แบบ 10-core รองรับ Ray Tracing ด้วยฮาร์ดแวร์ และ Neural Engine แบบ 16-core (38 ล้านล้านคำสั่งต่อวินาที)",249.7 x 177.5 x 5.3 มม.,444 กรัม (Wi-Fi) / 446 กรัม (Cellular),"จอภาพ Ultra Retina XDR เทคโนโลยี Tandem OLED สองชั้น, ความละเอียด 2420 x 1668 พิกเซลที่ 264 ppi, ProMotion 10-120Hz, ความสว่างเต็มหน้าจอ 1,000 นิต (XDR สูงสุด 1,600 นิต), ตัวเลือกกระจก Nano-texture สำหรับรุ่น 1TB/2TB","กล้องไวด์ 12MP (ƒ/1.8), ซูมดิจิทัล 5x, แฟลช True Tone แบบปรับตามสภาวะ, สแกนเนอร์ LiDAR, กล้องหน้าแนวนอน Ultra Wide 12MP พร้อมคุณสมบัติจัดให้อยู่ตรงกลาง (Center Stage)","ท่องเว็บผ่าน Wi-Fi หรือดูวิดีโอนานสูงสุด 10 ชั่วโมง, ชาร์จผ่านอะแดปเตอร์แปลงไฟหรือ USB-C เข้ากับระบบคอมพิวเตอร์","iPad Pro 11 นิ้ว, สายชาร์จ USB-C (1 ม.), อะแดปเตอร์แปลงไฟ USB-C ขนาด 20W, ผ้าเช็ดหน้าจอ (เฉพาะรุ่นกระจก Nano-texture)",ตัวเครื่องอะลูมิเนียมรีไซเคิล 100% ดีไซน์บางเฉียบที่สุดเท่าที่ Apple เคยสร้างมาเพียง 5.3 มม.,63900,"฿63,900",https://store.storeimages.cdn-apple.com/1/as-images.apple.com/is/ipad-pro-finish-select-202405-11inch-silver?wid=2560&hei=2560&fmt=jpeg&qlt=95,https://store.storeimages.cdn-apple.com/1/as-images.apple.com/is/ipad-pro-finish-select-202405-11inch-silver?wid=2048&hei=2048&fmt=png-alpha,data/images/ipad/ipad-pro/silver.jpg,data/images/ipad/ipad-pro/silver/hero.png,https://www.apple.com/th/shop/buy-ipad/ipad-pro,https://www.apple.com/th/ipad-pro/specs/,https://www.apple.com/th/ipad-pro/
TH-IPADPRO11M4-SILVER-2TBWIFI-AC3D,TH-IPADPRO11M4-SILVER-2TBWIFI-AC3D,ipad-pro-11-m4,iPad Pro รุ่น 11 นิ้ว (M4),ipad,ipad-pro,iPad Pro (M4),iPad Pro รุ่น 11 นิ้ว (M4) 2TB (Wi-Fi) สีเงิน (Silver),silver,เงิน,Silver,#E3E4E5,2TB (Wi-Fi),"11""","Thunderbolt / USB 4 (สูงสุด 40Gb/s), Wi-Fi 6E (802.11ax), Bluetooth 5.3, ตัวเลือก 5G (eSIM)","ชิป M4 พร้อม CPU สูงสุดแบบ 10-core, GPU แบบ 10-core รองรับ Ray Tracing ด้วยฮาร์ดแวร์ และ Neural Engine แบบ 16-core (38 ล้านล้านคำสั่งต่อวินาที)",249.7 x 177.5 x 5.3 มม.,444 กรัม (Wi-Fi) / 446 กรัม (Cellular),"จอภาพ Ultra Retina XDR เทคโนโลยี Tandem OLED สองชั้น, ความละเอียด 2420 x 1668 พิกเซลที่ 264 ppi, ProMotion 10-120Hz, ความสว่างเต็มหน้าจอ 1,000 นิต (XDR สูงสุด 1,600 นิต), ตัวเลือกกระจก Nano-texture สำหรับรุ่น 1TB/2TB","กล้องไวด์ 12MP (ƒ/1.8), ซูมดิจิทัล 5x, แฟลช True Tone แบบปรับตามสภาวะ, สแกนเนอร์ LiDAR, กล้องหน้าแนวนอน Ultra Wide 12MP พร้อมคุณสมบัติจัดให้อยู่ตรงกลาง (Center Stage)","ท่องเว็บผ่าน Wi-Fi หรือดูวิดีโอนานสูงสุด 10 ชั่วโมง, ชาร์จผ่านอะแดปเตอร์แปลงไฟหรือ USB-C เข้ากับระบบคอมพิวเตอร์","iPad Pro 11 นิ้ว, สายชาร์จ USB-C (1 ม.), อะแดปเตอร์แปลงไฟ USB-C ขนาด 20W, ผ้าเช็ดหน้าจอ (เฉพาะรุ่นกระจก Nano-texture)",ตัวเครื่องอะลูมิเนียมรีไซเคิล 100% ดีไซน์บางเฉียบที่สุดเท่าที่ Apple เคยสร้างมาเพียง 5.3 มม.,79900,"฿79,900",https://store.storeimages.cdn-apple.com/1/as-images.apple.com/is/ipad-pro-finish-select-202405-11inch-silver?wid=2560&hei=2560&fmt=jpeg&qlt=95,https://store.storeimages.cdn-apple.com/1/as-images.apple.com/is/ipad-pro-finish-select-202405-11inch-silver?wid=2048&hei=2048&fmt=png-alpha,data/images/ipad/ipad-pro/silver.jpg,data/images/ipad/ipad-pro/silver/hero.png,https://www.apple.com/th/shop/buy-ipad/ipad-pro,https://www.apple.com/th/ipad-pro/specs/,https://www.apple.com/th/ipad-pro/
TH-IPADPRO11M4-SILVER-256GBCEL-638C,TH-IPADPRO11M4-SILVER-256GBCEL-638C,ipad-pro-11-m4,iPad Pro รุ่น 11 นิ้ว (M4),ipad,ipad-pro,iPad Pro (M4),iPad Pro รุ่น 11 นิ้ว (M4) 256GB (Cellular) สีเงิน (Silver),silver,เงิน,Silver,#E3E4E5,256GB (Cellular),"11""","Thunderbolt / USB 4 (สูงสุด 40Gb/s), Wi-Fi 6E (802.11ax), Bluetooth 5.3, ตัวเลือก 5G (eSIM)","ชิป M4 พร้อม CPU สูงสุดแบบ 10-core, GPU แบบ 10-core รองรับ Ray Tracing ด้วยฮาร์ดแวร์ และ Neural Engine แบบ 16-core (38 ล้านล้านคำสั่งต่อวินาที)",249.7 x 177.5 x 5.3 มม.,444 กรัม (Wi-Fi) / 446 กรัม (Cellular),"จอภาพ Ultra Retina XDR เทคโนโลยี Tandem OLED สองชั้น, ความละเอียด 2420 x 1668 พิกเซลที่ 264 ppi, ProMotion 10-120Hz, ความสว่างเต็มหน้าจอ 1,000 นิต (XDR สูงสุด 1,600 นิต), ตัวเลือกกระจก Nano-texture สำหรับรุ่น 1TB/2TB","กล้องไวด์ 12MP (ƒ/1.8), ซูมดิจิทัล 5x, แฟลช True Tone แบบปรับตามสภาวะ, สแกนเนอร์ LiDAR, กล้องหน้าแนวนอน Ultra Wide 12MP พร้อมคุณสมบัติจัดให้อยู่ตรงกลาง (Center Stage)","ท่องเว็บผ่าน Wi-Fi หรือดูวิดีโอนานสูงสุด 10 ชั่วโมง, ชาร์จผ่านอะแดปเตอร์แปลงไฟหรือ USB-C เข้ากับระบบคอมพิวเตอร์","iPad Pro 11 นิ้ว, สายชาร์จ USB-C (1 ม.), อะแดปเตอร์แปลงไฟ USB-C ขนาด 20W, ผ้าเช็ดหน้าจอ (เฉพาะรุ่นกระจก Nano-texture)",ตัวเครื่องอะลูมิเนียมรีไซเคิล 100% ดีไซน์บางเฉียบที่สุดเท่าที่ Apple เคยสร้างมาเพียง 5.3 มม.,47900,"฿47,900",https://store.storeimages.cdn-apple.com/1/as-images.apple.com/is/ipad-pro-finish-select-202405-11inch-silver?wid=2560&hei=2560&fmt=jpeg&qlt=95,https://store.storeimages.cdn-apple.com/1/as-images.apple.com/is/ipad-pro-finish-select-202405-11inch-silver?wid=2048&hei=2048&fmt=png-alpha,data/images/ipad/ipad-pro/silver.jpg,data/images/ipad/ipad-pro/silver/hero.png,https://www.apple.com/th/shop/buy-ipad/ipad-pro,https://www.apple.com/th/ipad-pro/specs/,https://www.apple.com/th/ipad-pro/
TH-IPADPRO11M4-SILVER-512GBCEL-934A,TH-IPADPRO11M4-SILVER-512GBCEL-934A,ipad-pro-11-m4,iPad Pro รุ่น 11 นิ้ว (M4),ipad,ipad-pro,iPad Pro (M4),iPad Pro รุ่น 11 นิ้ว (M4) 512GB (Cellular) สีเงิน (Silver),silver,เงิน,Silver,#E3E4E5,512GB (Cellular),"11""","Thunderbolt / USB 4 (สูงสุด 40Gb/s), Wi-Fi 6E (802.11ax), Bluetooth 5.3, ตัวเลือก 5G (eSIM)","ชิป M4 พร้อม CPU สูงสุดแบบ 10-core, GPU แบบ 10-core รองรับ Ray Tracing ด้วยฮาร์ดแวร์ และ Neural Engine แบบ 16-core (38 ล้านล้านคำสั่งต่อวินาที)",249.7 x 177.5 x 5.3 มม.,444 กรัม (Wi-Fi) / 446 กรัม (Cellular),"จอภาพ Ultra Retina XDR เทคโนโลยี Tandem OLED สองชั้น, ความละเอียด 2420 x 1668 พิกเซลที่ 264 ppi, ProMotion 10-120Hz, ความสว่างเต็มหน้าจอ 1,000 นิต (XDR สูงสุด 1,600 นิต), ตัวเลือกกระจก Nano-texture สำหรับรุ่น 1TB/2TB","กล้องไวด์ 12MP (ƒ/1.8), ซูมดิจิทัล 5x, แฟลช True Tone แบบปรับตามสภาวะ, สแกนเนอร์ LiDAR, กล้องหน้าแนวนอน Ultra Wide 12MP พร้อมคุณสมบัติจัดให้อยู่ตรงกลาง (Center Stage)","ท่องเว็บผ่าน Wi-Fi หรือดูวิดีโอนานสูงสุด 10 ชั่วโมง, ชาร์จผ่านอะแดปเตอร์แปลงไฟหรือ USB-C เข้ากับระบบคอมพิวเตอร์","iPad Pro 11 นิ้ว, สายชาร์จ USB-C (1 ม.), อะแดปเตอร์แปลงไฟ USB-C ขนาด 20W, ผ้าเช็ดหน้าจอ (เฉพาะรุ่นกระจก Nano-texture)",ตัวเครื่องอะลูมิเนียมรีไซเคิล 100% ดีไซน์บางเฉียบที่สุดเท่าที่ Apple เคยสร้างมาเพียง 5.3 มม.,55900,"฿55,900",https://store.storeimages.cdn-apple.com/1/as-images.apple.com/is/ipad-pro-finish-select-202405-11inch-silver?wid=2560&hei=2560&fmt=jpeg&qlt=95,https://store.storeimages.cdn-apple.com/1/as-images.apple.com/is/ipad-pro-finish-select-202405-11inch-silver?wid=2048&hei=2048&fmt=png-alpha,data/images/ipad/ipad-pro/silver.jpg,data/images/ipad/ipad-pro/silver/hero.png,https://www.apple.com/th/shop/buy-ipad/ipad-pro,https://www.apple.com/th/ipad-pro/specs/,https://www.apple.com/th/ipad-pro/
TH-IPADPRO11M4-SILVER-1TBCELLU-B3AD,TH-IPADPRO11M4-SILVER-1TBCELLU-B3AD,ipad-pro-11-m4,iPad Pro รุ่น 11 นิ้ว (M4),ipad,ipad-pro,iPad Pro (M4),iPad Pro รุ่น 11 นิ้ว (M4) 1TB (Cellular) สีเงิน (Silver),silver,เงิน,Silver,#E3E4E5,1TB (Cellular),"11""","Thunderbolt / USB 4 (สูงสุด 40Gb/s), Wi-Fi 6E (802.11ax), Bluetooth 5.3, ตัวเลือก 5G (eSIM)","ชิป M4 พร้อม CPU สูงสุดแบบ 10-core, GPU แบบ 10-core รองรับ Ray Tracing ด้วยฮาร์ดแวร์ และ Neural Engine แบบ 16-core (38 ล้านล้านคำสั่งต่อวินาที)",249.7 x 177.5 x 5.3 มม.,444 กรัม (Wi-Fi) / 446 กรัม (Cellular),"จอภาพ Ultra Retina XDR เทคโนโลยี Tandem OLED สองชั้น, ความละเอียด 2420 x 1668 พิกเซลที่ 264 ppi, ProMotion 10-120Hz, ความสว่างเต็มหน้าจอ 1,000 นิต (XDR สูงสุด 1,600 นิต), ตัวเลือกกระจก Nano-texture สำหรับรุ่น 1TB/2TB","กล้องไวด์ 12MP (ƒ/1.8), ซูมดิจิทัล 5x, แฟลช True Tone แบบปรับตามสภาวะ, สแกนเนอร์ LiDAR, กล้องหน้าแนวนอน Ultra Wide 12MP พร้อมคุณสมบัติจัดให้อยู่ตรงกลาง (Center Stage)","ท่องเว็บผ่าน Wi-Fi หรือดูวิดีโอนานสูงสุด 10 ชั่วโมง, ชาร์จผ่านอะแดปเตอร์แปลงไฟหรือ USB-C เข้ากับระบบคอมพิวเตอร์","iPad Pro 11 นิ้ว, สายชาร์จ USB-C (1 ม.), อะแดปเตอร์แปลงไฟ USB-C ขนาด 20W, ผ้าเช็ดหน้าจอ (เฉพาะรุ่นกระจก Nano-texture)",ตัวเครื่องอะลูมิเนียมรีไซเคิล 100% ดีไซน์บางเฉียบที่สุดเท่าที่ Apple เคยสร้างมาเพียง 5.3 มม.,71900,"฿71,900",https://store.storeimages.cdn-apple.com/1/as-images.apple.com/is/ipad-pro-finish-select-202405-11inch-silver?wid=2560&hei=2560&fmt=jpeg&qlt=95,https://store.storeimages.cdn-apple.com/1/as-images.apple.com/is/ipad-pro-finish-select-202405-11inch-silver?wid=2048&hei=2048&fmt=png-alpha,data/images/ipad/ipad-pro/silver.jpg,data/images/ipad/ipad-pro/silver/hero.png,https://www.apple.com/th/shop/buy-ipad/ipad-pro,https://www.apple.com/th/ipad-pro/specs/,https://www.apple.com/th/ipad-pro/
TH-IPADPRO11M4-SILVER-2TBCELLU-9FDC,TH-IPADPRO11M4-SILVER-2TBCELLU-9FDC,ipad-pro-11-m4,iPad Pro รุ่น 11 นิ้ว (M4),ipad,ipad-pro,iPad Pro (M4),iPad Pro รุ่น 11 นิ้ว (M4) 2TB (Cellular) สีเงิน (Silver),silver,เงิน,Silver,#E3E4E5,2TB (Cellular),"11""","Thunderbolt / USB 4 (สูงสุด 40Gb/s), Wi-Fi 6E (802.11ax), Bluetooth 5.3, ตัวเลือก 5G (eSIM)","ชิป M4 พร้อม CPU สูงสุดแบบ 10-core, GPU แบบ 10-core รองรับ Ray Tracing ด้วยฮาร์ดแวร์ และ Neural Engine แบบ 16-core (38 ล้านล้านคำสั่งต่อวินาที)",249.7 x 177.5 x 5.3 มม.,444 กรัม (Wi-Fi) / 446 กรัม (Cellular),"จอภาพ Ultra Retina XDR เทคโนโลยี Tandem OLED สองชั้น, ความละเอียด 2420 x 1668 พิกเซลที่ 264 ppi, ProMotion 10-120Hz, ความสว่างเต็มหน้าจอ 1,000 นิต (XDR สูงสุด 1,600 นิต), ตัวเลือกกระจก Nano-texture สำหรับรุ่น 1TB/2TB","กล้องไวด์ 12MP (ƒ/1.8), ซูมดิจิทัล 5x, แฟลช True Tone แบบปรับตามสภาวะ, สแกนเนอร์ LiDAR, กล้องหน้าแนวนอน Ultra Wide 12MP พร้อมคุณสมบัติจัดให้อยู่ตรงกลาง (Center Stage)","ท่องเว็บผ่าน Wi-Fi หรือดูวิดีโอนานสูงสุด 10 ชั่วโมง, ชาร์จผ่านอะแดปเตอร์แปลงไฟหรือ USB-C เข้ากับระบบคอมพิวเตอร์","iPad Pro 11 นิ้ว, สายชาร์จ USB-C (1 ม.), อะแดปเตอร์แปลงไฟ USB-C ขนาด 20W, ผ้าเช็ดหน้าจอ (เฉพาะรุ่นกระจก Nano-texture)",ตัวเครื่องอะลูมิเนียมรีไซเคิล 100% ดีไซน์บางเฉียบที่สุดเท่าที่ Apple เคยสร้างมาเพียง 5.3 มม.,87900,"฿87,900",https://store.storeimages.cdn-apple.com/1/as-images.apple.com/is/ipad-pro-finish-select-202405-11inch-silver?wid=2560&hei=2560&fmt=jpeg&qlt=95,https://store.storeimages.cdn-apple.com/1/as-images.apple.com/is/ipad-pro-finish-select-202405-11inch-silver?wid=2048&hei=2048&fmt=png-alpha,data/images/ipad/ipad-pro/silver.jpg,data/images/ipad/ipad-pro/silver/hero.png,https://www.apple.com/th/shop/buy-ipad/ipad-pro,https://www.apple.com/th/ipad-pro/specs/,https://www.apple.com/th/ipad-pro/
TH-IPADPRO13M4-SPACEBLACK-256GBWIF-C486,TH-IPADPRO13M4-SPACEBLACK-256GBWIF-C486,ipad-pro-13-m4,iPad Pro รุ่น 13 นิ้ว (M4),ipad,ipad-pro,iPad Pro (M4),iPad Pro รุ่น 13 นิ้ว (M4) 256GB (Wi-Fi) สีดำสเปซแบล็ค (Space Black),space-black,ดำสเปซแบล็ค,Space Black,#2E2C2F,256GB (Wi-Fi),"13""","Thunderbolt / USB 4, Wi-Fi 6E, Bluetooth 5.3, ตัวเลือก 5G (eSIM)","ชิป M4 พร้อม CPU สูงสุดแบบ 10-core, GPU แบบ 10-core รองรับ Ray Tracing และ Neural Engine แบบ 16-core",281.6 x 215.5 x 5.1 มม.,579 กรัม (Wi-Fi) / 582 กรัม (Cellular),"จอภาพ Ultra Retina XDR Tandem OLED ขนาด 13 นิ้ว, ความละเอียด 2752 x 2064 พิกเซลที่ 264 ppi, ProMotion 10-120Hz, ความสว่าง XDR สูงสุด 1,600 นิต, บางเฉียบที่สุดในประวัติศาสตร์ Apple เพียง 5.1 มม.",กล้องไวด์ 12MP + LiDAR + กล้องหน้า Ultra Wide แนวนอน 12MP รองรับ Center Stage,ท่องเว็บผ่าน Wi-Fi หรือดูวิดีโอนานสูงสุด 10 ชั่วโมง,"iPad Pro 13 นิ้ว, สายชาร์จ USB-C (1 ม.), อะแดปเตอร์แปลงไฟ USB-C 20W, ผ้าเช็ดหน้าจอ (สำหรับกระจก Nano-texture)",ตัวเรือนอะลูมิเนียมรีไซเคิล 100% บางที่สุดเพียง 5.1 มม.,52900,"฿52,900",https://store.storeimages.cdn-apple.com/1/as-images.apple.com/is/ipad-pro-finish-select-202405-11inch-spaceblack?wid=2560&hei=2560&fmt=jpeg&qlt=95,https://store.storeimages.cdn-apple.com/1/as-images.apple.com/is/ipad-pro-finish-select-202405-11inch-spaceblack?wid=2048&hei=2048&fmt=png-alpha,data/images/ipad/ipad-pro/space-black.jpg,data/images/ipad/ipad-pro/space-black/hero.png,https://www.apple.com/th/shop/buy-ipad/ipad-pro,https://www.apple.com/th/ipad-pro/specs/,https://www.apple.com/th/ipad-pro/
TH-IPADPRO13M4-SPACEBLACK-512GBWIF-698B,TH-IPADPRO13M4-SPACEBLACK-512GBWIF-698B,ipad-pro-13-m4,iPad Pro รุ่น 13 นิ้ว (M4),ipad,ipad-pro,iPad Pro (M4),iPad Pro รุ่น 13 นิ้ว (M4) 512GB (Wi-Fi) สีดำสเปซแบล็ค (Space Black),space-black,ดำสเปซแบล็ค,Space Black,#2E2C2F,512GB (Wi-Fi),"13""","Thunderbolt / USB 4, Wi-Fi 6E, Bluetooth 5.3, ตัวเลือก 5G (eSIM)","ชิป M4 พร้อม CPU สูงสุดแบบ 10-core, GPU แบบ 10-core รองรับ Ray Tracing และ Neural Engine แบบ 16-core",281.6 x 215.5 x 5.1 มม.,579 กรัม (Wi-Fi) / 582 กรัม (Cellular),"จอภาพ Ultra Retina XDR Tandem OLED ขนาด 13 นิ้ว, ความละเอียด 2752 x 2064 พิกเซลที่ 264 ppi, ProMotion 10-120Hz, ความสว่าง XDR สูงสุด 1,600 นิต, บางเฉียบที่สุดในประวัติศาสตร์ Apple เพียง 5.1 มม.",กล้องไวด์ 12MP + LiDAR + กล้องหน้า Ultra Wide แนวนอน 12MP รองรับ Center Stage,ท่องเว็บผ่าน Wi-Fi หรือดูวิดีโอนานสูงสุด 10 ชั่วโมง,"iPad Pro 13 นิ้ว, สายชาร์จ USB-C (1 ม.), อะแดปเตอร์แปลงไฟ USB-C 20W, ผ้าเช็ดหน้าจอ (สำหรับกระจก Nano-texture)",ตัวเรือนอะลูมิเนียมรีไซเคิล 100% บางที่สุดเพียง 5.1 มม.,60900,"฿60,900",https://store.storeimages.cdn-apple.com/1/as-images.apple.com/is/ipad-pro-finish-select-202405-11inch-spaceblack?wid=2560&hei=2560&fmt=jpeg&qlt=95,https://store.storeimages.cdn-apple.com/1/as-images.apple.com/is/ipad-pro-finish-select-202405-11inch-spaceblack?wid=2048&hei=2048&fmt=png-alpha,data/images/ipad/ipad-pro/space-black.jpg,data/images/ipad/ipad-pro/space-black/hero.png,https://www.apple.com/th/shop/buy-ipad/ipad-pro,https://www.apple.com/th/ipad-pro/specs/,https://www.apple.com/th/ipad-pro/
TH-IPADPRO13M4-SPACEBLACK-1TBWIFI-C2BE,TH-IPADPRO13M4-SPACEBLACK-1TBWIFI-C2BE,ipad-pro-13-m4,iPad Pro รุ่น 13 นิ้ว (M4),ipad,ipad-pro,iPad Pro (M4),iPad Pro รุ่น 13 นิ้ว (M4) 1TB (Wi-Fi) สีดำสเปซแบล็ค (Space Black),space-black,ดำสเปซแบล็ค,Space Black,#2E2C2F,1TB (Wi-Fi),"13""","Thunderbolt / USB 4, Wi-Fi 6E, Bluetooth 5.3, ตัวเลือก 5G (eSIM)","ชิป M4 พร้อม CPU สูงสุดแบบ 10-core, GPU แบบ 10-core รองรับ Ray Tracing และ Neural Engine แบบ 16-core",281.6 x 215.5 x 5.1 มม.,579 กรัม (Wi-Fi) / 582 กรัม (Cellular),"จอภาพ Ultra Retina XDR Tandem OLED ขนาด 13 นิ้ว, ความละเอียด 2752 x 2064 พิกเซลที่ 264 ppi, ProMotion 10-120Hz, ความสว่าง XDR สูงสุด 1,600 นิต, บางเฉียบที่สุดในประวัติศาสตร์ Apple เพียง 5.1 มม.",กล้องไวด์ 12MP + LiDAR + กล้องหน้า Ultra Wide แนวนอน 12MP รองรับ Center Stage,ท่องเว็บผ่าน Wi-Fi หรือดูวิดีโอนานสูงสุด 10 ชั่วโมง,"iPad Pro 13 นิ้ว, สายชาร์จ USB-C (1 ม.), อะแดปเตอร์แปลงไฟ USB-C 20W, ผ้าเช็ดหน้าจอ (สำหรับกระจก Nano-texture)",ตัวเรือนอะลูมิเนียมรีไซเคิล 100% บางที่สุดเพียง 5.1 มม.,76900,"฿76,900",https://store.storeimages.cdn-apple.com/1/as-images.apple.com/is/ipad-pro-finish-select-202405-11inch-spaceblack?wid=2560&hei=2560&fmt=jpeg&qlt=95,https://store.storeimages.cdn-apple.com/1/as-images.apple.com/is/ipad-pro-finish-select-202405-11inch-spaceblack?wid=2048&hei=2048&fmt=png-alpha,data/images/ipad/ipad-pro/space-black.jpg,data/images/ipad/ipad-pro/space-black/hero.png,https://www.apple.com/th/shop/buy-ipad/ipad-pro,https://www.apple.com/th/ipad-pro/specs/,https://www.apple.com/th/ipad-pro/
TH-IPADPRO13M4-SPACEBLACK-2TBWIFI-FD54,TH-IPADPRO13M4-SPACEBLACK-2TBWIFI-FD54,ipad-pro-13-m4,iPad Pro รุ่น 13 นิ้ว (M4),ipad,ipad-pro,iPad Pro (M4),iPad Pro รุ่น 13 นิ้ว (M4) 2TB (Wi-Fi) สีดำสเปซแบล็ค (Space Black),space-black,ดำสเปซแบล็ค,Space Black,#2E2C2F,2TB (Wi-Fi),"13""","Thunderbolt / USB 4, Wi-Fi 6E, Bluetooth 5.3, ตัวเลือก 5G (eSIM)","ชิป M4 พร้อม CPU สูงสุดแบบ 10-core, GPU แบบ 10-core รองรับ Ray Tracing และ Neural Engine แบบ 16-core",281.6 x 215.5 x 5.1 มม.,579 กรัม (Wi-Fi) / 582 กรัม (Cellular),"จอภาพ Ultra Retina XDR Tandem OLED ขนาด 13 นิ้ว, ความละเอียด 2752 x 2064 พิกเซลที่ 264 ppi, ProMotion 10-120Hz, ความสว่าง XDR สูงสุด 1,600 นิต, บางเฉียบที่สุดในประวัติศาสตร์ Apple เพียง 5.1 มม.",กล้องไวด์ 12MP + LiDAR + กล้องหน้า Ultra Wide แนวนอน 12MP รองรับ Center Stage,ท่องเว็บผ่าน Wi-Fi หรือดูวิดีโอนานสูงสุด 10 ชั่วโมง,"iPad Pro 13 นิ้ว, สายชาร์จ USB-C (1 ม.), อะแดปเตอร์แปลงไฟ USB-C 20W, ผ้าเช็ดหน้าจอ (สำหรับกระจก Nano-texture)",ตัวเรือนอะลูมิเนียมรีไซเคิล 100% บางที่สุดเพียง 5.1 มม.,92900,"฿92,900",https://store.storeimages.cdn-apple.com/1/as-images.apple.com/is/ipad-pro-finish-select-202405-11inch-spaceblack?wid=2560&hei=2560&fmt=jpeg&qlt=95,https://store.storeimages.cdn-apple.com/1/as-images.apple.com/is/ipad-pro-finish-select-202405-11inch-spaceblack?wid=2048&hei=2048&fmt=png-alpha,data/images/ipad/ipad-pro/space-black.jpg,data/images/ipad/ipad-pro/space-black/hero.png,https://www.apple.com/th/shop/buy-ipad/ipad-pro,https://www.apple.com/th/ipad-pro/specs/,https://www.apple.com/th/ipad-pro/
TH-IPADPRO13M4-SPACEBLACK-256GBCEL-BB23,TH-IPADPRO13M4-SPACEBLACK-256GBCEL-BB23,ipad-pro-13-m4,iPad Pro รุ่น 13 นิ้ว (M4),ipad,ipad-pro,iPad Pro (M4),iPad Pro รุ่น 13 นิ้ว (M4) 256GB (Cellular) สีดำสเปซแบล็ค (Space Black),space-black,ดำสเปซแบล็ค,Space Black,#2E2C2F,256GB (Cellular),"13""","Thunderbolt / USB 4, Wi-Fi 6E, Bluetooth 5.3, ตัวเลือก 5G (eSIM)","ชิป M4 พร้อม CPU สูงสุดแบบ 10-core, GPU แบบ 10-core รองรับ Ray Tracing และ Neural Engine แบบ 16-core",281.6 x 215.5 x 5.1 มม.,579 กรัม (Wi-Fi) / 582 กรัม (Cellular),"จอภาพ Ultra Retina XDR Tandem OLED ขนาด 13 นิ้ว, ความละเอียด 2752 x 2064 พิกเซลที่ 264 ppi, ProMotion 10-120Hz, ความสว่าง XDR สูงสุด 1,600 นิต, บางเฉียบที่สุดในประวัติศาสตร์ Apple เพียง 5.1 มม.",กล้องไวด์ 12MP + LiDAR + กล้องหน้า Ultra Wide แนวนอน 12MP รองรับ Center Stage,ท่องเว็บผ่าน Wi-Fi หรือดูวิดีโอนานสูงสุด 10 ชั่วโมง,"iPad Pro 13 นิ้ว, สายชาร์จ USB-C (1 ม.), อะแดปเตอร์แปลงไฟ USB-C 20W, ผ้าเช็ดหน้าจอ (สำหรับกระจก Nano-texture)",ตัวเรือนอะลูมิเนียมรีไซเคิล 100% บางที่สุดเพียง 5.1 มม.,60900,"฿60,900",https://store.storeimages.cdn-apple.com/1/as-images.apple.com/is/ipad-pro-finish-select-202405-11inch-spaceblack?wid=2560&hei=2560&fmt=jpeg&qlt=95,https://store.storeimages.cdn-apple.com/1/as-images.apple.com/is/ipad-pro-finish-select-202405-11inch-spaceblack?wid=2048&hei=2048&fmt=png-alpha,data/images/ipad/ipad-pro/space-black.jpg,data/images/ipad/ipad-pro/space-black/hero.png,https://www.apple.com/th/shop/buy-ipad/ipad-pro,https://www.apple.com/th/ipad-pro/specs/,https://www.apple.com/th/ipad-pro/
TH-IPADPRO13M4-SPACEBLACK-512GBCEL-31E5,TH-IPADPRO13M4-SPACEBLACK-512GBCEL-31E5,ipad-pro-13-m4,iPad Pro รุ่น 13 นิ้ว (M4),ipad,ipad-pro,iPad Pro (M4),iPad Pro รุ่น 13 นิ้ว (M4) 512GB (Cellular) สีดำสเปซแบล็ค (Space Black),space-black,ดำสเปซแบล็ค,Space Black,#2E2C2F,512GB (Cellular),"13""","Thunderbolt / USB 4, Wi-Fi 6E, Bluetooth 5.3, ตัวเลือก 5G (eSIM)","ชิป M4 พร้อม CPU สูงสุดแบบ 10-core, GPU แบบ 10-core รองรับ Ray Tracing และ Neural Engine แบบ 16-core",281.6 x 215.5 x 5.1 มม.,579 กรัม (Wi-Fi) / 582 กรัม (Cellular),"จอภาพ Ultra Retina XDR Tandem OLED ขนาด 13 นิ้ว, ความละเอียด 2752 x 2064 พิกเซลที่ 264 ppi, ProMotion 10-120Hz, ความสว่าง XDR สูงสุด 1,600 นิต, บางเฉียบที่สุดในประวัติศาสตร์ Apple เพียง 5.1 มม.",กล้องไวด์ 12MP + LiDAR + กล้องหน้า Ultra Wide แนวนอน 12MP รองรับ Center Stage,ท่องเว็บผ่าน Wi-Fi หรือดูวิดีโอนานสูงสุด 10 ชั่วโมง,"iPad Pro 13 นิ้ว, สายชาร์จ USB-C (1 ม.), อะแดปเตอร์แปลงไฟ USB-C 20W, ผ้าเช็ดหน้าจอ (สำหรับกระจก Nano-texture)",ตัวเรือนอะลูมิเนียมรีไซเคิล 100% บางที่สุดเพียง 5.1 มม.,68900,"฿68,900",https://store.storeimages.cdn-apple.com/1/as-images.apple.com/is/ipad-pro-finish-select-202405-11inch-spaceblack?wid=2560&hei=2560&fmt=jpeg&qlt=95,https://store.storeimages.cdn-apple.com/1/as-images.apple.com/is/ipad-pro-finish-select-202405-11inch-spaceblack?wid=2048&hei=2048&fmt=png-alpha,data/images/ipad/ipad-pro/space-black.jpg,data/images/ipad/ipad-pro/space-black/hero.png,https://www.apple.com/th/shop/buy-ipad/ipad-pro,https://www.apple.com/th/ipad-pro/specs/,https://www.apple.com/th/ipad-pro/
TH-IPADPRO13M4-SPACEBLACK-1TBCELLU-0BC7,TH-IPADPRO13M4-SPACEBLACK-1TBCELLU-0BC7,ipad-pro-13-m4,iPad Pro รุ่น 13 นิ้ว (M4),ipad,ipad-pro,iPad Pro (M4),iPad Pro รุ่น 13 นิ้ว (M4) 1TB (Cellular) สีดำสเปซแบล็ค (Space Black),space-black,ดำสเปซแบล็ค,Space Black,#2E2C2F,1TB (Cellular),"13""","Thunderbolt / USB 4, Wi-Fi 6E, Bluetooth 5.3, ตัวเลือก 5G (eSIM)","ชิป M4 พร้อม CPU สูงสุดแบบ 10-core, GPU แบบ 10-core รองรับ Ray Tracing และ Neural Engine แบบ 16-core",281.6 x 215.5 x 5.1 มม.,579 กรัม (Wi-Fi) / 582 กรัม (Cellular),"จอภาพ Ultra Retina XDR Tandem OLED ขนาด 13 นิ้ว, ความละเอียด 2752 x 2064 พิกเซลที่ 264 ppi, ProMotion 10-120Hz, ความสว่าง XDR สูงสุด 1,600 นิต, บางเฉียบที่สุดในประวัติศาสตร์ Apple เพียง 5.1 มม.",กล้องไวด์ 12MP + LiDAR + กล้องหน้า Ultra Wide แนวนอน 12MP รองรับ Center Stage,ท่องเว็บผ่าน Wi-Fi หรือดูวิดีโอนานสูงสุด 10 ชั่วโมง,"iPad Pro 13 นิ้ว, สายชาร์จ USB-C (1 ม.), อะแดปเตอร์แปลงไฟ USB-C 20W, ผ้าเช็ดหน้าจอ (สำหรับกระจก Nano-texture)",ตัวเรือนอะลูมิเนียมรีไซเคิล 100% บางที่สุดเพียง 5.1 มม.,84900,"฿84,900",https://store.storeimages.cdn-apple.com/1/as-images.apple.com/is/ipad-pro-finish-select-202405-11inch-spaceblack?wid=2560&hei=2560&fmt=jpeg&qlt=95,https://store.storeimages.cdn-apple.com/1/as-images.apple.com/is/ipad-pro-finish-select-202405-11inch-spaceblack?wid=2048&hei=2048&fmt=png-alpha,data/images/ipad/ipad-pro/space-black.jpg,data/images/ipad/ipad-pro/space-black/hero.png,https://www.apple.com/th/shop/buy-ipad/ipad-pro,https://www.apple.com/th/ipad-pro/specs/,https://www.apple.com/th/ipad-pro/
TH-IPADPRO13M4-SPACEBLACK-2TBCELLU-1BE6,TH-IPADPRO13M4-SPACEBLACK-2TBCELLU-1BE6,ipad-pro-13-m4,iPad Pro รุ่น 13 นิ้ว (M4),ipad,ipad-pro,iPad Pro (M4),iPad Pro รุ่น 13 นิ้ว (M4) 2TB (Cellular) สีดำสเปซแบล็ค (Space Black),space-black,ดำสเปซแบล็ค,Space Black,#2E2C2F,2TB (Cellular),"13""","Thunderbolt / USB 4, Wi-Fi 6E, Bluetooth 5.3, ตัวเลือก 5G (eSIM)","ชิป M4 พร้อม CPU สูงสุดแบบ 10-core, GPU แบบ 10-core รองรับ Ray Tracing และ Neural Engine แบบ 16-core",281.6 x 215.5 x 5.1 มม.,579 กรัม (Wi-Fi) / 582 กรัม (Cellular),"จอภาพ Ultra Retina XDR Tandem OLED ขนาด 13 นิ้ว, ความละเอียด 2752 x 2064 พิกเซลที่ 264 ppi, ProMotion 10-120Hz, ความสว่าง XDR สูงสุด 1,600 นิต, บางเฉียบที่สุดในประวัติศาสตร์ Apple เพียง 5.1 มม.",กล้องไวด์ 12MP + LiDAR + กล้องหน้า Ultra Wide แนวนอน 12MP รองรับ Center Stage,ท่องเว็บผ่าน Wi-Fi หรือดูวิดีโอนานสูงสุด 10 ชั่วโมง,"iPad Pro 13 นิ้ว, สายชาร์จ USB-C (1 ม.), อะแดปเตอร์แปลงไฟ USB-C 20W, ผ้าเช็ดหน้าจอ (สำหรับกระจก Nano-texture)",ตัวเรือนอะลูมิเนียมรีไซเคิล 100% บางที่สุดเพียง 5.1 มม.,100900,"฿100,900",https://store.storeimages.cdn-apple.com/1/as-images.apple.com/is/ipad-pro-finish-select-202405-11inch-spaceblack?wid=2560&hei=2560&fmt=jpeg&qlt=95,https://store.storeimages.cdn-apple.com/1/as-images.apple.com/is/ipad-pro-finish-select-202405-11inch-spaceblack?wid=2048&hei=2048&fmt=png-alpha,data/images/ipad/ipad-pro/space-black.jpg,data/images/ipad/ipad-pro/space-black/hero.png,https://www.apple.com/th/shop/buy-ipad/ipad-pro,https://www.apple.com/th/ipad-pro/specs/,https://www.apple.com/th/ipad-pro/
TH-IPADPRO13M4-SILVER-256GBWIF-B574,TH-IPADPRO13M4-SILVER-256GBWIF-B574,ipad-pro-13-m4,iPad Pro รุ่น 13 นิ้ว (M4),ipad,ipad-pro,iPad Pro (M4),iPad Pro รุ่น 13 นิ้ว (M4) 256GB (Wi-Fi) สีเงิน (Silver),silver,เงิน,Silver,#E3E4E5,256GB (Wi-Fi),"13""","Thunderbolt / USB 4, Wi-Fi 6E, Bluetooth 5.3, ตัวเลือก 5G (eSIM)","ชิป M4 พร้อม CPU สูงสุดแบบ 10-core, GPU แบบ 10-core รองรับ Ray Tracing และ Neural Engine แบบ 16-core",281.6 x 215.5 x 5.1 มม.,579 กรัม (Wi-Fi) / 582 กรัม (Cellular),"จอภาพ Ultra Retina XDR Tandem OLED ขนาด 13 นิ้ว, ความละเอียด 2752 x 2064 พิกเซลที่ 264 ppi, ProMotion 10-120Hz, ความสว่าง XDR สูงสุด 1,600 นิต, บางเฉียบที่สุดในประวัติศาสตร์ Apple เพียง 5.1 มม.",กล้องไวด์ 12MP + LiDAR + กล้องหน้า Ultra Wide แนวนอน 12MP รองรับ Center Stage,ท่องเว็บผ่าน Wi-Fi หรือดูวิดีโอนานสูงสุด 10 ชั่วโมง,"iPad Pro 13 นิ้ว, สายชาร์จ USB-C (1 ม.), อะแดปเตอร์แปลงไฟ USB-C 20W, ผ้าเช็ดหน้าจอ (สำหรับกระจก Nano-texture)",ตัวเรือนอะลูมิเนียมรีไซเคิล 100% บางที่สุดเพียง 5.1 มม.,52900,"฿52,900",https://store.storeimages.cdn-apple.com/1/as-images.apple.com/is/ipad-pro-finish-select-202405-11inch-silver?wid=2560&hei=2560&fmt=jpeg&qlt=95,https://store.storeimages.cdn-apple.com/1/as-images.apple.com/is/ipad-pro-finish-select-202405-11inch-silver?wid=2048&hei=2048&fmt=png-alpha,data/images/ipad/ipad-pro/silver.jpg,data/images/ipad/ipad-pro/silver/hero.png,https://www.apple.com/th/shop/buy-ipad/ipad-pro,https://www.apple.com/th/ipad-pro/specs/,https://www.apple.com/th/ipad-pro/
TH-IPADPRO13M4-SILVER-512GBWIF-6ED8,TH-IPADPRO13M4-SILVER-512GBWIF-6ED8,ipad-pro-13-m4,iPad Pro รุ่น 13 นิ้ว (M4),ipad,ipad-pro,iPad Pro (M4),iPad Pro รุ่น 13 นิ้ว (M4) 512GB (Wi-Fi) สีเงิน (Silver),silver,เงิน,Silver,#E3E4E5,512GB (Wi-Fi),"13""","Thunderbolt / USB 4, Wi-Fi 6E, Bluetooth 5.3, ตัวเลือก 5G (eSIM)","ชิป M4 พร้อม CPU สูงสุดแบบ 10-core, GPU แบบ 10-core รองรับ Ray Tracing และ Neural Engine แบบ 16-core",281.6 x 215.5 x 5.1 มม.,579 กรัม (Wi-Fi) / 582 กรัม (Cellular),"จอภาพ Ultra Retina XDR Tandem OLED ขนาด 13 นิ้ว, ความละเอียด 2752 x 2064 พิกเซลที่ 264 ppi, ProMotion 10-120Hz, ความสว่าง XDR สูงสุด 1,600 นิต, บางเฉียบที่สุดในประวัติศาสตร์ Apple เพียง 5.1 มม.",กล้องไวด์ 12MP + LiDAR + กล้องหน้า Ultra Wide แนวนอน 12MP รองรับ Center Stage,ท่องเว็บผ่าน Wi-Fi หรือดูวิดีโอนานสูงสุด 10 ชั่วโมง,"iPad Pro 13 นิ้ว, สายชาร์จ USB-C (1 ม.), อะแดปเตอร์แปลงไฟ USB-C 20W, ผ้าเช็ดหน้าจอ (สำหรับกระจก Nano-texture)",ตัวเรือนอะลูมิเนียมรีไซเคิล 100% บางที่สุดเพียง 5.1 มม.,60900,"฿60,900",https://store.storeimages.cdn-apple.com/1/as-images.apple.com/is/ipad-pro-finish-select-202405-11inch-silver?wid=2560&hei=2560&fmt=jpeg&qlt=95,https://store.storeimages.cdn-apple.com/1/as-images.apple.com/is/ipad-pro-finish-select-202405-11inch-silver?wid=2048&hei=2048&fmt=png-alpha,data/images/ipad/ipad-pro/silver.jpg,data/images/ipad/ipad-pro/silver/hero.png,https://www.apple.com/th/shop/buy-ipad/ipad-pro,https://www.apple.com/th/ipad-pro/specs/,https://www.apple.com/th/ipad-pro/
TH-IPADPRO13M4-SILVER-1TBWIFI-3F23,TH-IPADPRO13M4-SILVER-1TBWIFI-3F23,ipad-pro-13-m4,iPad Pro รุ่น 13 นิ้ว (M4),ipad,ipad-pro,iPad Pro (M4),iPad Pro รุ่น 13 นิ้ว (M4) 1TB (Wi-Fi) สีเงิน (Silver),silver,เงิน,Silver,#E3E4E5,1TB (Wi-Fi),"13""","Thunderbolt / USB 4, Wi-Fi 6E, Bluetooth 5.3, ตัวเลือก 5G (eSIM)","ชิป M4 พร้อม CPU สูงสุดแบบ 10-core, GPU แบบ 10-core รองรับ Ray Tracing และ Neural Engine แบบ 16-core",281.6 x 215.5 x 5.1 มม.,579 กรัม (Wi-Fi) / 582 กรัม (Cellular),"จอภาพ Ultra Retina XDR Tandem OLED ขนาด 13 นิ้ว, ความละเอียด 2752 x 2064 พิกเซลที่ 264 ppi, ProMotion 10-120Hz, ความสว่าง XDR สูงสุด 1,600 นิต, บางเฉียบที่สุดในประวัติศาสตร์ Apple เพียง 5.1 มม.",กล้องไวด์ 12MP + LiDAR + กล้องหน้า Ultra Wide แนวนอน 12MP รองรับ Center Stage,ท่องเว็บผ่าน Wi-Fi หรือดูวิดีโอนานสูงสุด 10 ชั่วโมง,"iPad Pro 13 นิ้ว, สายชาร์จ USB-C (1 ม.), อะแดปเตอร์แปลงไฟ USB-C 20W, ผ้าเช็ดหน้าจอ (สำหรับกระจก Nano-texture)",ตัวเรือนอะลูมิเนียมรีไซเคิล 100% บางที่สุดเพียง 5.1 มม.,76900,"฿76,900",https://store.storeimages.cdn-apple.com/1/as-images.apple.com/is/ipad-pro-finish-select-202405-11inch-silver?wid=2560&hei=2560&fmt=jpeg&qlt=95,https://store.storeimages.cdn-apple.com/1/as-images.apple.com/is/ipad-pro-finish-select-202405-11inch-silver?wid=2048&hei=2048&fmt=png-alpha,data/images/ipad/ipad-pro/silver.jpg,data/images/ipad/ipad-pro/silver/hero.png,https://www.apple.com/th/shop/buy-ipad/ipad-pro,https://www.apple.com/th/ipad-pro/specs/,https://www.apple.com/th/ipad-pro/
TH-IPADPRO13M4-SILVER-2TBWIFI-33C3,TH-IPADPRO13M4-SILVER-2TBWIFI-33C3,ipad-pro-13-m4,iPad Pro รุ่น 13 นิ้ว (M4),ipad,ipad-pro,iPad Pro (M4),iPad Pro รุ่น 13 นิ้ว (M4) 2TB (Wi-Fi) สีเงิน (Silver),silver,เงิน,Silver,#E3E4E5,2TB (Wi-Fi),"13""","Thunderbolt / USB 4, Wi-Fi 6E, Bluetooth 5.3, ตัวเลือก 5G (eSIM)","ชิป M4 พร้อม CPU สูงสุดแบบ 10-core, GPU แบบ 10-core รองรับ Ray Tracing และ Neural Engine แบบ 16-core",281.6 x 215.5 x 5.1 มม.,579 กรัม (Wi-Fi) / 582 กรัม (Cellular),"จอภาพ Ultra Retina XDR Tandem OLED ขนาด 13 นิ้ว, ความละเอียด 2752 x 2064 พิกเซลที่ 264 ppi, ProMotion 10-120Hz, ความสว่าง XDR สูงสุด 1,600 นิต, บางเฉียบที่สุดในประวัติศาสตร์ Apple เพียง 5.1 มม.",กล้องไวด์ 12MP + LiDAR + กล้องหน้า Ultra Wide แนวนอน 12MP รองรับ Center Stage,ท่องเว็บผ่าน Wi-Fi หรือดูวิดีโอนานสูงสุด 10 ชั่วโมง,"iPad Pro 13 นิ้ว, สายชาร์จ USB-C (1 ม.), อะแดปเตอร์แปลงไฟ USB-C 20W, ผ้าเช็ดหน้าจอ (สำหรับกระจก Nano-texture)",ตัวเรือนอะลูมิเนียมรีไซเคิล 100% บางที่สุดเพียง 5.1 มม.,92900,"฿92,900",https://store.storeimages.cdn-apple.com/1/as-images.apple.com/is/ipad-pro-finish-select-202405-11inch-silver?wid=2560&hei=2560&fmt=jpeg&qlt=95,https://store.storeimages.cdn-apple.com/1/as-images.apple.com/is/ipad-pro-finish-select-202405-11inch-silver?wid=2048&hei=2048&fmt=png-alpha,data/images/ipad/ipad-pro/silver.jpg,data/images/ipad/ipad-pro/silver/hero.png,https://www.apple.com/th/shop/buy-ipad/ipad-pro,https://www.apple.com/th/ipad-pro/specs/,https://www.apple.com/th/ipad-pro/
TH-IPADPRO13M4-SILVER-256GBCEL-4661,TH-IPADPRO13M4-SILVER-256GBCEL-4661,ipad-pro-13-m4,iPad Pro รุ่น 13 นิ้ว (M4),ipad,ipad-pro,iPad Pro (M4),iPad Pro รุ่น 13 นิ้ว (M4) 256GB (Cellular) สีเงิน (Silver),silver,เงิน,Silver,#E3E4E5,256GB (Cellular),"13""","Thunderbolt / USB 4, Wi-Fi 6E, Bluetooth 5.3, ตัวเลือก 5G (eSIM)","ชิป M4 พร้อม CPU สูงสุดแบบ 10-core, GPU แบบ 10-core รองรับ Ray Tracing และ Neural Engine แบบ 16-core",281.6 x 215.5 x 5.1 มม.,579 กรัม (Wi-Fi) / 582 กรัม (Cellular),"จอภาพ Ultra Retina XDR Tandem OLED ขนาด 13 นิ้ว, ความละเอียด 2752 x 2064 พิกเซลที่ 264 ppi, ProMotion 10-120Hz, ความสว่าง XDR สูงสุด 1,600 นิต, บางเฉียบที่สุดในประวัติศาสตร์ Apple เพียง 5.1 มม.",กล้องไวด์ 12MP + LiDAR + กล้องหน้า Ultra Wide แนวนอน 12MP รองรับ Center Stage,ท่องเว็บผ่าน Wi-Fi หรือดูวิดีโอนานสูงสุด 10 ชั่วโมง,"iPad Pro 13 นิ้ว, สายชาร์จ USB-C (1 ม.), อะแดปเตอร์แปลงไฟ USB-C 20W, ผ้าเช็ดหน้าจอ (สำหรับกระจก Nano-texture)",ตัวเรือนอะลูมิเนียมรีไซเคิล 100% บางที่สุดเพียง 5.1 มม.,60900,"฿60,900",https://store.storeimages.cdn-apple.com/1/as-images.apple.com/is/ipad-pro-finish-select-202405-11inch-silver?wid=2560&hei=2560&fmt=jpeg&qlt=95,https://store.storeimages.cdn-apple.com/1/as-images.apple.com/is/ipad-pro-finish-select-202405-11inch-silver?wid=2048&hei=2048&fmt=png-alpha,data/images/ipad/ipad-pro/silver.jpg,data/images/ipad/ipad-pro/silver/hero.png,https://www.apple.com/th/shop/buy-ipad/ipad-pro,https://www.apple.com/th/ipad-pro/specs/,https://www.apple.com/th/ipad-pro/
TH-IPADPRO13M4-SILVER-512GBCEL-A7E7,TH-IPADPRO13M4-SILVER-512GBCEL-A7E7,ipad-pro-13-m4,iPad Pro รุ่น 13 นิ้ว (M4),ipad,ipad-pro,iPad Pro (M4),iPad Pro รุ่น 13 นิ้ว (M4) 512GB (Cellular) สีเงิน (Silver),silver,เงิน,Silver,#E3E4E5,512GB (Cellular),"13""","Thunderbolt / USB 4, Wi-Fi 6E, Bluetooth 5.3, ตัวเลือก 5G (eSIM)","ชิป M4 พร้อม CPU สูงสุดแบบ 10-core, GPU แบบ 10-core รองรับ Ray Tracing และ Neural Engine แบบ 16-core",281.6 x 215.5 x 5.1 มม.,579 กรัม (Wi-Fi) / 582 กรัม (Cellular),"จอภาพ Ultra Retina XDR Tandem OLED ขนาด 13 นิ้ว, ความละเอียด 2752 x 2064 พิกเซลที่ 264 ppi, ProMotion 10-120Hz, ความสว่าง XDR สูงสุด 1,600 นิต, บางเฉียบที่สุดในประวัติศาสตร์ Apple เพียง 5.1 มม.",กล้องไวด์ 12MP + LiDAR + กล้องหน้า Ultra Wide แนวนอน 12MP รองรับ Center Stage,ท่องเว็บผ่าน Wi-Fi หรือดูวิดีโอนานสูงสุด 10 ชั่วโมง,"iPad Pro 13 นิ้ว, สายชาร์จ USB-C (1 ม.), อะแดปเตอร์แปลงไฟ USB-C 20W, ผ้าเช็ดหน้าจอ (สำหรับกระจก Nano-texture)",ตัวเรือนอะลูมิเนียมรีไซเคิล 100% บางที่สุดเพียง 5.1 มม.,68900,"฿68,900",https://store.storeimages.cdn-apple.com/1/as-images.apple.com/is/ipad-pro-finish-select-202405-11inch-silver?wid=2560&hei=2560&fmt=jpeg&qlt=95,https://store.storeimages.cdn-apple.com/1/as-images.apple.com/is/ipad-pro-finish-select-202405-11inch-silver?wid=2048&hei=2048&fmt=png-alpha,data/images/ipad/ipad-pro/silver.jpg,data/images/ipad/ipad-pro/silver/hero.png,https://www.apple.com/th/shop/buy-ipad/ipad-pro,https://www.apple.com/th/ipad-pro/specs/,https://www.apple.com/th/ipad-pro/
TH-IPADPRO13M4-SILVER-1TBCELLU-5460,TH-IPADPRO13M4-SILVER-1TBCELLU-5460,ipad-pro-13-m4,iPad Pro รุ่น 13 นิ้ว (M4),ipad,ipad-pro,iPad Pro (M4),iPad Pro รุ่น 13 นิ้ว (M4) 1TB (Cellular) สีเงิน (Silver),silver,เงิน,Silver,#E3E4E5,1TB (Cellular),"13""","Thunderbolt / USB 4, Wi-Fi 6E, Bluetooth 5.3, ตัวเลือก 5G (eSIM)","ชิป M4 พร้อม CPU สูงสุดแบบ 10-core, GPU แบบ 10-core รองรับ Ray Tracing และ Neural Engine แบบ 16-core",281.6 x 215.5 x 5.1 มม.,579 กรัม (Wi-Fi) / 582 กรัม (Cellular),"จอภาพ Ultra Retina XDR Tandem OLED ขนาด 13 นิ้ว, ความละเอียด 2752 x 2064 พิกเซลที่ 264 ppi, ProMotion 10-120Hz, ความสว่าง XDR สูงสุด 1,600 นิต, บางเฉียบที่สุดในประวัติศาสตร์ Apple เพียง 5.1 มม.",กล้องไวด์ 12MP + LiDAR + กล้องหน้า Ultra Wide แนวนอน 12MP รองรับ Center Stage,ท่องเว็บผ่าน Wi-Fi หรือดูวิดีโอนานสูงสุด 10 ชั่วโมง,"iPad Pro 13 นิ้ว, สายชาร์จ USB-C (1 ม.), อะแดปเตอร์แปลงไฟ USB-C 20W, ผ้าเช็ดหน้าจอ (สำหรับกระจก Nano-texture)",ตัวเรือนอะลูมิเนียมรีไซเคิล 100% บางที่สุดเพียง 5.1 มม.,84900,"฿84,900",https://store.storeimages.cdn-apple.com/1/as-images.apple.com/is/ipad-pro-finish-select-202405-11inch-silver?wid=2560&hei=2560&fmt=jpeg&qlt=95,https://store.storeimages.cdn-apple.com/1/as-images.apple.com/is/ipad-pro-finish-select-202405-11inch-silver?wid=2048&hei=2048&fmt=png-alpha,data/images/ipad/ipad-pro/silver.jpg,data/images/ipad/ipad-pro/silver/hero.png,https://www.apple.com/th/shop/buy-ipad/ipad-pro,https://www.apple.com/th/ipad-pro/specs/,https://www.apple.com/th/ipad-pro/
TH-IPADPRO13M4-SILVER-2TBCELLU-8103,TH-IPADPRO13M4-SILVER-2TBCELLU-8103,ipad-pro-13-m4,iPad Pro รุ่น 13 นิ้ว (M4),ipad,ipad-pro,iPad Pro (M4),iPad Pro รุ่น 13 นิ้ว (M4) 2TB (Cellular) สีเงิน (Silver),silver,เงิน,Silver,#E3E4E5,2TB (Cellular),"13""","Thunderbolt / USB 4, Wi-Fi 6E, Bluetooth 5.3, ตัวเลือก 5G (eSIM)","ชิป M4 พร้อม CPU สูงสุดแบบ 10-core, GPU แบบ 10-core รองรับ Ray Tracing และ Neural Engine แบบ 16-core",281.6 x 215.5 x 5.1 มม.,579 กรัม (Wi-Fi) / 582 กรัม (Cellular),"จอภาพ Ultra Retina XDR Tandem OLED ขนาด 13 นิ้ว, ความละเอียด 2752 x 2064 พิกเซลที่ 264 ppi, ProMotion 10-120Hz, ความสว่าง XDR สูงสุด 1,600 นิต, บางเฉียบที่สุดในประวัติศาสตร์ Apple เพียง 5.1 มม.",กล้องไวด์ 12MP + LiDAR + กล้องหน้า Ultra Wide แนวนอน 12MP รองรับ Center Stage,ท่องเว็บผ่าน Wi-Fi หรือดูวิดีโอนานสูงสุด 10 ชั่วโมง,"iPad Pro 13 นิ้ว, สายชาร์จ USB-C (1 ม.), อะแดปเตอร์แปลงไฟ USB-C 20W, ผ้าเช็ดหน้าจอ (สำหรับกระจก Nano-texture)",ตัวเรือนอะลูมิเนียมรีไซเคิล 100% บางที่สุดเพียง 5.1 มม.,100900,"฿100,900",https://store.storeimages.cdn-apple.com/1/as-images.apple.com/is/ipad-pro-finish-select-202405-11inch-silver?wid=2560&hei=2560&fmt=jpeg&qlt=95,https://store.storeimages.cdn-apple.com/1/as-images.apple.com/is/ipad-pro-finish-select-202405-11inch-silver?wid=2048&hei=2048&fmt=png-alpha,data/images/ipad/ipad-pro/silver.jpg,data/images/ipad/ipad-pro/silver/hero.png,https://www.apple.com/th/shop/buy-ipad/ipad-pro,https://www.apple.com/th/ipad-pro/specs/,https://www.apple.com/th/ipad-pro/
TH-IPADAIR11M2-SPACEGRAY-128GB-01FA,TH-IPADAIR11M2-SPACEGRAY-128GB-01FA,ipad-air-11-m2,iPad Air รุ่น 11 นิ้ว (M2),ipad,ipad-air,iPad Air (M2),iPad Air รุ่น 11 นิ้ว (M2) 128GB สีสเปซเกรย์ (Space Gray),space-gray,สเปซเกรย์,Space Gray,#68696E,128GB,"11""","พอร์ต USB-C รองรับ USB 3 (สูงสุด 10Gb/s), Wi-Fi 6E, Bluetooth 5.3, ตัวเลือก 5G","ชิป M2 พร้อม CPU แบบ 8-core (4 ประสิทธิภาพ + 4 ประหยัดพลังงาน), GPU แบบ 9-core และ Neural Engine แบบ 16-core",247.6 x 178.5 x 6.1 มม.,462 กรัม (Wi-Fi) / 464 กรัม (Cellular),"จอภาพ Liquid Retina LED ขนาด 11 นิ้ว, ความละเอียด 2360 x 1640 พิกเซลที่ 264 ppi, แสดงผลแบบ True Tone, ขอบเขตสีกว้าง P3, ความสว่าง 500 นิต",กล้องหลังไวด์ 12MP (ƒ/1.8) + กล้องหน้าแนวนอน Ultra Wide 12MP รองรับ Center Stage,ท่องเว็บผ่าน Wi-Fi หรือดูวิดีโอนานสูงสุด 10 ชั่วโมง,"iPad Air 11 นิ้ว, สายชาร์จ USB-C (1 ม.), อะแดปเตอร์แปลงไฟ USB-C 20W",ตัวเรือนอะลูมิเนียมรีไซเคิล 100%,23900,"฿23,900",https://store.storeimages.cdn-apple.com/1/as-images.apple.com/is/ipad-air-finish-space-gray-2024?wid=2560&hei=2560&fmt=jpeg&qlt=95,https://store.storeimages.cdn-apple.com/1/as-images.apple.com/is/ipad-air-finish-space-gray-2024?wid=2048&hei=2048&fmt=png-alpha,data/images/ipad/ipad-air/space-gray.jpg,data/images/ipad/ipad-air/space-gray/hero.png,https://www.apple.com/th/shop/buy-ipad/ipad-air,https://www.apple.com/th/ipad-air/specs/,https://www.apple.com/th/ipad-air/
TH-IPADAIR11M2-SPACEGRAY-256GB-7E4F,TH-IPADAIR11M2-SPACEGRAY-256GB-7E4F,ipad-air-11-m2,iPad Air รุ่น 11 นิ้ว (M2),ipad,ipad-air,iPad Air (M2),iPad Air รุ่น 11 นิ้ว (M2) 256GB สีสเปซเกรย์ (Space Gray),space-gray,สเปซเกรย์,Space Gray,#68696E,256GB,"11""","พอร์ต USB-C รองรับ USB 3 (สูงสุด 10Gb/s), Wi-Fi 6E, Bluetooth 5.3, ตัวเลือก 5G","ชิป M2 พร้อม CPU แบบ 8-core (4 ประสิทธิภาพ + 4 ประหยัดพลังงาน), GPU แบบ 9-core และ Neural Engine แบบ 16-core",247.6 x 178.5 x 6.1 มม.,462 กรัม (Wi-Fi) / 464 กรัม (Cellular),"จอภาพ Liquid Retina LED ขนาด 11 นิ้ว, ความละเอียด 2360 x 1640 พิกเซลที่ 264 ppi, แสดงผลแบบ True Tone, ขอบเขตสีกว้าง P3, ความสว่าง 500 นิต",กล้องหลังไวด์ 12MP (ƒ/1.8) + กล้องหน้าแนวนอน Ultra Wide 12MP รองรับ Center Stage,ท่องเว็บผ่าน Wi-Fi หรือดูวิดีโอนานสูงสุด 10 ชั่วโมง,"iPad Air 11 นิ้ว, สายชาร์จ USB-C (1 ม.), อะแดปเตอร์แปลงไฟ USB-C 20W",ตัวเรือนอะลูมิเนียมรีไซเคิล 100%,27900,"฿27,900",https://store.storeimages.cdn-apple.com/1/as-images.apple.com/is/ipad-air-finish-space-gray-2024?wid=2560&hei=2560&fmt=jpeg&qlt=95,https://store.storeimages.cdn-apple.com/1/as-images.apple.com/is/ipad-air-finish-space-gray-2024?wid=2048&hei=2048&fmt=png-alpha,data/images/ipad/ipad-air/space-gray.jpg,data/images/ipad/ipad-air/space-gray/hero.png,https://www.apple.com/th/shop/buy-ipad/ipad-air,https://www.apple.com/th/ipad-air/specs/,https://www.apple.com/th/ipad-air/
TH-IPADAIR11M2-SPACEGRAY-512GB-76A0,TH-IPADAIR11M2-SPACEGRAY-512GB-76A0,ipad-air-11-m2,iPad Air รุ่น 11 นิ้ว (M2),ipad,ipad-air,iPad Air (M2),iPad Air รุ่น 11 นิ้ว (M2) 512GB สีสเปซเกรย์ (Space Gray),space-gray,สเปซเกรย์,Space Gray,#68696E,512GB,"11""","พอร์ต USB-C รองรับ USB 3 (สูงสุด 10Gb/s), Wi-Fi 6E, Bluetooth 5.3, ตัวเลือก 5G","ชิป M2 พร้อม CPU แบบ 8-core (4 ประสิทธิภาพ + 4 ประหยัดพลังงาน), GPU แบบ 9-core และ Neural Engine แบบ 16-core",247.6 x 178.5 x 6.1 มม.,462 กรัม (Wi-Fi) / 464 กรัม (Cellular),"จอภาพ Liquid Retina LED ขนาด 11 นิ้ว, ความละเอียด 2360 x 1640 พิกเซลที่ 264 ppi, แสดงผลแบบ True Tone, ขอบเขตสีกว้าง P3, ความสว่าง 500 นิต",กล้องหลังไวด์ 12MP (ƒ/1.8) + กล้องหน้าแนวนอน Ultra Wide 12MP รองรับ Center Stage,ท่องเว็บผ่าน Wi-Fi หรือดูวิดีโอนานสูงสุด 10 ชั่วโมง,"iPad Air 11 นิ้ว, สายชาร์จ USB-C (1 ม.), อะแดปเตอร์แปลงไฟ USB-C 20W",ตัวเรือนอะลูมิเนียมรีไซเคิล 100%,35900,"฿35,900",https://store.storeimages.cdn-apple.com/1/as-images.apple.com/is/ipad-air-finish-space-gray-2024?wid=2560&hei=2560&fmt=jpeg&qlt=95,https://store.storeimages.cdn-apple.com/1/as-images.apple.com/is/ipad-air-finish-space-gray-2024?wid=2048&hei=2048&fmt=png-alpha,data/images/ipad/ipad-air/space-gray.jpg,data/images/ipad/ipad-air/space-gray/hero.png,https://www.apple.com/th/shop/buy-ipad/ipad-air,https://www.apple.com/th/ipad-air/specs/,https://www.apple.com/th/ipad-air/
TH-IPADAIR11M2-SPACEGRAY-1TB-1FD6,TH-IPADAIR11M2-SPACEGRAY-1TB-1FD6,ipad-air-11-m2,iPad Air รุ่น 11 นิ้ว (M2),ipad,ipad-air,iPad Air (M2),iPad Air รุ่น 11 นิ้ว (M2) 1TB สีสเปซเกรย์ (Space Gray),space-gray,สเปซเกรย์,Space Gray,#68696E,1TB,"11""","พอร์ต USB-C รองรับ USB 3 (สูงสุด 10Gb/s), Wi-Fi 6E, Bluetooth 5.3, ตัวเลือก 5G","ชิป M2 พร้อม CPU แบบ 8-core (4 ประสิทธิภาพ + 4 ประหยัดพลังงาน), GPU แบบ 9-core และ Neural Engine แบบ 16-core",247.6 x 178.5 x 6.1 มม.,462 กรัม (Wi-Fi) / 464 กรัม (Cellular),"จอภาพ Liquid Retina LED ขนาด 11 นิ้ว, ความละเอียด 2360 x 1640 พิกเซลที่ 264 ppi, แสดงผลแบบ True Tone, ขอบเขตสีกว้าง P3, ความสว่าง 500 นิต",กล้องหลังไวด์ 12MP (ƒ/1.8) + กล้องหน้าแนวนอน Ultra Wide 12MP รองรับ Center Stage,ท่องเว็บผ่าน Wi-Fi หรือดูวิดีโอนานสูงสุด 10 ชั่วโมง,"iPad Air 11 นิ้ว, สายชาร์จ USB-C (1 ม.), อะแดปเตอร์แปลงไฟ USB-C 20W",ตัวเรือนอะลูมิเนียมรีไซเคิล 100%,43900,"฿43,900",https://store.storeimages.cdn-apple.com/1/as-images.apple.com/is/ipad-air-finish-space-gray-2024?wid=2560&hei=2560&fmt=jpeg&qlt=95,https://store.storeimages.cdn-apple.com/1/as-images.apple.com/is/ipad-air-finish-space-gray-2024?wid=2048&hei=2048&fmt=png-alpha,data/images/ipad/ipad-air/space-gray.jpg,data/images/ipad/ipad-air/space-gray/hero.png,https://www.apple.com/th/shop/buy-ipad/ipad-air,https://www.apple.com/th/ipad-air/specs/,https://www.apple.com/th/ipad-air/
TH-IPADAIR11M2-BLUE-128GB-B0F8,TH-IPADAIR11M2-BLUE-128GB-B0F8,ipad-air-11-m2,iPad Air รุ่น 11 นิ้ว (M2),ipad,ipad-air,iPad Air (M2),iPad Air รุ่น 11 นิ้ว (M2) 128GB สีฟ้า (Blue),blue,ฟ้า,Blue,#3E536B,128GB,"11""","พอร์ต USB-C รองรับ USB 3 (สูงสุด 10Gb/s), Wi-Fi 6E, Bluetooth 5.3, ตัวเลือก 5G","ชิป M2 พร้อม CPU แบบ 8-core (4 ประสิทธิภาพ + 4 ประหยัดพลังงาน), GPU แบบ 9-core และ Neural Engine แบบ 16-core",247.6 x 178.5 x 6.1 มม.,462 กรัม (Wi-Fi) / 464 กรัม (Cellular),"จอภาพ Liquid Retina LED ขนาด 11 นิ้ว, ความละเอียด 2360 x 1640 พิกเซลที่ 264 ppi, แสดงผลแบบ True Tone, ขอบเขตสีกว้าง P3, ความสว่าง 500 นิต",กล้องหลังไวด์ 12MP (ƒ/1.8) + กล้องหน้าแนวนอน Ultra Wide 12MP รองรับ Center Stage,ท่องเว็บผ่าน Wi-Fi หรือดูวิดีโอนานสูงสุด 10 ชั่วโมง,"iPad Air 11 นิ้ว, สายชาร์จ USB-C (1 ม.), อะแดปเตอร์แปลงไฟ USB-C 20W",ตัวเรือนอะลูมิเนียมรีไซเคิล 100%,23900,"฿23,900",https://store.storeimages.cdn-apple.com/1/as-images.apple.com/is/ipad-air-finish-blue-2024?wid=2560&hei=2560&fmt=jpeg&qlt=95,https://store.storeimages.cdn-apple.com/1/as-images.apple.com/is/ipad-air-finish-blue-2024?wid=2048&hei=2048&fmt=png-alpha,data/images/ipad/ipad-air/blue.jpg,data/images/ipad/ipad-air/blue/hero.png,https://www.apple.com/th/shop/buy-ipad/ipad-air,https://www.apple.com/th/ipad-air/specs/,https://www.apple.com/th/ipad-air/
TH-IPADAIR11M2-BLUE-256GB-4CCB,TH-IPADAIR11M2-BLUE-256GB-4CCB,ipad-air-11-m2,iPad Air รุ่น 11 นิ้ว (M2),ipad,ipad-air,iPad Air (M2),iPad Air รุ่น 11 นิ้ว (M2) 256GB สีฟ้า (Blue),blue,ฟ้า,Blue,#3E536B,256GB,"11""","พอร์ต USB-C รองรับ USB 3 (สูงสุด 10Gb/s), Wi-Fi 6E, Bluetooth 5.3, ตัวเลือก 5G","ชิป M2 พร้อม CPU แบบ 8-core (4 ประสิทธิภาพ + 4 ประหยัดพลังงาน), GPU แบบ 9-core และ Neural Engine แบบ 16-core",247.6 x 178.5 x 6.1 มม.,462 กรัม (Wi-Fi) / 464 กรัม (Cellular),"จอภาพ Liquid Retina LED ขนาด 11 นิ้ว, ความละเอียด 2360 x 1640 พิกเซลที่ 264 ppi, แสดงผลแบบ True Tone, ขอบเขตสีกว้าง P3, ความสว่าง 500 นิต",กล้องหลังไวด์ 12MP (ƒ/1.8) + กล้องหน้าแนวนอน Ultra Wide 12MP รองรับ Center Stage,ท่องเว็บผ่าน Wi-Fi หรือดูวิดีโอนานสูงสุด 10 ชั่วโมง,"iPad Air 11 นิ้ว, สายชาร์จ USB-C (1 ม.), อะแดปเตอร์แปลงไฟ USB-C 20W",ตัวเรือนอะลูมิเนียมรีไซเคิล 100%,27900,"฿27,900",https://store.storeimages.cdn-apple.com/1/as-images.apple.com/is/ipad-air-finish-blue-2024?wid=2560&hei=2560&fmt=jpeg&qlt=95,https://store.storeimages.cdn-apple.com/1/as-images.apple.com/is/ipad-air-finish-blue-2024?wid=2048&hei=2048&fmt=png-alpha,data/images/ipad/ipad-air/blue.jpg,data/images/ipad/ipad-air/blue/hero.png,https://www.apple.com/th/shop/buy-ipad/ipad-air,https://www.apple.com/th/ipad-air/specs/,https://www.apple.com/th/ipad-air/
TH-IPADAIR11M2-BLUE-512GB-16D7,TH-IPADAIR11M2-BLUE-512GB-16D7,ipad-air-11-m2,iPad Air รุ่น 11 นิ้ว (M2),ipad,ipad-air,iPad Air (M2),iPad Air รุ่น 11 นิ้ว (M2) 512GB สีฟ้า (Blue),blue,ฟ้า,Blue,#3E536B,512GB,"11""","พอร์ต USB-C รองรับ USB 3 (สูงสุด 10Gb/s), Wi-Fi 6E, Bluetooth 5.3, ตัวเลือก 5G","ชิป M2 พร้อม CPU แบบ 8-core (4 ประสิทธิภาพ + 4 ประหยัดพลังงาน), GPU แบบ 9-core และ Neural Engine แบบ 16-core",247.6 x 178.5 x 6.1 มม.,462 กรัม (Wi-Fi) / 464 กรัม (Cellular),"จอภาพ Liquid Retina LED ขนาด 11 นิ้ว, ความละเอียด 2360 x 1640 พิกเซลที่ 264 ppi, แสดงผลแบบ True Tone, ขอบเขตสีกว้าง P3, ความสว่าง 500 นิต",กล้องหลังไวด์ 12MP (ƒ/1.8) + กล้องหน้าแนวนอน Ultra Wide 12MP รองรับ Center Stage,ท่องเว็บผ่าน Wi-Fi หรือดูวิดีโอนานสูงสุด 10 ชั่วโมง,"iPad Air 11 นิ้ว, สายชาร์จ USB-C (1 ม.), อะแดปเตอร์แปลงไฟ USB-C 20W",ตัวเรือนอะลูมิเนียมรีไซเคิล 100%,35900,"฿35,900",https://store.storeimages.cdn-apple.com/1/as-images.apple.com/is/ipad-air-finish-blue-2024?wid=2560&hei=2560&fmt=jpeg&qlt=95,https://store.storeimages.cdn-apple.com/1/as-images.apple.com/is/ipad-air-finish-blue-2024?wid=2048&hei=2048&fmt=png-alpha,data/images/ipad/ipad-air/blue.jpg,data/images/ipad/ipad-air/blue/hero.png,https://www.apple.com/th/shop/buy-ipad/ipad-air,https://www.apple.com/th/ipad-air/specs/,https://www.apple.com/th/ipad-air/
TH-IPADAIR11M2-BLUE-1TB-FED1,TH-IPADAIR11M2-BLUE-1TB-FED1,ipad-air-11-m2,iPad Air รุ่น 11 นิ้ว (M2),ipad,ipad-air,iPad Air (M2),iPad Air รุ่น 11 นิ้ว (M2) 1TB สีฟ้า (Blue),blue,ฟ้า,Blue,#3E536B,1TB,"11""","พอร์ต USB-C รองรับ USB 3 (สูงสุด 10Gb/s), Wi-Fi 6E, Bluetooth 5.3, ตัวเลือก 5G","ชิป M2 พร้อม CPU แบบ 8-core (4 ประสิทธิภาพ + 4 ประหยัดพลังงาน), GPU แบบ 9-core และ Neural Engine แบบ 16-core",247.6 x 178.5 x 6.1 มม.,462 กรัม (Wi-Fi) / 464 กรัม (Cellular),"จอภาพ Liquid Retina LED ขนาด 11 นิ้ว, ความละเอียด 2360 x 1640 พิกเซลที่ 264 ppi, แสดงผลแบบ True Tone, ขอบเขตสีกว้าง P3, ความสว่าง 500 นิต",กล้องหลังไวด์ 12MP (ƒ/1.8) + กล้องหน้าแนวนอน Ultra Wide 12MP รองรับ Center Stage,ท่องเว็บผ่าน Wi-Fi หรือดูวิดีโอนานสูงสุด 10 ชั่วโมง,"iPad Air 11 นิ้ว, สายชาร์จ USB-C (1 ม.), อะแดปเตอร์แปลงไฟ USB-C 20W",ตัวเรือนอะลูมิเนียมรีไซเคิล 100%,43900,"฿43,900",https://store.storeimages.cdn-apple.com/1/as-images.apple.com/is/ipad-air-finish-blue-2024?wid=2560&hei=2560&fmt=jpeg&qlt=95,https://store.storeimages.cdn-apple.com/1/as-images.apple.com/is/ipad-air-finish-blue-2024?wid=2048&hei=2048&fmt=png-alpha,data/images/ipad/ipad-air/blue.jpg,data/images/ipad/ipad-air/blue/hero.png,https://www.apple.com/th/shop/buy-ipad/ipad-air,https://www.apple.com/th/ipad-air/specs/,https://www.apple.com/th/ipad-air/
TH-IPADAIR11M2-PURPLE-128GB-5EB4,TH-IPADAIR11M2-PURPLE-128GB-5EB4,ipad-air-11-m2,iPad Air รุ่น 11 นิ้ว (M2),ipad,ipad-air,iPad Air (M2),iPad Air รุ่น 11 นิ้ว (M2) 128GB สีม่วง (Purple),purple,ม่วง,Purple,#D1CDDA,128GB,"11""","พอร์ต USB-C รองรับ USB 3 (สูงสุด 10Gb/s), Wi-Fi 6E, Bluetooth 5.3, ตัวเลือก 5G","ชิป M2 พร้อม CPU แบบ 8-core (4 ประสิทธิภาพ + 4 ประหยัดพลังงาน), GPU แบบ 9-core และ Neural Engine แบบ 16-core",247.6 x 178.5 x 6.1 มม.,462 กรัม (Wi-Fi) / 464 กรัม (Cellular),"จอภาพ Liquid Retina LED ขนาด 11 นิ้ว, ความละเอียด 2360 x 1640 พิกเซลที่ 264 ppi, แสดงผลแบบ True Tone, ขอบเขตสีกว้าง P3, ความสว่าง 500 นิต",กล้องหลังไวด์ 12MP (ƒ/1.8) + กล้องหน้าแนวนอน Ultra Wide 12MP รองรับ Center Stage,ท่องเว็บผ่าน Wi-Fi หรือดูวิดีโอนานสูงสุด 10 ชั่วโมง,"iPad Air 11 นิ้ว, สายชาร์จ USB-C (1 ม.), อะแดปเตอร์แปลงไฟ USB-C 20W",ตัวเรือนอะลูมิเนียมรีไซเคิล 100%,23900,"฿23,900",https://store.storeimages.cdn-apple.com/1/as-images.apple.com/is/ipad-air-finish-purple-2024?wid=2560&hei=2560&fmt=jpeg&qlt=95,https://store.storeimages.cdn-apple.com/1/as-images.apple.com/is/ipad-air-finish-purple-2024?wid=2048&hei=2048&fmt=png-alpha,data/images/ipad/ipad-air/purple.jpg,data/images/ipad/ipad-air/purple/hero.png,https://www.apple.com/th/shop/buy-ipad/ipad-air,https://www.apple.com/th/ipad-air/specs/,https://www.apple.com/th/ipad-air/
TH-IPADAIR11M2-PURPLE-256GB-7E59,TH-IPADAIR11M2-PURPLE-256GB-7E59,ipad-air-11-m2,iPad Air รุ่น 11 นิ้ว (M2),ipad,ipad-air,iPad Air (M2),iPad Air รุ่น 11 นิ้ว (M2) 256GB สีม่วง (Purple),purple,ม่วง,Purple,#D1CDDA,256GB,"11""","พอร์ต USB-C รองรับ USB 3 (สูงสุด 10Gb/s), Wi-Fi 6E, Bluetooth 5.3, ตัวเลือก 5G","ชิป M2 พร้อม CPU แบบ 8-core (4 ประสิทธิภาพ + 4 ประหยัดพลังงาน), GPU แบบ 9-core และ Neural Engine แบบ 16-core",247.6 x 178.5 x 6.1 มม.,462 กรัม (Wi-Fi) / 464 กรัม (Cellular),"จอภาพ Liquid Retina LED ขนาด 11 นิ้ว, ความละเอียด 2360 x 1640 พิกเซลที่ 264 ppi, แสดงผลแบบ True Tone, ขอบเขตสีกว้าง P3, ความสว่าง 500 นิต",กล้องหลังไวด์ 12MP (ƒ/1.8) + กล้องหน้าแนวนอน Ultra Wide 12MP รองรับ Center Stage,ท่องเว็บผ่าน Wi-Fi หรือดูวิดีโอนานสูงสุด 10 ชั่วโมง,"iPad Air 11 นิ้ว, สายชาร์จ USB-C (1 ม.), อะแดปเตอร์แปลงไฟ USB-C 20W",ตัวเรือนอะลูมิเนียมรีไซเคิล 100%,27900,"฿27,900",https://store.storeimages.cdn-apple.com/1/as-images.apple.com/is/ipad-air-finish-purple-2024?wid=2560&hei=2560&fmt=jpeg&qlt=95,https://store.storeimages.cdn-apple.com/1/as-images.apple.com/is/ipad-air-finish-purple-2024?wid=2048&hei=2048&fmt=png-alpha,data/images/ipad/ipad-air/purple.jpg,data/images/ipad/ipad-air/purple/hero.png,https://www.apple.com/th/shop/buy-ipad/ipad-air,https://www.apple.com/th/ipad-air/specs/,https://www.apple.com/th/ipad-air/
TH-IPADAIR11M2-PURPLE-512GB-9BA2,TH-IPADAIR11M2-PURPLE-512GB-9BA2,ipad-air-11-m2,iPad Air รุ่น 11 นิ้ว (M2),ipad,ipad-air,iPad Air (M2),iPad Air รุ่น 11 นิ้ว (M2) 512GB สีม่วง (Purple),purple,ม่วง,Purple,#D1CDDA,512GB,"11""","พอร์ต USB-C รองรับ USB 3 (สูงสุด 10Gb/s), Wi-Fi 6E, Bluetooth 5.3, ตัวเลือก 5G","ชิป M2 พร้อม CPU แบบ 8-core (4 ประสิทธิภาพ + 4 ประหยัดพลังงาน), GPU แบบ 9-core และ Neural Engine แบบ 16-core",247.6 x 178.5 x 6.1 มม.,462 กรัม (Wi-Fi) / 464 กรัม (Cellular),"จอภาพ Liquid Retina LED ขนาด 11 นิ้ว, ความละเอียด 2360 x 1640 พิกเซลที่ 264 ppi, แสดงผลแบบ True Tone, ขอบเขตสีกว้าง P3, ความสว่าง 500 นิต",กล้องหลังไวด์ 12MP (ƒ/1.8) + กล้องหน้าแนวนอน Ultra Wide 12MP รองรับ Center Stage,ท่องเว็บผ่าน Wi-Fi หรือดูวิดีโอนานสูงสุด 10 ชั่วโมง,"iPad Air 11 นิ้ว, สายชาร์จ USB-C (1 ม.), อะแดปเตอร์แปลงไฟ USB-C 20W",ตัวเรือนอะลูมิเนียมรีไซเคิล 100%,35900,"฿35,900",https://store.storeimages.cdn-apple.com/1/as-images.apple.com/is/ipad-air-finish-purple-2024?wid=2560&hei=2560&fmt=jpeg&qlt=95,https://store.storeimages.cdn-apple.com/1/as-images.apple.com/is/ipad-air-finish-purple-2024?wid=2048&hei=2048&fmt=png-alpha,data/images/ipad/ipad-air/purple.jpg,data/images/ipad/ipad-air/purple/hero.png,https://www.apple.com/th/shop/buy-ipad/ipad-air,https://www.apple.com/th/ipad-air/specs/,https://www.apple.com/th/ipad-air/
TH-IPADAIR11M2-PURPLE-1TB-1B60,TH-IPADAIR11M2-PURPLE-1TB-1B60,ipad-air-11-m2,iPad Air รุ่น 11 นิ้ว (M2),ipad,ipad-air,iPad Air (M2),iPad Air รุ่น 11 นิ้ว (M2) 1TB สีม่วง (Purple),purple,ม่วง,Purple,#D1CDDA,1TB,"11""","พอร์ต USB-C รองรับ USB 3 (สูงสุด 10Gb/s), Wi-Fi 6E, Bluetooth 5.3, ตัวเลือก 5G","ชิป M2 พร้อม CPU แบบ 8-core (4 ประสิทธิภาพ + 4 ประหยัดพลังงาน), GPU แบบ 9-core และ Neural Engine แบบ 16-core",247.6 x 178.5 x 6.1 มม.,462 กรัม (Wi-Fi) / 464 กรัม (Cellular),"จอภาพ Liquid Retina LED ขนาด 11 นิ้ว, ความละเอียด 2360 x 1640 พิกเซลที่ 264 ppi, แสดงผลแบบ True Tone, ขอบเขตสีกว้าง P3, ความสว่าง 500 นิต",กล้องหลังไวด์ 12MP (ƒ/1.8) + กล้องหน้าแนวนอน Ultra Wide 12MP รองรับ Center Stage,ท่องเว็บผ่าน Wi-Fi หรือดูวิดีโอนานสูงสุด 10 ชั่วโมง,"iPad Air 11 นิ้ว, สายชาร์จ USB-C (1 ม.), อะแดปเตอร์แปลงไฟ USB-C 20W",ตัวเรือนอะลูมิเนียมรีไซเคิล 100%,43900,"฿43,900",https://store.storeimages.cdn-apple.com/1/as-images.apple.com/is/ipad-air-finish-purple-2024?wid=2560&hei=2560&fmt=jpeg&qlt=95,https://store.storeimages.cdn-apple.com/1/as-images.apple.com/is/ipad-air-finish-purple-2024?wid=2048&hei=2048&fmt=png-alpha,data/images/ipad/ipad-air/purple.jpg,data/images/ipad/ipad-air/purple/hero.png,https://www.apple.com/th/shop/buy-ipad/ipad-air,https://www.apple.com/th/ipad-air/specs/,https://www.apple.com/th/ipad-air/
TH-IPADAIR11M2-STARLIGHT-128GB-CA0C,TH-IPADAIR11M2-STARLIGHT-128GB-CA0C,ipad-air-11-m2,iPad Air รุ่น 11 นิ้ว (M2),ipad,ipad-air,iPad Air (M2),iPad Air รุ่น 11 นิ้ว (M2) 128GB สีสตาร์ไลท์ (Starlight),starlight,สตาร์ไลท์,Starlight,#F0ECE1,128GB,"11""","พอร์ต USB-C รองรับ USB 3 (สูงสุด 10Gb/s), Wi-Fi 6E, Bluetooth 5.3, ตัวเลือก 5G","ชิป M2 พร้อม CPU แบบ 8-core (4 ประสิทธิภาพ + 4 ประหยัดพลังงาน), GPU แบบ 9-core และ Neural Engine แบบ 16-core",247.6 x 178.5 x 6.1 มม.,462 กรัม (Wi-Fi) / 464 กรัม (Cellular),"จอภาพ Liquid Retina LED ขนาด 11 นิ้ว, ความละเอียด 2360 x 1640 พิกเซลที่ 264 ppi, แสดงผลแบบ True Tone, ขอบเขตสีกว้าง P3, ความสว่าง 500 นิต",กล้องหลังไวด์ 12MP (ƒ/1.8) + กล้องหน้าแนวนอน Ultra Wide 12MP รองรับ Center Stage,ท่องเว็บผ่าน Wi-Fi หรือดูวิดีโอนานสูงสุด 10 ชั่วโมง,"iPad Air 11 นิ้ว, สายชาร์จ USB-C (1 ม.), อะแดปเตอร์แปลงไฟ USB-C 20W",ตัวเรือนอะลูมิเนียมรีไซเคิล 100%,23900,"฿23,900",https://store.storeimages.cdn-apple.com/1/as-images.apple.com/is/ipad-air-finish-starlight-2024?wid=2560&hei=2560&fmt=jpeg&qlt=95,https://store.storeimages.cdn-apple.com/1/as-images.apple.com/is/ipad-air-finish-starlight-2024?wid=2048&hei=2048&fmt=png-alpha,data/images/ipad/ipad-air/starlight.jpg,data/images/ipad/ipad-air/starlight/hero.png,https://www.apple.com/th/shop/buy-ipad/ipad-air,https://www.apple.com/th/ipad-air/specs/,https://www.apple.com/th/ipad-air/
TH-IPADAIR11M2-STARLIGHT-256GB-0CEF,TH-IPADAIR11M2-STARLIGHT-256GB-0CEF,ipad-air-11-m2,iPad Air รุ่น 11 นิ้ว (M2),ipad,ipad-air,iPad Air (M2),iPad Air รุ่น 11 นิ้ว (M2) 256GB สีสตาร์ไลท์ (Starlight),starlight,สตาร์ไลท์,Starlight,#F0ECE1,256GB,"11""","พอร์ต USB-C รองรับ USB 3 (สูงสุด 10Gb/s), Wi-Fi 6E, Bluetooth 5.3, ตัวเลือก 5G","ชิป M2 พร้อม CPU แบบ 8-core (4 ประสิทธิภาพ + 4 ประหยัดพลังงาน), GPU แบบ 9-core และ Neural Engine แบบ 16-core",247.6 x 178.5 x 6.1 มม.,462 กรัม (Wi-Fi) / 464 กรัม (Cellular),"จอภาพ Liquid Retina LED ขนาด 11 นิ้ว, ความละเอียด 2360 x 1640 พิกเซลที่ 264 ppi, แสดงผลแบบ True Tone, ขอบเขตสีกว้าง P3, ความสว่าง 500 นิต",กล้องหลังไวด์ 12MP (ƒ/1.8) + กล้องหน้าแนวนอน Ultra Wide 12MP รองรับ Center Stage,ท่องเว็บผ่าน Wi-Fi หรือดูวิดีโอนานสูงสุด 10 ชั่วโมง,"iPad Air 11 นิ้ว, สายชาร์จ USB-C (1 ม.), อะแดปเตอร์แปลงไฟ USB-C 20W",ตัวเรือนอะลูมิเนียมรีไซเคิล 100%,27900,"฿27,900",https://store.storeimages.cdn-apple.com/1/as-images.apple.com/is/ipad-air-finish-starlight-2024?wid=2560&hei=2560&fmt=jpeg&qlt=95,https://store.storeimages.cdn-apple.com/1/as-images.apple.com/is/ipad-air-finish-starlight-2024?wid=2048&hei=2048&fmt=png-alpha,data/images/ipad/ipad-air/starlight.jpg,data/images/ipad/ipad-air/starlight/hero.png,https://www.apple.com/th/shop/buy-ipad/ipad-air,https://www.apple.com/th/ipad-air/specs/,https://www.apple.com/th/ipad-air/
TH-IPADAIR11M2-STARLIGHT-512GB-AEAB,TH-IPADAIR11M2-STARLIGHT-512GB-AEAB,ipad-air-11-m2,iPad Air รุ่น 11 นิ้ว (M2),ipad,ipad-air,iPad Air (M2),iPad Air รุ่น 11 นิ้ว (M2) 512GB สีสตาร์ไลท์ (Starlight),starlight,สตาร์ไลท์,Starlight,#F0ECE1,512GB,"11""","พอร์ต USB-C รองรับ USB 3 (สูงสุด 10Gb/s), Wi-Fi 6E, Bluetooth 5.3, ตัวเลือก 5G","ชิป M2 พร้อม CPU แบบ 8-core (4 ประสิทธิภาพ + 4 ประหยัดพลังงาน), GPU แบบ 9-core และ Neural Engine แบบ 16-core",247.6 x 178.5 x 6.1 มม.,462 กรัม (Wi-Fi) / 464 กรัม (Cellular),"จอภาพ Liquid Retina LED ขนาด 11 นิ้ว, ความละเอียด 2360 x 1640 พิกเซลที่ 264 ppi, แสดงผลแบบ True Tone, ขอบเขตสีกว้าง P3, ความสว่าง 500 นิต",กล้องหลังไวด์ 12MP (ƒ/1.8) + กล้องหน้าแนวนอน Ultra Wide 12MP รองรับ Center Stage,ท่องเว็บผ่าน Wi-Fi หรือดูวิดีโอนานสูงสุด 10 ชั่วโมง,"iPad Air 11 นิ้ว, สายชาร์จ USB-C (1 ม.), อะแดปเตอร์แปลงไฟ USB-C 20W",ตัวเรือนอะลูมิเนียมรีไซเคิล 100%,35900,"฿35,900",https://store.storeimages.cdn-apple.com/1/as-images.apple.com/is/ipad-air-finish-starlight-2024?wid=2560&hei=2560&fmt=jpeg&qlt=95,https://store.storeimages.cdn-apple.com/1/as-images.apple.com/is/ipad-air-finish-starlight-2024?wid=2048&hei=2048&fmt=png-alpha,data/images/ipad/ipad-air/starlight.jpg,data/images/ipad/ipad-air/starlight/hero.png,https://www.apple.com/th/shop/buy-ipad/ipad-air,https://www.apple.com/th/ipad-air/specs/,https://www.apple.com/th/ipad-air/
TH-IPADAIR11M2-STARLIGHT-1TB-6FAA,TH-IPADAIR11M2-STARLIGHT-1TB-6FAA,ipad-air-11-m2,iPad Air รุ่น 11 นิ้ว (M2),ipad,ipad-air,iPad Air (M2),iPad Air รุ่น 11 นิ้ว (M2) 1TB สีสตาร์ไลท์ (Starlight),starlight,สตาร์ไลท์,Starlight,#F0ECE1,1TB,"11""","พอร์ต USB-C รองรับ USB 3 (สูงสุด 10Gb/s), Wi-Fi 6E, Bluetooth 5.3, ตัวเลือก 5G","ชิป M2 พร้อม CPU แบบ 8-core (4 ประสิทธิภาพ + 4 ประหยัดพลังงาน), GPU แบบ 9-core และ Neural Engine แบบ 16-core",247.6 x 178.5 x 6.1 มม.,462 กรัม (Wi-Fi) / 464 กรัม (Cellular),"จอภาพ Liquid Retina LED ขนาด 11 นิ้ว, ความละเอียด 2360 x 1640 พิกเซลที่ 264 ppi, แสดงผลแบบ True Tone, ขอบเขตสีกว้าง P3, ความสว่าง 500 นิต",กล้องหลังไวด์ 12MP (ƒ/1.8) + กล้องหน้าแนวนอน Ultra Wide 12MP รองรับ Center Stage,ท่องเว็บผ่าน Wi-Fi หรือดูวิดีโอนานสูงสุด 10 ชั่วโมง,"iPad Air 11 นิ้ว, สายชาร์จ USB-C (1 ม.), อะแดปเตอร์แปลงไฟ USB-C 20W",ตัวเรือนอะลูมิเนียมรีไซเคิล 100%,43900,"฿43,900",https://store.storeimages.cdn-apple.com/1/as-images.apple.com/is/ipad-air-finish-starlight-2024?wid=2560&hei=2560&fmt=jpeg&qlt=95,https://store.storeimages.cdn-apple.com/1/as-images.apple.com/is/ipad-air-finish-starlight-2024?wid=2048&hei=2048&fmt=png-alpha,data/images/ipad/ipad-air/starlight.jpg,data/images/ipad/ipad-air/starlight/hero.png,https://www.apple.com/th/shop/buy-ipad/ipad-air,https://www.apple.com/th/ipad-air/specs/,https://www.apple.com/th/ipad-air/
TH-IPADAIR13M2-SPACEGRAY-128GB-7011,TH-IPADAIR13M2-SPACEGRAY-128GB-7011,ipad-air-13-m2,iPad Air รุ่น 13 นิ้ว (M2),ipad,ipad-air,iPad Air (M2),iPad Air รุ่น 13 นิ้ว (M2) 128GB สีสเปซเกรย์ (Space Gray),space-gray,สเปซเกรย์,Space Gray,#68696E,128GB,"13""","USB-C (USB 3), Wi-Fi 6E, Bluetooth 5.3, ตัวเลือก 5G","ชิป M2 พร้อม CPU แบบ 8-core, GPU แบบ 9-core และ Neural Engine แบบ 16-core",280.6 x 214.9 x 6.1 มม.,617 กรัม (Wi-Fi) / 618 กรัม (Cellular),"จอภาพ Liquid Retina LED ขนาด 13 นิ้ว, ความละเอียด 2732 x 2048 พิกเซลที่ 264 ppi, ความสว่าง 600 นิต",กล้องหลังไวด์ 12MP + กล้องหน้าแนวนอน Ultra Wide 12MP,ท่องเว็บหรือดูวิดีโอนานสูงสุด 10 ชั่วโมง,"iPad Air 13 นิ้ว, สายชาร์จ USB-C (1 ม.), อะแดปเตอร์แปลงไฟ USB-C 20W",ตัวเรือนอะลูมิเนียมรีไซเคิล 100%,29900,"฿29,900",https://store.storeimages.cdn-apple.com/1/as-images.apple.com/is/ipad-air-finish-space-gray-2024?wid=2560&hei=2560&fmt=jpeg&qlt=95,https://store.storeimages.cdn-apple.com/1/as-images.apple.com/is/ipad-air-finish-space-gray-2024?wid=2048&hei=2048&fmt=png-alpha,data/images/ipad/ipad-air/space-gray.jpg,data/images/ipad/ipad-air/space-gray/hero.png,https://www.apple.com/th/shop/buy-ipad/ipad-air,https://www.apple.com/th/ipad-air/specs/,https://www.apple.com/th/ipad-air/
TH-IPADAIR13M2-SPACEGRAY-256GB-5384,TH-IPADAIR13M2-SPACEGRAY-256GB-5384,ipad-air-13-m2,iPad Air รุ่น 13 นิ้ว (M2),ipad,ipad-air,iPad Air (M2),iPad Air รุ่น 13 นิ้ว (M2) 256GB สีสเปซเกรย์ (Space Gray),space-gray,สเปซเกรย์,Space Gray,#68696E,256GB,"13""","USB-C (USB 3), Wi-Fi 6E, Bluetooth 5.3, ตัวเลือก 5G","ชิป M2 พร้อม CPU แบบ 8-core, GPU แบบ 9-core และ Neural Engine แบบ 16-core",280.6 x 214.9 x 6.1 มม.,617 กรัม (Wi-Fi) / 618 กรัม (Cellular),"จอภาพ Liquid Retina LED ขนาด 13 นิ้ว, ความละเอียด 2732 x 2048 พิกเซลที่ 264 ppi, ความสว่าง 600 นิต",กล้องหลังไวด์ 12MP + กล้องหน้าแนวนอน Ultra Wide 12MP,ท่องเว็บหรือดูวิดีโอนานสูงสุด 10 ชั่วโมง,"iPad Air 13 นิ้ว, สายชาร์จ USB-C (1 ม.), อะแดปเตอร์แปลงไฟ USB-C 20W",ตัวเรือนอะลูมิเนียมรีไซเคิล 100%,33900,"฿33,900",https://store.storeimages.cdn-apple.com/1/as-images.apple.com/is/ipad-air-finish-space-gray-2024?wid=2560&hei=2560&fmt=jpeg&qlt=95,https://store.storeimages.cdn-apple.com/1/as-images.apple.com/is/ipad-air-finish-space-gray-2024?wid=2048&hei=2048&fmt=png-alpha,data/images/ipad/ipad-air/space-gray.jpg,data/images/ipad/ipad-air/space-gray/hero.png,https://www.apple.com/th/shop/buy-ipad/ipad-air,https://www.apple.com/th/ipad-air/specs/,https://www.apple.com/th/ipad-air/
TH-IPADAIR13M2-SPACEGRAY-512GB-0D67,TH-IPADAIR13M2-SPACEGRAY-512GB-0D67,ipad-air-13-m2,iPad Air รุ่น 13 นิ้ว (M2),ipad,ipad-air,iPad Air (M2),iPad Air รุ่น 13 นิ้ว (M2) 512GB สีสเปซเกรย์ (Space Gray),space-gray,สเปซเกรย์,Space Gray,#68696E,512GB,"13""","USB-C (USB 3), Wi-Fi 6E, Bluetooth 5.3, ตัวเลือก 5G","ชิป M2 พร้อม CPU แบบ 8-core, GPU แบบ 9-core และ Neural Engine แบบ 16-core",280.6 x 214.9 x 6.1 มม.,617 กรัม (Wi-Fi) / 618 กรัม (Cellular),"จอภาพ Liquid Retina LED ขนาด 13 นิ้ว, ความละเอียด 2732 x 2048 พิกเซลที่ 264 ppi, ความสว่าง 600 นิต",กล้องหลังไวด์ 12MP + กล้องหน้าแนวนอน Ultra Wide 12MP,ท่องเว็บหรือดูวิดีโอนานสูงสุด 10 ชั่วโมง,"iPad Air 13 นิ้ว, สายชาร์จ USB-C (1 ม.), อะแดปเตอร์แปลงไฟ USB-C 20W",ตัวเรือนอะลูมิเนียมรีไซเคิล 100%,41900,"฿41,900",https://store.storeimages.cdn-apple.com/1/as-images.apple.com/is/ipad-air-finish-space-gray-2024?wid=2560&hei=2560&fmt=jpeg&qlt=95,https://store.storeimages.cdn-apple.com/1/as-images.apple.com/is/ipad-air-finish-space-gray-2024?wid=2048&hei=2048&fmt=png-alpha,data/images/ipad/ipad-air/space-gray.jpg,data/images/ipad/ipad-air/space-gray/hero.png,https://www.apple.com/th/shop/buy-ipad/ipad-air,https://www.apple.com/th/ipad-air/specs/,https://www.apple.com/th/ipad-air/
TH-IPADAIR13M2-SPACEGRAY-1TB-3164,TH-IPADAIR13M2-SPACEGRAY-1TB-3164,ipad-air-13-m2,iPad Air รุ่น 13 นิ้ว (M2),ipad,ipad-air,iPad Air (M2),iPad Air รุ่น 13 นิ้ว (M2) 1TB สีสเปซเกรย์ (Space Gray),space-gray,สเปซเกรย์,Space Gray,#68696E,1TB,"13""","USB-C (USB 3), Wi-Fi 6E, Bluetooth 5.3, ตัวเลือก 5G","ชิป M2 พร้อม CPU แบบ 8-core, GPU แบบ 9-core และ Neural Engine แบบ 16-core",280.6 x 214.9 x 6.1 มม.,617 กรัม (Wi-Fi) / 618 กรัม (Cellular),"จอภาพ Liquid Retina LED ขนาด 13 นิ้ว, ความละเอียด 2732 x 2048 พิกเซลที่ 264 ppi, ความสว่าง 600 นิต",กล้องหลังไวด์ 12MP + กล้องหน้าแนวนอน Ultra Wide 12MP,ท่องเว็บหรือดูวิดีโอนานสูงสุด 10 ชั่วโมง,"iPad Air 13 นิ้ว, สายชาร์จ USB-C (1 ม.), อะแดปเตอร์แปลงไฟ USB-C 20W",ตัวเรือนอะลูมิเนียมรีไซเคิล 100%,49900,"฿49,900",https://store.storeimages.cdn-apple.com/1/as-images.apple.com/is/ipad-air-finish-space-gray-2024?wid=2560&hei=2560&fmt=jpeg&qlt=95,https://store.storeimages.cdn-apple.com/1/as-images.apple.com/is/ipad-air-finish-space-gray-2024?wid=2048&hei=2048&fmt=png-alpha,data/images/ipad/ipad-air/space-gray.jpg,data/images/ipad/ipad-air/space-gray/hero.png,https://www.apple.com/th/shop/buy-ipad/ipad-air,https://www.apple.com/th/ipad-air/specs/,https://www.apple.com/th/ipad-air/
TH-IPADAIR13M2-BLUE-128GB-A1FF,TH-IPADAIR13M2-BLUE-128GB-A1FF,ipad-air-13-m2,iPad Air รุ่น 13 นิ้ว (M2),ipad,ipad-air,iPad Air (M2),iPad Air รุ่น 13 นิ้ว (M2) 128GB สีฟ้า (Blue),blue,ฟ้า,Blue,#3E536B,128GB,"13""","USB-C (USB 3), Wi-Fi 6E, Bluetooth 5.3, ตัวเลือก 5G","ชิป M2 พร้อม CPU แบบ 8-core, GPU แบบ 9-core และ Neural Engine แบบ 16-core",280.6 x 214.9 x 6.1 มม.,617 กรัม (Wi-Fi) / 618 กรัม (Cellular),"จอภาพ Liquid Retina LED ขนาด 13 นิ้ว, ความละเอียด 2732 x 2048 พิกเซลที่ 264 ppi, ความสว่าง 600 นิต",กล้องหลังไวด์ 12MP + กล้องหน้าแนวนอน Ultra Wide 12MP,ท่องเว็บหรือดูวิดีโอนานสูงสุด 10 ชั่วโมง,"iPad Air 13 นิ้ว, สายชาร์จ USB-C (1 ม.), อะแดปเตอร์แปลงไฟ USB-C 20W",ตัวเรือนอะลูมิเนียมรีไซเคิล 100%,29900,"฿29,900",https://store.storeimages.cdn-apple.com/1/as-images.apple.com/is/ipad-air-finish-blue-2024?wid=2560&hei=2560&fmt=jpeg&qlt=95,https://store.storeimages.cdn-apple.com/1/as-images.apple.com/is/ipad-air-finish-blue-2024?wid=2048&hei=2048&fmt=png-alpha,data/images/ipad/ipad-air/blue.jpg,data/images/ipad/ipad-air/blue/hero.png,https://www.apple.com/th/shop/buy-ipad/ipad-air,https://www.apple.com/th/ipad-air/specs/,https://www.apple.com/th/ipad-air/
TH-IPADAIR13M2-BLUE-256GB-5E0E,TH-IPADAIR13M2-BLUE-256GB-5E0E,ipad-air-13-m2,iPad Air รุ่น 13 นิ้ว (M2),ipad,ipad-air,iPad Air (M2),iPad Air รุ่น 13 นิ้ว (M2) 256GB สีฟ้า (Blue),blue,ฟ้า,Blue,#3E536B,256GB,"13""","USB-C (USB 3), Wi-Fi 6E, Bluetooth 5.3, ตัวเลือก 5G","ชิป M2 พร้อม CPU แบบ 8-core, GPU แบบ 9-core และ Neural Engine แบบ 16-core",280.6 x 214.9 x 6.1 มม.,617 กรัม (Wi-Fi) / 618 กรัม (Cellular),"จอภาพ Liquid Retina LED ขนาด 13 นิ้ว, ความละเอียด 2732 x 2048 พิกเซลที่ 264 ppi, ความสว่าง 600 นิต",กล้องหลังไวด์ 12MP + กล้องหน้าแนวนอน Ultra Wide 12MP,ท่องเว็บหรือดูวิดีโอนานสูงสุด 10 ชั่วโมง,"iPad Air 13 นิ้ว, สายชาร์จ USB-C (1 ม.), อะแดปเตอร์แปลงไฟ USB-C 20W",ตัวเรือนอะลูมิเนียมรีไซเคิล 100%,33900,"฿33,900",https://store.storeimages.cdn-apple.com/1/as-images.apple.com/is/ipad-air-finish-blue-2024?wid=2560&hei=2560&fmt=jpeg&qlt=95,https://store.storeimages.cdn-apple.com/1/as-images.apple.com/is/ipad-air-finish-blue-2024?wid=2048&hei=2048&fmt=png-alpha,data/images/ipad/ipad-air/blue.jpg,data/images/ipad/ipad-air/blue/hero.png,https://www.apple.com/th/shop/buy-ipad/ipad-air,https://www.apple.com/th/ipad-air/specs/,https://www.apple.com/th/ipad-air/
TH-IPADAIR13M2-BLUE-512GB-AAD4,TH-IPADAIR13M2-BLUE-512GB-AAD4,ipad-air-13-m2,iPad Air รุ่น 13 นิ้ว (M2),ipad,ipad-air,iPad Air (M2),iPad Air รุ่น 13 นิ้ว (M2) 512GB สีฟ้า (Blue),blue,ฟ้า,Blue,#3E536B,512GB,"13""","USB-C (USB 3), Wi-Fi 6E, Bluetooth 5.3, ตัวเลือก 5G","ชิป M2 พร้อม CPU แบบ 8-core, GPU แบบ 9-core และ Neural Engine แบบ 16-core",280.6 x 214.9 x 6.1 มม.,617 กรัม (Wi-Fi) / 618 กรัม (Cellular),"จอภาพ Liquid Retina LED ขนาด 13 นิ้ว, ความละเอียด 2732 x 2048 พิกเซลที่ 264 ppi, ความสว่าง 600 นิต",กล้องหลังไวด์ 12MP + กล้องหน้าแนวนอน Ultra Wide 12MP,ท่องเว็บหรือดูวิดีโอนานสูงสุด 10 ชั่วโมง,"iPad Air 13 นิ้ว, สายชาร์จ USB-C (1 ม.), อะแดปเตอร์แปลงไฟ USB-C 20W",ตัวเรือนอะลูมิเนียมรีไซเคิล 100%,41900,"฿41,900",https://store.storeimages.cdn-apple.com/1/as-images.apple.com/is/ipad-air-finish-blue-2024?wid=2560&hei=2560&fmt=jpeg&qlt=95,https://store.storeimages.cdn-apple.com/1/as-images.apple.com/is/ipad-air-finish-blue-2024?wid=2048&hei=2048&fmt=png-alpha,data/images/ipad/ipad-air/blue.jpg,data/images/ipad/ipad-air/blue/hero.png,https://www.apple.com/th/shop/buy-ipad/ipad-air,https://www.apple.com/th/ipad-air/specs/,https://www.apple.com/th/ipad-air/
TH-IPADAIR13M2-BLUE-1TB-6D7E,TH-IPADAIR13M2-BLUE-1TB-6D7E,ipad-air-13-m2,iPad Air รุ่น 13 นิ้ว (M2),ipad,ipad-air,iPad Air (M2),iPad Air รุ่น 13 นิ้ว (M2) 1TB สีฟ้า (Blue),blue,ฟ้า,Blue,#3E536B,1TB,"13""","USB-C (USB 3), Wi-Fi 6E, Bluetooth 5.3, ตัวเลือก 5G","ชิป M2 พร้อม CPU แบบ 8-core, GPU แบบ 9-core และ Neural Engine แบบ 16-core",280.6 x 214.9 x 6.1 มม.,617 กรัม (Wi-Fi) / 618 กรัม (Cellular),"จอภาพ Liquid Retina LED ขนาด 13 นิ้ว, ความละเอียด 2732 x 2048 พิกเซลที่ 264 ppi, ความสว่าง 600 นิต",กล้องหลังไวด์ 12MP + กล้องหน้าแนวนอน Ultra Wide 12MP,ท่องเว็บหรือดูวิดีโอนานสูงสุด 10 ชั่วโมง,"iPad Air 13 นิ้ว, สายชาร์จ USB-C (1 ม.), อะแดปเตอร์แปลงไฟ USB-C 20W",ตัวเรือนอะลูมิเนียมรีไซเคิล 100%,49900,"฿49,900",https://store.storeimages.cdn-apple.com/1/as-images.apple.com/is/ipad-air-finish-blue-2024?wid=2560&hei=2560&fmt=jpeg&qlt=95,https://store.storeimages.cdn-apple.com/1/as-images.apple.com/is/ipad-air-finish-blue-2024?wid=2048&hei=2048&fmt=png-alpha,data/images/ipad/ipad-air/blue.jpg,data/images/ipad/ipad-air/blue/hero.png,https://www.apple.com/th/shop/buy-ipad/ipad-air,https://www.apple.com/th/ipad-air/specs/,https://www.apple.com/th/ipad-air/
TH-IPADAIR13M2-PURPLE-128GB-26B4,TH-IPADAIR13M2-PURPLE-128GB-26B4,ipad-air-13-m2,iPad Air รุ่น 13 นิ้ว (M2),ipad,ipad-air,iPad Air (M2),iPad Air รุ่น 13 นิ้ว (M2) 128GB สีม่วง (Purple),purple,ม่วง,Purple,#D1CDDA,128GB,"13""","USB-C (USB 3), Wi-Fi 6E, Bluetooth 5.3, ตัวเลือก 5G","ชิป M2 พร้อม CPU แบบ 8-core, GPU แบบ 9-core และ Neural Engine แบบ 16-core",280.6 x 214.9 x 6.1 มม.,617 กรัม (Wi-Fi) / 618 กรัม (Cellular),"จอภาพ Liquid Retina LED ขนาด 13 นิ้ว, ความละเอียด 2732 x 2048 พิกเซลที่ 264 ppi, ความสว่าง 600 นิต",กล้องหลังไวด์ 12MP + กล้องหน้าแนวนอน Ultra Wide 12MP,ท่องเว็บหรือดูวิดีโอนานสูงสุด 10 ชั่วโมง,"iPad Air 13 นิ้ว, สายชาร์จ USB-C (1 ม.), อะแดปเตอร์แปลงไฟ USB-C 20W",ตัวเรือนอะลูมิเนียมรีไซเคิล 100%,29900,"฿29,900",https://store.storeimages.cdn-apple.com/1/as-images.apple.com/is/ipad-air-finish-purple-2024?wid=2560&hei=2560&fmt=jpeg&qlt=95,https://store.storeimages.cdn-apple.com/1/as-images.apple.com/is/ipad-air-finish-purple-2024?wid=2048&hei=2048&fmt=png-alpha,data/images/ipad/ipad-air/purple.jpg,data/images/ipad/ipad-air/purple/hero.png,https://www.apple.com/th/shop/buy-ipad/ipad-air,https://www.apple.com/th/ipad-air/specs/,https://www.apple.com/th/ipad-air/
TH-IPADAIR13M2-PURPLE-256GB-1CCE,TH-IPADAIR13M2-PURPLE-256GB-1CCE,ipad-air-13-m2,iPad Air รุ่น 13 นิ้ว (M2),ipad,ipad-air,iPad Air (M2),iPad Air รุ่น 13 นิ้ว (M2) 256GB สีม่วง (Purple),purple,ม่วง,Purple,#D1CDDA,256GB,"13""","USB-C (USB 3), Wi-Fi 6E, Bluetooth 5.3, ตัวเลือก 5G","ชิป M2 พร้อม CPU แบบ 8-core, GPU แบบ 9-core และ Neural Engine แบบ 16-core",280.6 x 214.9 x 6.1 มม.,617 กรัม (Wi-Fi) / 618 กรัม (Cellular),"จอภาพ Liquid Retina LED ขนาด 13 นิ้ว, ความละเอียด 2732 x 2048 พิกเซลที่ 264 ppi, ความสว่าง 600 นิต",กล้องหลังไวด์ 12MP + กล้องหน้าแนวนอน Ultra Wide 12MP,ท่องเว็บหรือดูวิดีโอนานสูงสุด 10 ชั่วโมง,"iPad Air 13 นิ้ว, สายชาร์จ USB-C (1 ม.), อะแดปเตอร์แปลงไฟ USB-C 20W",ตัวเรือนอะลูมิเนียมรีไซเคิล 100%,33900,"฿33,900",https://store.storeimages.cdn-apple.com/1/as-images.apple.com/is/ipad-air-finish-purple-2024?wid=2560&hei=2560&fmt=jpeg&qlt=95,https://store.storeimages.cdn-apple.com/1/as-images.apple.com/is/ipad-air-finish-purple-2024?wid=2048&hei=2048&fmt=png-alpha,data/images/ipad/ipad-air/purple.jpg,data/images/ipad/ipad-air/purple/hero.png,https://www.apple.com/th/shop/buy-ipad/ipad-air,https://www.apple.com/th/ipad-air/specs/,https://www.apple.com/th/ipad-air/
TH-IPADAIR13M2-PURPLE-512GB-9CEC,TH-IPADAIR13M2-PURPLE-512GB-9CEC,ipad-air-13-m2,iPad Air รุ่น 13 นิ้ว (M2),ipad,ipad-air,iPad Air (M2),iPad Air รุ่น 13 นิ้ว (M2) 512GB สีม่วง (Purple),purple,ม่วง,Purple,#D1CDDA,512GB,"13""","USB-C (USB 3), Wi-Fi 6E, Bluetooth 5.3, ตัวเลือก 5G","ชิป M2 พร้อม CPU แบบ 8-core, GPU แบบ 9-core และ Neural Engine แบบ 16-core",280.6 x 214.9 x 6.1 มม.,617 กรัม (Wi-Fi) / 618 กรัม (Cellular),"จอภาพ Liquid Retina LED ขนาด 13 นิ้ว, ความละเอียด 2732 x 2048 พิกเซลที่ 264 ppi, ความสว่าง 600 นิต",กล้องหลังไวด์ 12MP + กล้องหน้าแนวนอน Ultra Wide 12MP,ท่องเว็บหรือดูวิดีโอนานสูงสุด 10 ชั่วโมง,"iPad Air 13 นิ้ว, สายชาร์จ USB-C (1 ม.), อะแดปเตอร์แปลงไฟ USB-C 20W",ตัวเรือนอะลูมิเนียมรีไซเคิล 100%,41900,"฿41,900",https://store.storeimages.cdn-apple.com/1/as-images.apple.com/is/ipad-air-finish-purple-2024?wid=2560&hei=2560&fmt=jpeg&qlt=95,https://store.storeimages.cdn-apple.com/1/as-images.apple.com/is/ipad-air-finish-purple-2024?wid=2048&hei=2048&fmt=png-alpha,data/images/ipad/ipad-air/purple.jpg,data/images/ipad/ipad-air/purple/hero.png,https://www.apple.com/th/shop/buy-ipad/ipad-air,https://www.apple.com/th/ipad-air/specs/,https://www.apple.com/th/ipad-air/
TH-IPADAIR13M2-PURPLE-1TB-2970,TH-IPADAIR13M2-PURPLE-1TB-2970,ipad-air-13-m2,iPad Air รุ่น 13 นิ้ว (M2),ipad,ipad-air,iPad Air (M2),iPad Air รุ่น 13 นิ้ว (M2) 1TB สีม่วง (Purple),purple,ม่วง,Purple,#D1CDDA,1TB,"13""","USB-C (USB 3), Wi-Fi 6E, Bluetooth 5.3, ตัวเลือก 5G","ชิป M2 พร้อม CPU แบบ 8-core, GPU แบบ 9-core และ Neural Engine แบบ 16-core",280.6 x 214.9 x 6.1 มม.,617 กรัม (Wi-Fi) / 618 กรัม (Cellular),"จอภาพ Liquid Retina LED ขนาด 13 นิ้ว, ความละเอียด 2732 x 2048 พิกเซลที่ 264 ppi, ความสว่าง 600 นิต",กล้องหลังไวด์ 12MP + กล้องหน้าแนวนอน Ultra Wide 12MP,ท่องเว็บหรือดูวิดีโอนานสูงสุด 10 ชั่วโมง,"iPad Air 13 นิ้ว, สายชาร์จ USB-C (1 ม.), อะแดปเตอร์แปลงไฟ USB-C 20W",ตัวเรือนอะลูมิเนียมรีไซเคิล 100%,49900,"฿49,900",https://store.storeimages.cdn-apple.com/1/as-images.apple.com/is/ipad-air-finish-purple-2024?wid=2560&hei=2560&fmt=jpeg&qlt=95,https://store.storeimages.cdn-apple.com/1/as-images.apple.com/is/ipad-air-finish-purple-2024?wid=2048&hei=2048&fmt=png-alpha,data/images/ipad/ipad-air/purple.jpg,data/images/ipad/ipad-air/purple/hero.png,https://www.apple.com/th/shop/buy-ipad/ipad-air,https://www.apple.com/th/ipad-air/specs/,https://www.apple.com/th/ipad-air/
TH-IPADAIR13M2-STARLIGHT-128GB-1AA8,TH-IPADAIR13M2-STARLIGHT-128GB-1AA8,ipad-air-13-m2,iPad Air รุ่น 13 นิ้ว (M2),ipad,ipad-air,iPad Air (M2),iPad Air รุ่น 13 นิ้ว (M2) 128GB สีสตาร์ไลท์ (Starlight),starlight,สตาร์ไลท์,Starlight,#F0ECE1,128GB,"13""","USB-C (USB 3), Wi-Fi 6E, Bluetooth 5.3, ตัวเลือก 5G","ชิป M2 พร้อม CPU แบบ 8-core, GPU แบบ 9-core และ Neural Engine แบบ 16-core",280.6 x 214.9 x 6.1 มม.,617 กรัม (Wi-Fi) / 618 กรัม (Cellular),"จอภาพ Liquid Retina LED ขนาด 13 นิ้ว, ความละเอียด 2732 x 2048 พิกเซลที่ 264 ppi, ความสว่าง 600 นิต",กล้องหลังไวด์ 12MP + กล้องหน้าแนวนอน Ultra Wide 12MP,ท่องเว็บหรือดูวิดีโอนานสูงสุด 10 ชั่วโมง,"iPad Air 13 นิ้ว, สายชาร์จ USB-C (1 ม.), อะแดปเตอร์แปลงไฟ USB-C 20W",ตัวเรือนอะลูมิเนียมรีไซเคิล 100%,29900,"฿29,900",https://store.storeimages.cdn-apple.com/1/as-images.apple.com/is/ipad-air-finish-starlight-2024?wid=2560&hei=2560&fmt=jpeg&qlt=95,https://store.storeimages.cdn-apple.com/1/as-images.apple.com/is/ipad-air-finish-starlight-2024?wid=2048&hei=2048&fmt=png-alpha,data/images/ipad/ipad-air/starlight.jpg,data/images/ipad/ipad-air/starlight/hero.png,https://www.apple.com/th/shop/buy-ipad/ipad-air,https://www.apple.com/th/ipad-air/specs/,https://www.apple.com/th/ipad-air/
TH-IPADAIR13M2-STARLIGHT-256GB-ADEA,TH-IPADAIR13M2-STARLIGHT-256GB-ADEA,ipad-air-13-m2,iPad Air รุ่น 13 นิ้ว (M2),ipad,ipad-air,iPad Air (M2),iPad Air รุ่น 13 นิ้ว (M2) 256GB สีสตาร์ไลท์ (Starlight),starlight,สตาร์ไลท์,Starlight,#F0ECE1,256GB,"13""","USB-C (USB 3), Wi-Fi 6E, Bluetooth 5.3, ตัวเลือก 5G","ชิป M2 พร้อม CPU แบบ 8-core, GPU แบบ 9-core และ Neural Engine แบบ 16-core",280.6 x 214.9 x 6.1 มม.,617 กรัม (Wi-Fi) / 618 กรัม (Cellular),"จอภาพ Liquid Retina LED ขนาด 13 นิ้ว, ความละเอียด 2732 x 2048 พิกเซลที่ 264 ppi, ความสว่าง 600 นิต",กล้องหลังไวด์ 12MP + กล้องหน้าแนวนอน Ultra Wide 12MP,ท่องเว็บหรือดูวิดีโอนานสูงสุด 10 ชั่วโมง,"iPad Air 13 นิ้ว, สายชาร์จ USB-C (1 ม.), อะแดปเตอร์แปลงไฟ USB-C 20W",ตัวเรือนอะลูมิเนียมรีไซเคิล 100%,33900,"฿33,900",https://store.storeimages.cdn-apple.com/1/as-images.apple.com/is/ipad-air-finish-starlight-2024?wid=2560&hei=2560&fmt=jpeg&qlt=95,https://store.storeimages.cdn-apple.com/1/as-images.apple.com/is/ipad-air-finish-starlight-2024?wid=2048&hei=2048&fmt=png-alpha,data/images/ipad/ipad-air/starlight.jpg,data/images/ipad/ipad-air/starlight/hero.png,https://www.apple.com/th/shop/buy-ipad/ipad-air,https://www.apple.com/th/ipad-air/specs/,https://www.apple.com/th/ipad-air/
TH-IPADAIR13M2-STARLIGHT-512GB-145B,TH-IPADAIR13M2-STARLIGHT-512GB-145B,ipad-air-13-m2,iPad Air รุ่น 13 นิ้ว (M2),ipad,ipad-air,iPad Air (M2),iPad Air รุ่น 13 นิ้ว (M2) 512GB สีสตาร์ไลท์ (Starlight),starlight,สตาร์ไลท์,Starlight,#F0ECE1,512GB,"13""","USB-C (USB 3), Wi-Fi 6E, Bluetooth 5.3, ตัวเลือก 5G","ชิป M2 พร้อม CPU แบบ 8-core, GPU แบบ 9-core และ Neural Engine แบบ 16-core",280.6 x 214.9 x 6.1 มม.,617 กรัม (Wi-Fi) / 618 กรัม (Cellular),"จอภาพ Liquid Retina LED ขนาด 13 นิ้ว, ความละเอียด 2732 x 2048 พิกเซลที่ 264 ppi, ความสว่าง 600 นิต",กล้องหลังไวด์ 12MP + กล้องหน้าแนวนอน Ultra Wide 12MP,ท่องเว็บหรือดูวิดีโอนานสูงสุด 10 ชั่วโมง,"iPad Air 13 นิ้ว, สายชาร์จ USB-C (1 ม.), อะแดปเตอร์แปลงไฟ USB-C 20W",ตัวเรือนอะลูมิเนียมรีไซเคิล 100%,41900,"฿41,900",https://store.storeimages.cdn-apple.com/1/as-images.apple.com/is/ipad-air-finish-starlight-2024?wid=2560&hei=2560&fmt=jpeg&qlt=95,https://store.storeimages.cdn-apple.com/1/as-images.apple.com/is/ipad-air-finish-starlight-2024?wid=2048&hei=2048&fmt=png-alpha,data/images/ipad/ipad-air/starlight.jpg,data/images/ipad/ipad-air/starlight/hero.png,https://www.apple.com/th/shop/buy-ipad/ipad-air,https://www.apple.com/th/ipad-air/specs/,https://www.apple.com/th/ipad-air/
TH-IPADAIR13M2-STARLIGHT-1TB-EA5E,TH-IPADAIR13M2-STARLIGHT-1TB-EA5E,ipad-air-13-m2,iPad Air รุ่น 13 นิ้ว (M2),ipad,ipad-air,iPad Air (M2),iPad Air รุ่น 13 นิ้ว (M2) 1TB สีสตาร์ไลท์ (Starlight),starlight,สตาร์ไลท์,Starlight,#F0ECE1,1TB,"13""","USB-C (USB 3), Wi-Fi 6E, Bluetooth 5.3, ตัวเลือก 5G","ชิป M2 พร้อม CPU แบบ 8-core, GPU แบบ 9-core และ Neural Engine แบบ 16-core",280.6 x 214.9 x 6.1 มม.,617 กรัม (Wi-Fi) / 618 กรัม (Cellular),"จอภาพ Liquid Retina LED ขนาด 13 นิ้ว, ความละเอียด 2732 x 2048 พิกเซลที่ 264 ppi, ความสว่าง 600 นิต",กล้องหลังไวด์ 12MP + กล้องหน้าแนวนอน Ultra Wide 12MP,ท่องเว็บหรือดูวิดีโอนานสูงสุด 10 ชั่วโมง,"iPad Air 13 นิ้ว, สายชาร์จ USB-C (1 ม.), อะแดปเตอร์แปลงไฟ USB-C 20W",ตัวเรือนอะลูมิเนียมรีไซเคิล 100%,49900,"฿49,900",https://store.storeimages.cdn-apple.com/1/as-images.apple.com/is/ipad-air-finish-starlight-2024?wid=2560&hei=2560&fmt=jpeg&qlt=95,https://store.storeimages.cdn-apple.com/1/as-images.apple.com/is/ipad-air-finish-starlight-2024?wid=2048&hei=2048&fmt=png-alpha,data/images/ipad/ipad-air/starlight.jpg,data/images/ipad/ipad-air/starlight/hero.png,https://www.apple.com/th/shop/buy-ipad/ipad-air,https://www.apple.com/th/ipad-air/specs/,https://www.apple.com/th/ipad-air/
TH-IPAD10THGEN-SILVER-64GBWIFI-7B4D,TH-IPAD10THGEN-SILVER-64GBWIFI-7B4D,ipad-10th-gen,iPad (รุ่นที่ 10),ipad,ipad-10th-gen,iPad (รุ่นที่ 10),iPad (รุ่นที่ 10) 64GB (Wi-Fi) สีเงิน (Silver),silver,เงิน,Silver,#E3E4E5,64GB (Wi-Fi),"10.9""","USB-C, Wi-Fi 6, Bluetooth 5.2, ตัวเลือก 5G","ชิป A14 Bionic พร้อม CPU แบบ 6-core, GPU แบบ 4-core และ Neural Engine แบบ 16-core",248.6 x 179.5 x 7.0 มม.,477 กรัม (Wi-Fi) / 481 กรัม (Cellular),"จอภาพ Liquid Retina ขนาด 10.9 นิ้ว, ความละเอียด 2360 x 1640 พิกเซลที่ 264 ppi, ความสว่าง 500 นิต, True Tone",กล้องไวด์ 12MP (ƒ/1.8) + กล้องหน้าแนวนอน Ultra Wide 12MP พร้อม Center Stage,ดูวิดีโอนานสูงสุด 10 ชั่วโมง,"iPad (รุ่นที่ 10), สายชาร์จ USB-C (1 ม.), อะแดปเตอร์แปลงไฟ USB-C 20W",ตัวเรือนอะลูมิเนียมรีไซเคิล 100%,12900,"฿12,900",https://store.storeimages.cdn-apple.com/1/as-images.apple.com/is/ipad-10th-gen-finish-select-202212-silver?wid=2560&hei=2560&fmt=jpeg&qlt=95,https://store.storeimages.cdn-apple.com/1/as-images.apple.com/is/ipad-10th-gen-finish-select-202212-silver?wid=2048&hei=2048&fmt=png-alpha,data/images/ipad/ipad-10th-gen/silver.jpg,data/images/ipad/ipad-10th-gen/silver/hero.png,https://www.apple.com/th/shop/buy-ipad/ipad,https://www.apple.com/th/ipad-10.9/specs/,https://www.apple.com/th/ipad-10.9/
TH-IPAD10THGEN-SILVER-256GBWIF-94B4,TH-IPAD10THGEN-SILVER-256GBWIF-94B4,ipad-10th-gen,iPad (รุ่นที่ 10),ipad,ipad-10th-gen,iPad (รุ่นที่ 10),iPad (รุ่นที่ 10) 256GB (Wi-Fi) สีเงิน (Silver),silver,เงิน,Silver,#E3E4E5,256GB (Wi-Fi),"10.9""","USB-C, Wi-Fi 6, Bluetooth 5.2, ตัวเลือก 5G","ชิป A14 Bionic พร้อม CPU แบบ 6-core, GPU แบบ 4-core และ Neural Engine แบบ 16-core",248.6 x 179.5 x 7.0 มม.,477 กรัม (Wi-Fi) / 481 กรัม (Cellular),"จอภาพ Liquid Retina ขนาด 10.9 นิ้ว, ความละเอียด 2360 x 1640 พิกเซลที่ 264 ppi, ความสว่าง 500 นิต, True Tone",กล้องไวด์ 12MP (ƒ/1.8) + กล้องหน้าแนวนอน Ultra Wide 12MP พร้อม Center Stage,ดูวิดีโอนานสูงสุด 10 ชั่วโมง,"iPad (รุ่นที่ 10), สายชาร์จ USB-C (1 ม.), อะแดปเตอร์แปลงไฟ USB-C 20W",ตัวเรือนอะลูมิเนียมรีไซเคิล 100%,17900,"฿17,900",https://store.storeimages.cdn-apple.com/1/as-images.apple.com/is/ipad-10th-gen-finish-select-202212-silver?wid=2560&hei=2560&fmt=jpeg&qlt=95,https://store.storeimages.cdn-apple.com/1/as-images.apple.com/is/ipad-10th-gen-finish-select-202212-silver?wid=2048&hei=2048&fmt=png-alpha,data/images/ipad/ipad-10th-gen/silver.jpg,data/images/ipad/ipad-10th-gen/silver/hero.png,https://www.apple.com/th/shop/buy-ipad/ipad,https://www.apple.com/th/ipad-10.9/specs/,https://www.apple.com/th/ipad-10.9/
TH-IPAD10THGEN-SILVER-64GBCELL-82D0,TH-IPAD10THGEN-SILVER-64GBCELL-82D0,ipad-10th-gen,iPad (รุ่นที่ 10),ipad,ipad-10th-gen,iPad (รุ่นที่ 10),iPad (รุ่นที่ 10) 64GB (Cellular) สีเงิน (Silver),silver,เงิน,Silver,#E3E4E5,64GB (Cellular),"10.9""","USB-C, Wi-Fi 6, Bluetooth 5.2, ตัวเลือก 5G","ชิป A14 Bionic พร้อม CPU แบบ 6-core, GPU แบบ 4-core และ Neural Engine แบบ 16-core",248.6 x 179.5 x 7.0 มม.,477 กรัม (Wi-Fi) / 481 กรัม (Cellular),"จอภาพ Liquid Retina ขนาด 10.9 นิ้ว, ความละเอียด 2360 x 1640 พิกเซลที่ 264 ppi, ความสว่าง 500 นิต, True Tone",กล้องไวด์ 12MP (ƒ/1.8) + กล้องหน้าแนวนอน Ultra Wide 12MP พร้อม Center Stage,ดูวิดีโอนานสูงสุด 10 ชั่วโมง,"iPad (รุ่นที่ 10), สายชาร์จ USB-C (1 ม.), อะแดปเตอร์แปลงไฟ USB-C 20W",ตัวเรือนอะลูมิเนียมรีไซเคิล 100%,18900,"฿18,900",https://store.storeimages.cdn-apple.com/1/as-images.apple.com/is/ipad-10th-gen-finish-select-202212-silver?wid=2560&hei=2560&fmt=jpeg&qlt=95,https://store.storeimages.cdn-apple.com/1/as-images.apple.com/is/ipad-10th-gen-finish-select-202212-silver?wid=2048&hei=2048&fmt=png-alpha,data/images/ipad/ipad-10th-gen/silver.jpg,data/images/ipad/ipad-10th-gen/silver/hero.png,https://www.apple.com/th/shop/buy-ipad/ipad,https://www.apple.com/th/ipad-10.9/specs/,https://www.apple.com/th/ipad-10.9/
TH-IPAD10THGEN-SILVER-256GBCEL-D8E7,TH-IPAD10THGEN-SILVER-256GBCEL-D8E7,ipad-10th-gen,iPad (รุ่นที่ 10),ipad,ipad-10th-gen,iPad (รุ่นที่ 10),iPad (รุ่นที่ 10) 256GB (Cellular) สีเงิน (Silver),silver,เงิน,Silver,#E3E4E5,256GB (Cellular),"10.9""","USB-C, Wi-Fi 6, Bluetooth 5.2, ตัวเลือก 5G","ชิป A14 Bionic พร้อม CPU แบบ 6-core, GPU แบบ 4-core และ Neural Engine แบบ 16-core",248.6 x 179.5 x 7.0 มม.,477 กรัม (Wi-Fi) / 481 กรัม (Cellular),"จอภาพ Liquid Retina ขนาด 10.9 นิ้ว, ความละเอียด 2360 x 1640 พิกเซลที่ 264 ppi, ความสว่าง 500 นิต, True Tone",กล้องไวด์ 12MP (ƒ/1.8) + กล้องหน้าแนวนอน Ultra Wide 12MP พร้อม Center Stage,ดูวิดีโอนานสูงสุด 10 ชั่วโมง,"iPad (รุ่นที่ 10), สายชาร์จ USB-C (1 ม.), อะแดปเตอร์แปลงไฟ USB-C 20W",ตัวเรือนอะลูมิเนียมรีไซเคิล 100%,23900,"฿23,900",https://store.storeimages.cdn-apple.com/1/as-images.apple.com/is/ipad-10th-gen-finish-select-202212-silver?wid=2560&hei=2560&fmt=jpeg&qlt=95,https://store.storeimages.cdn-apple.com/1/as-images.apple.com/is/ipad-10th-gen-finish-select-202212-silver?wid=2048&hei=2048&fmt=png-alpha,data/images/ipad/ipad-10th-gen/silver.jpg,data/images/ipad/ipad-10th-gen/silver/hero.png,https://www.apple.com/th/shop/buy-ipad/ipad,https://www.apple.com/th/ipad-10.9/specs/,https://www.apple.com/th/ipad-10.9/
TH-IPAD10THGEN-BLUE-64GBWIFI-57F4,TH-IPAD10THGEN-BLUE-64GBWIFI-57F4,ipad-10th-gen,iPad (รุ่นที่ 10),ipad,ipad-10th-gen,iPad (รุ่นที่ 10),iPad (รุ่นที่ 10) 64GB (Wi-Fi) สีฟ้า (Blue),blue,ฟ้า,Blue,#3E536B,64GB (Wi-Fi),"10.9""","USB-C, Wi-Fi 6, Bluetooth 5.2, ตัวเลือก 5G","ชิป A14 Bionic พร้อม CPU แบบ 6-core, GPU แบบ 4-core และ Neural Engine แบบ 16-core",248.6 x 179.5 x 7.0 มม.,477 กรัม (Wi-Fi) / 481 กรัม (Cellular),"จอภาพ Liquid Retina ขนาด 10.9 นิ้ว, ความละเอียด 2360 x 1640 พิกเซลที่ 264 ppi, ความสว่าง 500 นิต, True Tone",กล้องไวด์ 12MP (ƒ/1.8) + กล้องหน้าแนวนอน Ultra Wide 12MP พร้อม Center Stage,ดูวิดีโอนานสูงสุด 10 ชั่วโมง,"iPad (รุ่นที่ 10), สายชาร์จ USB-C (1 ม.), อะแดปเตอร์แปลงไฟ USB-C 20W",ตัวเรือนอะลูมิเนียมรีไซเคิล 100%,12900,"฿12,900",https://store.storeimages.cdn-apple.com/1/as-images.apple.com/is/ipad-10th-gen-finish-select-202212-blue?wid=2560&hei=2560&fmt=jpeg&qlt=95,https://store.storeimages.cdn-apple.com/1/as-images.apple.com/is/ipad-10th-gen-finish-select-202212-blue?wid=2048&hei=2048&fmt=png-alpha,data/images/ipad/ipad-10th-gen/blue.jpg,data/images/ipad/ipad-10th-gen/blue/hero.png,https://www.apple.com/th/shop/buy-ipad/ipad,https://www.apple.com/th/ipad-10.9/specs/,https://www.apple.com/th/ipad-10.9/
TH-IPAD10THGEN-BLUE-256GBWIF-AE62,TH-IPAD10THGEN-BLUE-256GBWIF-AE62,ipad-10th-gen,iPad (รุ่นที่ 10),ipad,ipad-10th-gen,iPad (รุ่นที่ 10),iPad (รุ่นที่ 10) 256GB (Wi-Fi) สีฟ้า (Blue),blue,ฟ้า,Blue,#3E536B,256GB (Wi-Fi),"10.9""","USB-C, Wi-Fi 6, Bluetooth 5.2, ตัวเลือก 5G","ชิป A14 Bionic พร้อม CPU แบบ 6-core, GPU แบบ 4-core และ Neural Engine แบบ 16-core",248.6 x 179.5 x 7.0 มม.,477 กรัม (Wi-Fi) / 481 กรัม (Cellular),"จอภาพ Liquid Retina ขนาด 10.9 นิ้ว, ความละเอียด 2360 x 1640 พิกเซลที่ 264 ppi, ความสว่าง 500 นิต, True Tone",กล้องไวด์ 12MP (ƒ/1.8) + กล้องหน้าแนวนอน Ultra Wide 12MP พร้อม Center Stage,ดูวิดีโอนานสูงสุด 10 ชั่วโมง,"iPad (รุ่นที่ 10), สายชาร์จ USB-C (1 ม.), อะแดปเตอร์แปลงไฟ USB-C 20W",ตัวเรือนอะลูมิเนียมรีไซเคิล 100%,17900,"฿17,900",https://store.storeimages.cdn-apple.com/1/as-images.apple.com/is/ipad-10th-gen-finish-select-202212-blue?wid=2560&hei=2560&fmt=jpeg&qlt=95,https://store.storeimages.cdn-apple.com/1/as-images.apple.com/is/ipad-10th-gen-finish-select-202212-blue?wid=2048&hei=2048&fmt=png-alpha,data/images/ipad/ipad-10th-gen/blue.jpg,data/images/ipad/ipad-10th-gen/blue/hero.png,https://www.apple.com/th/shop/buy-ipad/ipad,https://www.apple.com/th/ipad-10.9/specs/,https://www.apple.com/th/ipad-10.9/
TH-IPAD10THGEN-BLUE-64GBCELL-5EB2,TH-IPAD10THGEN-BLUE-64GBCELL-5EB2,ipad-10th-gen,iPad (รุ่นที่ 10),ipad,ipad-10th-gen,iPad (รุ่นที่ 10),iPad (รุ่นที่ 10) 64GB (Cellular) สีฟ้า (Blue),blue,ฟ้า,Blue,#3E536B,64GB (Cellular),"10.9""","USB-C, Wi-Fi 6, Bluetooth 5.2, ตัวเลือก 5G","ชิป A14 Bionic พร้อม CPU แบบ 6-core, GPU แบบ 4-core และ Neural Engine แบบ 16-core",248.6 x 179.5 x 7.0 มม.,477 กรัม (Wi-Fi) / 481 กรัม (Cellular),"จอภาพ Liquid Retina ขนาด 10.9 นิ้ว, ความละเอียด 2360 x 1640 พิกเซลที่ 264 ppi, ความสว่าง 500 นิต, True Tone",กล้องไวด์ 12MP (ƒ/1.8) + กล้องหน้าแนวนอน Ultra Wide 12MP พร้อม Center Stage,ดูวิดีโอนานสูงสุด 10 ชั่วโมง,"iPad (รุ่นที่ 10), สายชาร์จ USB-C (1 ม.), อะแดปเตอร์แปลงไฟ USB-C 20W",ตัวเรือนอะลูมิเนียมรีไซเคิล 100%,18900,"฿18,900",https://store.storeimages.cdn-apple.com/1/as-images.apple.com/is/ipad-10th-gen-finish-select-202212-blue?wid=2560&hei=2560&fmt=jpeg&qlt=95,https://store.storeimages.cdn-apple.com/1/as-images.apple.com/is/ipad-10th-gen-finish-select-202212-blue?wid=2048&hei=2048&fmt=png-alpha,data/images/ipad/ipad-10th-gen/blue.jpg,data/images/ipad/ipad-10th-gen/blue/hero.png,https://www.apple.com/th/shop/buy-ipad/ipad,https://www.apple.com/th/ipad-10.9/specs/,https://www.apple.com/th/ipad-10.9/
TH-IPAD10THGEN-BLUE-256GBCEL-A13B,TH-IPAD10THGEN-BLUE-256GBCEL-A13B,ipad-10th-gen,iPad (รุ่นที่ 10),ipad,ipad-10th-gen,iPad (รุ่นที่ 10),iPad (รุ่นที่ 10) 256GB (Cellular) สีฟ้า (Blue),blue,ฟ้า,Blue,#3E536B,256GB (Cellular),"10.9""","USB-C, Wi-Fi 6, Bluetooth 5.2, ตัวเลือก 5G","ชิป A14 Bionic พร้อม CPU แบบ 6-core, GPU แบบ 4-core และ Neural Engine แบบ 16-core",248.6 x 179.5 x 7.0 มม.,477 กรัม (Wi-Fi) / 481 กรัม (Cellular),"จอภาพ Liquid Retina ขนาด 10.9 นิ้ว, ความละเอียด 2360 x 1640 พิกเซลที่ 264 ppi, ความสว่าง 500 นิต, True Tone",กล้องไวด์ 12MP (ƒ/1.8) + กล้องหน้าแนวนอน Ultra Wide 12MP พร้อม Center Stage,ดูวิดีโอนานสูงสุด 10 ชั่วโมง,"iPad (รุ่นที่ 10), สายชาร์จ USB-C (1 ม.), อะแดปเตอร์แปลงไฟ USB-C 20W",ตัวเรือนอะลูมิเนียมรีไซเคิล 100%,23900,"฿23,900",https://store.storeimages.cdn-apple.com/1/as-images.apple.com/is/ipad-10th-gen-finish-select-202212-blue?wid=2560&hei=2560&fmt=jpeg&qlt=95,https://store.storeimages.cdn-apple.com/1/as-images.apple.com/is/ipad-10th-gen-finish-select-202212-blue?wid=2048&hei=2048&fmt=png-alpha,data/images/ipad/ipad-10th-gen/blue.jpg,data/images/ipad/ipad-10th-gen/blue/hero.png,https://www.apple.com/th/shop/buy-ipad/ipad,https://www.apple.com/th/ipad-10.9/specs/,https://www.apple.com/th/ipad-10.9/
TH-IPAD10THGEN-PINK-64GBWIFI-F817,TH-IPAD10THGEN-PINK-64GBWIFI-F817,ipad-10th-gen,iPad (รุ่นที่ 10),ipad,ipad-10th-gen,iPad (รุ่นที่ 10),iPad (รุ่นที่ 10) 64GB (Wi-Fi) สีชมพู (Pink),pink,ชมพู,Pink,#E3A3B1,64GB (Wi-Fi),"10.9""","USB-C, Wi-Fi 6, Bluetooth 5.2, ตัวเลือก 5G","ชิป A14 Bionic พร้อม CPU แบบ 6-core, GPU แบบ 4-core และ Neural Engine แบบ 16-core",248.6 x 179.5 x 7.0 มม.,477 กรัม (Wi-Fi) / 481 กรัม (Cellular),"จอภาพ Liquid Retina ขนาด 10.9 นิ้ว, ความละเอียด 2360 x 1640 พิกเซลที่ 264 ppi, ความสว่าง 500 นิต, True Tone",กล้องไวด์ 12MP (ƒ/1.8) + กล้องหน้าแนวนอน Ultra Wide 12MP พร้อม Center Stage,ดูวิดีโอนานสูงสุด 10 ชั่วโมง,"iPad (รุ่นที่ 10), สายชาร์จ USB-C (1 ม.), อะแดปเตอร์แปลงไฟ USB-C 20W",ตัวเรือนอะลูมิเนียมรีไซเคิล 100%,12900,"฿12,900",https://store.storeimages.cdn-apple.com/1/as-images.apple.com/is/ipad-10th-gen-finish-select-202212-pink?wid=2560&hei=2560&fmt=jpeg&qlt=95,https://store.storeimages.cdn-apple.com/1/as-images.apple.com/is/ipad-10th-gen-finish-select-202212-pink?wid=2048&hei=2048&fmt=png-alpha,data/images/ipad/ipad-10th-gen/pink.jpg,data/images/ipad/ipad-10th-gen/pink/hero.png,https://www.apple.com/th/shop/buy-ipad/ipad,https://www.apple.com/th/ipad-10.9/specs/,https://www.apple.com/th/ipad-10.9/
TH-IPAD10THGEN-PINK-256GBWIF-AC14,TH-IPAD10THGEN-PINK-256GBWIF-AC14,ipad-10th-gen,iPad (รุ่นที่ 10),ipad,ipad-10th-gen,iPad (รุ่นที่ 10),iPad (รุ่นที่ 10) 256GB (Wi-Fi) สีชมพู (Pink),pink,ชมพู,Pink,#E3A3B1,256GB (Wi-Fi),"10.9""","USB-C, Wi-Fi 6, Bluetooth 5.2, ตัวเลือก 5G","ชิป A14 Bionic พร้อม CPU แบบ 6-core, GPU แบบ 4-core และ Neural Engine แบบ 16-core",248.6 x 179.5 x 7.0 มม.,477 กรัม (Wi-Fi) / 481 กรัม (Cellular),"จอภาพ Liquid Retina ขนาด 10.9 นิ้ว, ความละเอียด 2360 x 1640 พิกเซลที่ 264 ppi, ความสว่าง 500 นิต, True Tone",กล้องไวด์ 12MP (ƒ/1.8) + กล้องหน้าแนวนอน Ultra Wide 12MP พร้อม Center Stage,ดูวิดีโอนานสูงสุด 10 ชั่วโมง,"iPad (รุ่นที่ 10), สายชาร์จ USB-C (1 ม.), อะแดปเตอร์แปลงไฟ USB-C 20W",ตัวเรือนอะลูมิเนียมรีไซเคิล 100%,17900,"฿17,900",https://store.storeimages.cdn-apple.com/1/as-images.apple.com/is/ipad-10th-gen-finish-select-202212-pink?wid=2560&hei=2560&fmt=jpeg&qlt=95,https://store.storeimages.cdn-apple.com/1/as-images.apple.com/is/ipad-10th-gen-finish-select-202212-pink?wid=2048&hei=2048&fmt=png-alpha,data/images/ipad/ipad-10th-gen/pink.jpg,data/images/ipad/ipad-10th-gen/pink/hero.png,https://www.apple.com/th/shop/buy-ipad/ipad,https://www.apple.com/th/ipad-10.9/specs/,https://www.apple.com/th/ipad-10.9/
TH-IPAD10THGEN-PINK-64GBCELL-A846,TH-IPAD10THGEN-PINK-64GBCELL-A846,ipad-10th-gen,iPad (รุ่นที่ 10),ipad,ipad-10th-gen,iPad (รุ่นที่ 10),iPad (รุ่นที่ 10) 64GB (Cellular) สีชมพู (Pink),pink,ชมพู,Pink,#E3A3B1,64GB (Cellular),"10.9""","USB-C, Wi-Fi 6, Bluetooth 5.2, ตัวเลือก 5G","ชิป A14 Bionic พร้อม CPU แบบ 6-core, GPU แบบ 4-core และ Neural Engine แบบ 16-core",248.6 x 179.5 x 7.0 มม.,477 กรัม (Wi-Fi) / 481 กรัม (Cellular),"จอภาพ Liquid Retina ขนาด 10.9 นิ้ว, ความละเอียด 2360 x 1640 พิกเซลที่ 264 ppi, ความสว่าง 500 นิต, True Tone",กล้องไวด์ 12MP (ƒ/1.8) + กล้องหน้าแนวนอน Ultra Wide 12MP พร้อม Center Stage,ดูวิดีโอนานสูงสุด 10 ชั่วโมง,"iPad (รุ่นที่ 10), สายชาร์จ USB-C (1 ม.), อะแดปเตอร์แปลงไฟ USB-C 20W",ตัวเรือนอะลูมิเนียมรีไซเคิล 100%,18900,"฿18,900",https://store.storeimages.cdn-apple.com/1/as-images.apple.com/is/ipad-10th-gen-finish-select-202212-pink?wid=2560&hei=2560&fmt=jpeg&qlt=95,https://store.storeimages.cdn-apple.com/1/as-images.apple.com/is/ipad-10th-gen-finish-select-202212-pink?wid=2048&hei=2048&fmt=png-alpha,data/images/ipad/ipad-10th-gen/pink.jpg,data/images/ipad/ipad-10th-gen/pink/hero.png,https://www.apple.com/th/shop/buy-ipad/ipad,https://www.apple.com/th/ipad-10.9/specs/,https://www.apple.com/th/ipad-10.9/
TH-IPAD10THGEN-PINK-256GBCEL-B086,TH-IPAD10THGEN-PINK-256GBCEL-B086,ipad-10th-gen,iPad (รุ่นที่ 10),ipad,ipad-10th-gen,iPad (รุ่นที่ 10),iPad (รุ่นที่ 10) 256GB (Cellular) สีชมพู (Pink),pink,ชมพู,Pink,#E3A3B1,256GB (Cellular),"10.9""","USB-C, Wi-Fi 6, Bluetooth 5.2, ตัวเลือก 5G","ชิป A14 Bionic พร้อม CPU แบบ 6-core, GPU แบบ 4-core และ Neural Engine แบบ 16-core",248.6 x 179.5 x 7.0 มม.,477 กรัม (Wi-Fi) / 481 กรัม (Cellular),"จอภาพ Liquid Retina ขนาด 10.9 นิ้ว, ความละเอียด 2360 x 1640 พิกเซลที่ 264 ppi, ความสว่าง 500 นิต, True Tone",กล้องไวด์ 12MP (ƒ/1.8) + กล้องหน้าแนวนอน Ultra Wide 12MP พร้อม Center Stage,ดูวิดีโอนานสูงสุด 10 ชั่วโมง,"iPad (รุ่นที่ 10), สายชาร์จ USB-C (1 ม.), อะแดปเตอร์แปลงไฟ USB-C 20W",ตัวเรือนอะลูมิเนียมรีไซเคิล 100%,23900,"฿23,900",https://store.storeimages.cdn-apple.com/1/as-images.apple.com/is/ipad-10th-gen-finish-select-202212-pink?wid=2560&hei=2560&fmt=jpeg&qlt=95,https://store.storeimages.cdn-apple.com/1/as-images.apple.com/is/ipad-10th-gen-finish-select-202212-pink?wid=2048&hei=2048&fmt=png-alpha,data/images/ipad/ipad-10th-gen/pink.jpg,data/images/ipad/ipad-10th-gen/pink/hero.png,https://www.apple.com/th/shop/buy-ipad/ipad,https://www.apple.com/th/ipad-10.9/specs/,https://www.apple.com/th/ipad-10.9/
TH-IPAD10THGEN-YELLOW-64GBWIFI-673E,TH-IPAD10THGEN-YELLOW-64GBWIFI-673E,ipad-10th-gen,iPad (รุ่นที่ 10),ipad,ipad-10th-gen,iPad (รุ่นที่ 10),iPad (รุ่นที่ 10) 64GB (Wi-Fi) สีเหลือง (Yellow),yellow,เหลือง,Yellow,#FBE27D,64GB (Wi-Fi),"10.9""","USB-C, Wi-Fi 6, Bluetooth 5.2, ตัวเลือก 5G","ชิป A14 Bionic พร้อม CPU แบบ 6-core, GPU แบบ 4-core และ Neural Engine แบบ 16-core",248.6 x 179.5 x 7.0 มม.,477 กรัม (Wi-Fi) / 481 กรัม (Cellular),"จอภาพ Liquid Retina ขนาด 10.9 นิ้ว, ความละเอียด 2360 x 1640 พิกเซลที่ 264 ppi, ความสว่าง 500 นิต, True Tone",กล้องไวด์ 12MP (ƒ/1.8) + กล้องหน้าแนวนอน Ultra Wide 12MP พร้อม Center Stage,ดูวิดีโอนานสูงสุด 10 ชั่วโมง,"iPad (รุ่นที่ 10), สายชาร์จ USB-C (1 ม.), อะแดปเตอร์แปลงไฟ USB-C 20W",ตัวเรือนอะลูมิเนียมรีไซเคิล 100%,12900,"฿12,900",https://store.storeimages.cdn-apple.com/1/as-images.apple.com/is/ipad-10th-gen-finish-select-202212-yellow?wid=2560&hei=2560&fmt=jpeg&qlt=95,https://store.storeimages.cdn-apple.com/1/as-images.apple.com/is/ipad-10th-gen-finish-select-202212-yellow?wid=2048&hei=2048&fmt=png-alpha,data/images/ipad/ipad-10th-gen/yellow.jpg,data/images/ipad/ipad-10th-gen/yellow/hero.png,https://www.apple.com/th/shop/buy-ipad/ipad,https://www.apple.com/th/ipad-10.9/specs/,https://www.apple.com/th/ipad-10.9/
TH-IPAD10THGEN-YELLOW-256GBWIF-4AC7,TH-IPAD10THGEN-YELLOW-256GBWIF-4AC7,ipad-10th-gen,iPad (รุ่นที่ 10),ipad,ipad-10th-gen,iPad (รุ่นที่ 10),iPad (รุ่นที่ 10) 256GB (Wi-Fi) สีเหลือง (Yellow),yellow,เหลือง,Yellow,#FBE27D,256GB (Wi-Fi),"10.9""","USB-C, Wi-Fi 6, Bluetooth 5.2, ตัวเลือก 5G","ชิป A14 Bionic พร้อม CPU แบบ 6-core, GPU แบบ 4-core และ Neural Engine แบบ 16-core",248.6 x 179.5 x 7.0 มม.,477 กรัม (Wi-Fi) / 481 กรัม (Cellular),"จอภาพ Liquid Retina ขนาด 10.9 นิ้ว, ความละเอียด 2360 x 1640 พิกเซลที่ 264 ppi, ความสว่าง 500 นิต, True Tone",กล้องไวด์ 12MP (ƒ/1.8) + กล้องหน้าแนวนอน Ultra Wide 12MP พร้อม Center Stage,ดูวิดีโอนานสูงสุด 10 ชั่วโมง,"iPad (รุ่นที่ 10), สายชาร์จ USB-C (1 ม.), อะแดปเตอร์แปลงไฟ USB-C 20W",ตัวเรือนอะลูมิเนียมรีไซเคิล 100%,17900,"฿17,900",https://store.storeimages.cdn-apple.com/1/as-images.apple.com/is/ipad-10th-gen-finish-select-202212-yellow?wid=2560&hei=2560&fmt=jpeg&qlt=95,https://store.storeimages.cdn-apple.com/1/as-images.apple.com/is/ipad-10th-gen-finish-select-202212-yellow?wid=2048&hei=2048&fmt=png-alpha,data/images/ipad/ipad-10th-gen/yellow.jpg,data/images/ipad/ipad-10th-gen/yellow/hero.png,https://www.apple.com/th/shop/buy-ipad/ipad,https://www.apple.com/th/ipad-10.9/specs/,https://www.apple.com/th/ipad-10.9/
TH-IPAD10THGEN-YELLOW-64GBCELL-C847,TH-IPAD10THGEN-YELLOW-64GBCELL-C847,ipad-10th-gen,iPad (รุ่นที่ 10),ipad,ipad-10th-gen,iPad (รุ่นที่ 10),iPad (รุ่นที่ 10) 64GB (Cellular) สีเหลือง (Yellow),yellow,เหลือง,Yellow,#FBE27D,64GB (Cellular),"10.9""","USB-C, Wi-Fi 6, Bluetooth 5.2, ตัวเลือก 5G","ชิป A14 Bionic พร้อม CPU แบบ 6-core, GPU แบบ 4-core และ Neural Engine แบบ 16-core",248.6 x 179.5 x 7.0 มม.,477 กรัม (Wi-Fi) / 481 กรัม (Cellular),"จอภาพ Liquid Retina ขนาด 10.9 นิ้ว, ความละเอียด 2360 x 1640 พิกเซลที่ 264 ppi, ความสว่าง 500 นิต, True Tone",กล้องไวด์ 12MP (ƒ/1.8) + กล้องหน้าแนวนอน Ultra Wide 12MP พร้อม Center Stage,ดูวิดีโอนานสูงสุด 10 ชั่วโมง,"iPad (รุ่นที่ 10), สายชาร์จ USB-C (1 ม.), อะแดปเตอร์แปลงไฟ USB-C 20W",ตัวเรือนอะลูมิเนียมรีไซเคิล 100%,18900,"฿18,900",https://store.storeimages.cdn-apple.com/1/as-images.apple.com/is/ipad-10th-gen-finish-select-202212-yellow?wid=2560&hei=2560&fmt=jpeg&qlt=95,https://store.storeimages.cdn-apple.com/1/as-images.apple.com/is/ipad-10th-gen-finish-select-202212-yellow?wid=2048&hei=2048&fmt=png-alpha,data/images/ipad/ipad-10th-gen/yellow.jpg,data/images/ipad/ipad-10th-gen/yellow/hero.png,https://www.apple.com/th/shop/buy-ipad/ipad,https://www.apple.com/th/ipad-10.9/specs/,https://www.apple.com/th/ipad-10.9/
TH-IPAD10THGEN-YELLOW-256GBCEL-34E6,TH-IPAD10THGEN-YELLOW-256GBCEL-34E6,ipad-10th-gen,iPad (รุ่นที่ 10),ipad,ipad-10th-gen,iPad (รุ่นที่ 10),iPad (รุ่นที่ 10) 256GB (Cellular) สีเหลือง (Yellow),yellow,เหลือง,Yellow,#FBE27D,256GB (Cellular),"10.9""","USB-C, Wi-Fi 6, Bluetooth 5.2, ตัวเลือก 5G","ชิป A14 Bionic พร้อม CPU แบบ 6-core, GPU แบบ 4-core และ Neural Engine แบบ 16-core",248.6 x 179.5 x 7.0 มม.,477 กรัม (Wi-Fi) / 481 กรัม (Cellular),"จอภาพ Liquid Retina ขนาด 10.9 นิ้ว, ความละเอียด 2360 x 1640 พิกเซลที่ 264 ppi, ความสว่าง 500 นิต, True Tone",กล้องไวด์ 12MP (ƒ/1.8) + กล้องหน้าแนวนอน Ultra Wide 12MP พร้อม Center Stage,ดูวิดีโอนานสูงสุด 10 ชั่วโมง,"iPad (รุ่นที่ 10), สายชาร์จ USB-C (1 ม.), อะแดปเตอร์แปลงไฟ USB-C 20W",ตัวเรือนอะลูมิเนียมรีไซเคิล 100%,23900,"฿23,900",https://store.storeimages.cdn-apple.com/1/as-images.apple.com/is/ipad-10th-gen-finish-select-202212-yellow?wid=2560&hei=2560&fmt=jpeg&qlt=95,https://store.storeimages.cdn-apple.com/1/as-images.apple.com/is/ipad-10th-gen-finish-select-202212-yellow?wid=2048&hei=2048&fmt=png-alpha,data/images/ipad/ipad-10th-gen/yellow.jpg,data/images/ipad/ipad-10th-gen/yellow/hero.png,https://www.apple.com/th/shop/buy-ipad/ipad,https://www.apple.com/th/ipad-10.9/specs/,https://www.apple.com/th/ipad-10.9/
TH-IPADMINIA17-SPACEGRAY-128GBWIF-09D4,TH-IPADMINIA17-SPACEGRAY-128GBWIF-09D4,ipad-mini-a17,iPad mini (A17 Pro),ipad,ipad-mini,iPad mini,iPad mini (A17 Pro) 128GB (Wi-Fi) สีสเปซเกรย์ (Space Gray),space-gray,สเปซเกรย์,Space Gray,#68696E,128GB (Wi-Fi),"8.3""","USB-C (USB 3 สูงสุด 10Gb/s), Wi-Fi 6E, Bluetooth 5.3, ตัวเลือก 5G (eSIM)","ชิป A17 Pro พร้อม CPU แบบ 6-core, GPU แบบ 5-core รองรับ Ray Tracing และ Neural Engine แบบ 16-core ออกแบบมาเพื่อ Apple Intelligence",195.4 x 134.8 x 6.3 มม.,293 กรัม (Wi-Fi) / 297 กรัม (Cellular),"จอภาพ Liquid Retina ขนาด 8.3 นิ้ว, ความละเอียด 2266 x 1488 พิกเซลที่ 326 ppi, ความสว่าง 500 นิต, รองรับ Apple Pencil Pro",กล้องหลังไวด์ 12MP (ƒ/1.8) + กล้องหน้า Ultra Wide 12MP,ดูวิดีโอนานสูงสุด 10 ชั่วโมง,"iPad mini, สายชาร์จ USB-C (1 ม.), อะแดปเตอร์แปลงไฟ USB-C 20W",ตัวเรือนอะลูมิเนียมรีไซเคิล 100%,17900,"฿17,900",https://store.storeimages.cdn-apple.com/1/as-images.apple.com/is/ipad-mini-finish-spacegray-202410?wid=2560&hei=2560&fmt=jpeg&qlt=95,https://store.storeimages.cdn-apple.com/1/as-images.apple.com/is/ipad-mini-finish-spacegray-202410?wid=2048&hei=2048&fmt=png-alpha,data/images/ipad/ipad-mini/space-gray.jpg,data/images/ipad/ipad-mini/space-gray/hero.png,https://www.apple.com/th/shop/buy-ipad/ipad-mini,https://www.apple.com/th/ipad-mini/specs/,https://www.apple.com/th/ipad-mini/
TH-IPADMINIA17-SPACEGRAY-256GBWIF-274A,TH-IPADMINIA17-SPACEGRAY-256GBWIF-274A,ipad-mini-a17,iPad mini (A17 Pro),ipad,ipad-mini,iPad mini,iPad mini (A17 Pro) 256GB (Wi-Fi) สีสเปซเกรย์ (Space Gray),space-gray,สเปซเกรย์,Space Gray,#68696E,256GB (Wi-Fi),"8.3""","USB-C (USB 3 สูงสุด 10Gb/s), Wi-Fi 6E, Bluetooth 5.3, ตัวเลือก 5G (eSIM)","ชิป A17 Pro พร้อม CPU แบบ 6-core, GPU แบบ 5-core รองรับ Ray Tracing และ Neural Engine แบบ 16-core ออกแบบมาเพื่อ Apple Intelligence",195.4 x 134.8 x 6.3 มม.,293 กรัม (Wi-Fi) / 297 กรัม (Cellular),"จอภาพ Liquid Retina ขนาด 8.3 นิ้ว, ความละเอียด 2266 x 1488 พิกเซลที่ 326 ppi, ความสว่าง 500 นิต, รองรับ Apple Pencil Pro",กล้องหลังไวด์ 12MP (ƒ/1.8) + กล้องหน้า Ultra Wide 12MP,ดูวิดีโอนานสูงสุด 10 ชั่วโมง,"iPad mini, สายชาร์จ USB-C (1 ม.), อะแดปเตอร์แปลงไฟ USB-C 20W",ตัวเรือนอะลูมิเนียมรีไซเคิล 100%,21900,"฿21,900",https://store.storeimages.cdn-apple.com/1/as-images.apple.com/is/ipad-mini-finish-spacegray-202410?wid=2560&hei=2560&fmt=jpeg&qlt=95,https://store.storeimages.cdn-apple.com/1/as-images.apple.com/is/ipad-mini-finish-spacegray-202410?wid=2048&hei=2048&fmt=png-alpha,data/images/ipad/ipad-mini/space-gray.jpg,data/images/ipad/ipad-mini/space-gray/hero.png,https://www.apple.com/th/shop/buy-ipad/ipad-mini,https://www.apple.com/th/ipad-mini/specs/,https://www.apple.com/th/ipad-mini/
TH-IPADMINIA17-SPACEGRAY-512GBWIF-75E5,TH-IPADMINIA17-SPACEGRAY-512GBWIF-75E5,ipad-mini-a17,iPad mini (A17 Pro),ipad,ipad-mini,iPad mini,iPad mini (A17 Pro) 512GB (Wi-Fi) สีสเปซเกรย์ (Space Gray),space-gray,สเปซเกรย์,Space Gray,#68696E,512GB (Wi-Fi),"8.3""","USB-C (USB 3 สูงสุด 10Gb/s), Wi-Fi 6E, Bluetooth 5.3, ตัวเลือก 5G (eSIM)","ชิป A17 Pro พร้อม CPU แบบ 6-core, GPU แบบ 5-core รองรับ Ray Tracing และ Neural Engine แบบ 16-core ออกแบบมาเพื่อ Apple Intelligence",195.4 x 134.8 x 6.3 มม.,293 กรัม (Wi-Fi) / 297 กรัม (Cellular),"จอภาพ Liquid Retina ขนาด 8.3 นิ้ว, ความละเอียด 2266 x 1488 พิกเซลที่ 326 ppi, ความสว่าง 500 นิต, รองรับ Apple Pencil Pro",กล้องหลังไวด์ 12MP (ƒ/1.8) + กล้องหน้า Ultra Wide 12MP,ดูวิดีโอนานสูงสุด 10 ชั่วโมง,"iPad mini, สายชาร์จ USB-C (1 ม.), อะแดปเตอร์แปลงไฟ USB-C 20W",ตัวเรือนอะลูมิเนียมรีไซเคิล 100%,29900,"฿29,900",https://store.storeimages.cdn-apple.com/1/as-images.apple.com/is/ipad-mini-finish-spacegray-202410?wid=2560&hei=2560&fmt=jpeg&qlt=95,https://store.storeimages.cdn-apple.com/1/as-images.apple.com/is/ipad-mini-finish-spacegray-202410?wid=2048&hei=2048&fmt=png-alpha,data/images/ipad/ipad-mini/space-gray.jpg,data/images/ipad/ipad-mini/space-gray/hero.png,https://www.apple.com/th/shop/buy-ipad/ipad-mini,https://www.apple.com/th/ipad-mini/specs/,https://www.apple.com/th/ipad-mini/
TH-IPADMINIA17-SPACEGRAY-128GBCEL-CF1D,TH-IPADMINIA17-SPACEGRAY-128GBCEL-CF1D,ipad-mini-a17,iPad mini (A17 Pro),ipad,ipad-mini,iPad mini,iPad mini (A17 Pro) 128GB (Cellular) สีสเปซเกรย์ (Space Gray),space-gray,สเปซเกรย์,Space Gray,#68696E,128GB (Cellular),"8.3""","USB-C (USB 3 สูงสุด 10Gb/s), Wi-Fi 6E, Bluetooth 5.3, ตัวเลือก 5G (eSIM)","ชิป A17 Pro พร้อม CPU แบบ 6-core, GPU แบบ 5-core รองรับ Ray Tracing และ Neural Engine แบบ 16-core ออกแบบมาเพื่อ Apple Intelligence",195.4 x 134.8 x 6.3 มม.,293 กรัม (Wi-Fi) / 297 กรัม (Cellular),"จอภาพ Liquid Retina ขนาด 8.3 นิ้ว, ความละเอียด 2266 x 1488 พิกเซลที่ 326 ppi, ความสว่าง 500 นิต, รองรับ Apple Pencil Pro",กล้องหลังไวด์ 12MP (ƒ/1.8) + กล้องหน้า Ultra Wide 12MP,ดูวิดีโอนานสูงสุด 10 ชั่วโมง,"iPad mini, สายชาร์จ USB-C (1 ม.), อะแดปเตอร์แปลงไฟ USB-C 20W",ตัวเรือนอะลูมิเนียมรีไซเคิล 100%,23900,"฿23,900",https://store.storeimages.cdn-apple.com/1/as-images.apple.com/is/ipad-mini-finish-spacegray-202410?wid=2560&hei=2560&fmt=jpeg&qlt=95,https://store.storeimages.cdn-apple.com/1/as-images.apple.com/is/ipad-mini-finish-spacegray-202410?wid=2048&hei=2048&fmt=png-alpha,data/images/ipad/ipad-mini/space-gray.jpg,data/images/ipad/ipad-mini/space-gray/hero.png,https://www.apple.com/th/shop/buy-ipad/ipad-mini,https://www.apple.com/th/ipad-mini/specs/,https://www.apple.com/th/ipad-mini/
TH-IPADMINIA17-SPACEGRAY-256GBCEL-4F1A,TH-IPADMINIA17-SPACEGRAY-256GBCEL-4F1A,ipad-mini-a17,iPad mini (A17 Pro),ipad,ipad-mini,iPad mini,iPad mini (A17 Pro) 256GB (Cellular) สีสเปซเกรย์ (Space Gray),space-gray,สเปซเกรย์,Space Gray,#68696E,256GB (Cellular),"8.3""","USB-C (USB 3 สูงสุด 10Gb/s), Wi-Fi 6E, Bluetooth 5.3, ตัวเลือก 5G (eSIM)","ชิป A17 Pro พร้อม CPU แบบ 6-core, GPU แบบ 5-core รองรับ Ray Tracing และ Neural Engine แบบ 16-core ออกแบบมาเพื่อ Apple Intelligence",195.4 x 134.8 x 6.3 มม.,293 กรัม (Wi-Fi) / 297 กรัม (Cellular),"จอภาพ Liquid Retina ขนาด 8.3 นิ้ว, ความละเอียด 2266 x 1488 พิกเซลที่ 326 ppi, ความสว่าง 500 นิต, รองรับ Apple Pencil Pro",กล้องหลังไวด์ 12MP (ƒ/1.8) + กล้องหน้า Ultra Wide 12MP,ดูวิดีโอนานสูงสุด 10 ชั่วโมง,"iPad mini, สายชาร์จ USB-C (1 ม.), อะแดปเตอร์แปลงไฟ USB-C 20W",ตัวเรือนอะลูมิเนียมรีไซเคิล 100%,27900,"฿27,900",https://store.storeimages.cdn-apple.com/1/as-images.apple.com/is/ipad-mini-finish-spacegray-202410?wid=2560&hei=2560&fmt=jpeg&qlt=95,https://store.storeimages.cdn-apple.com/1/as-images.apple.com/is/ipad-mini-finish-spacegray-202410?wid=2048&hei=2048&fmt=png-alpha,data/images/ipad/ipad-mini/space-gray.jpg,data/images/ipad/ipad-mini/space-gray/hero.png,https://www.apple.com/th/shop/buy-ipad/ipad-mini,https://www.apple.com/th/ipad-mini/specs/,https://www.apple.com/th/ipad-mini/
TH-IPADMINIA17-SPACEGRAY-512GBCEL-A6EE,TH-IPADMINIA17-SPACEGRAY-512GBCEL-A6EE,ipad-mini-a17,iPad mini (A17 Pro),ipad,ipad-mini,iPad mini,iPad mini (A17 Pro) 512GB (Cellular) สีสเปซเกรย์ (Space Gray),space-gray,สเปซเกรย์,Space Gray,#68696E,512GB (Cellular),"8.3""","USB-C (USB 3 สูงสุด 10Gb/s), Wi-Fi 6E, Bluetooth 5.3, ตัวเลือก 5G (eSIM)","ชิป A17 Pro พร้อม CPU แบบ 6-core, GPU แบบ 5-core รองรับ Ray Tracing และ Neural Engine แบบ 16-core ออกแบบมาเพื่อ Apple Intelligence",195.4 x 134.8 x 6.3 มม.,293 กรัม (Wi-Fi) / 297 กรัม (Cellular),"จอภาพ Liquid Retina ขนาด 8.3 นิ้ว, ความละเอียด 2266 x 1488 พิกเซลที่ 326 ppi, ความสว่าง 500 นิต, รองรับ Apple Pencil Pro",กล้องหลังไวด์ 12MP (ƒ/1.8) + กล้องหน้า Ultra Wide 12MP,ดูวิดีโอนานสูงสุด 10 ชั่วโมง,"iPad mini, สายชาร์จ USB-C (1 ม.), อะแดปเตอร์แปลงไฟ USB-C 20W",ตัวเรือนอะลูมิเนียมรีไซเคิล 100%,35900,"฿35,900",https://store.storeimages.cdn-apple.com/1/as-images.apple.com/is/ipad-mini-finish-spacegray-202410?wid=2560&hei=2560&fmt=jpeg&qlt=95,https://store.storeimages.cdn-apple.com/1/as-images.apple.com/is/ipad-mini-finish-spacegray-202410?wid=2048&hei=2048&fmt=png-alpha,data/images/ipad/ipad-mini/space-gray.jpg,data/images/ipad/ipad-mini/space-gray/hero.png,https://www.apple.com/th/shop/buy-ipad/ipad-mini,https://www.apple.com/th/ipad-mini/specs/,https://www.apple.com/th/ipad-mini/
TH-IPADMINIA17-BLUE-128GBWIF-5626,TH-IPADMINIA17-BLUE-128GBWIF-5626,ipad-mini-a17,iPad mini (A17 Pro),ipad,ipad-mini,iPad mini,iPad mini (A17 Pro) 128GB (Wi-Fi) สีฟ้า (Blue),blue,ฟ้า,Blue,#3E536B,128GB (Wi-Fi),"8.3""","USB-C (USB 3 สูงสุด 10Gb/s), Wi-Fi 6E, Bluetooth 5.3, ตัวเลือก 5G (eSIM)","ชิป A17 Pro พร้อม CPU แบบ 6-core, GPU แบบ 5-core รองรับ Ray Tracing และ Neural Engine แบบ 16-core ออกแบบมาเพื่อ Apple Intelligence",195.4 x 134.8 x 6.3 มม.,293 กรัม (Wi-Fi) / 297 กรัม (Cellular),"จอภาพ Liquid Retina ขนาด 8.3 นิ้ว, ความละเอียด 2266 x 1488 พิกเซลที่ 326 ppi, ความสว่าง 500 นิต, รองรับ Apple Pencil Pro",กล้องหลังไวด์ 12MP (ƒ/1.8) + กล้องหน้า Ultra Wide 12MP,ดูวิดีโอนานสูงสุด 10 ชั่วโมง,"iPad mini, สายชาร์จ USB-C (1 ม.), อะแดปเตอร์แปลงไฟ USB-C 20W",ตัวเรือนอะลูมิเนียมรีไซเคิล 100%,17900,"฿17,900",https://store.storeimages.cdn-apple.com/1/as-images.apple.com/is/ipad-mini-finish-blue-202410?wid=2560&hei=2560&fmt=jpeg&qlt=95,https://store.storeimages.cdn-apple.com/1/as-images.apple.com/is/ipad-mini-finish-blue-202410?wid=2048&hei=2048&fmt=png-alpha,data/images/ipad/ipad-mini/blue.jpg,data/images/ipad/ipad-mini/blue/hero.png,https://www.apple.com/th/shop/buy-ipad/ipad-mini,https://www.apple.com/th/ipad-mini/specs/,https://www.apple.com/th/ipad-mini/
TH-IPADMINIA17-BLUE-256GBWIF-74AA,TH-IPADMINIA17-BLUE-256GBWIF-74AA,ipad-mini-a17,iPad mini (A17 Pro),ipad,ipad-mini,iPad mini,iPad mini (A17 Pro) 256GB (Wi-Fi) สีฟ้า (Blue),blue,ฟ้า,Blue,#3E536B,256GB (Wi-Fi),"8.3""","USB-C (USB 3 สูงสุด 10Gb/s), Wi-Fi 6E, Bluetooth 5.3, ตัวเลือก 5G (eSIM)","ชิป A17 Pro พร้อม CPU แบบ 6-core, GPU แบบ 5-core รองรับ Ray Tracing และ Neural Engine แบบ 16-core ออกแบบมาเพื่อ Apple Intelligence",195.4 x 134.8 x 6.3 มม.,293 กรัม (Wi-Fi) / 297 กรัม (Cellular),"จอภาพ Liquid Retina ขนาด 8.3 นิ้ว, ความละเอียด 2266 x 1488 พิกเซลที่ 326 ppi, ความสว่าง 500 นิต, รองรับ Apple Pencil Pro",กล้องหลังไวด์ 12MP (ƒ/1.8) + กล้องหน้า Ultra Wide 12MP,ดูวิดีโอนานสูงสุด 10 ชั่วโมง,"iPad mini, สายชาร์จ USB-C (1 ม.), อะแดปเตอร์แปลงไฟ USB-C 20W",ตัวเรือนอะลูมิเนียมรีไซเคิล 100%,21900,"฿21,900",https://store.storeimages.cdn-apple.com/1/as-images.apple.com/is/ipad-mini-finish-blue-202410?wid=2560&hei=2560&fmt=jpeg&qlt=95,https://store.storeimages.cdn-apple.com/1/as-images.apple.com/is/ipad-mini-finish-blue-202410?wid=2048&hei=2048&fmt=png-alpha,data/images/ipad/ipad-mini/blue.jpg,data/images/ipad/ipad-mini/blue/hero.png,https://www.apple.com/th/shop/buy-ipad/ipad-mini,https://www.apple.com/th/ipad-mini/specs/,https://www.apple.com/th/ipad-mini/
TH-IPADMINIA17-BLUE-512GBWIF-0055,TH-IPADMINIA17-BLUE-512GBWIF-0055,ipad-mini-a17,iPad mini (A17 Pro),ipad,ipad-mini,iPad mini,iPad mini (A17 Pro) 512GB (Wi-Fi) สีฟ้า (Blue),blue,ฟ้า,Blue,#3E536B,512GB (Wi-Fi),"8.3""","USB-C (USB 3 สูงสุด 10Gb/s), Wi-Fi 6E, Bluetooth 5.3, ตัวเลือก 5G (eSIM)","ชิป A17 Pro พร้อม CPU แบบ 6-core, GPU แบบ 5-core รองรับ Ray Tracing และ Neural Engine แบบ 16-core ออกแบบมาเพื่อ Apple Intelligence",195.4 x 134.8 x 6.3 มม.,293 กรัม (Wi-Fi) / 297 กรัม (Cellular),"จอภาพ Liquid Retina ขนาด 8.3 นิ้ว, ความละเอียด 2266 x 1488 พิกเซลที่ 326 ppi, ความสว่าง 500 นิต, รองรับ Apple Pencil Pro",กล้องหลังไวด์ 12MP (ƒ/1.8) + กล้องหน้า Ultra Wide 12MP,ดูวิดีโอนานสูงสุด 10 ชั่วโมง,"iPad mini, สายชาร์จ USB-C (1 ม.), อะแดปเตอร์แปลงไฟ USB-C 20W",ตัวเรือนอะลูมิเนียมรีไซเคิล 100%,29900,"฿29,900",https://store.storeimages.cdn-apple.com/1/as-images.apple.com/is/ipad-mini-finish-blue-202410?wid=2560&hei=2560&fmt=jpeg&qlt=95,https://store.storeimages.cdn-apple.com/1/as-images.apple.com/is/ipad-mini-finish-blue-202410?wid=2048&hei=2048&fmt=png-alpha,data/images/ipad/ipad-mini/blue.jpg,data/images/ipad/ipad-mini/blue/hero.png,https://www.apple.com/th/shop/buy-ipad/ipad-mini,https://www.apple.com/th/ipad-mini/specs/,https://www.apple.com/th/ipad-mini/
TH-IPADMINIA17-BLUE-128GBCEL-3E58,TH-IPADMINIA17-BLUE-128GBCEL-3E58,ipad-mini-a17,iPad mini (A17 Pro),ipad,ipad-mini,iPad mini,iPad mini (A17 Pro) 128GB (Cellular) สีฟ้า (Blue),blue,ฟ้า,Blue,#3E536B,128GB (Cellular),"8.3""","USB-C (USB 3 สูงสุด 10Gb/s), Wi-Fi 6E, Bluetooth 5.3, ตัวเลือก 5G (eSIM)","ชิป A17 Pro พร้อม CPU แบบ 6-core, GPU แบบ 5-core รองรับ Ray Tracing และ Neural Engine แบบ 16-core ออกแบบมาเพื่อ Apple Intelligence",195.4 x 134.8 x 6.3 มม.,293 กรัม (Wi-Fi) / 297 กรัม (Cellular),"จอภาพ Liquid Retina ขนาด 8.3 นิ้ว, ความละเอียด 2266 x 1488 พิกเซลที่ 326 ppi, ความสว่าง 500 นิต, รองรับ Apple Pencil Pro",กล้องหลังไวด์ 12MP (ƒ/1.8) + กล้องหน้า Ultra Wide 12MP,ดูวิดีโอนานสูงสุด 10 ชั่วโมง,"iPad mini, สายชาร์จ USB-C (1 ม.), อะแดปเตอร์แปลงไฟ USB-C 20W",ตัวเรือนอะลูมิเนียมรีไซเคิล 100%,23900,"฿23,900",https://store.storeimages.cdn-apple.com/1/as-images.apple.com/is/ipad-mini-finish-blue-202410?wid=2560&hei=2560&fmt=jpeg&qlt=95,https://store.storeimages.cdn-apple.com/1/as-images.apple.com/is/ipad-mini-finish-blue-202410?wid=2048&hei=2048&fmt=png-alpha,data/images/ipad/ipad-mini/blue.jpg,data/images/ipad/ipad-mini/blue/hero.png,https://www.apple.com/th/shop/buy-ipad/ipad-mini,https://www.apple.com/th/ipad-mini/specs/,https://www.apple.com/th/ipad-mini/
TH-IPADMINIA17-BLUE-256GBCEL-FA00,TH-IPADMINIA17-BLUE-256GBCEL-FA00,ipad-mini-a17,iPad mini (A17 Pro),ipad,ipad-mini,iPad mini,iPad mini (A17 Pro) 256GB (Cellular) สีฟ้า (Blue),blue,ฟ้า,Blue,#3E536B,256GB (Cellular),"8.3""","USB-C (USB 3 สูงสุด 10Gb/s), Wi-Fi 6E, Bluetooth 5.3, ตัวเลือก 5G (eSIM)","ชิป A17 Pro พร้อม CPU แบบ 6-core, GPU แบบ 5-core รองรับ Ray Tracing และ Neural Engine แบบ 16-core ออกแบบมาเพื่อ Apple Intelligence",195.4 x 134.8 x 6.3 มม.,293 กรัม (Wi-Fi) / 297 กรัม (Cellular),"จอภาพ Liquid Retina ขนาด 8.3 นิ้ว, ความละเอียด 2266 x 1488 พิกเซลที่ 326 ppi, ความสว่าง 500 นิต, รองรับ Apple Pencil Pro",กล้องหลังไวด์ 12MP (ƒ/1.8) + กล้องหน้า Ultra Wide 12MP,ดูวิดีโอนานสูงสุด 10 ชั่วโมง,"iPad mini, สายชาร์จ USB-C (1 ม.), อะแดปเตอร์แปลงไฟ USB-C 20W",ตัวเรือนอะลูมิเนียมรีไซเคิล 100%,27900,"฿27,900",https://store.storeimages.cdn-apple.com/1/as-images.apple.com/is/ipad-mini-finish-blue-202410?wid=2560&hei=2560&fmt=jpeg&qlt=95,https://store.storeimages.cdn-apple.com/1/as-images.apple.com/is/ipad-mini-finish-blue-202410?wid=2048&hei=2048&fmt=png-alpha,data/images/ipad/ipad-mini/blue.jpg,data/images/ipad/ipad-mini/blue/hero.png,https://www.apple.com/th/shop/buy-ipad/ipad-mini,https://www.apple.com/th/ipad-mini/specs/,https://www.apple.com/th/ipad-mini/
TH-IPADMINIA17-BLUE-512GBCEL-FE9B,TH-IPADMINIA17-BLUE-512GBCEL-FE9B,ipad-mini-a17,iPad mini (A17 Pro),ipad,ipad-mini,iPad mini,iPad mini (A17 Pro) 512GB (Cellular) สีฟ้า (Blue),blue,ฟ้า,Blue,#3E536B,512GB (Cellular),"8.3""","USB-C (USB 3 สูงสุด 10Gb/s), Wi-Fi 6E, Bluetooth 5.3, ตัวเลือก 5G (eSIM)","ชิป A17 Pro พร้อม CPU แบบ 6-core, GPU แบบ 5-core รองรับ Ray Tracing และ Neural Engine แบบ 16-core ออกแบบมาเพื่อ Apple Intelligence",195.4 x 134.8 x 6.3 มม.,293 กรัม (Wi-Fi) / 297 กรัม (Cellular),"จอภาพ Liquid Retina ขนาด 8.3 นิ้ว, ความละเอียด 2266 x 1488 พิกเซลที่ 326 ppi, ความสว่าง 500 นิต, รองรับ Apple Pencil Pro",กล้องหลังไวด์ 12MP (ƒ/1.8) + กล้องหน้า Ultra Wide 12MP,ดูวิดีโอนานสูงสุด 10 ชั่วโมง,"iPad mini, สายชาร์จ USB-C (1 ม.), อะแดปเตอร์แปลงไฟ USB-C 20W",ตัวเรือนอะลูมิเนียมรีไซเคิล 100%,35900,"฿35,900",https://store.storeimages.cdn-apple.com/1/as-images.apple.com/is/ipad-mini-finish-blue-202410?wid=2560&hei=2560&fmt=jpeg&qlt=95,https://store.storeimages.cdn-apple.com/1/as-images.apple.com/is/ipad-mini-finish-blue-202410?wid=2048&hei=2048&fmt=png-alpha,data/images/ipad/ipad-mini/blue.jpg,data/images/ipad/ipad-mini/blue/hero.png,https://www.apple.com/th/shop/buy-ipad/ipad-mini,https://www.apple.com/th/ipad-mini/specs/,https://www.apple.com/th/ipad-mini/
TH-IPADMINIA17-PURPLE-128GBWIF-6A57,TH-IPADMINIA17-PURPLE-128GBWIF-6A57,ipad-mini-a17,iPad mini (A17 Pro),ipad,ipad-mini,iPad mini,iPad mini (A17 Pro) 128GB (Wi-Fi) สีม่วง (Purple),purple,ม่วง,Purple,#D1CDDA,128GB (Wi-Fi),"8.3""","USB-C (USB 3 สูงสุด 10Gb/s), Wi-Fi 6E, Bluetooth 5.3, ตัวเลือก 5G (eSIM)","ชิป A17 Pro พร้อม CPU แบบ 6-core, GPU แบบ 5-core รองรับ Ray Tracing และ Neural Engine แบบ 16-core ออกแบบมาเพื่อ Apple Intelligence",195.4 x 134.8 x 6.3 มม.,293 กรัม (Wi-Fi) / 297 กรัม (Cellular),"จอภาพ Liquid Retina ขนาด 8.3 นิ้ว, ความละเอียด 2266 x 1488 พิกเซลที่ 326 ppi, ความสว่าง 500 นิต, รองรับ Apple Pencil Pro",กล้องหลังไวด์ 12MP (ƒ/1.8) + กล้องหน้า Ultra Wide 12MP,ดูวิดีโอนานสูงสุด 10 ชั่วโมง,"iPad mini, สายชาร์จ USB-C (1 ม.), อะแดปเตอร์แปลงไฟ USB-C 20W",ตัวเรือนอะลูมิเนียมรีไซเคิล 100%,17900,"฿17,900",https://store.storeimages.cdn-apple.com/1/as-images.apple.com/is/ipad-mini-finish-purple-202410?wid=2560&hei=2560&fmt=jpeg&qlt=95,https://store.storeimages.cdn-apple.com/1/as-images.apple.com/is/ipad-mini-finish-purple-202410?wid=2048&hei=2048&fmt=png-alpha,data/images/ipad/ipad-mini/purple.jpg,data/images/ipad/ipad-mini/purple/hero.png,https://www.apple.com/th/shop/buy-ipad/ipad-mini,https://www.apple.com/th/ipad-mini/specs/,https://www.apple.com/th/ipad-mini/
TH-IPADMINIA17-PURPLE-256GBWIF-56E4,TH-IPADMINIA17-PURPLE-256GBWIF-56E4,ipad-mini-a17,iPad mini (A17 Pro),ipad,ipad-mini,iPad mini,iPad mini (A17 Pro) 256GB (Wi-Fi) สีม่วง (Purple),purple,ม่วง,Purple,#D1CDDA,256GB (Wi-Fi),"8.3""","USB-C (USB 3 สูงสุด 10Gb/s), Wi-Fi 6E, Bluetooth 5.3, ตัวเลือก 5G (eSIM)","ชิป A17 Pro พร้อม CPU แบบ 6-core, GPU แบบ 5-core รองรับ Ray Tracing และ Neural Engine แบบ 16-core ออกแบบมาเพื่อ Apple Intelligence",195.4 x 134.8 x 6.3 มม.,293 กรัม (Wi-Fi) / 297 กรัม (Cellular),"จอภาพ Liquid Retina ขนาด 8.3 นิ้ว, ความละเอียด 2266 x 1488 พิกเซลที่ 326 ppi, ความสว่าง 500 นิต, รองรับ Apple Pencil Pro",กล้องหลังไวด์ 12MP (ƒ/1.8) + กล้องหน้า Ultra Wide 12MP,ดูวิดีโอนานสูงสุด 10 ชั่วโมง,"iPad mini, สายชาร์จ USB-C (1 ม.), อะแดปเตอร์แปลงไฟ USB-C 20W",ตัวเรือนอะลูมิเนียมรีไซเคิล 100%,21900,"฿21,900",https://store.storeimages.cdn-apple.com/1/as-images.apple.com/is/ipad-mini-finish-purple-202410?wid=2560&hei=2560&fmt=jpeg&qlt=95,https://store.storeimages.cdn-apple.com/1/as-images.apple.com/is/ipad-mini-finish-purple-202410?wid=2048&hei=2048&fmt=png-alpha,data/images/ipad/ipad-mini/purple.jpg,data/images/ipad/ipad-mini/purple/hero.png,https://www.apple.com/th/shop/buy-ipad/ipad-mini,https://www.apple.com/th/ipad-mini/specs/,https://www.apple.com/th/ipad-mini/
TH-IPADMINIA17-PURPLE-512GBWIF-4F72,TH-IPADMINIA17-PURPLE-512GBWIF-4F72,ipad-mini-a17,iPad mini (A17 Pro),ipad,ipad-mini,iPad mini,iPad mini (A17 Pro) 512GB (Wi-Fi) สีม่วง (Purple),purple,ม่วง,Purple,#D1CDDA,512GB (Wi-Fi),"8.3""","USB-C (USB 3 สูงสุด 10Gb/s), Wi-Fi 6E, Bluetooth 5.3, ตัวเลือก 5G (eSIM)","ชิป A17 Pro พร้อม CPU แบบ 6-core, GPU แบบ 5-core รองรับ Ray Tracing และ Neural Engine แบบ 16-core ออกแบบมาเพื่อ Apple Intelligence",195.4 x 134.8 x 6.3 มม.,293 กรัม (Wi-Fi) / 297 กรัม (Cellular),"จอภาพ Liquid Retina ขนาด 8.3 นิ้ว, ความละเอียด 2266 x 1488 พิกเซลที่ 326 ppi, ความสว่าง 500 นิต, รองรับ Apple Pencil Pro",กล้องหลังไวด์ 12MP (ƒ/1.8) + กล้องหน้า Ultra Wide 12MP,ดูวิดีโอนานสูงสุด 10 ชั่วโมง,"iPad mini, สายชาร์จ USB-C (1 ม.), อะแดปเตอร์แปลงไฟ USB-C 20W",ตัวเรือนอะลูมิเนียมรีไซเคิล 100%,29900,"฿29,900",https://store.storeimages.cdn-apple.com/1/as-images.apple.com/is/ipad-mini-finish-purple-202410?wid=2560&hei=2560&fmt=jpeg&qlt=95,https://store.storeimages.cdn-apple.com/1/as-images.apple.com/is/ipad-mini-finish-purple-202410?wid=2048&hei=2048&fmt=png-alpha,data/images/ipad/ipad-mini/purple.jpg,data/images/ipad/ipad-mini/purple/hero.png,https://www.apple.com/th/shop/buy-ipad/ipad-mini,https://www.apple.com/th/ipad-mini/specs/,https://www.apple.com/th/ipad-mini/
TH-IPADMINIA17-PURPLE-128GBCEL-8C34,TH-IPADMINIA17-PURPLE-128GBCEL-8C34,ipad-mini-a17,iPad mini (A17 Pro),ipad,ipad-mini,iPad mini,iPad mini (A17 Pro) 128GB (Cellular) สีม่วง (Purple),purple,ม่วง,Purple,#D1CDDA,128GB (Cellular),"8.3""","USB-C (USB 3 สูงสุด 10Gb/s), Wi-Fi 6E, Bluetooth 5.3, ตัวเลือก 5G (eSIM)","ชิป A17 Pro พร้อม CPU แบบ 6-core, GPU แบบ 5-core รองรับ Ray Tracing และ Neural Engine แบบ 16-core ออกแบบมาเพื่อ Apple Intelligence",195.4 x 134.8 x 6.3 มม.,293 กรัม (Wi-Fi) / 297 กรัม (Cellular),"จอภาพ Liquid Retina ขนาด 8.3 นิ้ว, ความละเอียด 2266 x 1488 พิกเซลที่ 326 ppi, ความสว่าง 500 นิต, รองรับ Apple Pencil Pro",กล้องหลังไวด์ 12MP (ƒ/1.8) + กล้องหน้า Ultra Wide 12MP,ดูวิดีโอนานสูงสุด 10 ชั่วโมง,"iPad mini, สายชาร์จ USB-C (1 ม.), อะแดปเตอร์แปลงไฟ USB-C 20W",ตัวเรือนอะลูมิเนียมรีไซเคิล 100%,23900,"฿23,900",https://store.storeimages.cdn-apple.com/1/as-images.apple.com/is/ipad-mini-finish-purple-202410?wid=2560&hei=2560&fmt=jpeg&qlt=95,https://store.storeimages.cdn-apple.com/1/as-images.apple.com/is/ipad-mini-finish-purple-202410?wid=2048&hei=2048&fmt=png-alpha,data/images/ipad/ipad-mini/purple.jpg,data/images/ipad/ipad-mini/purple/hero.png,https://www.apple.com/th/shop/buy-ipad/ipad-mini,https://www.apple.com/th/ipad-mini/specs/,https://www.apple.com/th/ipad-mini/
TH-IPADMINIA17-PURPLE-256GBCEL-2D36,TH-IPADMINIA17-PURPLE-256GBCEL-2D36,ipad-mini-a17,iPad mini (A17 Pro),ipad,ipad-mini,iPad mini,iPad mini (A17 Pro) 256GB (Cellular) สีม่วง (Purple),purple,ม่วง,Purple,#D1CDDA,256GB (Cellular),"8.3""","USB-C (USB 3 สูงสุด 10Gb/s), Wi-Fi 6E, Bluetooth 5.3, ตัวเลือก 5G (eSIM)","ชิป A17 Pro พร้อม CPU แบบ 6-core, GPU แบบ 5-core รองรับ Ray Tracing และ Neural Engine แบบ 16-core ออกแบบมาเพื่อ Apple Intelligence",195.4 x 134.8 x 6.3 มม.,293 กรัม (Wi-Fi) / 297 กรัม (Cellular),"จอภาพ Liquid Retina ขนาด 8.3 นิ้ว, ความละเอียด 2266 x 1488 พิกเซลที่ 326 ppi, ความสว่าง 500 นิต, รองรับ Apple Pencil Pro",กล้องหลังไวด์ 12MP (ƒ/1.8) + กล้องหน้า Ultra Wide 12MP,ดูวิดีโอนานสูงสุด 10 ชั่วโมง,"iPad mini, สายชาร์จ USB-C (1 ม.), อะแดปเตอร์แปลงไฟ USB-C 20W",ตัวเรือนอะลูมิเนียมรีไซเคิล 100%,27900,"฿27,900",https://store.storeimages.cdn-apple.com/1/as-images.apple.com/is/ipad-mini-finish-purple-202410?wid=2560&hei=2560&fmt=jpeg&qlt=95,https://store.storeimages.cdn-apple.com/1/as-images.apple.com/is/ipad-mini-finish-purple-202410?wid=2048&hei=2048&fmt=png-alpha,data/images/ipad/ipad-mini/purple.jpg,data/images/ipad/ipad-mini/purple/hero.png,https://www.apple.com/th/shop/buy-ipad/ipad-mini,https://www.apple.com/th/ipad-mini/specs/,https://www.apple.com/th/ipad-mini/
TH-IPADMINIA17-PURPLE-512GBCEL-8950,TH-IPADMINIA17-PURPLE-512GBCEL-8950,ipad-mini-a17,iPad mini (A17 Pro),ipad,ipad-mini,iPad mini,iPad mini (A17 Pro) 512GB (Cellular) สีม่วง (Purple),purple,ม่วง,Purple,#D1CDDA,512GB (Cellular),"8.3""","USB-C (USB 3 สูงสุด 10Gb/s), Wi-Fi 6E, Bluetooth 5.3, ตัวเลือก 5G (eSIM)","ชิป A17 Pro พร้อม CPU แบบ 6-core, GPU แบบ 5-core รองรับ Ray Tracing และ Neural Engine แบบ 16-core ออกแบบมาเพื่อ Apple Intelligence",195.4 x 134.8 x 6.3 มม.,293 กรัม (Wi-Fi) / 297 กรัม (Cellular),"จอภาพ Liquid Retina ขนาด 8.3 นิ้ว, ความละเอียด 2266 x 1488 พิกเซลที่ 326 ppi, ความสว่าง 500 นิต, รองรับ Apple Pencil Pro",กล้องหลังไวด์ 12MP (ƒ/1.8) + กล้องหน้า Ultra Wide 12MP,ดูวิดีโอนานสูงสุด 10 ชั่วโมง,"iPad mini, สายชาร์จ USB-C (1 ม.), อะแดปเตอร์แปลงไฟ USB-C 20W",ตัวเรือนอะลูมิเนียมรีไซเคิล 100%,35900,"฿35,900",https://store.storeimages.cdn-apple.com/1/as-images.apple.com/is/ipad-mini-finish-purple-202410?wid=2560&hei=2560&fmt=jpeg&qlt=95,https://store.storeimages.cdn-apple.com/1/as-images.apple.com/is/ipad-mini-finish-purple-202410?wid=2048&hei=2048&fmt=png-alpha,data/images/ipad/ipad-mini/purple.jpg,data/images/ipad/ipad-mini/purple/hero.png,https://www.apple.com/th/shop/buy-ipad/ipad-mini,https://www.apple.com/th/ipad-mini/specs/,https://www.apple.com/th/ipad-mini/
TH-IPADMINIA17-STARLIGHT-128GBWIF-A4E1,TH-IPADMINIA17-STARLIGHT-128GBWIF-A4E1,ipad-mini-a17,iPad mini (A17 Pro),ipad,ipad-mini,iPad mini,iPad mini (A17 Pro) 128GB (Wi-Fi) สีสตาร์ไลท์ (Starlight),starlight,สตาร์ไลท์,Starlight,#F0ECE1,128GB (Wi-Fi),"8.3""","USB-C (USB 3 สูงสุด 10Gb/s), Wi-Fi 6E, Bluetooth 5.3, ตัวเลือก 5G (eSIM)","ชิป A17 Pro พร้อม CPU แบบ 6-core, GPU แบบ 5-core รองรับ Ray Tracing และ Neural Engine แบบ 16-core ออกแบบมาเพื่อ Apple Intelligence",195.4 x 134.8 x 6.3 มม.,293 กรัม (Wi-Fi) / 297 กรัม (Cellular),"จอภาพ Liquid Retina ขนาด 8.3 นิ้ว, ความละเอียด 2266 x 1488 พิกเซลที่ 326 ppi, ความสว่าง 500 นิต, รองรับ Apple Pencil Pro",กล้องหลังไวด์ 12MP (ƒ/1.8) + กล้องหน้า Ultra Wide 12MP,ดูวิดีโอนานสูงสุด 10 ชั่วโมง,"iPad mini, สายชาร์จ USB-C (1 ม.), อะแดปเตอร์แปลงไฟ USB-C 20W",ตัวเรือนอะลูมิเนียมรีไซเคิล 100%,17900,"฿17,900",https://store.storeimages.cdn-apple.com/1/as-images.apple.com/is/ipad-mini-finish-starlight-202410?wid=2560&hei=2560&fmt=jpeg&qlt=95,https://store.storeimages.cdn-apple.com/1/as-images.apple.com/is/ipad-mini-finish-starlight-202410?wid=2048&hei=2048&fmt=png-alpha,data/images/ipad/ipad-mini/starlight.jpg,data/images/ipad/ipad-mini/starlight/hero.png,https://www.apple.com/th/shop/buy-ipad/ipad-mini,https://www.apple.com/th/ipad-mini/specs/,https://www.apple.com/th/ipad-mini/
TH-IPADMINIA17-STARLIGHT-256GBWIF-FC99,TH-IPADMINIA17-STARLIGHT-256GBWIF-FC99,ipad-mini-a17,iPad mini (A17 Pro),ipad,ipad-mini,iPad mini,iPad mini (A17 Pro) 256GB (Wi-Fi) สีสตาร์ไลท์ (Starlight),starlight,สตาร์ไลท์,Starlight,#F0ECE1,256GB (Wi-Fi),"8.3""","USB-C (USB 3 สูงสุด 10Gb/s), Wi-Fi 6E, Bluetooth 5.3, ตัวเลือก 5G (eSIM)","ชิป A17 Pro พร้อม CPU แบบ 6-core, GPU แบบ 5-core รองรับ Ray Tracing และ Neural Engine แบบ 16-core ออกแบบมาเพื่อ Apple Intelligence",195.4 x 134.8 x 6.3 มม.,293 กรัม (Wi-Fi) / 297 กรัม (Cellular),"จอภาพ Liquid Retina ขนาด 8.3 นิ้ว, ความละเอียด 2266 x 1488 พิกเซลที่ 326 ppi, ความสว่าง 500 นิต, รองรับ Apple Pencil Pro",กล้องหลังไวด์ 12MP (ƒ/1.8) + กล้องหน้า Ultra Wide 12MP,ดูวิดีโอนานสูงสุด 10 ชั่วโมง,"iPad mini, สายชาร์จ USB-C (1 ม.), อะแดปเตอร์แปลงไฟ USB-C 20W",ตัวเรือนอะลูมิเนียมรีไซเคิล 100%,21900,"฿21,900",https://store.storeimages.cdn-apple.com/1/as-images.apple.com/is/ipad-mini-finish-starlight-202410?wid=2560&hei=2560&fmt=jpeg&qlt=95,https://store.storeimages.cdn-apple.com/1/as-images.apple.com/is/ipad-mini-finish-starlight-202410?wid=2048&hei=2048&fmt=png-alpha,data/images/ipad/ipad-mini/starlight.jpg,data/images/ipad/ipad-mini/starlight/hero.png,https://www.apple.com/th/shop/buy-ipad/ipad-mini,https://www.apple.com/th/ipad-mini/specs/,https://www.apple.com/th/ipad-mini/
TH-IPADMINIA17-STARLIGHT-512GBWIF-82B5,TH-IPADMINIA17-STARLIGHT-512GBWIF-82B5,ipad-mini-a17,iPad mini (A17 Pro),ipad,ipad-mini,iPad mini,iPad mini (A17 Pro) 512GB (Wi-Fi) สีสตาร์ไลท์ (Starlight),starlight,สตาร์ไลท์,Starlight,#F0ECE1,512GB (Wi-Fi),"8.3""","USB-C (USB 3 สูงสุด 10Gb/s), Wi-Fi 6E, Bluetooth 5.3, ตัวเลือก 5G (eSIM)","ชิป A17 Pro พร้อม CPU แบบ 6-core, GPU แบบ 5-core รองรับ Ray Tracing และ Neural Engine แบบ 16-core ออกแบบมาเพื่อ Apple Intelligence",195.4 x 134.8 x 6.3 มม.,293 กรัม (Wi-Fi) / 297 กรัม (Cellular),"จอภาพ Liquid Retina ขนาด 8.3 นิ้ว, ความละเอียด 2266 x 1488 พิกเซลที่ 326 ppi, ความสว่าง 500 นิต, รองรับ Apple Pencil Pro",กล้องหลังไวด์ 12MP (ƒ/1.8) + กล้องหน้า Ultra Wide 12MP,ดูวิดีโอนานสูงสุด 10 ชั่วโมง,"iPad mini, สายชาร์จ USB-C (1 ม.), อะแดปเตอร์แปลงไฟ USB-C 20W",ตัวเรือนอะลูมิเนียมรีไซเคิล 100%,29900,"฿29,900",https://store.storeimages.cdn-apple.com/1/as-images.apple.com/is/ipad-mini-finish-starlight-202410?wid=2560&hei=2560&fmt=jpeg&qlt=95,https://store.storeimages.cdn-apple.com/1/as-images.apple.com/is/ipad-mini-finish-starlight-202410?wid=2048&hei=2048&fmt=png-alpha,data/images/ipad/ipad-mini/starlight.jpg,data/images/ipad/ipad-mini/starlight/hero.png,https://www.apple.com/th/shop/buy-ipad/ipad-mini,https://www.apple.com/th/ipad-mini/specs/,https://www.apple.com/th/ipad-mini/
TH-IPADMINIA17-STARLIGHT-128GBCEL-CCD6,TH-IPADMINIA17-STARLIGHT-128GBCEL-CCD6,ipad-mini-a17,iPad mini (A17 Pro),ipad,ipad-mini,iPad mini,iPad mini (A17 Pro) 128GB (Cellular) สีสตาร์ไลท์ (Starlight),starlight,สตาร์ไลท์,Starlight,#F0ECE1,128GB (Cellular),"8.3""","USB-C (USB 3 สูงสุด 10Gb/s), Wi-Fi 6E, Bluetooth 5.3, ตัวเลือก 5G (eSIM)","ชิป A17 Pro พร้อม CPU แบบ 6-core, GPU แบบ 5-core รองรับ Ray Tracing และ Neural Engine แบบ 16-core ออกแบบมาเพื่อ Apple Intelligence",195.4 x 134.8 x 6.3 มม.,293 กรัม (Wi-Fi) / 297 กรัม (Cellular),"จอภาพ Liquid Retina ขนาด 8.3 นิ้ว, ความละเอียด 2266 x 1488 พิกเซลที่ 326 ppi, ความสว่าง 500 นิต, รองรับ Apple Pencil Pro",กล้องหลังไวด์ 12MP (ƒ/1.8) + กล้องหน้า Ultra Wide 12MP,ดูวิดีโอนานสูงสุด 10 ชั่วโมง,"iPad mini, สายชาร์จ USB-C (1 ม.), อะแดปเตอร์แปลงไฟ USB-C 20W",ตัวเรือนอะลูมิเนียมรีไซเคิล 100%,23900,"฿23,900",https://store.storeimages.cdn-apple.com/1/as-images.apple.com/is/ipad-mini-finish-starlight-202410?wid=2560&hei=2560&fmt=jpeg&qlt=95,https://store.storeimages.cdn-apple.com/1/as-images.apple.com/is/ipad-mini-finish-starlight-202410?wid=2048&hei=2048&fmt=png-alpha,data/images/ipad/ipad-mini/starlight.jpg,data/images/ipad/ipad-mini/starlight/hero.png,https://www.apple.com/th/shop/buy-ipad/ipad-mini,https://www.apple.com/th/ipad-mini/specs/,https://www.apple.com/th/ipad-mini/
TH-IPADMINIA17-STARLIGHT-256GBCEL-A64C,TH-IPADMINIA17-STARLIGHT-256GBCEL-A64C,ipad-mini-a17,iPad mini (A17 Pro),ipad,ipad-mini,iPad mini,iPad mini (A17 Pro) 256GB (Cellular) สีสตาร์ไลท์ (Starlight),starlight,สตาร์ไลท์,Starlight,#F0ECE1,256GB (Cellular),"8.3""","USB-C (USB 3 สูงสุด 10Gb/s), Wi-Fi 6E, Bluetooth 5.3, ตัวเลือก 5G (eSIM)","ชิป A17 Pro พร้อม CPU แบบ 6-core, GPU แบบ 5-core รองรับ Ray Tracing และ Neural Engine แบบ 16-core ออกแบบมาเพื่อ Apple Intelligence",195.4 x 134.8 x 6.3 มม.,293 กรัม (Wi-Fi) / 297 กรัม (Cellular),"จอภาพ Liquid Retina ขนาด 8.3 นิ้ว, ความละเอียด 2266 x 1488 พิกเซลที่ 326 ppi, ความสว่าง 500 นิต, รองรับ Apple Pencil Pro",กล้องหลังไวด์ 12MP (ƒ/1.8) + กล้องหน้า Ultra Wide 12MP,ดูวิดีโอนานสูงสุด 10 ชั่วโมง,"iPad mini, สายชาร์จ USB-C (1 ม.), อะแดปเตอร์แปลงไฟ USB-C 20W",ตัวเรือนอะลูมิเนียมรีไซเคิล 100%,27900,"฿27,900",https://store.storeimages.cdn-apple.com/1/as-images.apple.com/is/ipad-mini-finish-starlight-202410?wid=2560&hei=2560&fmt=jpeg&qlt=95,https://store.storeimages.cdn-apple.com/1/as-images.apple.com/is/ipad-mini-finish-starlight-202410?wid=2048&hei=2048&fmt=png-alpha,data/images/ipad/ipad-mini/starlight.jpg,data/images/ipad/ipad-mini/starlight/hero.png,https://www.apple.com/th/shop/buy-ipad/ipad-mini,https://www.apple.com/th/ipad-mini/specs/,https://www.apple.com/th/ipad-mini/
TH-IPADMINIA17-STARLIGHT-512GBCEL-70F9,TH-IPADMINIA17-STARLIGHT-512GBCEL-70F9,ipad-mini-a17,iPad mini (A17 Pro),ipad,ipad-mini,iPad mini,iPad mini (A17 Pro) 512GB (Cellular) สีสตาร์ไลท์ (Starlight),starlight,สตาร์ไลท์,Starlight,#F0ECE1,512GB (Cellular),"8.3""","USB-C (USB 3 สูงสุด 10Gb/s), Wi-Fi 6E, Bluetooth 5.3, ตัวเลือก 5G (eSIM)","ชิป A17 Pro พร้อม CPU แบบ 6-core, GPU แบบ 5-core รองรับ Ray Tracing และ Neural Engine แบบ 16-core ออกแบบมาเพื่อ Apple Intelligence",195.4 x 134.8 x 6.3 มม.,293 กรัม (Wi-Fi) / 297 กรัม (Cellular),"จอภาพ Liquid Retina ขนาด 8.3 นิ้ว, ความละเอียด 2266 x 1488 พิกเซลที่ 326 ppi, ความสว่าง 500 นิต, รองรับ Apple Pencil Pro",กล้องหลังไวด์ 12MP (ƒ/1.8) + กล้องหน้า Ultra Wide 12MP,ดูวิดีโอนานสูงสุด 10 ชั่วโมง,"iPad mini, สายชาร์จ USB-C (1 ม.), อะแดปเตอร์แปลงไฟ USB-C 20W",ตัวเรือนอะลูมิเนียมรีไซเคิล 100%,35900,"฿35,900",https://store.storeimages.cdn-apple.com/1/as-images.apple.com/is/ipad-mini-finish-starlight-202410?wid=2560&hei=2560&fmt=jpeg&qlt=95,https://store.storeimages.cdn-apple.com/1/as-images.apple.com/is/ipad-mini-finish-starlight-202410?wid=2048&hei=2048&fmt=png-alpha,data/images/ipad/ipad-mini/starlight.jpg,data/images/ipad/ipad-mini/starlight/hero.png,https://www.apple.com/th/shop/buy-ipad/ipad-mini,https://www.apple.com/th/ipad-mini/specs/,https://www.apple.com/th/ipad-mini/
TH-MACBOOKPRO14-SPACEBLACK-M416GB51-FBCD,TH-MACBOOKPRO14-SPACEBLACK-M416GB51-FBCD,macbook-pro-14,MacBook Pro 14 นิ้ว (M4 / M4 Pro / M4 Max),mac,macbook-pro,MacBook Pro,MacBook Pro 14 นิ้ว (M4 / M4 Pro / M4 Max) M4 (16GB / 512GB) สีดำสเปซแบล็ค (Space Black),space-black,ดำสเปซแบล็ค,Space Black,#2E2C2F,M4 (16GB / 512GB),"14.2""","พอร์ต Thunderbolt 4 (M4) หรือ Thunderbolt 5 สูงสุด 120Gb/s (M4 Pro/Max) จำนวน 3 พอร์ต, ช่องเสียบการ์ด SDXC, พอร์ต HDMI รองรับ 8K, ช่องต่อหูฟัง 3.5 มม., พอร์ต MagSafe 3, Wi-Fi 6E, Bluetooth 5.3","ชิป M4 (CPU 10-core, GPU 10-core) หรือ M4 Pro (CPU สูงสุด 14-core, GPU สูงสุด 20-core) หรือ M4 Max (CPU สูงสุด 16-core, GPU สูงสุด 40-core)",312.6 x 221.2 x 15.5 มม.,"1,550 กรัม (M4) / 1,600 กรัม (M4 Pro/Max)","จอภาพ Liquid Retina XDR ขนาด 14.2 นิ้ว, ความละเอียด 3024 x 1964 พิกเซลที่ 254 ppi, ProMotion 120Hz, ความสว่าง SDR สูงสุด 1,000 นิต, XDR สูงสุด 1,600 นิต, ตัวเลือกกระจก Nano-texture","กล้อง 12MP Center Stage รองรับ Desk View และวิดีโอ 1080p HD, ระบบเสียง 6 ลำโพงพร้อมวูฟเฟอร์ตัดแรงสั่นสะเทือน","เล่นวิดีโอนานสูงสุด 24 ชั่วโมง (M4) / สูงสุด 22 ชั่วโมง (M4 Pro/Max), ท่องเว็บแบบไร้สายสูงสุด 16 ชั่วโมง, ชาร์จเร็วผ่านอะแดปเตอร์ 70W หรือ 96W","MacBook Pro 14 นิ้ว, สาย USB-C เป็น MagSafe 3 (2 ม.), อะแดปเตอร์แปลงไฟ USB-C ขนาด 70W (สำหรับ M4) หรือ 96W (สำหรับ M4 Pro)",ตัวเครื่องอะลูมิเนียมชิ้นเดียว (Unibody) รีไซเคิล 100% พร้อมระบบระบายความร้อนอันล้ำสมัย,54900,"฿54,900",https://store.storeimages.cdn-apple.com/1/as-images.apple.com/is/mbp14-spaceblack-select-202410?wid=2560&hei=2560&fmt=jpeg&qlt=95,https://store.storeimages.cdn-apple.com/1/as-images.apple.com/is/mbp14-spaceblack-select-202410?wid=2048&hei=2048&fmt=png-alpha,data/images/mac/macbook-pro/space-black.jpg,data/images/mac/macbook-pro/space-black/hero.png,https://www.apple.com/th/shop/buy-mac/macbook-pro,https://www.apple.com/th/macbook-pro/specs/,https://www.apple.com/th/macbook-pro/
TH-MACBOOKPRO14-SPACEBLACK-M416GB1T-B6DF,TH-MACBOOKPRO14-SPACEBLACK-M416GB1T-B6DF,macbook-pro-14,MacBook Pro 14 นิ้ว (M4 / M4 Pro / M4 Max),mac,macbook-pro,MacBook Pro,MacBook Pro 14 นิ้ว (M4 / M4 Pro / M4 Max) M4 (16GB / 1TB) สีดำสเปซแบล็ค (Space Black),space-black,ดำสเปซแบล็ค,Space Black,#2E2C2F,M4 (16GB / 1TB),"14.2""","พอร์ต Thunderbolt 4 (M4) หรือ Thunderbolt 5 สูงสุด 120Gb/s (M4 Pro/Max) จำนวน 3 พอร์ต, ช่องเสียบการ์ด SDXC, พอร์ต HDMI รองรับ 8K, ช่องต่อหูฟัง 3.5 มม., พอร์ต MagSafe 3, Wi-Fi 6E, Bluetooth 5.3","ชิป M4 (CPU 10-core, GPU 10-core) หรือ M4 Pro (CPU สูงสุด 14-core, GPU สูงสุด 20-core) หรือ M4 Max (CPU สูงสุด 16-core, GPU สูงสุด 40-core)",312.6 x 221.2 x 15.5 มม.,"1,550 กรัม (M4) / 1,600 กรัม (M4 Pro/Max)","จอภาพ Liquid Retina XDR ขนาด 14.2 นิ้ว, ความละเอียด 3024 x 1964 พิกเซลที่ 254 ppi, ProMotion 120Hz, ความสว่าง SDR สูงสุด 1,000 นิต, XDR สูงสุด 1,600 นิต, ตัวเลือกกระจก Nano-texture","กล้อง 12MP Center Stage รองรับ Desk View และวิดีโอ 1080p HD, ระบบเสียง 6 ลำโพงพร้อมวูฟเฟอร์ตัดแรงสั่นสะเทือน","เล่นวิดีโอนานสูงสุด 24 ชั่วโมง (M4) / สูงสุด 22 ชั่วโมง (M4 Pro/Max), ท่องเว็บแบบไร้สายสูงสุด 16 ชั่วโมง, ชาร์จเร็วผ่านอะแดปเตอร์ 70W หรือ 96W","MacBook Pro 14 นิ้ว, สาย USB-C เป็น MagSafe 3 (2 ม.), อะแดปเตอร์แปลงไฟ USB-C ขนาด 70W (สำหรับ M4) หรือ 96W (สำหรับ M4 Pro)",ตัวเครื่องอะลูมิเนียมชิ้นเดียว (Unibody) รีไซเคิล 100% พร้อมระบบระบายความร้อนอันล้ำสมัย,61900,"฿61,900",https://store.storeimages.cdn-apple.com/1/as-images.apple.com/is/mbp14-spaceblack-select-202410?wid=2560&hei=2560&fmt=jpeg&qlt=95,https://store.storeimages.cdn-apple.com/1/as-images.apple.com/is/mbp14-spaceblack-select-202410?wid=2048&hei=2048&fmt=png-alpha,data/images/mac/macbook-pro/space-black.jpg,data/images/mac/macbook-pro/space-black/hero.png,https://www.apple.com/th/shop/buy-mac/macbook-pro,https://www.apple.com/th/macbook-pro/specs/,https://www.apple.com/th/macbook-pro/
TH-MACBOOKPRO14-SPACEBLACK-M424GB1T-C8BA,TH-MACBOOKPRO14-SPACEBLACK-M424GB1T-C8BA,macbook-pro-14,MacBook Pro 14 นิ้ว (M4 / M4 Pro / M4 Max),mac,macbook-pro,MacBook Pro,MacBook Pro 14 นิ้ว (M4 / M4 Pro / M4 Max) M4 (24GB / 1TB) สีดำสเปซแบล็ค (Space Black),space-black,ดำสเปซแบล็ค,Space Black,#2E2C2F,M4 (24GB / 1TB),"14.2""","พอร์ต Thunderbolt 4 (M4) หรือ Thunderbolt 5 สูงสุด 120Gb/s (M4 Pro/Max) จำนวน 3 พอร์ต, ช่องเสียบการ์ด SDXC, พอร์ต HDMI รองรับ 8K, ช่องต่อหูฟัง 3.5 มม., พอร์ต MagSafe 3, Wi-Fi 6E, Bluetooth 5.3","ชิป M4 (CPU 10-core, GPU 10-core) หรือ M4 Pro (CPU สูงสุด 14-core, GPU สูงสุด 20-core) หรือ M4 Max (CPU สูงสุด 16-core, GPU สูงสุด 40-core)",312.6 x 221.2 x 15.5 มม.,"1,550 กรัม (M4) / 1,600 กรัม (M4 Pro/Max)","จอภาพ Liquid Retina XDR ขนาด 14.2 นิ้ว, ความละเอียด 3024 x 1964 พิกเซลที่ 254 ppi, ProMotion 120Hz, ความสว่าง SDR สูงสุด 1,000 นิต, XDR สูงสุด 1,600 นิต, ตัวเลือกกระจก Nano-texture","กล้อง 12MP Center Stage รองรับ Desk View และวิดีโอ 1080p HD, ระบบเสียง 6 ลำโพงพร้อมวูฟเฟอร์ตัดแรงสั่นสะเทือน","เล่นวิดีโอนานสูงสุด 24 ชั่วโมง (M4) / สูงสุด 22 ชั่วโมง (M4 Pro/Max), ท่องเว็บแบบไร้สายสูงสุด 16 ชั่วโมง, ชาร์จเร็วผ่านอะแดปเตอร์ 70W หรือ 96W","MacBook Pro 14 นิ้ว, สาย USB-C เป็น MagSafe 3 (2 ม.), อะแดปเตอร์แปลงไฟ USB-C ขนาด 70W (สำหรับ M4) หรือ 96W (สำหรับ M4 Pro)",ตัวเครื่องอะลูมิเนียมชิ้นเดียว (Unibody) รีไซเคิล 100% พร้อมระบบระบายความร้อนอันล้ำสมัย,68900,"฿68,900",https://store.storeimages.cdn-apple.com/1/as-images.apple.com/is/mbp14-spaceblack-select-202410?wid=2560&hei=2560&fmt=jpeg&qlt=95,https://store.storeimages.cdn-apple.com/1/as-images.apple.com/is/mbp14-spaceblack-select-202410?wid=2048&hei=2048&fmt=png-alpha,data/images/mac/macbook-pro/space-black.jpg,data/images/mac/macbook-pro/space-black/hero.png,https://www.apple.com/th/shop/buy-mac/macbook-pro,https://www.apple.com/th/macbook-pro/specs/,https://www.apple.com/th/macbook-pro/
TH-MACBOOKPRO14-SPACEBLACK-M4PRO24G-B696,TH-MACBOOKPRO14-SPACEBLACK-M4PRO24G-B696,macbook-pro-14,MacBook Pro 14 นิ้ว (M4 / M4 Pro / M4 Max),mac,macbook-pro,MacBook Pro,MacBook Pro 14 นิ้ว (M4 / M4 Pro / M4 Max) M4 Pro (24GB / 512GB) สีดำสเปซแบล็ค (Space Black),space-black,ดำสเปซแบล็ค,Space Black,#2E2C2F,M4 Pro (24GB / 512GB),"14.2""","พอร์ต Thunderbolt 4 (M4) หรือ Thunderbolt 5 สูงสุด 120Gb/s (M4 Pro/Max) จำนวน 3 พอร์ต, ช่องเสียบการ์ด SDXC, พอร์ต HDMI รองรับ 8K, ช่องต่อหูฟัง 3.5 มม., พอร์ต MagSafe 3, Wi-Fi 6E, Bluetooth 5.3","ชิป M4 (CPU 10-core, GPU 10-core) หรือ M4 Pro (CPU สูงสุด 14-core, GPU สูงสุด 20-core) หรือ M4 Max (CPU สูงสุด 16-core, GPU สูงสุด 40-core)",312.6 x 221.2 x 15.5 มม.,"1,550 กรัม (M4) / 1,600 กรัม (M4 Pro/Max)","จอภาพ Liquid Retina XDR ขนาด 14.2 นิ้ว, ความละเอียด 3024 x 1964 พิกเซลที่ 254 ppi, ProMotion 120Hz, ความสว่าง SDR สูงสุด 1,000 นิต, XDR สูงสุด 1,600 นิต, ตัวเลือกกระจก Nano-texture","กล้อง 12MP Center Stage รองรับ Desk View และวิดีโอ 1080p HD, ระบบเสียง 6 ลำโพงพร้อมวูฟเฟอร์ตัดแรงสั่นสะเทือน","เล่นวิดีโอนานสูงสุด 24 ชั่วโมง (M4) / สูงสุด 22 ชั่วโมง (M4 Pro/Max), ท่องเว็บแบบไร้สายสูงสุด 16 ชั่วโมง, ชาร์จเร็วผ่านอะแดปเตอร์ 70W หรือ 96W","MacBook Pro 14 นิ้ว, สาย USB-C เป็น MagSafe 3 (2 ม.), อะแดปเตอร์แปลงไฟ USB-C ขนาด 70W (สำหรับ M4) หรือ 96W (สำหรับ M4 Pro)",ตัวเครื่องอะลูมิเนียมชิ้นเดียว (Unibody) รีไซเคิล 100% พร้อมระบบระบายความร้อนอันล้ำสมัย,69900,"฿69,900",https://store.storeimages.cdn-apple.com/1/as-images.apple.com/is/mbp14-spaceblack-select-202410?wid=2560&hei=2560&fmt=jpeg&qlt=95,https://store.storeimages.cdn-apple.com/1/as-images.apple.com/is/mbp14-spaceblack-select-202410?wid=2048&hei=2048&fmt=png-alpha,data/images/mac/macbook-pro/space-black.jpg,data/images/mac/macbook-pro/space-black/hero.png,https://www.apple.com/th/shop/buy-mac/macbook-pro,https://www.apple.com/th/macbook-pro/specs/,https://www.apple.com/th/macbook-pro/
TH-MACBOOKPRO14-SPACEBLACK-M4PRO24G-BA90,TH-MACBOOKPRO14-SPACEBLACK-M4PRO24G-BA90,macbook-pro-14,MacBook Pro 14 นิ้ว (M4 / M4 Pro / M4 Max),mac,macbook-pro,MacBook Pro,MacBook Pro 14 นิ้ว (M4 / M4 Pro / M4 Max) M4 Pro (24GB / 1TB) สีดำสเปซแบล็ค (Space Black),space-black,ดำสเปซแบล็ค,Space Black,#2E2C2F,M4 Pro (24GB / 1TB),"14.2""","พอร์ต Thunderbolt 4 (M4) หรือ Thunderbolt 5 สูงสุด 120Gb/s (M4 Pro/Max) จำนวน 3 พอร์ต, ช่องเสียบการ์ด SDXC, พอร์ต HDMI รองรับ 8K, ช่องต่อหูฟัง 3.5 มม., พอร์ต MagSafe 3, Wi-Fi 6E, Bluetooth 5.3","ชิป M4 (CPU 10-core, GPU 10-core) หรือ M4 Pro (CPU สูงสุด 14-core, GPU สูงสุด 20-core) หรือ M4 Max (CPU สูงสุด 16-core, GPU สูงสุด 40-core)",312.6 x 221.2 x 15.5 มม.,"1,550 กรัม (M4) / 1,600 กรัม (M4 Pro/Max)","จอภาพ Liquid Retina XDR ขนาด 14.2 นิ้ว, ความละเอียด 3024 x 1964 พิกเซลที่ 254 ppi, ProMotion 120Hz, ความสว่าง SDR สูงสุด 1,000 นิต, XDR สูงสุด 1,600 นิต, ตัวเลือกกระจก Nano-texture","กล้อง 12MP Center Stage รองรับ Desk View และวิดีโอ 1080p HD, ระบบเสียง 6 ลำโพงพร้อมวูฟเฟอร์ตัดแรงสั่นสะเทือน","เล่นวิดีโอนานสูงสุด 24 ชั่วโมง (M4) / สูงสุด 22 ชั่วโมง (M4 Pro/Max), ท่องเว็บแบบไร้สายสูงสุด 16 ชั่วโมง, ชาร์จเร็วผ่านอะแดปเตอร์ 70W หรือ 96W","MacBook Pro 14 นิ้ว, สาย USB-C เป็น MagSafe 3 (2 ม.), อะแดปเตอร์แปลงไฟ USB-C ขนาด 70W (สำหรับ M4) หรือ 96W (สำหรับ M4 Pro)",ตัวเครื่องอะลูมิเนียมชิ้นเดียว (Unibody) รีไซเคิล 100% พร้อมระบบระบายความร้อนอันล้ำสมัย,76900,"฿76,900",https://store.storeimages.cdn-apple.com/1/as-images.apple.com/is/mbp14-spaceblack-select-202410?wid=2560&hei=2560&fmt=jpeg&qlt=95,https://store.storeimages.cdn-apple.com/1/as-images.apple.com/is/mbp14-spaceblack-select-202410?wid=2048&hei=2048&fmt=png-alpha,data/images/mac/macbook-pro/space-black.jpg,data/images/mac/macbook-pro/space-black/hero.png,https://www.apple.com/th/shop/buy-mac/macbook-pro,https://www.apple.com/th/macbook-pro/specs/,https://www.apple.com/th/macbook-pro/
TH-MACBOOKPRO14-SPACEBLACK-M4MAX36G-8706,TH-MACBOOKPRO14-SPACEBLACK-M4MAX36G-8706,macbook-pro-14,MacBook Pro 14 นิ้ว (M4 / M4 Pro / M4 Max),mac,macbook-pro,MacBook Pro,MacBook Pro 14 นิ้ว (M4 / M4 Pro / M4 Max) M4 Max (36GB / 1TB) สีดำสเปซแบล็ค (Space Black),space-black,ดำสเปซแบล็ค,Space Black,#2E2C2F,M4 Max (36GB / 1TB),"14.2""","พอร์ต Thunderbolt 4 (M4) หรือ Thunderbolt 5 สูงสุด 120Gb/s (M4 Pro/Max) จำนวน 3 พอร์ต, ช่องเสียบการ์ด SDXC, พอร์ต HDMI รองรับ 8K, ช่องต่อหูฟัง 3.5 มม., พอร์ต MagSafe 3, Wi-Fi 6E, Bluetooth 5.3","ชิป M4 (CPU 10-core, GPU 10-core) หรือ M4 Pro (CPU สูงสุด 14-core, GPU สูงสุด 20-core) หรือ M4 Max (CPU สูงสุด 16-core, GPU สูงสุด 40-core)",312.6 x 221.2 x 15.5 มม.,"1,550 กรัม (M4) / 1,600 กรัม (M4 Pro/Max)","จอภาพ Liquid Retina XDR ขนาด 14.2 นิ้ว, ความละเอียด 3024 x 1964 พิกเซลที่ 254 ppi, ProMotion 120Hz, ความสว่าง SDR สูงสุด 1,000 นิต, XDR สูงสุด 1,600 นิต, ตัวเลือกกระจก Nano-texture","กล้อง 12MP Center Stage รองรับ Desk View และวิดีโอ 1080p HD, ระบบเสียง 6 ลำโพงพร้อมวูฟเฟอร์ตัดแรงสั่นสะเทือน","เล่นวิดีโอนานสูงสุด 24 ชั่วโมง (M4) / สูงสุด 22 ชั่วโมง (M4 Pro/Max), ท่องเว็บแบบไร้สายสูงสุด 16 ชั่วโมง, ชาร์จเร็วผ่านอะแดปเตอร์ 70W หรือ 96W","MacBook Pro 14 นิ้ว, สาย USB-C เป็น MagSafe 3 (2 ม.), อะแดปเตอร์แปลงไฟ USB-C ขนาด 70W (สำหรับ M4) หรือ 96W (สำหรับ M4 Pro)",ตัวเครื่องอะลูมิเนียมชิ้นเดียว (Unibody) รีไซเคิล 100% พร้อมระบบระบายความร้อนอันล้ำสมัย,112900,"฿112,900",https://store.storeimages.cdn-apple.com/1/as-images.apple.com/is/mbp14-spaceblack-select-202410?wid=2560&hei=2560&fmt=jpeg&qlt=95,https://store.storeimages.cdn-apple.com/1/as-images.apple.com/is/mbp14-spaceblack-select-202410?wid=2048&hei=2048&fmt=png-alpha,data/images/mac/macbook-pro/space-black.jpg,data/images/mac/macbook-pro/space-black/hero.png,https://www.apple.com/th/shop/buy-mac/macbook-pro,https://www.apple.com/th/macbook-pro/specs/,https://www.apple.com/th/macbook-pro/
TH-MACBOOKPRO14-SILVER-M416GB51-DC9A,TH-MACBOOKPRO14-SILVER-M416GB51-DC9A,macbook-pro-14,MacBook Pro 14 นิ้ว (M4 / M4 Pro / M4 Max),mac,macbook-pro,MacBook Pro,MacBook Pro 14 นิ้ว (M4 / M4 Pro / M4 Max) M4 (16GB / 512GB) สีเงิน (Silver),silver,เงิน,Silver,#E3E4E5,M4 (16GB / 512GB),"14.2""","พอร์ต Thunderbolt 4 (M4) หรือ Thunderbolt 5 สูงสุด 120Gb/s (M4 Pro/Max) จำนวน 3 พอร์ต, ช่องเสียบการ์ด SDXC, พอร์ต HDMI รองรับ 8K, ช่องต่อหูฟัง 3.5 มม., พอร์ต MagSafe 3, Wi-Fi 6E, Bluetooth 5.3","ชิป M4 (CPU 10-core, GPU 10-core) หรือ M4 Pro (CPU สูงสุด 14-core, GPU สูงสุด 20-core) หรือ M4 Max (CPU สูงสุด 16-core, GPU สูงสุด 40-core)",312.6 x 221.2 x 15.5 มม.,"1,550 กรัม (M4) / 1,600 กรัม (M4 Pro/Max)","จอภาพ Liquid Retina XDR ขนาด 14.2 นิ้ว, ความละเอียด 3024 x 1964 พิกเซลที่ 254 ppi, ProMotion 120Hz, ความสว่าง SDR สูงสุด 1,000 นิต, XDR สูงสุด 1,600 นิต, ตัวเลือกกระจก Nano-texture","กล้อง 12MP Center Stage รองรับ Desk View และวิดีโอ 1080p HD, ระบบเสียง 6 ลำโพงพร้อมวูฟเฟอร์ตัดแรงสั่นสะเทือน","เล่นวิดีโอนานสูงสุด 24 ชั่วโมง (M4) / สูงสุด 22 ชั่วโมง (M4 Pro/Max), ท่องเว็บแบบไร้สายสูงสุด 16 ชั่วโมง, ชาร์จเร็วผ่านอะแดปเตอร์ 70W หรือ 96W","MacBook Pro 14 นิ้ว, สาย USB-C เป็น MagSafe 3 (2 ม.), อะแดปเตอร์แปลงไฟ USB-C ขนาด 70W (สำหรับ M4) หรือ 96W (สำหรับ M4 Pro)",ตัวเครื่องอะลูมิเนียมชิ้นเดียว (Unibody) รีไซเคิล 100% พร้อมระบบระบายความร้อนอันล้ำสมัย,54900,"฿54,900",https://store.storeimages.cdn-apple.com/1/as-images.apple.com/is/mbp14-silver-select-202410?wid=2560&hei=2560&fmt=jpeg&qlt=95,https://store.storeimages.cdn-apple.com/1/as-images.apple.com/is/mbp14-silver-select-202410?wid=2048&hei=2048&fmt=png-alpha,data/images/mac/macbook-pro/silver.jpg,data/images/mac/macbook-pro/silver/hero.png,https://www.apple.com/th/shop/buy-mac/macbook-pro,https://www.apple.com/th/macbook-pro/specs/,https://www.apple.com/th/macbook-pro/
TH-MACBOOKPRO14-SILVER-M416GB1T-AE03,TH-MACBOOKPRO14-SILVER-M416GB1T-AE03,macbook-pro-14,MacBook Pro 14 นิ้ว (M4 / M4 Pro / M4 Max),mac,macbook-pro,MacBook Pro,MacBook Pro 14 นิ้ว (M4 / M4 Pro / M4 Max) M4 (16GB / 1TB) สีเงิน (Silver),silver,เงิน,Silver,#E3E4E5,M4 (16GB / 1TB),"14.2""","พอร์ต Thunderbolt 4 (M4) หรือ Thunderbolt 5 สูงสุด 120Gb/s (M4 Pro/Max) จำนวน 3 พอร์ต, ช่องเสียบการ์ด SDXC, พอร์ต HDMI รองรับ 8K, ช่องต่อหูฟัง 3.5 มม., พอร์ต MagSafe 3, Wi-Fi 6E, Bluetooth 5.3","ชิป M4 (CPU 10-core, GPU 10-core) หรือ M4 Pro (CPU สูงสุด 14-core, GPU สูงสุด 20-core) หรือ M4 Max (CPU สูงสุด 16-core, GPU สูงสุด 40-core)",312.6 x 221.2 x 15.5 มม.,"1,550 กรัม (M4) / 1,600 กรัม (M4 Pro/Max)","จอภาพ Liquid Retina XDR ขนาด 14.2 นิ้ว, ความละเอียด 3024 x 1964 พิกเซลที่ 254 ppi, ProMotion 120Hz, ความสว่าง SDR สูงสุด 1,000 นิต, XDR สูงสุด 1,600 นิต, ตัวเลือกกระจก Nano-texture","กล้อง 12MP Center Stage รองรับ Desk View และวิดีโอ 1080p HD, ระบบเสียง 6 ลำโพงพร้อมวูฟเฟอร์ตัดแรงสั่นสะเทือน","เล่นวิดีโอนานสูงสุด 24 ชั่วโมง (M4) / สูงสุด 22 ชั่วโมง (M4 Pro/Max), ท่องเว็บแบบไร้สายสูงสุด 16 ชั่วโมง, ชาร์จเร็วผ่านอะแดปเตอร์ 70W หรือ 96W","MacBook Pro 14 นิ้ว, สาย USB-C เป็น MagSafe 3 (2 ม.), อะแดปเตอร์แปลงไฟ USB-C ขนาด 70W (สำหรับ M4) หรือ 96W (สำหรับ M4 Pro)",ตัวเครื่องอะลูมิเนียมชิ้นเดียว (Unibody) รีไซเคิล 100% พร้อมระบบระบายความร้อนอันล้ำสมัย,61900,"฿61,900",https://store.storeimages.cdn-apple.com/1/as-images.apple.com/is/mbp14-silver-select-202410?wid=2560&hei=2560&fmt=jpeg&qlt=95,https://store.storeimages.cdn-apple.com/1/as-images.apple.com/is/mbp14-silver-select-202410?wid=2048&hei=2048&fmt=png-alpha,data/images/mac/macbook-pro/silver.jpg,data/images/mac/macbook-pro/silver/hero.png,https://www.apple.com/th/shop/buy-mac/macbook-pro,https://www.apple.com/th/macbook-pro/specs/,https://www.apple.com/th/macbook-pro/
TH-MACBOOKPRO14-SILVER-M424GB1T-C0BD,TH-MACBOOKPRO14-SILVER-M424GB1T-C0BD,macbook-pro-14,MacBook Pro 14 นิ้ว (M4 / M4 Pro / M4 Max),mac,macbook-pro,MacBook Pro,MacBook Pro 14 นิ้ว (M4 / M4 Pro / M4 Max) M4 (24GB / 1TB) สีเงิน (Silver),silver,เงิน,Silver,#E3E4E5,M4 (24GB / 1TB),"14.2""","พอร์ต Thunderbolt 4 (M4) หรือ Thunderbolt 5 สูงสุด 120Gb/s (M4 Pro/Max) จำนวน 3 พอร์ต, ช่องเสียบการ์ด SDXC, พอร์ต HDMI รองรับ 8K, ช่องต่อหูฟัง 3.5 มม., พอร์ต MagSafe 3, Wi-Fi 6E, Bluetooth 5.3","ชิป M4 (CPU 10-core, GPU 10-core) หรือ M4 Pro (CPU สูงสุด 14-core, GPU สูงสุด 20-core) หรือ M4 Max (CPU สูงสุด 16-core, GPU สูงสุด 40-core)",312.6 x 221.2 x 15.5 มม.,"1,550 กรัม (M4) / 1,600 กรัม (M4 Pro/Max)","จอภาพ Liquid Retina XDR ขนาด 14.2 นิ้ว, ความละเอียด 3024 x 1964 พิกเซลที่ 254 ppi, ProMotion 120Hz, ความสว่าง SDR สูงสุด 1,000 นิต, XDR สูงสุด 1,600 นิต, ตัวเลือกกระจก Nano-texture","กล้อง 12MP Center Stage รองรับ Desk View และวิดีโอ 1080p HD, ระบบเสียง 6 ลำโพงพร้อมวูฟเฟอร์ตัดแรงสั่นสะเทือน","เล่นวิดีโอนานสูงสุด 24 ชั่วโมง (M4) / สูงสุด 22 ชั่วโมง (M4 Pro/Max), ท่องเว็บแบบไร้สายสูงสุด 16 ชั่วโมง, ชาร์จเร็วผ่านอะแดปเตอร์ 70W หรือ 96W","MacBook Pro 14 นิ้ว, สาย USB-C เป็น MagSafe 3 (2 ม.), อะแดปเตอร์แปลงไฟ USB-C ขนาด 70W (สำหรับ M4) หรือ 96W (สำหรับ M4 Pro)",ตัวเครื่องอะลูมิเนียมชิ้นเดียว (Unibody) รีไซเคิล 100% พร้อมระบบระบายความร้อนอันล้ำสมัย,68900,"฿68,900",https://store.storeimages.cdn-apple.com/1/as-images.apple.com/is/mbp14-silver-select-202410?wid=2560&hei=2560&fmt=jpeg&qlt=95,https://store.storeimages.cdn-apple.com/1/as-images.apple.com/is/mbp14-silver-select-202410?wid=2048&hei=2048&fmt=png-alpha,data/images/mac/macbook-pro/silver.jpg,data/images/mac/macbook-pro/silver/hero.png,https://www.apple.com/th/shop/buy-mac/macbook-pro,https://www.apple.com/th/macbook-pro/specs/,https://www.apple.com/th/macbook-pro/
TH-MACBOOKPRO14-SILVER-M4PRO24G-D9B9,TH-MACBOOKPRO14-SILVER-M4PRO24G-D9B9,macbook-pro-14,MacBook Pro 14 นิ้ว (M4 / M4 Pro / M4 Max),mac,macbook-pro,MacBook Pro,MacBook Pro 14 นิ้ว (M4 / M4 Pro / M4 Max) M4 Pro (24GB / 512GB) สีเงิน (Silver),silver,เงิน,Silver,#E3E4E5,M4 Pro (24GB / 512GB),"14.2""","พอร์ต Thunderbolt 4 (M4) หรือ Thunderbolt 5 สูงสุด 120Gb/s (M4 Pro/Max) จำนวน 3 พอร์ต, ช่องเสียบการ์ด SDXC, พอร์ต HDMI รองรับ 8K, ช่องต่อหูฟัง 3.5 มม., พอร์ต MagSafe 3, Wi-Fi 6E, Bluetooth 5.3","ชิป M4 (CPU 10-core, GPU 10-core) หรือ M4 Pro (CPU สูงสุด 14-core, GPU สูงสุด 20-core) หรือ M4 Max (CPU สูงสุด 16-core, GPU สูงสุด 40-core)",312.6 x 221.2 x 15.5 มม.,"1,550 กรัม (M4) / 1,600 กรัม (M4 Pro/Max)","จอภาพ Liquid Retina XDR ขนาด 14.2 นิ้ว, ความละเอียด 3024 x 1964 พิกเซลที่ 254 ppi, ProMotion 120Hz, ความสว่าง SDR สูงสุด 1,000 นิต, XDR สูงสุด 1,600 นิต, ตัวเลือกกระจก Nano-texture","กล้อง 12MP Center Stage รองรับ Desk View และวิดีโอ 1080p HD, ระบบเสียง 6 ลำโพงพร้อมวูฟเฟอร์ตัดแรงสั่นสะเทือน","เล่นวิดีโอนานสูงสุด 24 ชั่วโมง (M4) / สูงสุด 22 ชั่วโมง (M4 Pro/Max), ท่องเว็บแบบไร้สายสูงสุด 16 ชั่วโมง, ชาร์จเร็วผ่านอะแดปเตอร์ 70W หรือ 96W","MacBook Pro 14 นิ้ว, สาย USB-C เป็น MagSafe 3 (2 ม.), อะแดปเตอร์แปลงไฟ USB-C ขนาด 70W (สำหรับ M4) หรือ 96W (สำหรับ M4 Pro)",ตัวเครื่องอะลูมิเนียมชิ้นเดียว (Unibody) รีไซเคิล 100% พร้อมระบบระบายความร้อนอันล้ำสมัย,69900,"฿69,900",https://store.storeimages.cdn-apple.com/1/as-images.apple.com/is/mbp14-silver-select-202410?wid=2560&hei=2560&fmt=jpeg&qlt=95,https://store.storeimages.cdn-apple.com/1/as-images.apple.com/is/mbp14-silver-select-202410?wid=2048&hei=2048&fmt=png-alpha,data/images/mac/macbook-pro/silver.jpg,data/images/mac/macbook-pro/silver/hero.png,https://www.apple.com/th/shop/buy-mac/macbook-pro,https://www.apple.com/th/macbook-pro/specs/,https://www.apple.com/th/macbook-pro/
TH-MACBOOKPRO14-SILVER-M4PRO24G-AB08,TH-MACBOOKPRO14-SILVER-M4PRO24G-AB08,macbook-pro-14,MacBook Pro 14 นิ้ว (M4 / M4 Pro / M4 Max),mac,macbook-pro,MacBook Pro,MacBook Pro 14 นิ้ว (M4 / M4 Pro / M4 Max) M4 Pro (24GB / 1TB) สีเงิน (Silver),silver,เงิน,Silver,#E3E4E5,M4 Pro (24GB / 1TB),"14.2""","พอร์ต Thunderbolt 4 (M4) หรือ Thunderbolt 5 สูงสุด 120Gb/s (M4 Pro/Max) จำนวน 3 พอร์ต, ช่องเสียบการ์ด SDXC, พอร์ต HDMI รองรับ 8K, ช่องต่อหูฟัง 3.5 มม., พอร์ต MagSafe 3, Wi-Fi 6E, Bluetooth 5.3","ชิป M4 (CPU 10-core, GPU 10-core) หรือ M4 Pro (CPU สูงสุด 14-core, GPU สูงสุด 20-core) หรือ M4 Max (CPU สูงสุด 16-core, GPU สูงสุด 40-core)",312.6 x 221.2 x 15.5 มม.,"1,550 กรัม (M4) / 1,600 กรัม (M4 Pro/Max)","จอภาพ Liquid Retina XDR ขนาด 14.2 นิ้ว, ความละเอียด 3024 x 1964 พิกเซลที่ 254 ppi, ProMotion 120Hz, ความสว่าง SDR สูงสุด 1,000 นิต, XDR สูงสุด 1,600 นิต, ตัวเลือกกระจก Nano-texture","กล้อง 12MP Center Stage รองรับ Desk View และวิดีโอ 1080p HD, ระบบเสียง 6 ลำโพงพร้อมวูฟเฟอร์ตัดแรงสั่นสะเทือน","เล่นวิดีโอนานสูงสุด 24 ชั่วโมง (M4) / สูงสุด 22 ชั่วโมง (M4 Pro/Max), ท่องเว็บแบบไร้สายสูงสุด 16 ชั่วโมง, ชาร์จเร็วผ่านอะแดปเตอร์ 70W หรือ 96W","MacBook Pro 14 นิ้ว, สาย USB-C เป็น MagSafe 3 (2 ม.), อะแดปเตอร์แปลงไฟ USB-C ขนาด 70W (สำหรับ M4) หรือ 96W (สำหรับ M4 Pro)",ตัวเครื่องอะลูมิเนียมชิ้นเดียว (Unibody) รีไซเคิล 100% พร้อมระบบระบายความร้อนอันล้ำสมัย,76900,"฿76,900",https://store.storeimages.cdn-apple.com/1/as-images.apple.com/is/mbp14-silver-select-202410?wid=2560&hei=2560&fmt=jpeg&qlt=95,https://store.storeimages.cdn-apple.com/1/as-images.apple.com/is/mbp14-silver-select-202410?wid=2048&hei=2048&fmt=png-alpha,data/images/mac/macbook-pro/silver.jpg,data/images/mac/macbook-pro/silver/hero.png,https://www.apple.com/th/shop/buy-mac/macbook-pro,https://www.apple.com/th/macbook-pro/specs/,https://www.apple.com/th/macbook-pro/
TH-MACBOOKPRO14-SILVER-M4MAX36G-8B2F,TH-MACBOOKPRO14-SILVER-M4MAX36G-8B2F,macbook-pro-14,MacBook Pro 14 นิ้ว (M4 / M4 Pro / M4 Max),mac,macbook-pro,MacBook Pro,MacBook Pro 14 นิ้ว (M4 / M4 Pro / M4 Max) M4 Max (36GB / 1TB) สีเงิน (Silver),silver,เงิน,Silver,#E3E4E5,M4 Max (36GB / 1TB),"14.2""","พอร์ต Thunderbolt 4 (M4) หรือ Thunderbolt 5 สูงสุด 120Gb/s (M4 Pro/Max) จำนวน 3 พอร์ต, ช่องเสียบการ์ด SDXC, พอร์ต HDMI รองรับ 8K, ช่องต่อหูฟัง 3.5 มม., พอร์ต MagSafe 3, Wi-Fi 6E, Bluetooth 5.3","ชิป M4 (CPU 10-core, GPU 10-core) หรือ M4 Pro (CPU สูงสุด 14-core, GPU สูงสุด 20-core) หรือ M4 Max (CPU สูงสุด 16-core, GPU สูงสุด 40-core)",312.6 x 221.2 x 15.5 มม.,"1,550 กรัม (M4) / 1,600 กรัม (M4 Pro/Max)","จอภาพ Liquid Retina XDR ขนาด 14.2 นิ้ว, ความละเอียด 3024 x 1964 พิกเซลที่ 254 ppi, ProMotion 120Hz, ความสว่าง SDR สูงสุด 1,000 นิต, XDR สูงสุด 1,600 นิต, ตัวเลือกกระจก Nano-texture","กล้อง 12MP Center Stage รองรับ Desk View และวิดีโอ 1080p HD, ระบบเสียง 6 ลำโพงพร้อมวูฟเฟอร์ตัดแรงสั่นสะเทือน","เล่นวิดีโอนานสูงสุด 24 ชั่วโมง (M4) / สูงสุด 22 ชั่วโมง (M4 Pro/Max), ท่องเว็บแบบไร้สายสูงสุด 16 ชั่วโมง, ชาร์จเร็วผ่านอะแดปเตอร์ 70W หรือ 96W","MacBook Pro 14 นิ้ว, สาย USB-C เป็น MagSafe 3 (2 ม.), อะแดปเตอร์แปลงไฟ USB-C ขนาด 70W (สำหรับ M4) หรือ 96W (สำหรับ M4 Pro)",ตัวเครื่องอะลูมิเนียมชิ้นเดียว (Unibody) รีไซเคิล 100% พร้อมระบบระบายความร้อนอันล้ำสมัย,112900,"฿112,900",https://store.storeimages.cdn-apple.com/1/as-images.apple.com/is/mbp14-silver-select-202410?wid=2560&hei=2560&fmt=jpeg&qlt=95,https://store.storeimages.cdn-apple.com/1/as-images.apple.com/is/mbp14-silver-select-202410?wid=2048&hei=2048&fmt=png-alpha,data/images/mac/macbook-pro/silver.jpg,data/images/mac/macbook-pro/silver/hero.png,https://www.apple.com/th/shop/buy-mac/macbook-pro,https://www.apple.com/th/macbook-pro/specs/,https://www.apple.com/th/macbook-pro/
TH-MACBOOKPRO16-SPACEBLACK-M4PRO24G-A29B,TH-MACBOOKPRO16-SPACEBLACK-M4PRO24G-A29B,macbook-pro-16,MacBook Pro 16 นิ้ว (M4 Pro / M4 Max),mac,macbook-pro,MacBook Pro,MacBook Pro 16 นิ้ว (M4 Pro / M4 Max) M4 Pro (24GB / 512GB) สีดำสเปซแบล็ค (Space Black),space-black,ดำสเปซแบล็ค,Space Black,#2E2C2F,M4 Pro (24GB / 512GB),"16.2""","Thunderbolt 5 (สูงสุด 120Gb/s) x 3, ช่องเสียบการ์ด SDXC, พอร์ต HDMI 8K, MagSafe 3, Wi-Fi 6E",ชิป M4 Pro หรือ M4 Max ระดับสุดยอดโปร สำหรับเวิร์กโฟลว์ระดับภาพยนตร์และ AI ขั้นสูง,355.7 x 248.1 x 16.8 มม.,"2,140 กรัม (M4 Pro) / 2,150 กรัม (M4 Max)","จอภาพ Liquid Retina XDR ขนาด 16.2 นิ้ว, ความละเอียด 3456 x 2234 พิกเซลที่ 254 ppi, ProMotion 120Hz, ความสว่าง XDR 1,600 นิต, ตัวเลือกกระจก Nano-texture","กล้อง 12MP Center Stage พร้อม Desk View, ระบบเสียง 6 ลำโพงความเที่ยงตรงสูงระดับสตูดิโอ","เล่นวิดีโอนานสูงสุด 24 ชั่วโมง (แบตเตอรี่ที่ยาวนานที่สุดใน Mac ทุกรุ่น), รองรับอะแดปเตอร์แปลงไฟ USB-C 140W","MacBook Pro 16 นิ้ว, สาย USB-C เป็น MagSafe 3 (2 ม.), อะแดปเตอร์แปลงไฟ USB-C 140W",ตัวเรือนอะลูมิเนียม Unibody พร้อมชั้นอะโนไดซ์ลดรอยนิ้วมือ,89900,"฿89,900",https://store.storeimages.cdn-apple.com/1/as-images.apple.com/is/mbp14-spaceblack-select-202410?wid=2560&hei=2560&fmt=jpeg&qlt=95,https://store.storeimages.cdn-apple.com/1/as-images.apple.com/is/mbp14-spaceblack-select-202410?wid=2048&hei=2048&fmt=png-alpha,data/images/mac/macbook-pro/space-black.jpg,data/images/mac/macbook-pro/space-black/hero.png,https://www.apple.com/th/shop/buy-mac/macbook-pro,https://www.apple.com/th/macbook-pro/specs/,https://www.apple.com/th/macbook-pro/
TH-MACBOOKPRO16-SPACEBLACK-M4PRO48G-8403,TH-MACBOOKPRO16-SPACEBLACK-M4PRO48G-8403,macbook-pro-16,MacBook Pro 16 นิ้ว (M4 Pro / M4 Max),mac,macbook-pro,MacBook Pro,MacBook Pro 16 นิ้ว (M4 Pro / M4 Max) M4 Pro (48GB / 512GB) สีดำสเปซแบล็ค (Space Black),space-black,ดำสเปซแบล็ค,Space Black,#2E2C2F,M4 Pro (48GB / 512GB),"16.2""","Thunderbolt 5 (สูงสุด 120Gb/s) x 3, ช่องเสียบการ์ด SDXC, พอร์ต HDMI 8K, MagSafe 3, Wi-Fi 6E",ชิป M4 Pro หรือ M4 Max ระดับสุดยอดโปร สำหรับเวิร์กโฟลว์ระดับภาพยนตร์และ AI ขั้นสูง,355.7 x 248.1 x 16.8 มม.,"2,140 กรัม (M4 Pro) / 2,150 กรัม (M4 Max)","จอภาพ Liquid Retina XDR ขนาด 16.2 นิ้ว, ความละเอียด 3456 x 2234 พิกเซลที่ 254 ppi, ProMotion 120Hz, ความสว่าง XDR 1,600 นิต, ตัวเลือกกระจก Nano-texture","กล้อง 12MP Center Stage พร้อม Desk View, ระบบเสียง 6 ลำโพงความเที่ยงตรงสูงระดับสตูดิโอ","เล่นวิดีโอนานสูงสุด 24 ชั่วโมง (แบตเตอรี่ที่ยาวนานที่สุดใน Mac ทุกรุ่น), รองรับอะแดปเตอร์แปลงไฟ USB-C 140W","MacBook Pro 16 นิ้ว, สาย USB-C เป็น MagSafe 3 (2 ม.), อะแดปเตอร์แปลงไฟ USB-C 140W",ตัวเรือนอะลูมิเนียม Unibody พร้อมชั้นอะโนไดซ์ลดรอยนิ้วมือ,103900,"฿103,900",https://store.storeimages.cdn-apple.com/1/as-images.apple.com/is/mbp14-spaceblack-select-202410?wid=2560&hei=2560&fmt=jpeg&qlt=95,https://store.storeimages.cdn-apple.com/1/as-images.apple.com/is/mbp14-spaceblack-select-202410?wid=2048&hei=2048&fmt=png-alpha,data/images/mac/macbook-pro/space-black.jpg,data/images/mac/macbook-pro/space-black/hero.png,https://www.apple.com/th/shop/buy-mac/macbook-pro,https://www.apple.com/th/macbook-pro/specs/,https://www.apple.com/th/macbook-pro/
TH-MACBOOKPRO16-SPACEBLACK-M4MAX36G-E8B0,TH-MACBOOKPRO16-SPACEBLACK-M4MAX36G-E8B0,macbook-pro-16,MacBook Pro 16 นิ้ว (M4 Pro / M4 Max),mac,macbook-pro,MacBook Pro,MacBook Pro 16 นิ้ว (M4 Pro / M4 Max) M4 Max (36GB / 1TB) สีดำสเปซแบล็ค (Space Black),space-black,ดำสเปซแบล็ค,Space Black,#2E2C2F,M4 Max (36GB / 1TB),"16.2""","Thunderbolt 5 (สูงสุด 120Gb/s) x 3, ช่องเสียบการ์ด SDXC, พอร์ต HDMI 8K, MagSafe 3, Wi-Fi 6E",ชิป M4 Pro หรือ M4 Max ระดับสุดยอดโปร สำหรับเวิร์กโฟลว์ระดับภาพยนตร์และ AI ขั้นสูง,355.7 x 248.1 x 16.8 มม.,"2,140 กรัม (M4 Pro) / 2,150 กรัม (M4 Max)","จอภาพ Liquid Retina XDR ขนาด 16.2 นิ้ว, ความละเอียด 3456 x 2234 พิกเซลที่ 254 ppi, ProMotion 120Hz, ความสว่าง XDR 1,600 นิต, ตัวเลือกกระจก Nano-texture","กล้อง 12MP Center Stage พร้อม Desk View, ระบบเสียง 6 ลำโพงความเที่ยงตรงสูงระดับสตูดิโอ","เล่นวิดีโอนานสูงสุด 24 ชั่วโมง (แบตเตอรี่ที่ยาวนานที่สุดใน Mac ทุกรุ่น), รองรับอะแดปเตอร์แปลงไฟ USB-C 140W","MacBook Pro 16 นิ้ว, สาย USB-C เป็น MagSafe 3 (2 ม.), อะแดปเตอร์แปลงไฟ USB-C 140W",ตัวเรือนอะลูมิเนียม Unibody พร้อมชั้นอะโนไดซ์ลดรอยนิ้วมือ,124900,"฿124,900",https://store.storeimages.cdn-apple.com/1/as-images.apple.com/is/mbp14-spaceblack-select-202410?wid=2560&hei=2560&fmt=jpeg&qlt=95,https://store.storeimages.cdn-apple.com/1/as-images.apple.com/is/mbp14-spaceblack-select-202410?wid=2048&hei=2048&fmt=png-alpha,data/images/mac/macbook-pro/space-black.jpg,data/images/mac/macbook-pro/space-black/hero.png,https://www.apple.com/th/shop/buy-mac/macbook-pro,https://www.apple.com/th/macbook-pro/specs/,https://www.apple.com/th/macbook-pro/
TH-MACBOOKPRO16-SPACEBLACK-M4MAX48G-8F7F,TH-MACBOOKPRO16-SPACEBLACK-M4MAX48G-8F7F,macbook-pro-16,MacBook Pro 16 นิ้ว (M4 Pro / M4 Max),mac,macbook-pro,MacBook Pro,MacBook Pro 16 นิ้ว (M4 Pro / M4 Max) M4 Max (48GB / 1TB) สีดำสเปซแบล็ค (Space Black),space-black,ดำสเปซแบล็ค,Space Black,#2E2C2F,M4 Max (48GB / 1TB),"16.2""","Thunderbolt 5 (สูงสุด 120Gb/s) x 3, ช่องเสียบการ์ด SDXC, พอร์ต HDMI 8K, MagSafe 3, Wi-Fi 6E",ชิป M4 Pro หรือ M4 Max ระดับสุดยอดโปร สำหรับเวิร์กโฟลว์ระดับภาพยนตร์และ AI ขั้นสูง,355.7 x 248.1 x 16.8 มม.,"2,140 กรัม (M4 Pro) / 2,150 กรัม (M4 Max)","จอภาพ Liquid Retina XDR ขนาด 16.2 นิ้ว, ความละเอียด 3456 x 2234 พิกเซลที่ 254 ppi, ProMotion 120Hz, ความสว่าง XDR 1,600 นิต, ตัวเลือกกระจก Nano-texture","กล้อง 12MP Center Stage พร้อม Desk View, ระบบเสียง 6 ลำโพงความเที่ยงตรงสูงระดับสตูดิโอ","เล่นวิดีโอนานสูงสุด 24 ชั่วโมง (แบตเตอรี่ที่ยาวนานที่สุดใน Mac ทุกรุ่น), รองรับอะแดปเตอร์แปลงไฟ USB-C 140W","MacBook Pro 16 นิ้ว, สาย USB-C เป็น MagSafe 3 (2 ม.), อะแดปเตอร์แปลงไฟ USB-C 140W",ตัวเรือนอะลูมิเนียม Unibody พร้อมชั้นอะโนไดซ์ลดรอยนิ้วมือ,138900,"฿138,900",https://store.storeimages.cdn-apple.com/1/as-images.apple.com/is/mbp14-spaceblack-select-202410?wid=2560&hei=2560&fmt=jpeg&qlt=95,https://store.storeimages.cdn-apple.com/1/as-images.apple.com/is/mbp14-spaceblack-select-202410?wid=2048&hei=2048&fmt=png-alpha,data/images/mac/macbook-pro/space-black.jpg,data/images/mac/macbook-pro/space-black/hero.png,https://www.apple.com/th/shop/buy-mac/macbook-pro,https://www.apple.com/th/macbook-pro/specs/,https://www.apple.com/th/macbook-pro/
TH-MACBOOKPRO16-SILVER-M4PRO24G-97BB,TH-MACBOOKPRO16-SILVER-M4PRO24G-97BB,macbook-pro-16,MacBook Pro 16 นิ้ว (M4 Pro / M4 Max),mac,macbook-pro,MacBook Pro,MacBook Pro 16 นิ้ว (M4 Pro / M4 Max) M4 Pro (24GB / 512GB) สีเงิน (Silver),silver,เงิน,Silver,#E3E4E5,M4 Pro (24GB / 512GB),"16.2""","Thunderbolt 5 (สูงสุด 120Gb/s) x 3, ช่องเสียบการ์ด SDXC, พอร์ต HDMI 8K, MagSafe 3, Wi-Fi 6E",ชิป M4 Pro หรือ M4 Max ระดับสุดยอดโปร สำหรับเวิร์กโฟลว์ระดับภาพยนตร์และ AI ขั้นสูง,355.7 x 248.1 x 16.8 มม.,"2,140 กรัม (M4 Pro) / 2,150 กรัม (M4 Max)","จอภาพ Liquid Retina XDR ขนาด 16.2 นิ้ว, ความละเอียด 3456 x 2234 พิกเซลที่ 254 ppi, ProMotion 120Hz, ความสว่าง XDR 1,600 นิต, ตัวเลือกกระจก Nano-texture","กล้อง 12MP Center Stage พร้อม Desk View, ระบบเสียง 6 ลำโพงความเที่ยงตรงสูงระดับสตูดิโอ","เล่นวิดีโอนานสูงสุด 24 ชั่วโมง (แบตเตอรี่ที่ยาวนานที่สุดใน Mac ทุกรุ่น), รองรับอะแดปเตอร์แปลงไฟ USB-C 140W","MacBook Pro 16 นิ้ว, สาย USB-C เป็น MagSafe 3 (2 ม.), อะแดปเตอร์แปลงไฟ USB-C 140W",ตัวเรือนอะลูมิเนียม Unibody พร้อมชั้นอะโนไดซ์ลดรอยนิ้วมือ,89900,"฿89,900",https://store.storeimages.cdn-apple.com/1/as-images.apple.com/is/mbp14-silver-select-202410?wid=2560&hei=2560&fmt=jpeg&qlt=95,https://store.storeimages.cdn-apple.com/1/as-images.apple.com/is/mbp14-silver-select-202410?wid=2048&hei=2048&fmt=png-alpha,data/images/mac/macbook-pro/silver.jpg,data/images/mac/macbook-pro/silver/hero.png,https://www.apple.com/th/shop/buy-mac/macbook-pro,https://www.apple.com/th/macbook-pro/specs/,https://www.apple.com/th/macbook-pro/
TH-MACBOOKPRO16-SILVER-M4PRO48G-7D17,TH-MACBOOKPRO16-SILVER-M4PRO48G-7D17,macbook-pro-16,MacBook Pro 16 นิ้ว (M4 Pro / M4 Max),mac,macbook-pro,MacBook Pro,MacBook Pro 16 นิ้ว (M4 Pro / M4 Max) M4 Pro (48GB / 512GB) สีเงิน (Silver),silver,เงิน,Silver,#E3E4E5,M4 Pro (48GB / 512GB),"16.2""","Thunderbolt 5 (สูงสุด 120Gb/s) x 3, ช่องเสียบการ์ด SDXC, พอร์ต HDMI 8K, MagSafe 3, Wi-Fi 6E",ชิป M4 Pro หรือ M4 Max ระดับสุดยอดโปร สำหรับเวิร์กโฟลว์ระดับภาพยนตร์และ AI ขั้นสูง,355.7 x 248.1 x 16.8 มม.,"2,140 กรัม (M4 Pro) / 2,150 กรัม (M4 Max)","จอภาพ Liquid Retina XDR ขนาด 16.2 นิ้ว, ความละเอียด 3456 x 2234 พิกเซลที่ 254 ppi, ProMotion 120Hz, ความสว่าง XDR 1,600 นิต, ตัวเลือกกระจก Nano-texture","กล้อง 12MP Center Stage พร้อม Desk View, ระบบเสียง 6 ลำโพงความเที่ยงตรงสูงระดับสตูดิโอ","เล่นวิดีโอนานสูงสุด 24 ชั่วโมง (แบตเตอรี่ที่ยาวนานที่สุดใน Mac ทุกรุ่น), รองรับอะแดปเตอร์แปลงไฟ USB-C 140W","MacBook Pro 16 นิ้ว, สาย USB-C เป็น MagSafe 3 (2 ม.), อะแดปเตอร์แปลงไฟ USB-C 140W",ตัวเรือนอะลูมิเนียม Unibody พร้อมชั้นอะโนไดซ์ลดรอยนิ้วมือ,103900,"฿103,900",https://store.storeimages.cdn-apple.com/1/as-images.apple.com/is/mbp14-silver-select-202410?wid=2560&hei=2560&fmt=jpeg&qlt=95,https://store.storeimages.cdn-apple.com/1/as-images.apple.com/is/mbp14-silver-select-202410?wid=2048&hei=2048&fmt=png-alpha,data/images/mac/macbook-pro/silver.jpg,data/images/mac/macbook-pro/silver/hero.png,https://www.apple.com/th/shop/buy-mac/macbook-pro,https://www.apple.com/th/macbook-pro/specs/,https://www.apple.com/th/macbook-pro/
TH-MACBOOKPRO16-SILVER-M4MAX36G-8844,TH-MACBOOKPRO16-SILVER-M4MAX36G-8844,macbook-pro-16,MacBook Pro 16 นิ้ว (M4 Pro / M4 Max),mac,macbook-pro,MacBook Pro,MacBook Pro 16 นิ้ว (M4 Pro / M4 Max) M4 Max (36GB / 1TB) สีเงิน (Silver),silver,เงิน,Silver,#E3E4E5,M4 Max (36GB / 1TB),"16.2""","Thunderbolt 5 (สูงสุด 120Gb/s) x 3, ช่องเสียบการ์ด SDXC, พอร์ต HDMI 8K, MagSafe 3, Wi-Fi 6E",ชิป M4 Pro หรือ M4 Max ระดับสุดยอดโปร สำหรับเวิร์กโฟลว์ระดับภาพยนตร์และ AI ขั้นสูง,355.7 x 248.1 x 16.8 มม.,"2,140 กรัม (M4 Pro) / 2,150 กรัม (M4 Max)","จอภาพ Liquid Retina XDR ขนาด 16.2 นิ้ว, ความละเอียด 3456 x 2234 พิกเซลที่ 254 ppi, ProMotion 120Hz, ความสว่าง XDR 1,600 นิต, ตัวเลือกกระจก Nano-texture","กล้อง 12MP Center Stage พร้อม Desk View, ระบบเสียง 6 ลำโพงความเที่ยงตรงสูงระดับสตูดิโอ","เล่นวิดีโอนานสูงสุด 24 ชั่วโมง (แบตเตอรี่ที่ยาวนานที่สุดใน Mac ทุกรุ่น), รองรับอะแดปเตอร์แปลงไฟ USB-C 140W","MacBook Pro 16 นิ้ว, สาย USB-C เป็น MagSafe 3 (2 ม.), อะแดปเตอร์แปลงไฟ USB-C 140W",ตัวเรือนอะลูมิเนียม Unibody พร้อมชั้นอะโนไดซ์ลดรอยนิ้วมือ,124900,"฿124,900",https://store.storeimages.cdn-apple.com/1/as-images.apple.com/is/mbp14-silver-select-202410?wid=2560&hei=2560&fmt=jpeg&qlt=95,https://store.storeimages.cdn-apple.com/1/as-images.apple.com/is/mbp14-silver-select-202410?wid=2048&hei=2048&fmt=png-alpha,data/images/mac/macbook-pro/silver.jpg,data/images/mac/macbook-pro/silver/hero.png,https://www.apple.com/th/shop/buy-mac/macbook-pro,https://www.apple.com/th/macbook-pro/specs/,https://www.apple.com/th/macbook-pro/
TH-MACBOOKPRO16-SILVER-M4MAX48G-E9A0,TH-MACBOOKPRO16-SILVER-M4MAX48G-E9A0,macbook-pro-16,MacBook Pro 16 นิ้ว (M4 Pro / M4 Max),mac,macbook-pro,MacBook Pro,MacBook Pro 16 นิ้ว (M4 Pro / M4 Max) M4 Max (48GB / 1TB) สีเงิน (Silver),silver,เงิน,Silver,#E3E4E5,M4 Max (48GB / 1TB),"16.2""","Thunderbolt 5 (สูงสุด 120Gb/s) x 3, ช่องเสียบการ์ด SDXC, พอร์ต HDMI 8K, MagSafe 3, Wi-Fi 6E",ชิป M4 Pro หรือ M4 Max ระดับสุดยอดโปร สำหรับเวิร์กโฟลว์ระดับภาพยนตร์และ AI ขั้นสูง,355.7 x 248.1 x 16.8 มม.,"2,140 กรัม (M4 Pro) / 2,150 กรัม (M4 Max)","จอภาพ Liquid Retina XDR ขนาด 16.2 นิ้ว, ความละเอียด 3456 x 2234 พิกเซลที่ 254 ppi, ProMotion 120Hz, ความสว่าง XDR 1,600 นิต, ตัวเลือกกระจก Nano-texture","กล้อง 12MP Center Stage พร้อม Desk View, ระบบเสียง 6 ลำโพงความเที่ยงตรงสูงระดับสตูดิโอ","เล่นวิดีโอนานสูงสุด 24 ชั่วโมง (แบตเตอรี่ที่ยาวนานที่สุดใน Mac ทุกรุ่น), รองรับอะแดปเตอร์แปลงไฟ USB-C 140W","MacBook Pro 16 นิ้ว, สาย USB-C เป็น MagSafe 3 (2 ม.), อะแดปเตอร์แปลงไฟ USB-C 140W",ตัวเรือนอะลูมิเนียม Unibody พร้อมชั้นอะโนไดซ์ลดรอยนิ้วมือ,138900,"฿138,900",https://store.storeimages.cdn-apple.com/1/as-images.apple.com/is/mbp14-silver-select-202410?wid=2560&hei=2560&fmt=jpeg&qlt=95,https://store.storeimages.cdn-apple.com/1/as-images.apple.com/is/mbp14-silver-select-202410?wid=2048&hei=2048&fmt=png-alpha,data/images/mac/macbook-pro/silver.jpg,data/images/mac/macbook-pro/silver/hero.png,https://www.apple.com/th/shop/buy-mac/macbook-pro,https://www.apple.com/th/macbook-pro/specs/,https://www.apple.com/th/macbook-pro/
TH-MACBOOKAIR13-MIDNIGHT-16GB256G-90A1,TH-MACBOOKAIR13-MIDNIGHT-16GB256G-90A1,macbook-air-13,MacBook Air 13 นิ้ว (M3),mac,macbook-air,MacBook Air,MacBook Air 13 นิ้ว (M3) 16GB / 256GB SSD สีมิดไนท์ (Midnight),midnight,มิดไนท์,Midnight,#1E222A,16GB / 256GB SSD,"13.6""","พอร์ต MagSafe 3, พอร์ต Thunderbolt / USB 4 จำนวน 2 พอร์ต, ช่องต่อหูฟัง 3.5 มม., Wi-Fi 6E, Bluetooth 5.3","ชิป M3 พร้อม CPU แบบ 8-core (4 ประสิทธิภาพ + 4 ประหยัดพลังงาน), GPU สูงสุด 10-core รองรับ Ray Tracing และ Neural Engine แบบ 16-core, หน่วยความจำเริ่มต้นมาตรฐาน 16GB",304.1 x 215.0 x 11.3 มม.,"1,240 กรัม","จอภาพ Liquid Retina ขนาด 13.6 นิ้ว, ความละเอียด 2560 x 1664 พิกเซลที่ 224 ppi, ความสว่าง 500 นิต, ขอบเขตสีกว้าง P3, รองรับจอภาพภายนอกสูงสุด 2 จอ (เมื่อปิดฝาพับ)","กล้อง FaceTime HD 1080p, ระบบเสียง 4 ลำโพงพร้อมระบบเสียงตามตำแหน่ง Spatial Audio","เล่นวิดีโอนานสูงสุด 18 ชั่วโมง, ท่องเว็บไร้สายนานสูงสุด 15 ชั่วโมง","MacBook Air 13 นิ้ว, สาย USB-C เป็น MagSafe 3 (2 ม.), อะแดปเตอร์แปลงไฟ USB-C ขนาด 30W หรือพอร์ตคู่ 35W",ตัวเรือนอะลูมิเนียมแบบไร้พัดลม เงียบสนิท 100% พร้อมการเคลือบผิวอะโนไดซ์ลดรอยนิ้วมือสำหรับสีมิดไนท์,39900,"฿39,900",https://store.storeimages.cdn-apple.com/1/as-images.apple.com/is/mba13-midnight-select-202402?wid=2560&hei=2560&fmt=jpeg&qlt=95,https://store.storeimages.cdn-apple.com/1/as-images.apple.com/is/mba13-midnight-select-202402?wid=2048&hei=2048&fmt=png-alpha,data/images/mac/macbook-air/midnight.jpg,data/images/mac/macbook-air/midnight/hero.png,https://www.apple.com/th/shop/buy-mac/macbook-air,https://www.apple.com/th/macbook-air/specs/,https://www.apple.com/th/macbook-air/
TH-MACBOOKAIR13-MIDNIGHT-16GB512G-4EB4,TH-MACBOOKAIR13-MIDNIGHT-16GB512G-4EB4,macbook-air-13,MacBook Air 13 นิ้ว (M3),mac,macbook-air,MacBook Air,MacBook Air 13 นิ้ว (M3) 16GB / 512GB SSD สีมิดไนท์ (Midnight),midnight,มิดไนท์,Midnight,#1E222A,16GB / 512GB SSD,"13.6""","พอร์ต MagSafe 3, พอร์ต Thunderbolt / USB 4 จำนวน 2 พอร์ต, ช่องต่อหูฟัง 3.5 มม., Wi-Fi 6E, Bluetooth 5.3","ชิป M3 พร้อม CPU แบบ 8-core (4 ประสิทธิภาพ + 4 ประหยัดพลังงาน), GPU สูงสุด 10-core รองรับ Ray Tracing และ Neural Engine แบบ 16-core, หน่วยความจำเริ่มต้นมาตรฐาน 16GB",304.1 x 215.0 x 11.3 มม.,"1,240 กรัม","จอภาพ Liquid Retina ขนาด 13.6 นิ้ว, ความละเอียด 2560 x 1664 พิกเซลที่ 224 ppi, ความสว่าง 500 นิต, ขอบเขตสีกว้าง P3, รองรับจอภาพภายนอกสูงสุด 2 จอ (เมื่อปิดฝาพับ)","กล้อง FaceTime HD 1080p, ระบบเสียง 4 ลำโพงพร้อมระบบเสียงตามตำแหน่ง Spatial Audio","เล่นวิดีโอนานสูงสุด 18 ชั่วโมง, ท่องเว็บไร้สายนานสูงสุด 15 ชั่วโมง","MacBook Air 13 นิ้ว, สาย USB-C เป็น MagSafe 3 (2 ม.), อะแดปเตอร์แปลงไฟ USB-C ขนาด 30W หรือพอร์ตคู่ 35W",ตัวเรือนอะลูมิเนียมแบบไร้พัดลม เงียบสนิท 100% พร้อมการเคลือบผิวอะโนไดซ์ลดรอยนิ้วมือสำหรับสีมิดไนท์,46900,"฿46,900",https://store.storeimages.cdn-apple.com/1/as-images.apple.com/is/mba13-midnight-select-202402?wid=2560&hei=2560&fmt=jpeg&qlt=95,https://store.storeimages.cdn-apple.com/1/as-images.apple.com/is/mba13-midnight-select-202402?wid=2048&hei=2048&fmt=png-alpha,data/images/mac/macbook-air/midnight.jpg,data/images/mac/macbook-air/midnight/hero.png,https://www.apple.com/th/shop/buy-mac/macbook-air,https://www.apple.com/th/macbook-air/specs/,https://www.apple.com/th/macbook-air/
TH-MACBOOKAIR13-MIDNIGHT-24GB512G-8A26,TH-MACBOOKAIR13-MIDNIGHT-24GB512G-8A26,macbook-air-13,MacBook Air 13 นิ้ว (M3),mac,macbook-air,MacBook Air,MacBook Air 13 นิ้ว (M3) 24GB / 512GB SSD สีมิดไนท์ (Midnight),midnight,มิดไนท์,Midnight,#1E222A,24GB / 512GB SSD,"13.6""","พอร์ต MagSafe 3, พอร์ต Thunderbolt / USB 4 จำนวน 2 พอร์ต, ช่องต่อหูฟัง 3.5 มม., Wi-Fi 6E, Bluetooth 5.3","ชิป M3 พร้อม CPU แบบ 8-core (4 ประสิทธิภาพ + 4 ประหยัดพลังงาน), GPU สูงสุด 10-core รองรับ Ray Tracing และ Neural Engine แบบ 16-core, หน่วยความจำเริ่มต้นมาตรฐาน 16GB",304.1 x 215.0 x 11.3 มม.,"1,240 กรัม","จอภาพ Liquid Retina ขนาด 13.6 นิ้ว, ความละเอียด 2560 x 1664 พิกเซลที่ 224 ppi, ความสว่าง 500 นิต, ขอบเขตสีกว้าง P3, รองรับจอภาพภายนอกสูงสุด 2 จอ (เมื่อปิดฝาพับ)","กล้อง FaceTime HD 1080p, ระบบเสียง 4 ลำโพงพร้อมระบบเสียงตามตำแหน่ง Spatial Audio","เล่นวิดีโอนานสูงสุด 18 ชั่วโมง, ท่องเว็บไร้สายนานสูงสุด 15 ชั่วโมง","MacBook Air 13 นิ้ว, สาย USB-C เป็น MagSafe 3 (2 ม.), อะแดปเตอร์แปลงไฟ USB-C ขนาด 30W หรือพอร์ตคู่ 35W",ตัวเรือนอะลูมิเนียมแบบไร้พัดลม เงียบสนิท 100% พร้อมการเคลือบผิวอะโนไดซ์ลดรอยนิ้วมือสำหรับสีมิดไนท์,53900,"฿53,900",https://store.storeimages.cdn-apple.com/1/as-images.apple.com/is/mba13-midnight-select-202402?wid=2560&hei=2560&fmt=jpeg&qlt=95,https://store.storeimages.cdn-apple.com/1/as-images.apple.com/is/mba13-midnight-select-202402?wid=2048&hei=2048&fmt=png-alpha,data/images/mac/macbook-air/midnight.jpg,data/images/mac/macbook-air/midnight/hero.png,https://www.apple.com/th/shop/buy-mac/macbook-air,https://www.apple.com/th/macbook-air/specs/,https://www.apple.com/th/macbook-air/
TH-MACBOOKAIR13-STARLIGHT-16GB256G-7DB9,TH-MACBOOKAIR13-STARLIGHT-16GB256G-7DB9,macbook-air-13,MacBook Air 13 นิ้ว (M3),mac,macbook-air,MacBook Air,MacBook Air 13 นิ้ว (M3) 16GB / 256GB SSD สีสตาร์ไลท์ (Starlight),starlight,สตาร์ไลท์,Starlight,#F0ECE1,16GB / 256GB SSD,"13.6""","พอร์ต MagSafe 3, พอร์ต Thunderbolt / USB 4 จำนวน 2 พอร์ต, ช่องต่อหูฟัง 3.5 มม., Wi-Fi 6E, Bluetooth 5.3","ชิป M3 พร้อม CPU แบบ 8-core (4 ประสิทธิภาพ + 4 ประหยัดพลังงาน), GPU สูงสุด 10-core รองรับ Ray Tracing และ Neural Engine แบบ 16-core, หน่วยความจำเริ่มต้นมาตรฐาน 16GB",304.1 x 215.0 x 11.3 มม.,"1,240 กรัม","จอภาพ Liquid Retina ขนาด 13.6 นิ้ว, ความละเอียด 2560 x 1664 พิกเซลที่ 224 ppi, ความสว่าง 500 นิต, ขอบเขตสีกว้าง P3, รองรับจอภาพภายนอกสูงสุด 2 จอ (เมื่อปิดฝาพับ)","กล้อง FaceTime HD 1080p, ระบบเสียง 4 ลำโพงพร้อมระบบเสียงตามตำแหน่ง Spatial Audio","เล่นวิดีโอนานสูงสุด 18 ชั่วโมง, ท่องเว็บไร้สายนานสูงสุด 15 ชั่วโมง","MacBook Air 13 นิ้ว, สาย USB-C เป็น MagSafe 3 (2 ม.), อะแดปเตอร์แปลงไฟ USB-C ขนาด 30W หรือพอร์ตคู่ 35W",ตัวเรือนอะลูมิเนียมแบบไร้พัดลม เงียบสนิท 100% พร้อมการเคลือบผิวอะโนไดซ์ลดรอยนิ้วมือสำหรับสีมิดไนท์,39900,"฿39,900",https://store.storeimages.cdn-apple.com/1/as-images.apple.com/is/mba13-starlight-select-202402?wid=2560&hei=2560&fmt=jpeg&qlt=95,https://store.storeimages.cdn-apple.com/1/as-images.apple.com/is/mba13-starlight-select-202402?wid=2048&hei=2048&fmt=png-alpha,data/images/mac/macbook-air/starlight.jpg,data/images/mac/macbook-air/starlight/hero.png,https://www.apple.com/th/shop/buy-mac/macbook-air,https://www.apple.com/th/macbook-air/specs/,https://www.apple.com/th/macbook-air/
TH-MACBOOKAIR13-STARLIGHT-16GB512G-7BD8,TH-MACBOOKAIR13-STARLIGHT-16GB512G-7BD8,macbook-air-13,MacBook Air 13 นิ้ว (M3),mac,macbook-air,MacBook Air,MacBook Air 13 นิ้ว (M3) 16GB / 512GB SSD สีสตาร์ไลท์ (Starlight),starlight,สตาร์ไลท์,Starlight,#F0ECE1,16GB / 512GB SSD,"13.6""","พอร์ต MagSafe 3, พอร์ต Thunderbolt / USB 4 จำนวน 2 พอร์ต, ช่องต่อหูฟัง 3.5 มม., Wi-Fi 6E, Bluetooth 5.3","ชิป M3 พร้อม CPU แบบ 8-core (4 ประสิทธิภาพ + 4 ประหยัดพลังงาน), GPU สูงสุด 10-core รองรับ Ray Tracing และ Neural Engine แบบ 16-core, หน่วยความจำเริ่มต้นมาตรฐาน 16GB",304.1 x 215.0 x 11.3 มม.,"1,240 กรัม","จอภาพ Liquid Retina ขนาด 13.6 นิ้ว, ความละเอียด 2560 x 1664 พิกเซลที่ 224 ppi, ความสว่าง 500 นิต, ขอบเขตสีกว้าง P3, รองรับจอภาพภายนอกสูงสุด 2 จอ (เมื่อปิดฝาพับ)","กล้อง FaceTime HD 1080p, ระบบเสียง 4 ลำโพงพร้อมระบบเสียงตามตำแหน่ง Spatial Audio","เล่นวิดีโอนานสูงสุด 18 ชั่วโมง, ท่องเว็บไร้สายนานสูงสุด 15 ชั่วโมง","MacBook Air 13 นิ้ว, สาย USB-C เป็น MagSafe 3 (2 ม.), อะแดปเตอร์แปลงไฟ USB-C ขนาด 30W หรือพอร์ตคู่ 35W",ตัวเรือนอะลูมิเนียมแบบไร้พัดลม เงียบสนิท 100% พร้อมการเคลือบผิวอะโนไดซ์ลดรอยนิ้วมือสำหรับสีมิดไนท์,46900,"฿46,900",https://store.storeimages.cdn-apple.com/1/as-images.apple.com/is/mba13-starlight-select-202402?wid=2560&hei=2560&fmt=jpeg&qlt=95,https://store.storeimages.cdn-apple.com/1/as-images.apple.com/is/mba13-starlight-select-202402?wid=2048&hei=2048&fmt=png-alpha,data/images/mac/macbook-air/starlight.jpg,data/images/mac/macbook-air/starlight/hero.png,https://www.apple.com/th/shop/buy-mac/macbook-air,https://www.apple.com/th/macbook-air/specs/,https://www.apple.com/th/macbook-air/
TH-MACBOOKAIR13-STARLIGHT-24GB512G-FDF6,TH-MACBOOKAIR13-STARLIGHT-24GB512G-FDF6,macbook-air-13,MacBook Air 13 นิ้ว (M3),mac,macbook-air,MacBook Air,MacBook Air 13 นิ้ว (M3) 24GB / 512GB SSD สีสตาร์ไลท์ (Starlight),starlight,สตาร์ไลท์,Starlight,#F0ECE1,24GB / 512GB SSD,"13.6""","พอร์ต MagSafe 3, พอร์ต Thunderbolt / USB 4 จำนวน 2 พอร์ต, ช่องต่อหูฟัง 3.5 มม., Wi-Fi 6E, Bluetooth 5.3","ชิป M3 พร้อม CPU แบบ 8-core (4 ประสิทธิภาพ + 4 ประหยัดพลังงาน), GPU สูงสุด 10-core รองรับ Ray Tracing และ Neural Engine แบบ 16-core, หน่วยความจำเริ่มต้นมาตรฐาน 16GB",304.1 x 215.0 x 11.3 มม.,"1,240 กรัม","จอภาพ Liquid Retina ขนาด 13.6 นิ้ว, ความละเอียด 2560 x 1664 พิกเซลที่ 224 ppi, ความสว่าง 500 นิต, ขอบเขตสีกว้าง P3, รองรับจอภาพภายนอกสูงสุด 2 จอ (เมื่อปิดฝาพับ)","กล้อง FaceTime HD 1080p, ระบบเสียง 4 ลำโพงพร้อมระบบเสียงตามตำแหน่ง Spatial Audio","เล่นวิดีโอนานสูงสุด 18 ชั่วโมง, ท่องเว็บไร้สายนานสูงสุด 15 ชั่วโมง","MacBook Air 13 นิ้ว, สาย USB-C เป็น MagSafe 3 (2 ม.), อะแดปเตอร์แปลงไฟ USB-C ขนาด 30W หรือพอร์ตคู่ 35W",ตัวเรือนอะลูมิเนียมแบบไร้พัดลม เงียบสนิท 100% พร้อมการเคลือบผิวอะโนไดซ์ลดรอยนิ้วมือสำหรับสีมิดไนท์,53900,"฿53,900",https://store.storeimages.cdn-apple.com/1/as-images.apple.com/is/mba13-starlight-select-202402?wid=2560&hei=2560&fmt=jpeg&qlt=95,https://store.storeimages.cdn-apple.com/1/as-images.apple.com/is/mba13-starlight-select-202402?wid=2048&hei=2048&fmt=png-alpha,data/images/mac/macbook-air/starlight.jpg,data/images/mac/macbook-air/starlight/hero.png,https://www.apple.com/th/shop/buy-mac/macbook-air,https://www.apple.com/th/macbook-air/specs/,https://www.apple.com/th/macbook-air/
TH-MACBOOKAIR13-SPACEGRAY-16GB256G-E100,TH-MACBOOKAIR13-SPACEGRAY-16GB256G-E100,macbook-air-13,MacBook Air 13 นิ้ว (M3),mac,macbook-air,MacBook Air,MacBook Air 13 นิ้ว (M3) 16GB / 256GB SSD สีสเปซเกรย์ (Space Gray),space-gray,สเปซเกรย์,Space Gray,#68696E,16GB / 256GB SSD,"13.6""","พอร์ต MagSafe 3, พอร์ต Thunderbolt / USB 4 จำนวน 2 พอร์ต, ช่องต่อหูฟัง 3.5 มม., Wi-Fi 6E, Bluetooth 5.3","ชิป M3 พร้อม CPU แบบ 8-core (4 ประสิทธิภาพ + 4 ประหยัดพลังงาน), GPU สูงสุด 10-core รองรับ Ray Tracing และ Neural Engine แบบ 16-core, หน่วยความจำเริ่มต้นมาตรฐาน 16GB",304.1 x 215.0 x 11.3 มม.,"1,240 กรัม","จอภาพ Liquid Retina ขนาด 13.6 นิ้ว, ความละเอียด 2560 x 1664 พิกเซลที่ 224 ppi, ความสว่าง 500 นิต, ขอบเขตสีกว้าง P3, รองรับจอภาพภายนอกสูงสุด 2 จอ (เมื่อปิดฝาพับ)","กล้อง FaceTime HD 1080p, ระบบเสียง 4 ลำโพงพร้อมระบบเสียงตามตำแหน่ง Spatial Audio","เล่นวิดีโอนานสูงสุด 18 ชั่วโมง, ท่องเว็บไร้สายนานสูงสุด 15 ชั่วโมง","MacBook Air 13 นิ้ว, สาย USB-C เป็น MagSafe 3 (2 ม.), อะแดปเตอร์แปลงไฟ USB-C ขนาด 30W หรือพอร์ตคู่ 35W",ตัวเรือนอะลูมิเนียมแบบไร้พัดลม เงียบสนิท 100% พร้อมการเคลือบผิวอะโนไดซ์ลดรอยนิ้วมือสำหรับสีมิดไนท์,39900,"฿39,900",https://store.storeimages.cdn-apple.com/1/as-images.apple.com/is/mba13-spacegray-select-202402?wid=2560&hei=2560&fmt=jpeg&qlt=95,https://store.storeimages.cdn-apple.com/1/as-images.apple.com/is/mba13-spacegray-select-202402?wid=2048&hei=2048&fmt=png-alpha,data/images/mac/macbook-air/space-gray.jpg,data/images/mac/macbook-air/space-gray/hero.png,https://www.apple.com/th/shop/buy-mac/macbook-air,https://www.apple.com/th/macbook-air/specs/,https://www.apple.com/th/macbook-air/
TH-MACBOOKAIR13-SPACEGRAY-16GB512G-A856,TH-MACBOOKAIR13-SPACEGRAY-16GB512G-A856,macbook-air-13,MacBook Air 13 นิ้ว (M3),mac,macbook-air,MacBook Air,MacBook Air 13 นิ้ว (M3) 16GB / 512GB SSD สีสเปซเกรย์ (Space Gray),space-gray,สเปซเกรย์,Space Gray,#68696E,16GB / 512GB SSD,"13.6""","พอร์ต MagSafe 3, พอร์ต Thunderbolt / USB 4 จำนวน 2 พอร์ต, ช่องต่อหูฟัง 3.5 มม., Wi-Fi 6E, Bluetooth 5.3","ชิป M3 พร้อม CPU แบบ 8-core (4 ประสิทธิภาพ + 4 ประหยัดพลังงาน), GPU สูงสุด 10-core รองรับ Ray Tracing และ Neural Engine แบบ 16-core, หน่วยความจำเริ่มต้นมาตรฐาน 16GB",304.1 x 215.0 x 11.3 มม.,"1,240 กรัม","จอภาพ Liquid Retina ขนาด 13.6 นิ้ว, ความละเอียด 2560 x 1664 พิกเซลที่ 224 ppi, ความสว่าง 500 นิต, ขอบเขตสีกว้าง P3, รองรับจอภาพภายนอกสูงสุด 2 จอ (เมื่อปิดฝาพับ)","กล้อง FaceTime HD 1080p, ระบบเสียง 4 ลำโพงพร้อมระบบเสียงตามตำแหน่ง Spatial Audio","เล่นวิดีโอนานสูงสุด 18 ชั่วโมง, ท่องเว็บไร้สายนานสูงสุด 15 ชั่วโมง","MacBook Air 13 นิ้ว, สาย USB-C เป็น MagSafe 3 (2 ม.), อะแดปเตอร์แปลงไฟ USB-C ขนาด 30W หรือพอร์ตคู่ 35W",ตัวเรือนอะลูมิเนียมแบบไร้พัดลม เงียบสนิท 100% พร้อมการเคลือบผิวอะโนไดซ์ลดรอยนิ้วมือสำหรับสีมิดไนท์,46900,"฿46,900",https://store.storeimages.cdn-apple.com/1/as-images.apple.com/is/mba13-spacegray-select-202402?wid=2560&hei=2560&fmt=jpeg&qlt=95,https://store.storeimages.cdn-apple.com/1/as-images.apple.com/is/mba13-spacegray-select-202402?wid=2048&hei=2048&fmt=png-alpha,data/images/mac/macbook-air/space-gray.jpg,data/images/mac/macbook-air/space-gray/hero.png,https://www.apple.com/th/shop/buy-mac/macbook-air,https://www.apple.com/th/macbook-air/specs/,https://www.apple.com/th/macbook-air/
TH-MACBOOKAIR13-SPACEGRAY-24GB512G-1C50,TH-MACBOOKAIR13-SPACEGRAY-24GB512G-1C50,macbook-air-13,MacBook Air 13 นิ้ว (M3),mac,macbook-air,MacBook Air,MacBook Air 13 นิ้ว (M3) 24GB / 512GB SSD สีสเปซเกรย์ (Space Gray),space-gray,สเปซเกรย์,Space Gray,#68696E,24GB / 512GB SSD,"13.6""","พอร์ต MagSafe 3, พอร์ต Thunderbolt / USB 4 จำนวน 2 พอร์ต, ช่องต่อหูฟัง 3.5 มม., Wi-Fi 6E, Bluetooth 5.3","ชิป M3 พร้อม CPU แบบ 8-core (4 ประสิทธิภาพ + 4 ประหยัดพลังงาน), GPU สูงสุด 10-core รองรับ Ray Tracing และ Neural Engine แบบ 16-core, หน่วยความจำเริ่มต้นมาตรฐาน 16GB",304.1 x 215.0 x 11.3 มม.,"1,240 กรัม","จอภาพ Liquid Retina ขนาด 13.6 นิ้ว, ความละเอียด 2560 x 1664 พิกเซลที่ 224 ppi, ความสว่าง 500 นิต, ขอบเขตสีกว้าง P3, รองรับจอภาพภายนอกสูงสุด 2 จอ (เมื่อปิดฝาพับ)","กล้อง FaceTime HD 1080p, ระบบเสียง 4 ลำโพงพร้อมระบบเสียงตามตำแหน่ง Spatial Audio","เล่นวิดีโอนานสูงสุด 18 ชั่วโมง, ท่องเว็บไร้สายนานสูงสุด 15 ชั่วโมง","MacBook Air 13 นิ้ว, สาย USB-C เป็น MagSafe 3 (2 ม.), อะแดปเตอร์แปลงไฟ USB-C ขนาด 30W หรือพอร์ตคู่ 35W",ตัวเรือนอะลูมิเนียมแบบไร้พัดลม เงียบสนิท 100% พร้อมการเคลือบผิวอะโนไดซ์ลดรอยนิ้วมือสำหรับสีมิดไนท์,53900,"฿53,900",https://store.storeimages.cdn-apple.com/1/as-images.apple.com/is/mba13-spacegray-select-202402?wid=2560&hei=2560&fmt=jpeg&qlt=95,https://store.storeimages.cdn-apple.com/1/as-images.apple.com/is/mba13-spacegray-select-202402?wid=2048&hei=2048&fmt=png-alpha,data/images/mac/macbook-air/space-gray.jpg,data/images/mac/macbook-air/space-gray/hero.png,https://www.apple.com/th/shop/buy-mac/macbook-air,https://www.apple.com/th/macbook-air/specs/,https://www.apple.com/th/macbook-air/
TH-MACBOOKAIR13-SILVER-16GB256G-C9EA,TH-MACBOOKAIR13-SILVER-16GB256G-C9EA,macbook-air-13,MacBook Air 13 นิ้ว (M3),mac,macbook-air,MacBook Air,MacBook Air 13 นิ้ว (M3) 16GB / 256GB SSD สีเงิน (Silver),silver,เงิน,Silver,#E3E4E5,16GB / 256GB SSD,"13.6""","พอร์ต MagSafe 3, พอร์ต Thunderbolt / USB 4 จำนวน 2 พอร์ต, ช่องต่อหูฟัง 3.5 มม., Wi-Fi 6E, Bluetooth 5.3","ชิป M3 พร้อม CPU แบบ 8-core (4 ประสิทธิภาพ + 4 ประหยัดพลังงาน), GPU สูงสุด 10-core รองรับ Ray Tracing และ Neural Engine แบบ 16-core, หน่วยความจำเริ่มต้นมาตรฐาน 16GB",304.1 x 215.0 x 11.3 มม.,"1,240 กรัม","จอภาพ Liquid Retina ขนาด 13.6 นิ้ว, ความละเอียด 2560 x 1664 พิกเซลที่ 224 ppi, ความสว่าง 500 นิต, ขอบเขตสีกว้าง P3, รองรับจอภาพภายนอกสูงสุด 2 จอ (เมื่อปิดฝาพับ)","กล้อง FaceTime HD 1080p, ระบบเสียง 4 ลำโพงพร้อมระบบเสียงตามตำแหน่ง Spatial Audio","เล่นวิดีโอนานสูงสุด 18 ชั่วโมง, ท่องเว็บไร้สายนานสูงสุด 15 ชั่วโมง","MacBook Air 13 นิ้ว, สาย USB-C เป็น MagSafe 3 (2 ม.), อะแดปเตอร์แปลงไฟ USB-C ขนาด 30W หรือพอร์ตคู่ 35W",ตัวเรือนอะลูมิเนียมแบบไร้พัดลม เงียบสนิท 100% พร้อมการเคลือบผิวอะโนไดซ์ลดรอยนิ้วมือสำหรับสีมิดไนท์,39900,"฿39,900",https://store.storeimages.cdn-apple.com/1/as-images.apple.com/is/mba13-silver-select-202402?wid=2560&hei=2560&fmt=jpeg&qlt=95,https://store.storeimages.cdn-apple.com/1/as-images.apple.com/is/mba13-silver-select-202402?wid=2048&hei=2048&fmt=png-alpha,data/images/mac/macbook-air/silver.jpg,data/images/mac/macbook-air/silver/hero.png,https://www.apple.com/th/shop/buy-mac/macbook-air,https://www.apple.com/th/macbook-air/specs/,https://www.apple.com/th/macbook-air/
TH-MACBOOKAIR13-SILVER-16GB512G-DB75,TH-MACBOOKAIR13-SILVER-16GB512G-DB75,macbook-air-13,MacBook Air 13 นิ้ว (M3),mac,macbook-air,MacBook Air,MacBook Air 13 นิ้ว (M3) 16GB / 512GB SSD สีเงิน (Silver),silver,เงิน,Silver,#E3E4E5,16GB / 512GB SSD,"13.6""","พอร์ต MagSafe 3, พอร์ต Thunderbolt / USB 4 จำนวน 2 พอร์ต, ช่องต่อหูฟัง 3.5 มม., Wi-Fi 6E, Bluetooth 5.3","ชิป M3 พร้อม CPU แบบ 8-core (4 ประสิทธิภาพ + 4 ประหยัดพลังงาน), GPU สูงสุด 10-core รองรับ Ray Tracing และ Neural Engine แบบ 16-core, หน่วยความจำเริ่มต้นมาตรฐาน 16GB",304.1 x 215.0 x 11.3 มม.,"1,240 กรัม","จอภาพ Liquid Retina ขนาด 13.6 นิ้ว, ความละเอียด 2560 x 1664 พิกเซลที่ 224 ppi, ความสว่าง 500 นิต, ขอบเขตสีกว้าง P3, รองรับจอภาพภายนอกสูงสุด 2 จอ (เมื่อปิดฝาพับ)","กล้อง FaceTime HD 1080p, ระบบเสียง 4 ลำโพงพร้อมระบบเสียงตามตำแหน่ง Spatial Audio","เล่นวิดีโอนานสูงสุด 18 ชั่วโมง, ท่องเว็บไร้สายนานสูงสุด 15 ชั่วโมง","MacBook Air 13 นิ้ว, สาย USB-C เป็น MagSafe 3 (2 ม.), อะแดปเตอร์แปลงไฟ USB-C ขนาด 30W หรือพอร์ตคู่ 35W",ตัวเรือนอะลูมิเนียมแบบไร้พัดลม เงียบสนิท 100% พร้อมการเคลือบผิวอะโนไดซ์ลดรอยนิ้วมือสำหรับสีมิดไนท์,46900,"฿46,900",https://store.storeimages.cdn-apple.com/1/as-images.apple.com/is/mba13-silver-select-202402?wid=2560&hei=2560&fmt=jpeg&qlt=95,https://store.storeimages.cdn-apple.com/1/as-images.apple.com/is/mba13-silver-select-202402?wid=2048&hei=2048&fmt=png-alpha,data/images/mac/macbook-air/silver.jpg,data/images/mac/macbook-air/silver/hero.png,https://www.apple.com/th/shop/buy-mac/macbook-air,https://www.apple.com/th/macbook-air/specs/,https://www.apple.com/th/macbook-air/
TH-MACBOOKAIR13-SILVER-24GB512G-F552,TH-MACBOOKAIR13-SILVER-24GB512G-F552,macbook-air-13,MacBook Air 13 นิ้ว (M3),mac,macbook-air,MacBook Air,MacBook Air 13 นิ้ว (M3) 24GB / 512GB SSD สีเงิน (Silver),silver,เงิน,Silver,#E3E4E5,24GB / 512GB SSD,"13.6""","พอร์ต MagSafe 3, พอร์ต Thunderbolt / USB 4 จำนวน 2 พอร์ต, ช่องต่อหูฟัง 3.5 มม., Wi-Fi 6E, Bluetooth 5.3","ชิป M3 พร้อม CPU แบบ 8-core (4 ประสิทธิภาพ + 4 ประหยัดพลังงาน), GPU สูงสุด 10-core รองรับ Ray Tracing และ Neural Engine แบบ 16-core, หน่วยความจำเริ่มต้นมาตรฐาน 16GB",304.1 x 215.0 x 11.3 มม.,"1,240 กรัม","จอภาพ Liquid Retina ขนาด 13.6 นิ้ว, ความละเอียด 2560 x 1664 พิกเซลที่ 224 ppi, ความสว่าง 500 นิต, ขอบเขตสีกว้าง P3, รองรับจอภาพภายนอกสูงสุด 2 จอ (เมื่อปิดฝาพับ)","กล้อง FaceTime HD 1080p, ระบบเสียง 4 ลำโพงพร้อมระบบเสียงตามตำแหน่ง Spatial Audio","เล่นวิดีโอนานสูงสุด 18 ชั่วโมง, ท่องเว็บไร้สายนานสูงสุด 15 ชั่วโมง","MacBook Air 13 นิ้ว, สาย USB-C เป็น MagSafe 3 (2 ม.), อะแดปเตอร์แปลงไฟ USB-C ขนาด 30W หรือพอร์ตคู่ 35W",ตัวเรือนอะลูมิเนียมแบบไร้พัดลม เงียบสนิท 100% พร้อมการเคลือบผิวอะโนไดซ์ลดรอยนิ้วมือสำหรับสีมิดไนท์,53900,"฿53,900",https://store.storeimages.cdn-apple.com/1/as-images.apple.com/is/mba13-silver-select-202402?wid=2560&hei=2560&fmt=jpeg&qlt=95,https://store.storeimages.cdn-apple.com/1/as-images.apple.com/is/mba13-silver-select-202402?wid=2048&hei=2048&fmt=png-alpha,data/images/mac/macbook-air/silver.jpg,data/images/mac/macbook-air/silver/hero.png,https://www.apple.com/th/shop/buy-mac/macbook-air,https://www.apple.com/th/macbook-air/specs/,https://www.apple.com/th/macbook-air/
TH-MACBOOKAIR15-MIDNIGHT-16GB256G-0A31,TH-MACBOOKAIR15-MIDNIGHT-16GB256G-0A31,macbook-air-15,MacBook Air 15 นิ้ว (M3),mac,macbook-air,MacBook Air,MacBook Air 15 นิ้ว (M3) 16GB / 256GB SSD สีมิดไนท์ (Midnight),midnight,มิดไนท์,Midnight,#1E222A,16GB / 256GB SSD,"15.3""","MagSafe 3, Thunderbolt / USB 4 x 2, ช่องต่อหูฟัง 3.5 มม., Wi-Fi 6E","ชิป M3 พร้อม CPU แบบ 8-core, GPU แบบ 10-core และ Neural Engine แบบ 16-core, หน่วยความจำเริ่มต้นมาตรฐาน 16GB",340.4 x 237.6 x 11.5 มม.,"1,510 กรัม","จอภาพ Liquid Retina ขนาด 15.3 นิ้ว, ความละเอียด 2880 x 1864 พิกเซลที่ 224 ppi, ความสว่าง 500 นิต","กล้อง FaceTime HD 1080p, ระบบเสียง 6 ลำโพงพร้อมวูฟเฟอร์ตัดแรงสั่นสะเทือน",เล่นวิดีโอนานสูงสุด 18 ชั่วโมง,"MacBook Air 15 นิ้ว, สาย USB-C เป็น MagSafe 3 (2 ม.), อะแดปเตอร์แปลงไฟ USB-C ขนาดกะทัดรัดแบบพอร์ตคู่ 35W",ตัวเรือนอะลูมิเนียมบางเฉียบเพียง 11.5 มม. ทำงานเงียบสนิทไร้พัดลม,47900,"฿47,900",https://store.storeimages.cdn-apple.com/1/as-images.apple.com/is/mba13-midnight-select-202402?wid=2560&hei=2560&fmt=jpeg&qlt=95,https://store.storeimages.cdn-apple.com/1/as-images.apple.com/is/mba13-midnight-select-202402?wid=2048&hei=2048&fmt=png-alpha,data/images/mac/macbook-air/midnight.jpg,data/images/mac/macbook-air/midnight/hero.png,https://www.apple.com/th/shop/buy-mac/macbook-air,https://www.apple.com/th/macbook-air/specs/,https://www.apple.com/th/macbook-air/
TH-MACBOOKAIR15-MIDNIGHT-16GB512G-42F8,TH-MACBOOKAIR15-MIDNIGHT-16GB512G-42F8,macbook-air-15,MacBook Air 15 นิ้ว (M3),mac,macbook-air,MacBook Air,MacBook Air 15 นิ้ว (M3) 16GB / 512GB SSD สีมิดไนท์ (Midnight),midnight,มิดไนท์,Midnight,#1E222A,16GB / 512GB SSD,"15.3""","MagSafe 3, Thunderbolt / USB 4 x 2, ช่องต่อหูฟัง 3.5 มม., Wi-Fi 6E","ชิป M3 พร้อม CPU แบบ 8-core, GPU แบบ 10-core และ Neural Engine แบบ 16-core, หน่วยความจำเริ่มต้นมาตรฐาน 16GB",340.4 x 237.6 x 11.5 มม.,"1,510 กรัม","จอภาพ Liquid Retina ขนาด 15.3 นิ้ว, ความละเอียด 2880 x 1864 พิกเซลที่ 224 ppi, ความสว่าง 500 นิต","กล้อง FaceTime HD 1080p, ระบบเสียง 6 ลำโพงพร้อมวูฟเฟอร์ตัดแรงสั่นสะเทือน",เล่นวิดีโอนานสูงสุด 18 ชั่วโมง,"MacBook Air 15 นิ้ว, สาย USB-C เป็น MagSafe 3 (2 ม.), อะแดปเตอร์แปลงไฟ USB-C ขนาดกะทัดรัดแบบพอร์ตคู่ 35W",ตัวเรือนอะลูมิเนียมบางเฉียบเพียง 11.5 มม. ทำงานเงียบสนิทไร้พัดลม,54900,"฿54,900",https://store.storeimages.cdn-apple.com/1/as-images.apple.com/is/mba13-midnight-select-202402?wid=2560&hei=2560&fmt=jpeg&qlt=95,https://store.storeimages.cdn-apple.com/1/as-images.apple.com/is/mba13-midnight-select-202402?wid=2048&hei=2048&fmt=png-alpha,data/images/mac/macbook-air/midnight.jpg,data/images/mac/macbook-air/midnight/hero.png,https://www.apple.com/th/shop/buy-mac/macbook-air,https://www.apple.com/th/macbook-air/specs/,https://www.apple.com/th/macbook-air/
TH-MACBOOKAIR15-MIDNIGHT-24GB512G-0689,TH-MACBOOKAIR15-MIDNIGHT-24GB512G-0689,macbook-air-15,MacBook Air 15 นิ้ว (M3),mac,macbook-air,MacBook Air,MacBook Air 15 นิ้ว (M3) 24GB / 512GB SSD สีมิดไนท์ (Midnight),midnight,มิดไนท์,Midnight,#1E222A,24GB / 512GB SSD,"15.3""","MagSafe 3, Thunderbolt / USB 4 x 2, ช่องต่อหูฟัง 3.5 มม., Wi-Fi 6E","ชิป M3 พร้อม CPU แบบ 8-core, GPU แบบ 10-core และ Neural Engine แบบ 16-core, หน่วยความจำเริ่มต้นมาตรฐาน 16GB",340.4 x 237.6 x 11.5 มม.,"1,510 กรัม","จอภาพ Liquid Retina ขนาด 15.3 นิ้ว, ความละเอียด 2880 x 1864 พิกเซลที่ 224 ppi, ความสว่าง 500 นิต","กล้อง FaceTime HD 1080p, ระบบเสียง 6 ลำโพงพร้อมวูฟเฟอร์ตัดแรงสั่นสะเทือน",เล่นวิดีโอนานสูงสุด 18 ชั่วโมง,"MacBook Air 15 นิ้ว, สาย USB-C เป็น MagSafe 3 (2 ม.), อะแดปเตอร์แปลงไฟ USB-C ขนาดกะทัดรัดแบบพอร์ตคู่ 35W",ตัวเรือนอะลูมิเนียมบางเฉียบเพียง 11.5 มม. ทำงานเงียบสนิทไร้พัดลม,61900,"฿61,900",https://store.storeimages.cdn-apple.com/1/as-images.apple.com/is/mba13-midnight-select-202402?wid=2560&hei=2560&fmt=jpeg&qlt=95,https://store.storeimages.cdn-apple.com/1/as-images.apple.com/is/mba13-midnight-select-202402?wid=2048&hei=2048&fmt=png-alpha,data/images/mac/macbook-air/midnight.jpg,data/images/mac/macbook-air/midnight/hero.png,https://www.apple.com/th/shop/buy-mac/macbook-air,https://www.apple.com/th/macbook-air/specs/,https://www.apple.com/th/macbook-air/
TH-MACBOOKAIR15-STARLIGHT-16GB256G-61A6,TH-MACBOOKAIR15-STARLIGHT-16GB256G-61A6,macbook-air-15,MacBook Air 15 นิ้ว (M3),mac,macbook-air,MacBook Air,MacBook Air 15 นิ้ว (M3) 16GB / 256GB SSD สีสตาร์ไลท์ (Starlight),starlight,สตาร์ไลท์,Starlight,#F0ECE1,16GB / 256GB SSD,"15.3""","MagSafe 3, Thunderbolt / USB 4 x 2, ช่องต่อหูฟัง 3.5 มม., Wi-Fi 6E","ชิป M3 พร้อม CPU แบบ 8-core, GPU แบบ 10-core และ Neural Engine แบบ 16-core, หน่วยความจำเริ่มต้นมาตรฐาน 16GB",340.4 x 237.6 x 11.5 มม.,"1,510 กรัม","จอภาพ Liquid Retina ขนาด 15.3 นิ้ว, ความละเอียด 2880 x 1864 พิกเซลที่ 224 ppi, ความสว่าง 500 นิต","กล้อง FaceTime HD 1080p, ระบบเสียง 6 ลำโพงพร้อมวูฟเฟอร์ตัดแรงสั่นสะเทือน",เล่นวิดีโอนานสูงสุด 18 ชั่วโมง,"MacBook Air 15 นิ้ว, สาย USB-C เป็น MagSafe 3 (2 ม.), อะแดปเตอร์แปลงไฟ USB-C ขนาดกะทัดรัดแบบพอร์ตคู่ 35W",ตัวเรือนอะลูมิเนียมบางเฉียบเพียง 11.5 มม. ทำงานเงียบสนิทไร้พัดลม,47900,"฿47,900",https://store.storeimages.cdn-apple.com/1/as-images.apple.com/is/mba13-starlight-select-202402?wid=2560&hei=2560&fmt=jpeg&qlt=95,https://store.storeimages.cdn-apple.com/1/as-images.apple.com/is/mba13-starlight-select-202402?wid=2048&hei=2048&fmt=png-alpha,data/images/mac/macbook-air/starlight.jpg,data/images/mac/macbook-air/starlight/hero.png,https://www.apple.com/th/shop/buy-mac/macbook-air,https://www.apple.com/th/macbook-air/specs/,https://www.apple.com/th/macbook-air/
TH-MACBOOKAIR15-STARLIGHT-16GB512G-68EE,TH-MACBOOKAIR15-STARLIGHT-16GB512G-68EE,macbook-air-15,MacBook Air 15 นิ้ว (M3),mac,macbook-air,MacBook Air,MacBook Air 15 นิ้ว (M3) 16GB / 512GB SSD สีสตาร์ไลท์ (Starlight),starlight,สตาร์ไลท์,Starlight,#F0ECE1,16GB / 512GB SSD,"15.3""","MagSafe 3, Thunderbolt / USB 4 x 2, ช่องต่อหูฟัง 3.5 มม., Wi-Fi 6E","ชิป M3 พร้อม CPU แบบ 8-core, GPU แบบ 10-core และ Neural Engine แบบ 16-core, หน่วยความจำเริ่มต้นมาตรฐาน 16GB",340.4 x 237.6 x 11.5 มม.,"1,510 กรัม","จอภาพ Liquid Retina ขนาด 15.3 นิ้ว, ความละเอียด 2880 x 1864 พิกเซลที่ 224 ppi, ความสว่าง 500 นิต","กล้อง FaceTime HD 1080p, ระบบเสียง 6 ลำโพงพร้อมวูฟเฟอร์ตัดแรงสั่นสะเทือน",เล่นวิดีโอนานสูงสุด 18 ชั่วโมง,"MacBook Air 15 นิ้ว, สาย USB-C เป็น MagSafe 3 (2 ม.), อะแดปเตอร์แปลงไฟ USB-C ขนาดกะทัดรัดแบบพอร์ตคู่ 35W",ตัวเรือนอะลูมิเนียมบางเฉียบเพียง 11.5 มม. ทำงานเงียบสนิทไร้พัดลม,54900,"฿54,900",https://store.storeimages.cdn-apple.com/1/as-images.apple.com/is/mba13-starlight-select-202402?wid=2560&hei=2560&fmt=jpeg&qlt=95,https://store.storeimages.cdn-apple.com/1/as-images.apple.com/is/mba13-starlight-select-202402?wid=2048&hei=2048&fmt=png-alpha,data/images/mac/macbook-air/starlight.jpg,data/images/mac/macbook-air/starlight/hero.png,https://www.apple.com/th/shop/buy-mac/macbook-air,https://www.apple.com/th/macbook-air/specs/,https://www.apple.com/th/macbook-air/
TH-MACBOOKAIR15-STARLIGHT-24GB512G-ECB6,TH-MACBOOKAIR15-STARLIGHT-24GB512G-ECB6,macbook-air-15,MacBook Air 15 นิ้ว (M3),mac,macbook-air,MacBook Air,MacBook Air 15 นิ้ว (M3) 24GB / 512GB SSD สีสตาร์ไลท์ (Starlight),starlight,สตาร์ไลท์,Starlight,#F0ECE1,24GB / 512GB SSD,"15.3""","MagSafe 3, Thunderbolt / USB 4 x 2, ช่องต่อหูฟัง 3.5 มม., Wi-Fi 6E","ชิป M3 พร้อม CPU แบบ 8-core, GPU แบบ 10-core และ Neural Engine แบบ 16-core, หน่วยความจำเริ่มต้นมาตรฐาน 16GB",340.4 x 237.6 x 11.5 มม.,"1,510 กรัม","จอภาพ Liquid Retina ขนาด 15.3 นิ้ว, ความละเอียด 2880 x 1864 พิกเซลที่ 224 ppi, ความสว่าง 500 นิต","กล้อง FaceTime HD 1080p, ระบบเสียง 6 ลำโพงพร้อมวูฟเฟอร์ตัดแรงสั่นสะเทือน",เล่นวิดีโอนานสูงสุด 18 ชั่วโมง,"MacBook Air 15 นิ้ว, สาย USB-C เป็น MagSafe 3 (2 ม.), อะแดปเตอร์แปลงไฟ USB-C ขนาดกะทัดรัดแบบพอร์ตคู่ 35W",ตัวเรือนอะลูมิเนียมบางเฉียบเพียง 11.5 มม. ทำงานเงียบสนิทไร้พัดลม,61900,"฿61,900",https://store.storeimages.cdn-apple.com/1/as-images.apple.com/is/mba13-starlight-select-202402?wid=2560&hei=2560&fmt=jpeg&qlt=95,https://store.storeimages.cdn-apple.com/1/as-images.apple.com/is/mba13-starlight-select-202402?wid=2048&hei=2048&fmt=png-alpha,data/images/mac/macbook-air/starlight.jpg,data/images/mac/macbook-air/starlight/hero.png,https://www.apple.com/th/shop/buy-mac/macbook-air,https://www.apple.com/th/macbook-air/specs/,https://www.apple.com/th/macbook-air/
TH-MACBOOKAIR15-SPACEGRAY-16GB256G-CB29,TH-MACBOOKAIR15-SPACEGRAY-16GB256G-CB29,macbook-air-15,MacBook Air 15 นิ้ว (M3),mac,macbook-air,MacBook Air,MacBook Air 15 นิ้ว (M3) 16GB / 256GB SSD สีสเปซเกรย์ (Space Gray),space-gray,สเปซเกรย์,Space Gray,#68696E,16GB / 256GB SSD,"15.3""","MagSafe 3, Thunderbolt / USB 4 x 2, ช่องต่อหูฟัง 3.5 มม., Wi-Fi 6E","ชิป M3 พร้อม CPU แบบ 8-core, GPU แบบ 10-core และ Neural Engine แบบ 16-core, หน่วยความจำเริ่มต้นมาตรฐาน 16GB",340.4 x 237.6 x 11.5 มม.,"1,510 กรัม","จอภาพ Liquid Retina ขนาด 15.3 นิ้ว, ความละเอียด 2880 x 1864 พิกเซลที่ 224 ppi, ความสว่าง 500 นิต","กล้อง FaceTime HD 1080p, ระบบเสียง 6 ลำโพงพร้อมวูฟเฟอร์ตัดแรงสั่นสะเทือน",เล่นวิดีโอนานสูงสุด 18 ชั่วโมง,"MacBook Air 15 นิ้ว, สาย USB-C เป็น MagSafe 3 (2 ม.), อะแดปเตอร์แปลงไฟ USB-C ขนาดกะทัดรัดแบบพอร์ตคู่ 35W",ตัวเรือนอะลูมิเนียมบางเฉียบเพียง 11.5 มม. ทำงานเงียบสนิทไร้พัดลม,47900,"฿47,900",https://store.storeimages.cdn-apple.com/1/as-images.apple.com/is/mba13-spacegray-select-202402?wid=2560&hei=2560&fmt=jpeg&qlt=95,https://store.storeimages.cdn-apple.com/1/as-images.apple.com/is/mba13-spacegray-select-202402?wid=2048&hei=2048&fmt=png-alpha,data/images/mac/macbook-air/space-gray.jpg,data/images/mac/macbook-air/space-gray/hero.png,https://www.apple.com/th/shop/buy-mac/macbook-air,https://www.apple.com/th/macbook-air/specs/,https://www.apple.com/th/macbook-air/
TH-MACBOOKAIR15-SPACEGRAY-16GB512G-D076,TH-MACBOOKAIR15-SPACEGRAY-16GB512G-D076,macbook-air-15,MacBook Air 15 นิ้ว (M3),mac,macbook-air,MacBook Air,MacBook Air 15 นิ้ว (M3) 16GB / 512GB SSD สีสเปซเกรย์ (Space Gray),space-gray,สเปซเกรย์,Space Gray,#68696E,16GB / 512GB SSD,"15.3""","MagSafe 3, Thunderbolt / USB 4 x 2, ช่องต่อหูฟัง 3.5 มม., Wi-Fi 6E","ชิป M3 พร้อม CPU แบบ 8-core, GPU แบบ 10-core และ Neural Engine แบบ 16-core, หน่วยความจำเริ่มต้นมาตรฐาน 16GB",340.4 x 237.6 x 11.5 มม.,"1,510 กรัม","จอภาพ Liquid Retina ขนาด 15.3 นิ้ว, ความละเอียด 2880 x 1864 พิกเซลที่ 224 ppi, ความสว่าง 500 นิต","กล้อง FaceTime HD 1080p, ระบบเสียง 6 ลำโพงพร้อมวูฟเฟอร์ตัดแรงสั่นสะเทือน",เล่นวิดีโอนานสูงสุด 18 ชั่วโมง,"MacBook Air 15 นิ้ว, สาย USB-C เป็น MagSafe 3 (2 ม.), อะแดปเตอร์แปลงไฟ USB-C ขนาดกะทัดรัดแบบพอร์ตคู่ 35W",ตัวเรือนอะลูมิเนียมบางเฉียบเพียง 11.5 มม. ทำงานเงียบสนิทไร้พัดลม,54900,"฿54,900",https://store.storeimages.cdn-apple.com/1/as-images.apple.com/is/mba13-spacegray-select-202402?wid=2560&hei=2560&fmt=jpeg&qlt=95,https://store.storeimages.cdn-apple.com/1/as-images.apple.com/is/mba13-spacegray-select-202402?wid=2048&hei=2048&fmt=png-alpha,data/images/mac/macbook-air/space-gray.jpg,data/images/mac/macbook-air/space-gray/hero.png,https://www.apple.com/th/shop/buy-mac/macbook-air,https://www.apple.com/th/macbook-air/specs/,https://www.apple.com/th/macbook-air/
TH-MACBOOKAIR15-SPACEGRAY-24GB512G-F645,TH-MACBOOKAIR15-SPACEGRAY-24GB512G-F645,macbook-air-15,MacBook Air 15 นิ้ว (M3),mac,macbook-air,MacBook Air,MacBook Air 15 นิ้ว (M3) 24GB / 512GB SSD สีสเปซเกรย์ (Space Gray),space-gray,สเปซเกรย์,Space Gray,#68696E,24GB / 512GB SSD,"15.3""","MagSafe 3, Thunderbolt / USB 4 x 2, ช่องต่อหูฟัง 3.5 มม., Wi-Fi 6E","ชิป M3 พร้อม CPU แบบ 8-core, GPU แบบ 10-core และ Neural Engine แบบ 16-core, หน่วยความจำเริ่มต้นมาตรฐาน 16GB",340.4 x 237.6 x 11.5 มม.,"1,510 กรัม","จอภาพ Liquid Retina ขนาด 15.3 นิ้ว, ความละเอียด 2880 x 1864 พิกเซลที่ 224 ppi, ความสว่าง 500 นิต","กล้อง FaceTime HD 1080p, ระบบเสียง 6 ลำโพงพร้อมวูฟเฟอร์ตัดแรงสั่นสะเทือน",เล่นวิดีโอนานสูงสุด 18 ชั่วโมง,"MacBook Air 15 นิ้ว, สาย USB-C เป็น MagSafe 3 (2 ม.), อะแดปเตอร์แปลงไฟ USB-C ขนาดกะทัดรัดแบบพอร์ตคู่ 35W",ตัวเรือนอะลูมิเนียมบางเฉียบเพียง 11.5 มม. ทำงานเงียบสนิทไร้พัดลม,61900,"฿61,900",https://store.storeimages.cdn-apple.com/1/as-images.apple.com/is/mba13-spacegray-select-202402?wid=2560&hei=2560&fmt=jpeg&qlt=95,https://store.storeimages.cdn-apple.com/1/as-images.apple.com/is/mba13-spacegray-select-202402?wid=2048&hei=2048&fmt=png-alpha,data/images/mac/macbook-air/space-gray.jpg,data/images/mac/macbook-air/space-gray/hero.png,https://www.apple.com/th/shop/buy-mac/macbook-air,https://www.apple.com/th/macbook-air/specs/,https://www.apple.com/th/macbook-air/
TH-MACBOOKAIR15-SILVER-16GB256G-C1E9,TH-MACBOOKAIR15-SILVER-16GB256G-C1E9,macbook-air-15,MacBook Air 15 นิ้ว (M3),mac,macbook-air,MacBook Air,MacBook Air 15 นิ้ว (M3) 16GB / 256GB SSD สีเงิน (Silver),silver,เงิน,Silver,#E3E4E5,16GB / 256GB SSD,"15.3""","MagSafe 3, Thunderbolt / USB 4 x 2, ช่องต่อหูฟัง 3.5 มม., Wi-Fi 6E","ชิป M3 พร้อม CPU แบบ 8-core, GPU แบบ 10-core และ Neural Engine แบบ 16-core, หน่วยความจำเริ่มต้นมาตรฐาน 16GB",340.4 x 237.6 x 11.5 มม.,"1,510 กรัม","จอภาพ Liquid Retina ขนาด 15.3 นิ้ว, ความละเอียด 2880 x 1864 พิกเซลที่ 224 ppi, ความสว่าง 500 นิต","กล้อง FaceTime HD 1080p, ระบบเสียง 6 ลำโพงพร้อมวูฟเฟอร์ตัดแรงสั่นสะเทือน",เล่นวิดีโอนานสูงสุด 18 ชั่วโมง,"MacBook Air 15 นิ้ว, สาย USB-C เป็น MagSafe 3 (2 ม.), อะแดปเตอร์แปลงไฟ USB-C ขนาดกะทัดรัดแบบพอร์ตคู่ 35W",ตัวเรือนอะลูมิเนียมบางเฉียบเพียง 11.5 มม. ทำงานเงียบสนิทไร้พัดลม,47900,"฿47,900",https://store.storeimages.cdn-apple.com/1/as-images.apple.com/is/mba13-silver-select-202402?wid=2560&hei=2560&fmt=jpeg&qlt=95,https://store.storeimages.cdn-apple.com/1/as-images.apple.com/is/mba13-silver-select-202402?wid=2048&hei=2048&fmt=png-alpha,data/images/mac/macbook-air/silver.jpg,data/images/mac/macbook-air/silver/hero.png,https://www.apple.com/th/shop/buy-mac/macbook-air,https://www.apple.com/th/macbook-air/specs/,https://www.apple.com/th/macbook-air/
TH-MACBOOKAIR15-SILVER-16GB512G-24A4,TH-MACBOOKAIR15-SILVER-16GB512G-24A4,macbook-air-15,MacBook Air 15 นิ้ว (M3),mac,macbook-air,MacBook Air,MacBook Air 15 นิ้ว (M3) 16GB / 512GB SSD สีเงิน (Silver),silver,เงิน,Silver,#E3E4E5,16GB / 512GB SSD,"15.3""","MagSafe 3, Thunderbolt / USB 4 x 2, ช่องต่อหูฟัง 3.5 มม., Wi-Fi 6E","ชิป M3 พร้อม CPU แบบ 8-core, GPU แบบ 10-core และ Neural Engine แบบ 16-core, หน่วยความจำเริ่มต้นมาตรฐาน 16GB",340.4 x 237.6 x 11.5 มม.,"1,510 กรัม","จอภาพ Liquid Retina ขนาด 15.3 นิ้ว, ความละเอียด 2880 x 1864 พิกเซลที่ 224 ppi, ความสว่าง 500 นิต","กล้อง FaceTime HD 1080p, ระบบเสียง 6 ลำโพงพร้อมวูฟเฟอร์ตัดแรงสั่นสะเทือน",เล่นวิดีโอนานสูงสุด 18 ชั่วโมง,"MacBook Air 15 นิ้ว, สาย USB-C เป็น MagSafe 3 (2 ม.), อะแดปเตอร์แปลงไฟ USB-C ขนาดกะทัดรัดแบบพอร์ตคู่ 35W",ตัวเรือนอะลูมิเนียมบางเฉียบเพียง 11.5 มม. ทำงานเงียบสนิทไร้พัดลม,54900,"฿54,900",https://store.storeimages.cdn-apple.com/1/as-images.apple.com/is/mba13-silver-select-202402?wid=2560&hei=2560&fmt=jpeg&qlt=95,https://store.storeimages.cdn-apple.com/1/as-images.apple.com/is/mba13-silver-select-202402?wid=2048&hei=2048&fmt=png-alpha,data/images/mac/macbook-air/silver.jpg,data/images/mac/macbook-air/silver/hero.png,https://www.apple.com/th/shop/buy-mac/macbook-air,https://www.apple.com/th/macbook-air/specs/,https://www.apple.com/th/macbook-air/
TH-MACBOOKAIR15-SILVER-24GB512G-6F5A,TH-MACBOOKAIR15-SILVER-24GB512G-6F5A,macbook-air-15,MacBook Air 15 นิ้ว (M3),mac,macbook-air,MacBook Air,MacBook Air 15 นิ้ว (M3) 24GB / 512GB SSD สีเงิน (Silver),silver,เงิน,Silver,#E3E4E5,24GB / 512GB SSD,"15.3""","MagSafe 3, Thunderbolt / USB 4 x 2, ช่องต่อหูฟัง 3.5 มม., Wi-Fi 6E","ชิป M3 พร้อม CPU แบบ 8-core, GPU แบบ 10-core และ Neural Engine แบบ 16-core, หน่วยความจำเริ่มต้นมาตรฐาน 16GB",340.4 x 237.6 x 11.5 มม.,"1,510 กรัม","จอภาพ Liquid Retina ขนาด 15.3 นิ้ว, ความละเอียด 2880 x 1864 พิกเซลที่ 224 ppi, ความสว่าง 500 นิต","กล้อง FaceTime HD 1080p, ระบบเสียง 6 ลำโพงพร้อมวูฟเฟอร์ตัดแรงสั่นสะเทือน",เล่นวิดีโอนานสูงสุด 18 ชั่วโมง,"MacBook Air 15 นิ้ว, สาย USB-C เป็น MagSafe 3 (2 ม.), อะแดปเตอร์แปลงไฟ USB-C ขนาดกะทัดรัดแบบพอร์ตคู่ 35W",ตัวเรือนอะลูมิเนียมบางเฉียบเพียง 11.5 มม. ทำงานเงียบสนิทไร้พัดลม,61900,"฿61,900",https://store.storeimages.cdn-apple.com/1/as-images.apple.com/is/mba13-silver-select-202402?wid=2560&hei=2560&fmt=jpeg&qlt=95,https://store.storeimages.cdn-apple.com/1/as-images.apple.com/is/mba13-silver-select-202402?wid=2048&hei=2048&fmt=png-alpha,data/images/mac/macbook-air/silver.jpg,data/images/mac/macbook-air/silver/hero.png,https://www.apple.com/th/shop/buy-mac/macbook-air,https://www.apple.com/th/macbook-air/specs/,https://www.apple.com/th/macbook-air/
TH-IMAC24M4-BLUE-M48CORE1-BEC3,TH-IMAC24M4-BLUE-M48CORE1-BEC3,imac-24-m4,iMac 24 นิ้ว (M4),mac,imac,iMac,iMac 24 นิ้ว (M4) M4 8-core (16GB / 256GB 2 พอร์ต) สีฟ้า (Blue),blue,ฟ้า,Blue,#3E536B,M4 8-core (16GB / 256GB 2 พอร์ต),"24""","Thunderbolt 4 / USB 4 จำนวน 2 หรือ 4 พอร์ต, Gigabit Ethernet, ช่องต่อหูฟัง 3.5 มม., Wi-Fi 6E, Bluetooth 5.3","ชิป M4 พร้อม CPU แบบ 8-core หรือ 10-core, GPU แบบ 8-core หรือ 10-core และ Neural Engine แบบ 16-core, หน่วยความจำเริ่มต้น 16GB",547 x 461 x 147 มม.,"4,420 กรัม (รุ่น 2 พอร์ต) / 4,440 กรัม (รุ่น 4 พอร์ต)","จอภาพ 4.5K Retina ขนาด 24 นิ้ว, ความละเอียด 4480 x 2520 พิกเซลที่ 218 ppi, ความสว่าง 500 นิต, แสดงผลได้กว่า 1 พันล้านสี, มีตัวเลือกกระจก Nano-texture","กล้อง 12MP Center Stage รองรับ Desk View และวิดีโอ 1080p HD, ระบบเสียง 6 ลำโพงพร้อมระบบตัดเสียงสะท้อนระดับสตูดิโอ",ใช้ไฟกระแสสลับ 100-240V AC ผ่านอะแดปเตอร์แปลงไฟ 143W พร้อมพอร์ต Gigabit Ethernet,"iMac 24 นิ้ว, Magic Keyboard พร้อม Touch ID (ตามรุ่น), Magic Mouse, อะแดปเตอร์แปลงไฟ 143W, สายไฟ (2 ม.), สาย USB-C เป็น USB-C",ดีไซน์บางเฉียบเพียง 11.5 มม. โครงสร้างอะลูมิเนียมชุบผิวหลากสีสันสดใส,44900,"฿44,900",https://store.storeimages.cdn-apple.com/1/as-images.apple.com/is/imac-touch-id-blue-selection-hero-202410?wid=2560&hei=2560&fmt=jpeg&qlt=95,https://store.storeimages.cdn-apple.com/1/as-images.apple.com/is/imac-touch-id-blue-selection-hero-202410?wid=2048&hei=2048&fmt=png-alpha,data/images/mac/imac/blue.jpg,data/images/mac/imac/blue/hero.png,https://www.apple.com/th/shop/buy-mac/imac,https://www.apple.com/th/imac/specs/,https://www.apple.com/th/imac/
TH-IMAC24M4-BLUE-M410CORE-3E23,TH-IMAC24M4-BLUE-M410CORE-3E23,imac-24-m4,iMac 24 นิ้ว (M4),mac,imac,iMac,iMac 24 นิ้ว (M4) M4 10-core (16GB / 256GB 4 พอร์ต) สีฟ้า (Blue),blue,ฟ้า,Blue,#3E536B,M4 10-core (16GB / 256GB 4 พอร์ต),"24""","Thunderbolt 4 / USB 4 จำนวน 2 หรือ 4 พอร์ต, Gigabit Ethernet, ช่องต่อหูฟัง 3.5 มม., Wi-Fi 6E, Bluetooth 5.3","ชิป M4 พร้อม CPU แบบ 8-core หรือ 10-core, GPU แบบ 8-core หรือ 10-core และ Neural Engine แบบ 16-core, หน่วยความจำเริ่มต้น 16GB",547 x 461 x 147 มม.,"4,420 กรัม (รุ่น 2 พอร์ต) / 4,440 กรัม (รุ่น 4 พอร์ต)","จอภาพ 4.5K Retina ขนาด 24 นิ้ว, ความละเอียด 4480 x 2520 พิกเซลที่ 218 ppi, ความสว่าง 500 นิต, แสดงผลได้กว่า 1 พันล้านสี, มีตัวเลือกกระจก Nano-texture","กล้อง 12MP Center Stage รองรับ Desk View และวิดีโอ 1080p HD, ระบบเสียง 6 ลำโพงพร้อมระบบตัดเสียงสะท้อนระดับสตูดิโอ",ใช้ไฟกระแสสลับ 100-240V AC ผ่านอะแดปเตอร์แปลงไฟ 143W พร้อมพอร์ต Gigabit Ethernet,"iMac 24 นิ้ว, Magic Keyboard พร้อม Touch ID (ตามรุ่น), Magic Mouse, อะแดปเตอร์แปลงไฟ 143W, สายไฟ (2 ม.), สาย USB-C เป็น USB-C",ดีไซน์บางเฉียบเพียง 11.5 มม. โครงสร้างอะลูมิเนียมชุบผิวหลากสีสันสดใส,51900,"฿51,900",https://store.storeimages.cdn-apple.com/1/as-images.apple.com/is/imac-touch-id-blue-selection-hero-202410?wid=2560&hei=2560&fmt=jpeg&qlt=95,https://store.storeimages.cdn-apple.com/1/as-images.apple.com/is/imac-touch-id-blue-selection-hero-202410?wid=2048&hei=2048&fmt=png-alpha,data/images/mac/imac/blue.jpg,data/images/mac/imac/blue/hero.png,https://www.apple.com/th/shop/buy-mac/imac,https://www.apple.com/th/imac/specs/,https://www.apple.com/th/imac/
TH-IMAC24M4-BLUE-M410CORE-EBD5,TH-IMAC24M4-BLUE-M410CORE-EBD5,imac-24-m4,iMac 24 นิ้ว (M4),mac,imac,iMac,iMac 24 นิ้ว (M4) M4 10-core (16GB / 512GB 4 พอร์ต) สีฟ้า (Blue),blue,ฟ้า,Blue,#3E536B,M4 10-core (16GB / 512GB 4 พอร์ต),"24""","Thunderbolt 4 / USB 4 จำนวน 2 หรือ 4 พอร์ต, Gigabit Ethernet, ช่องต่อหูฟัง 3.5 มม., Wi-Fi 6E, Bluetooth 5.3","ชิป M4 พร้อม CPU แบบ 8-core หรือ 10-core, GPU แบบ 8-core หรือ 10-core และ Neural Engine แบบ 16-core, หน่วยความจำเริ่มต้น 16GB",547 x 461 x 147 มม.,"4,420 กรัม (รุ่น 2 พอร์ต) / 4,440 กรัม (รุ่น 4 พอร์ต)","จอภาพ 4.5K Retina ขนาด 24 นิ้ว, ความละเอียด 4480 x 2520 พิกเซลที่ 218 ppi, ความสว่าง 500 นิต, แสดงผลได้กว่า 1 พันล้านสี, มีตัวเลือกกระจก Nano-texture","กล้อง 12MP Center Stage รองรับ Desk View และวิดีโอ 1080p HD, ระบบเสียง 6 ลำโพงพร้อมระบบตัดเสียงสะท้อนระดับสตูดิโอ",ใช้ไฟกระแสสลับ 100-240V AC ผ่านอะแดปเตอร์แปลงไฟ 143W พร้อมพอร์ต Gigabit Ethernet,"iMac 24 นิ้ว, Magic Keyboard พร้อม Touch ID (ตามรุ่น), Magic Mouse, อะแดปเตอร์แปลงไฟ 143W, สายไฟ (2 ม.), สาย USB-C เป็น USB-C",ดีไซน์บางเฉียบเพียง 11.5 มม. โครงสร้างอะลูมิเนียมชุบผิวหลากสีสันสดใส,58900,"฿58,900",https://store.storeimages.cdn-apple.com/1/as-images.apple.com/is/imac-touch-id-blue-selection-hero-202410?wid=2560&hei=2560&fmt=jpeg&qlt=95,https://store.storeimages.cdn-apple.com/1/as-images.apple.com/is/imac-touch-id-blue-selection-hero-202410?wid=2048&hei=2048&fmt=png-alpha,data/images/mac/imac/blue.jpg,data/images/mac/imac/blue/hero.png,https://www.apple.com/th/shop/buy-mac/imac,https://www.apple.com/th/imac/specs/,https://www.apple.com/th/imac/
TH-IMAC24M4-BLUE-M410CORE-7258,TH-IMAC24M4-BLUE-M410CORE-7258,imac-24-m4,iMac 24 นิ้ว (M4),mac,imac,iMac,iMac 24 นิ้ว (M4) M4 10-core (24GB / 512GB 4 พอร์ต) สีฟ้า (Blue),blue,ฟ้า,Blue,#3E536B,M4 10-core (24GB / 512GB 4 พอร์ต),"24""","Thunderbolt 4 / USB 4 จำนวน 2 หรือ 4 พอร์ต, Gigabit Ethernet, ช่องต่อหูฟัง 3.5 มม., Wi-Fi 6E, Bluetooth 5.3","ชิป M4 พร้อม CPU แบบ 8-core หรือ 10-core, GPU แบบ 8-core หรือ 10-core และ Neural Engine แบบ 16-core, หน่วยความจำเริ่มต้น 16GB",547 x 461 x 147 มม.,"4,420 กรัม (รุ่น 2 พอร์ต) / 4,440 กรัม (รุ่น 4 พอร์ต)","จอภาพ 4.5K Retina ขนาด 24 นิ้ว, ความละเอียด 4480 x 2520 พิกเซลที่ 218 ppi, ความสว่าง 500 นิต, แสดงผลได้กว่า 1 พันล้านสี, มีตัวเลือกกระจก Nano-texture","กล้อง 12MP Center Stage รองรับ Desk View และวิดีโอ 1080p HD, ระบบเสียง 6 ลำโพงพร้อมระบบตัดเสียงสะท้อนระดับสตูดิโอ",ใช้ไฟกระแสสลับ 100-240V AC ผ่านอะแดปเตอร์แปลงไฟ 143W พร้อมพอร์ต Gigabit Ethernet,"iMac 24 นิ้ว, Magic Keyboard พร้อม Touch ID (ตามรุ่น), Magic Mouse, อะแดปเตอร์แปลงไฟ 143W, สายไฟ (2 ม.), สาย USB-C เป็น USB-C",ดีไซน์บางเฉียบเพียง 11.5 มม. โครงสร้างอะลูมิเนียมชุบผิวหลากสีสันสดใส,65900,"฿65,900",https://store.storeimages.cdn-apple.com/1/as-images.apple.com/is/imac-touch-id-blue-selection-hero-202410?wid=2560&hei=2560&fmt=jpeg&qlt=95,https://store.storeimages.cdn-apple.com/1/as-images.apple.com/is/imac-touch-id-blue-selection-hero-202410?wid=2048&hei=2048&fmt=png-alpha,data/images/mac/imac/blue.jpg,data/images/mac/imac/blue/hero.png,https://www.apple.com/th/shop/buy-mac/imac,https://www.apple.com/th/imac/specs/,https://www.apple.com/th/imac/
TH-IMAC24M4-PURPLE-M48CORE1-0D07,TH-IMAC24M4-PURPLE-M48CORE1-0D07,imac-24-m4,iMac 24 นิ้ว (M4),mac,imac,iMac,iMac 24 นิ้ว (M4) M4 8-core (16GB / 256GB 2 พอร์ต) สีม่วง (Purple),purple,ม่วง,Purple,#D1CDDA,M4 8-core (16GB / 256GB 2 พอร์ต),"24""","Thunderbolt 4 / USB 4 จำนวน 2 หรือ 4 พอร์ต, Gigabit Ethernet, ช่องต่อหูฟัง 3.5 มม., Wi-Fi 6E, Bluetooth 5.3","ชิป M4 พร้อม CPU แบบ 8-core หรือ 10-core, GPU แบบ 8-core หรือ 10-core และ Neural Engine แบบ 16-core, หน่วยความจำเริ่มต้น 16GB",547 x 461 x 147 มม.,"4,420 กรัม (รุ่น 2 พอร์ต) / 4,440 กรัม (รุ่น 4 พอร์ต)","จอภาพ 4.5K Retina ขนาด 24 นิ้ว, ความละเอียด 4480 x 2520 พิกเซลที่ 218 ppi, ความสว่าง 500 นิต, แสดงผลได้กว่า 1 พันล้านสี, มีตัวเลือกกระจก Nano-texture","กล้อง 12MP Center Stage รองรับ Desk View และวิดีโอ 1080p HD, ระบบเสียง 6 ลำโพงพร้อมระบบตัดเสียงสะท้อนระดับสตูดิโอ",ใช้ไฟกระแสสลับ 100-240V AC ผ่านอะแดปเตอร์แปลงไฟ 143W พร้อมพอร์ต Gigabit Ethernet,"iMac 24 นิ้ว, Magic Keyboard พร้อม Touch ID (ตามรุ่น), Magic Mouse, อะแดปเตอร์แปลงไฟ 143W, สายไฟ (2 ม.), สาย USB-C เป็น USB-C",ดีไซน์บางเฉียบเพียง 11.5 มม. โครงสร้างอะลูมิเนียมชุบผิวหลากสีสันสดใส,44900,"฿44,900",https://store.storeimages.cdn-apple.com/1/as-images.apple.com/is/imac-touch-id-purple-selection-hero-202410?wid=2560&hei=2560&fmt=jpeg&qlt=95,https://store.storeimages.cdn-apple.com/1/as-images.apple.com/is/imac-touch-id-purple-selection-hero-202410?wid=2048&hei=2048&fmt=png-alpha,data/images/mac/imac/purple.jpg,data/images/mac/imac/purple/hero.png,https://www.apple.com/th/shop/buy-mac/imac,https://www.apple.com/th/imac/specs/,https://www.apple.com/th/imac/
TH-IMAC24M4-PURPLE-M410CORE-DBD1,TH-IMAC24M4-PURPLE-M410CORE-DBD1,imac-24-m4,iMac 24 นิ้ว (M4),mac,imac,iMac,iMac 24 นิ้ว (M4) M4 10-core (16GB / 256GB 4 พอร์ต) สีม่วง (Purple),purple,ม่วง,Purple,#D1CDDA,M4 10-core (16GB / 256GB 4 พอร์ต),"24""","Thunderbolt 4 / USB 4 จำนวน 2 หรือ 4 พอร์ต, Gigabit Ethernet, ช่องต่อหูฟัง 3.5 มม., Wi-Fi 6E, Bluetooth 5.3","ชิป M4 พร้อม CPU แบบ 8-core หรือ 10-core, GPU แบบ 8-core หรือ 10-core และ Neural Engine แบบ 16-core, หน่วยความจำเริ่มต้น 16GB",547 x 461 x 147 มม.,"4,420 กรัม (รุ่น 2 พอร์ต) / 4,440 กรัม (รุ่น 4 พอร์ต)","จอภาพ 4.5K Retina ขนาด 24 นิ้ว, ความละเอียด 4480 x 2520 พิกเซลที่ 218 ppi, ความสว่าง 500 นิต, แสดงผลได้กว่า 1 พันล้านสี, มีตัวเลือกกระจก Nano-texture","กล้อง 12MP Center Stage รองรับ Desk View และวิดีโอ 1080p HD, ระบบเสียง 6 ลำโพงพร้อมระบบตัดเสียงสะท้อนระดับสตูดิโอ",ใช้ไฟกระแสสลับ 100-240V AC ผ่านอะแดปเตอร์แปลงไฟ 143W พร้อมพอร์ต Gigabit Ethernet,"iMac 24 นิ้ว, Magic Keyboard พร้อม Touch ID (ตามรุ่น), Magic Mouse, อะแดปเตอร์แปลงไฟ 143W, สายไฟ (2 ม.), สาย USB-C เป็น USB-C",ดีไซน์บางเฉียบเพียง 11.5 มม. โครงสร้างอะลูมิเนียมชุบผิวหลากสีสันสดใส,51900,"฿51,900",https://store.storeimages.cdn-apple.com/1/as-images.apple.com/is/imac-touch-id-purple-selection-hero-202410?wid=2560&hei=2560&fmt=jpeg&qlt=95,https://store.storeimages.cdn-apple.com/1/as-images.apple.com/is/imac-touch-id-purple-selection-hero-202410?wid=2048&hei=2048&fmt=png-alpha,data/images/mac/imac/purple.jpg,data/images/mac/imac/purple/hero.png,https://www.apple.com/th/shop/buy-mac/imac,https://www.apple.com/th/imac/specs/,https://www.apple.com/th/imac/
TH-IMAC24M4-PURPLE-M410CORE-D14D,TH-IMAC24M4-PURPLE-M410CORE-D14D,imac-24-m4,iMac 24 นิ้ว (M4),mac,imac,iMac,iMac 24 นิ้ว (M4) M4 10-core (16GB / 512GB 4 พอร์ต) สีม่วง (Purple),purple,ม่วง,Purple,#D1CDDA,M4 10-core (16GB / 512GB 4 พอร์ต),"24""","Thunderbolt 4 / USB 4 จำนวน 2 หรือ 4 พอร์ต, Gigabit Ethernet, ช่องต่อหูฟัง 3.5 มม., Wi-Fi 6E, Bluetooth 5.3","ชิป M4 พร้อม CPU แบบ 8-core หรือ 10-core, GPU แบบ 8-core หรือ 10-core และ Neural Engine แบบ 16-core, หน่วยความจำเริ่มต้น 16GB",547 x 461 x 147 มม.,"4,420 กรัม (รุ่น 2 พอร์ต) / 4,440 กรัม (รุ่น 4 พอร์ต)","จอภาพ 4.5K Retina ขนาด 24 นิ้ว, ความละเอียด 4480 x 2520 พิกเซลที่ 218 ppi, ความสว่าง 500 นิต, แสดงผลได้กว่า 1 พันล้านสี, มีตัวเลือกกระจก Nano-texture","กล้อง 12MP Center Stage รองรับ Desk View และวิดีโอ 1080p HD, ระบบเสียง 6 ลำโพงพร้อมระบบตัดเสียงสะท้อนระดับสตูดิโอ",ใช้ไฟกระแสสลับ 100-240V AC ผ่านอะแดปเตอร์แปลงไฟ 143W พร้อมพอร์ต Gigabit Ethernet,"iMac 24 นิ้ว, Magic Keyboard พร้อม Touch ID (ตามรุ่น), Magic Mouse, อะแดปเตอร์แปลงไฟ 143W, สายไฟ (2 ม.), สาย USB-C เป็น USB-C",ดีไซน์บางเฉียบเพียง 11.5 มม. โครงสร้างอะลูมิเนียมชุบผิวหลากสีสันสดใส,58900,"฿58,900",https://store.storeimages.cdn-apple.com/1/as-images.apple.com/is/imac-touch-id-purple-selection-hero-202410?wid=2560&hei=2560&fmt=jpeg&qlt=95,https://store.storeimages.cdn-apple.com/1/as-images.apple.com/is/imac-touch-id-purple-selection-hero-202410?wid=2048&hei=2048&fmt=png-alpha,data/images/mac/imac/purple.jpg,data/images/mac/imac/purple/hero.png,https://www.apple.com/th/shop/buy-mac/imac,https://www.apple.com/th/imac/specs/,https://www.apple.com/th/imac/
TH-IMAC24M4-PURPLE-M410CORE-55E8,TH-IMAC24M4-PURPLE-M410CORE-55E8,imac-24-m4,iMac 24 นิ้ว (M4),mac,imac,iMac,iMac 24 นิ้ว (M4) M4 10-core (24GB / 512GB 4 พอร์ต) สีม่วง (Purple),purple,ม่วง,Purple,#D1CDDA,M4 10-core (24GB / 512GB 4 พอร์ต),"24""","Thunderbolt 4 / USB 4 จำนวน 2 หรือ 4 พอร์ต, Gigabit Ethernet, ช่องต่อหูฟัง 3.5 มม., Wi-Fi 6E, Bluetooth 5.3","ชิป M4 พร้อม CPU แบบ 8-core หรือ 10-core, GPU แบบ 8-core หรือ 10-core และ Neural Engine แบบ 16-core, หน่วยความจำเริ่มต้น 16GB",547 x 461 x 147 มม.,"4,420 กรัม (รุ่น 2 พอร์ต) / 4,440 กรัม (รุ่น 4 พอร์ต)","จอภาพ 4.5K Retina ขนาด 24 นิ้ว, ความละเอียด 4480 x 2520 พิกเซลที่ 218 ppi, ความสว่าง 500 นิต, แสดงผลได้กว่า 1 พันล้านสี, มีตัวเลือกกระจก Nano-texture","กล้อง 12MP Center Stage รองรับ Desk View และวิดีโอ 1080p HD, ระบบเสียง 6 ลำโพงพร้อมระบบตัดเสียงสะท้อนระดับสตูดิโอ",ใช้ไฟกระแสสลับ 100-240V AC ผ่านอะแดปเตอร์แปลงไฟ 143W พร้อมพอร์ต Gigabit Ethernet,"iMac 24 นิ้ว, Magic Keyboard พร้อม Touch ID (ตามรุ่น), Magic Mouse, อะแดปเตอร์แปลงไฟ 143W, สายไฟ (2 ม.), สาย USB-C เป็น USB-C",ดีไซน์บางเฉียบเพียง 11.5 มม. โครงสร้างอะลูมิเนียมชุบผิวหลากสีสันสดใส,65900,"฿65,900",https://store.storeimages.cdn-apple.com/1/as-images.apple.com/is/imac-touch-id-purple-selection-hero-202410?wid=2560&hei=2560&fmt=jpeg&qlt=95,https://store.storeimages.cdn-apple.com/1/as-images.apple.com/is/imac-touch-id-purple-selection-hero-202410?wid=2048&hei=2048&fmt=png-alpha,data/images/mac/imac/purple.jpg,data/images/mac/imac/purple/hero.png,https://www.apple.com/th/shop/buy-mac/imac,https://www.apple.com/th/imac/specs/,https://www.apple.com/th/imac/
TH-IMAC24M4-PINK-M48CORE1-D859,TH-IMAC24M4-PINK-M48CORE1-D859,imac-24-m4,iMac 24 นิ้ว (M4),mac,imac,iMac,iMac 24 นิ้ว (M4) M4 8-core (16GB / 256GB 2 พอร์ต) สีชมพู (Pink),pink,ชมพู,Pink,#E3A3B1,M4 8-core (16GB / 256GB 2 พอร์ต),"24""","Thunderbolt 4 / USB 4 จำนวน 2 หรือ 4 พอร์ต, Gigabit Ethernet, ช่องต่อหูฟัง 3.5 มม., Wi-Fi 6E, Bluetooth 5.3","ชิป M4 พร้อม CPU แบบ 8-core หรือ 10-core, GPU แบบ 8-core หรือ 10-core และ Neural Engine แบบ 16-core, หน่วยความจำเริ่มต้น 16GB",547 x 461 x 147 มม.,"4,420 กรัม (รุ่น 2 พอร์ต) / 4,440 กรัม (รุ่น 4 พอร์ต)","จอภาพ 4.5K Retina ขนาด 24 นิ้ว, ความละเอียด 4480 x 2520 พิกเซลที่ 218 ppi, ความสว่าง 500 นิต, แสดงผลได้กว่า 1 พันล้านสี, มีตัวเลือกกระจก Nano-texture","กล้อง 12MP Center Stage รองรับ Desk View และวิดีโอ 1080p HD, ระบบเสียง 6 ลำโพงพร้อมระบบตัดเสียงสะท้อนระดับสตูดิโอ",ใช้ไฟกระแสสลับ 100-240V AC ผ่านอะแดปเตอร์แปลงไฟ 143W พร้อมพอร์ต Gigabit Ethernet,"iMac 24 นิ้ว, Magic Keyboard พร้อม Touch ID (ตามรุ่น), Magic Mouse, อะแดปเตอร์แปลงไฟ 143W, สายไฟ (2 ม.), สาย USB-C เป็น USB-C",ดีไซน์บางเฉียบเพียง 11.5 มม. โครงสร้างอะลูมิเนียมชุบผิวหลากสีสันสดใส,44900,"฿44,900",https://store.storeimages.cdn-apple.com/1/as-images.apple.com/is/imac-touch-id-pink-selection-hero-202410?wid=2560&hei=2560&fmt=jpeg&qlt=95,https://store.storeimages.cdn-apple.com/1/as-images.apple.com/is/imac-touch-id-pink-selection-hero-202410?wid=2048&hei=2048&fmt=png-alpha,data/images/mac/imac/pink.jpg,data/images/mac/imac/pink/hero.png,https://www.apple.com/th/shop/buy-mac/imac,https://www.apple.com/th/imac/specs/,https://www.apple.com/th/imac/
TH-IMAC24M4-PINK-M410CORE-2395,TH-IMAC24M4-PINK-M410CORE-2395,imac-24-m4,iMac 24 นิ้ว (M4),mac,imac,iMac,iMac 24 นิ้ว (M4) M4 10-core (16GB / 256GB 4 พอร์ต) สีชมพู (Pink),pink,ชมพู,Pink,#E3A3B1,M4 10-core (16GB / 256GB 4 พอร์ต),"24""","Thunderbolt 4 / USB 4 จำนวน 2 หรือ 4 พอร์ต, Gigabit Ethernet, ช่องต่อหูฟัง 3.5 มม., Wi-Fi 6E, Bluetooth 5.3","ชิป M4 พร้อม CPU แบบ 8-core หรือ 10-core, GPU แบบ 8-core หรือ 10-core และ Neural Engine แบบ 16-core, หน่วยความจำเริ่มต้น 16GB",547 x 461 x 147 มม.,"4,420 กรัม (รุ่น 2 พอร์ต) / 4,440 กรัม (รุ่น 4 พอร์ต)","จอภาพ 4.5K Retina ขนาด 24 นิ้ว, ความละเอียด 4480 x 2520 พิกเซลที่ 218 ppi, ความสว่าง 500 นิต, แสดงผลได้กว่า 1 พันล้านสี, มีตัวเลือกกระจก Nano-texture","กล้อง 12MP Center Stage รองรับ Desk View และวิดีโอ 1080p HD, ระบบเสียง 6 ลำโพงพร้อมระบบตัดเสียงสะท้อนระดับสตูดิโอ",ใช้ไฟกระแสสลับ 100-240V AC ผ่านอะแดปเตอร์แปลงไฟ 143W พร้อมพอร์ต Gigabit Ethernet,"iMac 24 นิ้ว, Magic Keyboard พร้อม Touch ID (ตามรุ่น), Magic Mouse, อะแดปเตอร์แปลงไฟ 143W, สายไฟ (2 ม.), สาย USB-C เป็น USB-C",ดีไซน์บางเฉียบเพียง 11.5 มม. โครงสร้างอะลูมิเนียมชุบผิวหลากสีสันสดใส,51900,"฿51,900",https://store.storeimages.cdn-apple.com/1/as-images.apple.com/is/imac-touch-id-pink-selection-hero-202410?wid=2560&hei=2560&fmt=jpeg&qlt=95,https://store.storeimages.cdn-apple.com/1/as-images.apple.com/is/imac-touch-id-pink-selection-hero-202410?wid=2048&hei=2048&fmt=png-alpha,data/images/mac/imac/pink.jpg,data/images/mac/imac/pink/hero.png,https://www.apple.com/th/shop/buy-mac/imac,https://www.apple.com/th/imac/specs/,https://www.apple.com/th/imac/
TH-IMAC24M4-PINK-M410CORE-2EDF,TH-IMAC24M4-PINK-M410CORE-2EDF,imac-24-m4,iMac 24 นิ้ว (M4),mac,imac,iMac,iMac 24 นิ้ว (M4) M4 10-core (16GB / 512GB 4 พอร์ต) สีชมพู (Pink),pink,ชมพู,Pink,#E3A3B1,M4 10-core (16GB / 512GB 4 พอร์ต),"24""","Thunderbolt 4 / USB 4 จำนวน 2 หรือ 4 พอร์ต, Gigabit Ethernet, ช่องต่อหูฟัง 3.5 มม., Wi-Fi 6E, Bluetooth 5.3","ชิป M4 พร้อม CPU แบบ 8-core หรือ 10-core, GPU แบบ 8-core หรือ 10-core และ Neural Engine แบบ 16-core, หน่วยความจำเริ่มต้น 16GB",547 x 461 x 147 มม.,"4,420 กรัม (รุ่น 2 พอร์ต) / 4,440 กรัม (รุ่น 4 พอร์ต)","จอภาพ 4.5K Retina ขนาด 24 นิ้ว, ความละเอียด 4480 x 2520 พิกเซลที่ 218 ppi, ความสว่าง 500 นิต, แสดงผลได้กว่า 1 พันล้านสี, มีตัวเลือกกระจก Nano-texture","กล้อง 12MP Center Stage รองรับ Desk View และวิดีโอ 1080p HD, ระบบเสียง 6 ลำโพงพร้อมระบบตัดเสียงสะท้อนระดับสตูดิโอ",ใช้ไฟกระแสสลับ 100-240V AC ผ่านอะแดปเตอร์แปลงไฟ 143W พร้อมพอร์ต Gigabit Ethernet,"iMac 24 นิ้ว, Magic Keyboard พร้อม Touch ID (ตามรุ่น), Magic Mouse, อะแดปเตอร์แปลงไฟ 143W, สายไฟ (2 ม.), สาย USB-C เป็น USB-C",ดีไซน์บางเฉียบเพียง 11.5 มม. โครงสร้างอะลูมิเนียมชุบผิวหลากสีสันสดใส,58900,"฿58,900",https://store.storeimages.cdn-apple.com/1/as-images.apple.com/is/imac-touch-id-pink-selection-hero-202410?wid=2560&hei=2560&fmt=jpeg&qlt=95,https://store.storeimages.cdn-apple.com/1/as-images.apple.com/is/imac-touch-id-pink-selection-hero-202410?wid=2048&hei=2048&fmt=png-alpha,data/images/mac/imac/pink.jpg,data/images/mac/imac/pink/hero.png,https://www.apple.com/th/shop/buy-mac/imac,https://www.apple.com/th/imac/specs/,https://www.apple.com/th/imac/
TH-IMAC24M4-PINK-M410CORE-340D,TH-IMAC24M4-PINK-M410CORE-340D,imac-24-m4,iMac 24 นิ้ว (M4),mac,imac,iMac,iMac 24 นิ้ว (M4) M4 10-core (24GB / 512GB 4 พอร์ต) สีชมพู (Pink),pink,ชมพู,Pink,#E3A3B1,M4 10-core (24GB / 512GB 4 พอร์ต),"24""","Thunderbolt 4 / USB 4 จำนวน 2 หรือ 4 พอร์ต, Gigabit Ethernet, ช่องต่อหูฟัง 3.5 มม., Wi-Fi 6E, Bluetooth 5.3","ชิป M4 พร้อม CPU แบบ 8-core หรือ 10-core, GPU แบบ 8-core หรือ 10-core และ Neural Engine แบบ 16-core, หน่วยความจำเริ่มต้น 16GB",547 x 461 x 147 มม.,"4,420 กรัม (รุ่น 2 พอร์ต) / 4,440 กรัม (รุ่น 4 พอร์ต)","จอภาพ 4.5K Retina ขนาด 24 นิ้ว, ความละเอียด 4480 x 2520 พิกเซลที่ 218 ppi, ความสว่าง 500 นิต, แสดงผลได้กว่า 1 พันล้านสี, มีตัวเลือกกระจก Nano-texture","กล้อง 12MP Center Stage รองรับ Desk View และวิดีโอ 1080p HD, ระบบเสียง 6 ลำโพงพร้อมระบบตัดเสียงสะท้อนระดับสตูดิโอ",ใช้ไฟกระแสสลับ 100-240V AC ผ่านอะแดปเตอร์แปลงไฟ 143W พร้อมพอร์ต Gigabit Ethernet,"iMac 24 นิ้ว, Magic Keyboard พร้อม Touch ID (ตามรุ่น), Magic Mouse, อะแดปเตอร์แปลงไฟ 143W, สายไฟ (2 ม.), สาย USB-C เป็น USB-C",ดีไซน์บางเฉียบเพียง 11.5 มม. โครงสร้างอะลูมิเนียมชุบผิวหลากสีสันสดใส,65900,"฿65,900",https://store.storeimages.cdn-apple.com/1/as-images.apple.com/is/imac-touch-id-pink-selection-hero-202410?wid=2560&hei=2560&fmt=jpeg&qlt=95,https://store.storeimages.cdn-apple.com/1/as-images.apple.com/is/imac-touch-id-pink-selection-hero-202410?wid=2048&hei=2048&fmt=png-alpha,data/images/mac/imac/pink.jpg,data/images/mac/imac/pink/hero.png,https://www.apple.com/th/shop/buy-mac/imac,https://www.apple.com/th/imac/specs/,https://www.apple.com/th/imac/
TH-IMAC24M4-ORANGE-M48CORE1-A1D5,TH-IMAC24M4-ORANGE-M48CORE1-A1D5,imac-24-m4,iMac 24 นิ้ว (M4),mac,imac,iMac,iMac 24 นิ้ว (M4) M4 8-core (16GB / 256GB 2 พอร์ต) สีส้ม (Orange),orange,ส้ม,Orange,#E7643E,M4 8-core (16GB / 256GB 2 พอร์ต),"24""","Thunderbolt 4 / USB 4 จำนวน 2 หรือ 4 พอร์ต, Gigabit Ethernet, ช่องต่อหูฟัง 3.5 มม., Wi-Fi 6E, Bluetooth 5.3","ชิป M4 พร้อม CPU แบบ 8-core หรือ 10-core, GPU แบบ 8-core หรือ 10-core และ Neural Engine แบบ 16-core, หน่วยความจำเริ่มต้น 16GB",547 x 461 x 147 มม.,"4,420 กรัม (รุ่น 2 พอร์ต) / 4,440 กรัม (รุ่น 4 พอร์ต)","จอภาพ 4.5K Retina ขนาด 24 นิ้ว, ความละเอียด 4480 x 2520 พิกเซลที่ 218 ppi, ความสว่าง 500 นิต, แสดงผลได้กว่า 1 พันล้านสี, มีตัวเลือกกระจก Nano-texture","กล้อง 12MP Center Stage รองรับ Desk View และวิดีโอ 1080p HD, ระบบเสียง 6 ลำโพงพร้อมระบบตัดเสียงสะท้อนระดับสตูดิโอ",ใช้ไฟกระแสสลับ 100-240V AC ผ่านอะแดปเตอร์แปลงไฟ 143W พร้อมพอร์ต Gigabit Ethernet,"iMac 24 นิ้ว, Magic Keyboard พร้อม Touch ID (ตามรุ่น), Magic Mouse, อะแดปเตอร์แปลงไฟ 143W, สายไฟ (2 ม.), สาย USB-C เป็น USB-C",ดีไซน์บางเฉียบเพียง 11.5 มม. โครงสร้างอะลูมิเนียมชุบผิวหลากสีสันสดใส,44900,"฿44,900",https://store.storeimages.cdn-apple.com/1/as-images.apple.com/is/imac-touch-id-orange-selection-hero-202410?wid=2560&hei=2560&fmt=jpeg&qlt=95,https://store.storeimages.cdn-apple.com/1/as-images.apple.com/is/imac-touch-id-orange-selection-hero-202410?wid=2048&hei=2048&fmt=png-alpha,data/images/mac/imac/orange.jpg,data/images/mac/imac/orange/hero.png,https://www.apple.com/th/shop/buy-mac/imac,https://www.apple.com/th/imac/specs/,https://www.apple.com/th/imac/
TH-IMAC24M4-ORANGE-M410CORE-487A,TH-IMAC24M4-ORANGE-M410CORE-487A,imac-24-m4,iMac 24 นิ้ว (M4),mac,imac,iMac,iMac 24 นิ้ว (M4) M4 10-core (16GB / 256GB 4 พอร์ต) สีส้ม (Orange),orange,ส้ม,Orange,#E7643E,M4 10-core (16GB / 256GB 4 พอร์ต),"24""","Thunderbolt 4 / USB 4 จำนวน 2 หรือ 4 พอร์ต, Gigabit Ethernet, ช่องต่อหูฟัง 3.5 มม., Wi-Fi 6E, Bluetooth 5.3","ชิป M4 พร้อม CPU แบบ 8-core หรือ 10-core, GPU แบบ 8-core หรือ 10-core และ Neural Engine แบบ 16-core, หน่วยความจำเริ่มต้น 16GB",547 x 461 x 147 มม.,"4,420 กรัม (รุ่น 2 พอร์ต) / 4,440 กรัม (รุ่น 4 พอร์ต)","จอภาพ 4.5K Retina ขนาด 24 นิ้ว, ความละเอียด 4480 x 2520 พิกเซลที่ 218 ppi, ความสว่าง 500 นิต, แสดงผลได้กว่า 1 พันล้านสี, มีตัวเลือกกระจก Nano-texture","กล้อง 12MP Center Stage รองรับ Desk View และวิดีโอ 1080p HD, ระบบเสียง 6 ลำโพงพร้อมระบบตัดเสียงสะท้อนระดับสตูดิโอ",ใช้ไฟกระแสสลับ 100-240V AC ผ่านอะแดปเตอร์แปลงไฟ 143W พร้อมพอร์ต Gigabit Ethernet,"iMac 24 นิ้ว, Magic Keyboard พร้อม Touch ID (ตามรุ่น), Magic Mouse, อะแดปเตอร์แปลงไฟ 143W, สายไฟ (2 ม.), สาย USB-C เป็น USB-C",ดีไซน์บางเฉียบเพียง 11.5 มม. โครงสร้างอะลูมิเนียมชุบผิวหลากสีสันสดใส,51900,"฿51,900",https://store.storeimages.cdn-apple.com/1/as-images.apple.com/is/imac-touch-id-orange-selection-hero-202410?wid=2560&hei=2560&fmt=jpeg&qlt=95,https://store.storeimages.cdn-apple.com/1/as-images.apple.com/is/imac-touch-id-orange-selection-hero-202410?wid=2048&hei=2048&fmt=png-alpha,data/images/mac/imac/orange.jpg,data/images/mac/imac/orange/hero.png,https://www.apple.com/th/shop/buy-mac/imac,https://www.apple.com/th/imac/specs/,https://www.apple.com/th/imac/
TH-IMAC24M4-ORANGE-M410CORE-266C,TH-IMAC24M4-ORANGE-M410CORE-266C,imac-24-m4,iMac 24 นิ้ว (M4),mac,imac,iMac,iMac 24 นิ้ว (M4) M4 10-core (16GB / 512GB 4 พอร์ต) สีส้ม (Orange),orange,ส้ม,Orange,#E7643E,M4 10-core (16GB / 512GB 4 พอร์ต),"24""","Thunderbolt 4 / USB 4 จำนวน 2 หรือ 4 พอร์ต, Gigabit Ethernet, ช่องต่อหูฟัง 3.5 มม., Wi-Fi 6E, Bluetooth 5.3","ชิป M4 พร้อม CPU แบบ 8-core หรือ 10-core, GPU แบบ 8-core หรือ 10-core และ Neural Engine แบบ 16-core, หน่วยความจำเริ่มต้น 16GB",547 x 461 x 147 มม.,"4,420 กรัม (รุ่น 2 พอร์ต) / 4,440 กรัม (รุ่น 4 พอร์ต)","จอภาพ 4.5K Retina ขนาด 24 นิ้ว, ความละเอียด 4480 x 2520 พิกเซลที่ 218 ppi, ความสว่าง 500 นิต, แสดงผลได้กว่า 1 พันล้านสี, มีตัวเลือกกระจก Nano-texture","กล้อง 12MP Center Stage รองรับ Desk View และวิดีโอ 1080p HD, ระบบเสียง 6 ลำโพงพร้อมระบบตัดเสียงสะท้อนระดับสตูดิโอ",ใช้ไฟกระแสสลับ 100-240V AC ผ่านอะแดปเตอร์แปลงไฟ 143W พร้อมพอร์ต Gigabit Ethernet,"iMac 24 นิ้ว, Magic Keyboard พร้อม Touch ID (ตามรุ่น), Magic Mouse, อะแดปเตอร์แปลงไฟ 143W, สายไฟ (2 ม.), สาย USB-C เป็น USB-C",ดีไซน์บางเฉียบเพียง 11.5 มม. โครงสร้างอะลูมิเนียมชุบผิวหลากสีสันสดใส,58900,"฿58,900",https://store.storeimages.cdn-apple.com/1/as-images.apple.com/is/imac-touch-id-orange-selection-hero-202410?wid=2560&hei=2560&fmt=jpeg&qlt=95,https://store.storeimages.cdn-apple.com/1/as-images.apple.com/is/imac-touch-id-orange-selection-hero-202410?wid=2048&hei=2048&fmt=png-alpha,data/images/mac/imac/orange.jpg,data/images/mac/imac/orange/hero.png,https://www.apple.com/th/shop/buy-mac/imac,https://www.apple.com/th/imac/specs/,https://www.apple.com/th/imac/
TH-IMAC24M4-ORANGE-M410CORE-A76D,TH-IMAC24M4-ORANGE-M410CORE-A76D,imac-24-m4,iMac 24 นิ้ว (M4),mac,imac,iMac,iMac 24 นิ้ว (M4) M4 10-core (24GB / 512GB 4 พอร์ต) สีส้ม (Orange),orange,ส้ม,Orange,#E7643E,M4 10-core (24GB / 512GB 4 พอร์ต),"24""","Thunderbolt 4 / USB 4 จำนวน 2 หรือ 4 พอร์ต, Gigabit Ethernet, ช่องต่อหูฟัง 3.5 มม., Wi-Fi 6E, Bluetooth 5.3","ชิป M4 พร้อม CPU แบบ 8-core หรือ 10-core, GPU แบบ 8-core หรือ 10-core และ Neural Engine แบบ 16-core, หน่วยความจำเริ่มต้น 16GB",547 x 461 x 147 มม.,"4,420 กรัม (รุ่น 2 พอร์ต) / 4,440 กรัม (รุ่น 4 พอร์ต)","จอภาพ 4.5K Retina ขนาด 24 นิ้ว, ความละเอียด 4480 x 2520 พิกเซลที่ 218 ppi, ความสว่าง 500 นิต, แสดงผลได้กว่า 1 พันล้านสี, มีตัวเลือกกระจก Nano-texture","กล้อง 12MP Center Stage รองรับ Desk View และวิดีโอ 1080p HD, ระบบเสียง 6 ลำโพงพร้อมระบบตัดเสียงสะท้อนระดับสตูดิโอ",ใช้ไฟกระแสสลับ 100-240V AC ผ่านอะแดปเตอร์แปลงไฟ 143W พร้อมพอร์ต Gigabit Ethernet,"iMac 24 นิ้ว, Magic Keyboard พร้อม Touch ID (ตามรุ่น), Magic Mouse, อะแดปเตอร์แปลงไฟ 143W, สายไฟ (2 ม.), สาย USB-C เป็น USB-C",ดีไซน์บางเฉียบเพียง 11.5 มม. โครงสร้างอะลูมิเนียมชุบผิวหลากสีสันสดใส,65900,"฿65,900",https://store.storeimages.cdn-apple.com/1/as-images.apple.com/is/imac-touch-id-orange-selection-hero-202410?wid=2560&hei=2560&fmt=jpeg&qlt=95,https://store.storeimages.cdn-apple.com/1/as-images.apple.com/is/imac-touch-id-orange-selection-hero-202410?wid=2048&hei=2048&fmt=png-alpha,data/images/mac/imac/orange.jpg,data/images/mac/imac/orange/hero.png,https://www.apple.com/th/shop/buy-mac/imac,https://www.apple.com/th/imac/specs/,https://www.apple.com/th/imac/
TH-IMAC24M4-YELLOW-M48CORE1-03F6,TH-IMAC24M4-YELLOW-M48CORE1-03F6,imac-24-m4,iMac 24 นิ้ว (M4),mac,imac,iMac,iMac 24 นิ้ว (M4) M4 8-core (16GB / 256GB 2 พอร์ต) สีเหลือง (Yellow),yellow,เหลือง,Yellow,#FBE27D,M4 8-core (16GB / 256GB 2 พอร์ต),"24""","Thunderbolt 4 / USB 4 จำนวน 2 หรือ 4 พอร์ต, Gigabit Ethernet, ช่องต่อหูฟัง 3.5 มม., Wi-Fi 6E, Bluetooth 5.3","ชิป M4 พร้อม CPU แบบ 8-core หรือ 10-core, GPU แบบ 8-core หรือ 10-core และ Neural Engine แบบ 16-core, หน่วยความจำเริ่มต้น 16GB",547 x 461 x 147 มม.,"4,420 กรัม (รุ่น 2 พอร์ต) / 4,440 กรัม (รุ่น 4 พอร์ต)","จอภาพ 4.5K Retina ขนาด 24 นิ้ว, ความละเอียด 4480 x 2520 พิกเซลที่ 218 ppi, ความสว่าง 500 นิต, แสดงผลได้กว่า 1 พันล้านสี, มีตัวเลือกกระจก Nano-texture","กล้อง 12MP Center Stage รองรับ Desk View และวิดีโอ 1080p HD, ระบบเสียง 6 ลำโพงพร้อมระบบตัดเสียงสะท้อนระดับสตูดิโอ",ใช้ไฟกระแสสลับ 100-240V AC ผ่านอะแดปเตอร์แปลงไฟ 143W พร้อมพอร์ต Gigabit Ethernet,"iMac 24 นิ้ว, Magic Keyboard พร้อม Touch ID (ตามรุ่น), Magic Mouse, อะแดปเตอร์แปลงไฟ 143W, สายไฟ (2 ม.), สาย USB-C เป็น USB-C",ดีไซน์บางเฉียบเพียง 11.5 มม. โครงสร้างอะลูมิเนียมชุบผิวหลากสีสันสดใส,44900,"฿44,900",https://store.storeimages.cdn-apple.com/1/as-images.apple.com/is/imac-vesa-yellow-selection-hero-202410?wid=2560&hei=2560&fmt=jpeg&qlt=95,https://store.storeimages.cdn-apple.com/1/as-images.apple.com/is/imac-vesa-yellow-selection-hero-202410?wid=2048&hei=2048&fmt=png-alpha,data/images/mac/imac/yellow.jpg,data/images/mac/imac/yellow/hero.png,https://www.apple.com/th/shop/buy-mac/imac,https://www.apple.com/th/imac/specs/,https://www.apple.com/th/imac/
TH-IMAC24M4-YELLOW-M410CORE-AC62,TH-IMAC24M4-YELLOW-M410CORE-AC62,imac-24-m4,iMac 24 นิ้ว (M4),mac,imac,iMac,iMac 24 นิ้ว (M4) M4 10-core (16GB / 256GB 4 พอร์ต) สีเหลือง (Yellow),yellow,เหลือง,Yellow,#FBE27D,M4 10-core (16GB / 256GB 4 พอร์ต),"24""","Thunderbolt 4 / USB 4 จำนวน 2 หรือ 4 พอร์ต, Gigabit Ethernet, ช่องต่อหูฟัง 3.5 มม., Wi-Fi 6E, Bluetooth 5.3","ชิป M4 พร้อม CPU แบบ 8-core หรือ 10-core, GPU แบบ 8-core หรือ 10-core และ Neural Engine แบบ 16-core, หน่วยความจำเริ่มต้น 16GB",547 x 461 x 147 มม.,"4,420 กรัม (รุ่น 2 พอร์ต) / 4,440 กรัม (รุ่น 4 พอร์ต)","จอภาพ 4.5K Retina ขนาด 24 นิ้ว, ความละเอียด 4480 x 2520 พิกเซลที่ 218 ppi, ความสว่าง 500 นิต, แสดงผลได้กว่า 1 พันล้านสี, มีตัวเลือกกระจก Nano-texture","กล้อง 12MP Center Stage รองรับ Desk View และวิดีโอ 1080p HD, ระบบเสียง 6 ลำโพงพร้อมระบบตัดเสียงสะท้อนระดับสตูดิโอ",ใช้ไฟกระแสสลับ 100-240V AC ผ่านอะแดปเตอร์แปลงไฟ 143W พร้อมพอร์ต Gigabit Ethernet,"iMac 24 นิ้ว, Magic Keyboard พร้อม Touch ID (ตามรุ่น), Magic Mouse, อะแดปเตอร์แปลงไฟ 143W, สายไฟ (2 ม.), สาย USB-C เป็น USB-C",ดีไซน์บางเฉียบเพียง 11.5 มม. โครงสร้างอะลูมิเนียมชุบผิวหลากสีสันสดใส,51900,"฿51,900",https://store.storeimages.cdn-apple.com/1/as-images.apple.com/is/imac-vesa-yellow-selection-hero-202410?wid=2560&hei=2560&fmt=jpeg&qlt=95,https://store.storeimages.cdn-apple.com/1/as-images.apple.com/is/imac-vesa-yellow-selection-hero-202410?wid=2048&hei=2048&fmt=png-alpha,data/images/mac/imac/yellow.jpg,data/images/mac/imac/yellow/hero.png,https://www.apple.com/th/shop/buy-mac/imac,https://www.apple.com/th/imac/specs/,https://www.apple.com/th/imac/
TH-IMAC24M4-YELLOW-M410CORE-7D3A,TH-IMAC24M4-YELLOW-M410CORE-7D3A,imac-24-m4,iMac 24 นิ้ว (M4),mac,imac,iMac,iMac 24 นิ้ว (M4) M4 10-core (16GB / 512GB 4 พอร์ต) สีเหลือง (Yellow),yellow,เหลือง,Yellow,#FBE27D,M4 10-core (16GB / 512GB 4 พอร์ต),"24""","Thunderbolt 4 / USB 4 จำนวน 2 หรือ 4 พอร์ต, Gigabit Ethernet, ช่องต่อหูฟัง 3.5 มม., Wi-Fi 6E, Bluetooth 5.3","ชิป M4 พร้อม CPU แบบ 8-core หรือ 10-core, GPU แบบ 8-core หรือ 10-core และ Neural Engine แบบ 16-core, หน่วยความจำเริ่มต้น 16GB",547 x 461 x 147 มม.,"4,420 กรัม (รุ่น 2 พอร์ต) / 4,440 กรัม (รุ่น 4 พอร์ต)","จอภาพ 4.5K Retina ขนาด 24 นิ้ว, ความละเอียด 4480 x 2520 พิกเซลที่ 218 ppi, ความสว่าง 500 นิต, แสดงผลได้กว่า 1 พันล้านสี, มีตัวเลือกกระจก Nano-texture","กล้อง 12MP Center Stage รองรับ Desk View และวิดีโอ 1080p HD, ระบบเสียง 6 ลำโพงพร้อมระบบตัดเสียงสะท้อนระดับสตูดิโอ",ใช้ไฟกระแสสลับ 100-240V AC ผ่านอะแดปเตอร์แปลงไฟ 143W พร้อมพอร์ต Gigabit Ethernet,"iMac 24 นิ้ว, Magic Keyboard พร้อม Touch ID (ตามรุ่น), Magic Mouse, อะแดปเตอร์แปลงไฟ 143W, สายไฟ (2 ม.), สาย USB-C เป็น USB-C",ดีไซน์บางเฉียบเพียง 11.5 มม. โครงสร้างอะลูมิเนียมชุบผิวหลากสีสันสดใส,58900,"฿58,900",https://store.storeimages.cdn-apple.com/1/as-images.apple.com/is/imac-vesa-yellow-selection-hero-202410?wid=2560&hei=2560&fmt=jpeg&qlt=95,https://store.storeimages.cdn-apple.com/1/as-images.apple.com/is/imac-vesa-yellow-selection-hero-202410?wid=2048&hei=2048&fmt=png-alpha,data/images/mac/imac/yellow.jpg,data/images/mac/imac/yellow/hero.png,https://www.apple.com/th/shop/buy-mac/imac,https://www.apple.com/th/imac/specs/,https://www.apple.com/th/imac/
TH-IMAC24M4-YELLOW-M410CORE-D01D,TH-IMAC24M4-YELLOW-M410CORE-D01D,imac-24-m4,iMac 24 นิ้ว (M4),mac,imac,iMac,iMac 24 นิ้ว (M4) M4 10-core (24GB / 512GB 4 พอร์ต) สีเหลือง (Yellow),yellow,เหลือง,Yellow,#FBE27D,M4 10-core (24GB / 512GB 4 พอร์ต),"24""","Thunderbolt 4 / USB 4 จำนวน 2 หรือ 4 พอร์ต, Gigabit Ethernet, ช่องต่อหูฟัง 3.5 มม., Wi-Fi 6E, Bluetooth 5.3","ชิป M4 พร้อม CPU แบบ 8-core หรือ 10-core, GPU แบบ 8-core หรือ 10-core และ Neural Engine แบบ 16-core, หน่วยความจำเริ่มต้น 16GB",547 x 461 x 147 มม.,"4,420 กรัม (รุ่น 2 พอร์ต) / 4,440 กรัม (รุ่น 4 พอร์ต)","จอภาพ 4.5K Retina ขนาด 24 นิ้ว, ความละเอียด 4480 x 2520 พิกเซลที่ 218 ppi, ความสว่าง 500 นิต, แสดงผลได้กว่า 1 พันล้านสี, มีตัวเลือกกระจก Nano-texture","กล้อง 12MP Center Stage รองรับ Desk View และวิดีโอ 1080p HD, ระบบเสียง 6 ลำโพงพร้อมระบบตัดเสียงสะท้อนระดับสตูดิโอ",ใช้ไฟกระแสสลับ 100-240V AC ผ่านอะแดปเตอร์แปลงไฟ 143W พร้อมพอร์ต Gigabit Ethernet,"iMac 24 นิ้ว, Magic Keyboard พร้อม Touch ID (ตามรุ่น), Magic Mouse, อะแดปเตอร์แปลงไฟ 143W, สายไฟ (2 ม.), สาย USB-C เป็น USB-C",ดีไซน์บางเฉียบเพียง 11.5 มม. โครงสร้างอะลูมิเนียมชุบผิวหลากสีสันสดใส,65900,"฿65,900",https://store.storeimages.cdn-apple.com/1/as-images.apple.com/is/imac-vesa-yellow-selection-hero-202410?wid=2560&hei=2560&fmt=jpeg&qlt=95,https://store.storeimages.cdn-apple.com/1/as-images.apple.com/is/imac-vesa-yellow-selection-hero-202410?wid=2048&hei=2048&fmt=png-alpha,data/images/mac/imac/yellow.jpg,data/images/mac/imac/yellow/hero.png,https://www.apple.com/th/shop/buy-mac/imac,https://www.apple.com/th/imac/specs/,https://www.apple.com/th/imac/
TH-IMAC24M4-GREEN-M48CORE1-3F95,TH-IMAC24M4-GREEN-M48CORE1-3F95,imac-24-m4,iMac 24 นิ้ว (M4),mac,imac,iMac,iMac 24 นิ้ว (M4) M4 8-core (16GB / 256GB 2 พอร์ต) สีเขียว (Green),green,เขียว,Green,#43594B,M4 8-core (16GB / 256GB 2 พอร์ต),"24""","Thunderbolt 4 / USB 4 จำนวน 2 หรือ 4 พอร์ต, Gigabit Ethernet, ช่องต่อหูฟัง 3.5 มม., Wi-Fi 6E, Bluetooth 5.3","ชิป M4 พร้อม CPU แบบ 8-core หรือ 10-core, GPU แบบ 8-core หรือ 10-core และ Neural Engine แบบ 16-core, หน่วยความจำเริ่มต้น 16GB",547 x 461 x 147 มม.,"4,420 กรัม (รุ่น 2 พอร์ต) / 4,440 กรัม (รุ่น 4 พอร์ต)","จอภาพ 4.5K Retina ขนาด 24 นิ้ว, ความละเอียด 4480 x 2520 พิกเซลที่ 218 ppi, ความสว่าง 500 นิต, แสดงผลได้กว่า 1 พันล้านสี, มีตัวเลือกกระจก Nano-texture","กล้อง 12MP Center Stage รองรับ Desk View และวิดีโอ 1080p HD, ระบบเสียง 6 ลำโพงพร้อมระบบตัดเสียงสะท้อนระดับสตูดิโอ",ใช้ไฟกระแสสลับ 100-240V AC ผ่านอะแดปเตอร์แปลงไฟ 143W พร้อมพอร์ต Gigabit Ethernet,"iMac 24 นิ้ว, Magic Keyboard พร้อม Touch ID (ตามรุ่น), Magic Mouse, อะแดปเตอร์แปลงไฟ 143W, สายไฟ (2 ม.), สาย USB-C เป็น USB-C",ดีไซน์บางเฉียบเพียง 11.5 มม. โครงสร้างอะลูมิเนียมชุบผิวหลากสีสันสดใส,44900,"฿44,900",https://store.storeimages.cdn-apple.com/1/as-images.apple.com/is/imac-vesa-green-selection-hero-202410?wid=2560&hei=2560&fmt=jpeg&qlt=95,https://store.storeimages.cdn-apple.com/1/as-images.apple.com/is/imac-vesa-green-selection-hero-202410?wid=2048&hei=2048&fmt=png-alpha,data/images/mac/imac/green.jpg,data/images/mac/imac/green/hero.png,https://www.apple.com/th/shop/buy-mac/imac,https://www.apple.com/th/imac/specs/,https://www.apple.com/th/imac/
TH-IMAC24M4-GREEN-M410CORE-B73C,TH-IMAC24M4-GREEN-M410CORE-B73C,imac-24-m4,iMac 24 นิ้ว (M4),mac,imac,iMac,iMac 24 นิ้ว (M4) M4 10-core (16GB / 256GB 4 พอร์ต) สีเขียว (Green),green,เขียว,Green,#43594B,M4 10-core (16GB / 256GB 4 พอร์ต),"24""","Thunderbolt 4 / USB 4 จำนวน 2 หรือ 4 พอร์ต, Gigabit Ethernet, ช่องต่อหูฟัง 3.5 มม., Wi-Fi 6E, Bluetooth 5.3","ชิป M4 พร้อม CPU แบบ 8-core หรือ 10-core, GPU แบบ 8-core หรือ 10-core และ Neural Engine แบบ 16-core, หน่วยความจำเริ่มต้น 16GB",547 x 461 x 147 มม.,"4,420 กรัม (รุ่น 2 พอร์ต) / 4,440 กรัม (รุ่น 4 พอร์ต)","จอภาพ 4.5K Retina ขนาด 24 นิ้ว, ความละเอียด 4480 x 2520 พิกเซลที่ 218 ppi, ความสว่าง 500 นิต, แสดงผลได้กว่า 1 พันล้านสี, มีตัวเลือกกระจก Nano-texture","กล้อง 12MP Center Stage รองรับ Desk View และวิดีโอ 1080p HD, ระบบเสียง 6 ลำโพงพร้อมระบบตัดเสียงสะท้อนระดับสตูดิโอ",ใช้ไฟกระแสสลับ 100-240V AC ผ่านอะแดปเตอร์แปลงไฟ 143W พร้อมพอร์ต Gigabit Ethernet,"iMac 24 นิ้ว, Magic Keyboard พร้อม Touch ID (ตามรุ่น), Magic Mouse, อะแดปเตอร์แปลงไฟ 143W, สายไฟ (2 ม.), สาย USB-C เป็น USB-C",ดีไซน์บางเฉียบเพียง 11.5 มม. โครงสร้างอะลูมิเนียมชุบผิวหลากสีสันสดใส,51900,"฿51,900",https://store.storeimages.cdn-apple.com/1/as-images.apple.com/is/imac-vesa-green-selection-hero-202410?wid=2560&hei=2560&fmt=jpeg&qlt=95,https://store.storeimages.cdn-apple.com/1/as-images.apple.com/is/imac-vesa-green-selection-hero-202410?wid=2048&hei=2048&fmt=png-alpha,data/images/mac/imac/green.jpg,data/images/mac/imac/green/hero.png,https://www.apple.com/th/shop/buy-mac/imac,https://www.apple.com/th/imac/specs/,https://www.apple.com/th/imac/
TH-IMAC24M4-GREEN-M410CORE-53EF,TH-IMAC24M4-GREEN-M410CORE-53EF,imac-24-m4,iMac 24 นิ้ว (M4),mac,imac,iMac,iMac 24 นิ้ว (M4) M4 10-core (16GB / 512GB 4 พอร์ต) สีเขียว (Green),green,เขียว,Green,#43594B,M4 10-core (16GB / 512GB 4 พอร์ต),"24""","Thunderbolt 4 / USB 4 จำนวน 2 หรือ 4 พอร์ต, Gigabit Ethernet, ช่องต่อหูฟัง 3.5 มม., Wi-Fi 6E, Bluetooth 5.3","ชิป M4 พร้อม CPU แบบ 8-core หรือ 10-core, GPU แบบ 8-core หรือ 10-core และ Neural Engine แบบ 16-core, หน่วยความจำเริ่มต้น 16GB",547 x 461 x 147 มม.,"4,420 กรัม (รุ่น 2 พอร์ต) / 4,440 กรัม (รุ่น 4 พอร์ต)","จอภาพ 4.5K Retina ขนาด 24 นิ้ว, ความละเอียด 4480 x 2520 พิกเซลที่ 218 ppi, ความสว่าง 500 นิต, แสดงผลได้กว่า 1 พันล้านสี, มีตัวเลือกกระจก Nano-texture","กล้อง 12MP Center Stage รองรับ Desk View และวิดีโอ 1080p HD, ระบบเสียง 6 ลำโพงพร้อมระบบตัดเสียงสะท้อนระดับสตูดิโอ",ใช้ไฟกระแสสลับ 100-240V AC ผ่านอะแดปเตอร์แปลงไฟ 143W พร้อมพอร์ต Gigabit Ethernet,"iMac 24 นิ้ว, Magic Keyboard พร้อม Touch ID (ตามรุ่น), Magic Mouse, อะแดปเตอร์แปลงไฟ 143W, สายไฟ (2 ม.), สาย USB-C เป็น USB-C",ดีไซน์บางเฉียบเพียง 11.5 มม. โครงสร้างอะลูมิเนียมชุบผิวหลากสีสันสดใส,58900,"฿58,900",https://store.storeimages.cdn-apple.com/1/as-images.apple.com/is/imac-vesa-green-selection-hero-202410?wid=2560&hei=2560&fmt=jpeg&qlt=95,https://store.storeimages.cdn-apple.com/1/as-images.apple.com/is/imac-vesa-green-selection-hero-202410?wid=2048&hei=2048&fmt=png-alpha,data/images/mac/imac/green.jpg,data/images/mac/imac/green/hero.png,https://www.apple.com/th/shop/buy-mac/imac,https://www.apple.com/th/imac/specs/,https://www.apple.com/th/imac/
TH-IMAC24M4-GREEN-M410CORE-8A65,TH-IMAC24M4-GREEN-M410CORE-8A65,imac-24-m4,iMac 24 นิ้ว (M4),mac,imac,iMac,iMac 24 นิ้ว (M4) M4 10-core (24GB / 512GB 4 พอร์ต) สีเขียว (Green),green,เขียว,Green,#43594B,M4 10-core (24GB / 512GB 4 พอร์ต),"24""","Thunderbolt 4 / USB 4 จำนวน 2 หรือ 4 พอร์ต, Gigabit Ethernet, ช่องต่อหูฟัง 3.5 มม., Wi-Fi 6E, Bluetooth 5.3","ชิป M4 พร้อม CPU แบบ 8-core หรือ 10-core, GPU แบบ 8-core หรือ 10-core และ Neural Engine แบบ 16-core, หน่วยความจำเริ่มต้น 16GB",547 x 461 x 147 มม.,"4,420 กรัม (รุ่น 2 พอร์ต) / 4,440 กรัม (รุ่น 4 พอร์ต)","จอภาพ 4.5K Retina ขนาด 24 นิ้ว, ความละเอียด 4480 x 2520 พิกเซลที่ 218 ppi, ความสว่าง 500 นิต, แสดงผลได้กว่า 1 พันล้านสี, มีตัวเลือกกระจก Nano-texture","กล้อง 12MP Center Stage รองรับ Desk View และวิดีโอ 1080p HD, ระบบเสียง 6 ลำโพงพร้อมระบบตัดเสียงสะท้อนระดับสตูดิโอ",ใช้ไฟกระแสสลับ 100-240V AC ผ่านอะแดปเตอร์แปลงไฟ 143W พร้อมพอร์ต Gigabit Ethernet,"iMac 24 นิ้ว, Magic Keyboard พร้อม Touch ID (ตามรุ่น), Magic Mouse, อะแดปเตอร์แปลงไฟ 143W, สายไฟ (2 ม.), สาย USB-C เป็น USB-C",ดีไซน์บางเฉียบเพียง 11.5 มม. โครงสร้างอะลูมิเนียมชุบผิวหลากสีสันสดใส,65900,"฿65,900",https://store.storeimages.cdn-apple.com/1/as-images.apple.com/is/imac-vesa-green-selection-hero-202410?wid=2560&hei=2560&fmt=jpeg&qlt=95,https://store.storeimages.cdn-apple.com/1/as-images.apple.com/is/imac-vesa-green-selection-hero-202410?wid=2048&hei=2048&fmt=png-alpha,data/images/mac/imac/green.jpg,data/images/mac/imac/green/hero.png,https://www.apple.com/th/shop/buy-mac/imac,https://www.apple.com/th/imac/specs/,https://www.apple.com/th/imac/
TH-IMAC24M4-SILVER-M48CORE1-2919,TH-IMAC24M4-SILVER-M48CORE1-2919,imac-24-m4,iMac 24 นิ้ว (M4),mac,imac,iMac,iMac 24 นิ้ว (M4) M4 8-core (16GB / 256GB 2 พอร์ต) สีเงิน (Silver),silver,เงิน,Silver,#E3E4E5,M4 8-core (16GB / 256GB 2 พอร์ต),"24""","Thunderbolt 4 / USB 4 จำนวน 2 หรือ 4 พอร์ต, Gigabit Ethernet, ช่องต่อหูฟัง 3.5 มม., Wi-Fi 6E, Bluetooth 5.3","ชิป M4 พร้อม CPU แบบ 8-core หรือ 10-core, GPU แบบ 8-core หรือ 10-core และ Neural Engine แบบ 16-core, หน่วยความจำเริ่มต้น 16GB",547 x 461 x 147 มม.,"4,420 กรัม (รุ่น 2 พอร์ต) / 4,440 กรัม (รุ่น 4 พอร์ต)","จอภาพ 4.5K Retina ขนาด 24 นิ้ว, ความละเอียด 4480 x 2520 พิกเซลที่ 218 ppi, ความสว่าง 500 นิต, แสดงผลได้กว่า 1 พันล้านสี, มีตัวเลือกกระจก Nano-texture","กล้อง 12MP Center Stage รองรับ Desk View และวิดีโอ 1080p HD, ระบบเสียง 6 ลำโพงพร้อมระบบตัดเสียงสะท้อนระดับสตูดิโอ",ใช้ไฟกระแสสลับ 100-240V AC ผ่านอะแดปเตอร์แปลงไฟ 143W พร้อมพอร์ต Gigabit Ethernet,"iMac 24 นิ้ว, Magic Keyboard พร้อม Touch ID (ตามรุ่น), Magic Mouse, อะแดปเตอร์แปลงไฟ 143W, สายไฟ (2 ม.), สาย USB-C เป็น USB-C",ดีไซน์บางเฉียบเพียง 11.5 มม. โครงสร้างอะลูมิเนียมชุบผิวหลากสีสันสดใส,44900,"฿44,900",https://store.storeimages.cdn-apple.com/1/as-images.apple.com/is/imac-vesa-silver-selection-hero-202410?wid=2560&hei=2560&fmt=jpeg&qlt=95,https://store.storeimages.cdn-apple.com/1/as-images.apple.com/is/imac-vesa-silver-selection-hero-202410?wid=2048&hei=2048&fmt=png-alpha,data/images/mac/imac/silver.jpg,data/images/mac/imac/silver/hero.png,https://www.apple.com/th/shop/buy-mac/imac,https://www.apple.com/th/imac/specs/,https://www.apple.com/th/imac/
TH-IMAC24M4-SILVER-M410CORE-3CF9,TH-IMAC24M4-SILVER-M410CORE-3CF9,imac-24-m4,iMac 24 นิ้ว (M4),mac,imac,iMac,iMac 24 นิ้ว (M4) M4 10-core (16GB / 256GB 4 พอร์ต) สีเงิน (Silver),silver,เงิน,Silver,#E3E4E5,M4 10-core (16GB / 256GB 4 พอร์ต),"24""","Thunderbolt 4 / USB 4 จำนวน 2 หรือ 4 พอร์ต, Gigabit Ethernet, ช่องต่อหูฟัง 3.5 มม., Wi-Fi 6E, Bluetooth 5.3","ชิป M4 พร้อม CPU แบบ 8-core หรือ 10-core, GPU แบบ 8-core หรือ 10-core และ Neural Engine แบบ 16-core, หน่วยความจำเริ่มต้น 16GB",547 x 461 x 147 มม.,"4,420 กรัม (รุ่น 2 พอร์ต) / 4,440 กรัม (รุ่น 4 พอร์ต)","จอภาพ 4.5K Retina ขนาด 24 นิ้ว, ความละเอียด 4480 x 2520 พิกเซลที่ 218 ppi, ความสว่าง 500 นิต, แสดงผลได้กว่า 1 พันล้านสี, มีตัวเลือกกระจก Nano-texture","กล้อง 12MP Center Stage รองรับ Desk View และวิดีโอ 1080p HD, ระบบเสียง 6 ลำโพงพร้อมระบบตัดเสียงสะท้อนระดับสตูดิโอ",ใช้ไฟกระแสสลับ 100-240V AC ผ่านอะแดปเตอร์แปลงไฟ 143W พร้อมพอร์ต Gigabit Ethernet,"iMac 24 นิ้ว, Magic Keyboard พร้อม Touch ID (ตามรุ่น), Magic Mouse, อะแดปเตอร์แปลงไฟ 143W, สายไฟ (2 ม.), สาย USB-C เป็น USB-C",ดีไซน์บางเฉียบเพียง 11.5 มม. โครงสร้างอะลูมิเนียมชุบผิวหลากสีสันสดใส,51900,"฿51,900",https://store.storeimages.cdn-apple.com/1/as-images.apple.com/is/imac-vesa-silver-selection-hero-202410?wid=2560&hei=2560&fmt=jpeg&qlt=95,https://store.storeimages.cdn-apple.com/1/as-images.apple.com/is/imac-vesa-silver-selection-hero-202410?wid=2048&hei=2048&fmt=png-alpha,data/images/mac/imac/silver.jpg,data/images/mac/imac/silver/hero.png,https://www.apple.com/th/shop/buy-mac/imac,https://www.apple.com/th/imac/specs/,https://www.apple.com/th/imac/
TH-IMAC24M4-SILVER-M410CORE-2F7D,TH-IMAC24M4-SILVER-M410CORE-2F7D,imac-24-m4,iMac 24 นิ้ว (M4),mac,imac,iMac,iMac 24 นิ้ว (M4) M4 10-core (16GB / 512GB 4 พอร์ต) สีเงิน (Silver),silver,เงิน,Silver,#E3E4E5,M4 10-core (16GB / 512GB 4 พอร์ต),"24""","Thunderbolt 4 / USB 4 จำนวน 2 หรือ 4 พอร์ต, Gigabit Ethernet, ช่องต่อหูฟัง 3.5 มม., Wi-Fi 6E, Bluetooth 5.3","ชิป M4 พร้อม CPU แบบ 8-core หรือ 10-core, GPU แบบ 8-core หรือ 10-core และ Neural Engine แบบ 16-core, หน่วยความจำเริ่มต้น 16GB",547 x 461 x 147 มม.,"4,420 กรัม (รุ่น 2 พอร์ต) / 4,440 กรัม (รุ่น 4 พอร์ต)","จอภาพ 4.5K Retina ขนาด 24 นิ้ว, ความละเอียด 4480 x 2520 พิกเซลที่ 218 ppi, ความสว่าง 500 นิต, แสดงผลได้กว่า 1 พันล้านสี, มีตัวเลือกกระจก Nano-texture","กล้อง 12MP Center Stage รองรับ Desk View และวิดีโอ 1080p HD, ระบบเสียง 6 ลำโพงพร้อมระบบตัดเสียงสะท้อนระดับสตูดิโอ",ใช้ไฟกระแสสลับ 100-240V AC ผ่านอะแดปเตอร์แปลงไฟ 143W พร้อมพอร์ต Gigabit Ethernet,"iMac 24 นิ้ว, Magic Keyboard พร้อม Touch ID (ตามรุ่น), Magic Mouse, อะแดปเตอร์แปลงไฟ 143W, สายไฟ (2 ม.), สาย USB-C เป็น USB-C",ดีไซน์บางเฉียบเพียง 11.5 มม. โครงสร้างอะลูมิเนียมชุบผิวหลากสีสันสดใส,58900,"฿58,900",https://store.storeimages.cdn-apple.com/1/as-images.apple.com/is/imac-vesa-silver-selection-hero-202410?wid=2560&hei=2560&fmt=jpeg&qlt=95,https://store.storeimages.cdn-apple.com/1/as-images.apple.com/is/imac-vesa-silver-selection-hero-202410?wid=2048&hei=2048&fmt=png-alpha,data/images/mac/imac/silver.jpg,data/images/mac/imac/silver/hero.png,https://www.apple.com/th/shop/buy-mac/imac,https://www.apple.com/th/imac/specs/,https://www.apple.com/th/imac/
TH-IMAC24M4-SILVER-M410CORE-5086,TH-IMAC24M4-SILVER-M410CORE-5086,imac-24-m4,iMac 24 นิ้ว (M4),mac,imac,iMac,iMac 24 นิ้ว (M4) M4 10-core (24GB / 512GB 4 พอร์ต) สีเงิน (Silver),silver,เงิน,Silver,#E3E4E5,M4 10-core (24GB / 512GB 4 พอร์ต),"24""","Thunderbolt 4 / USB 4 จำนวน 2 หรือ 4 พอร์ต, Gigabit Ethernet, ช่องต่อหูฟัง 3.5 มม., Wi-Fi 6E, Bluetooth 5.3","ชิป M4 พร้อม CPU แบบ 8-core หรือ 10-core, GPU แบบ 8-core หรือ 10-core และ Neural Engine แบบ 16-core, หน่วยความจำเริ่มต้น 16GB",547 x 461 x 147 มม.,"4,420 กรัม (รุ่น 2 พอร์ต) / 4,440 กรัม (รุ่น 4 พอร์ต)","จอภาพ 4.5K Retina ขนาด 24 นิ้ว, ความละเอียด 4480 x 2520 พิกเซลที่ 218 ppi, ความสว่าง 500 นิต, แสดงผลได้กว่า 1 พันล้านสี, มีตัวเลือกกระจก Nano-texture","กล้อง 12MP Center Stage รองรับ Desk View และวิดีโอ 1080p HD, ระบบเสียง 6 ลำโพงพร้อมระบบตัดเสียงสะท้อนระดับสตูดิโอ",ใช้ไฟกระแสสลับ 100-240V AC ผ่านอะแดปเตอร์แปลงไฟ 143W พร้อมพอร์ต Gigabit Ethernet,"iMac 24 นิ้ว, Magic Keyboard พร้อม Touch ID (ตามรุ่น), Magic Mouse, อะแดปเตอร์แปลงไฟ 143W, สายไฟ (2 ม.), สาย USB-C เป็น USB-C",ดีไซน์บางเฉียบเพียง 11.5 มม. โครงสร้างอะลูมิเนียมชุบผิวหลากสีสันสดใส,65900,"฿65,900",https://store.storeimages.cdn-apple.com/1/as-images.apple.com/is/imac-vesa-silver-selection-hero-202410?wid=2560&hei=2560&fmt=jpeg&qlt=95,https://store.storeimages.cdn-apple.com/1/as-images.apple.com/is/imac-vesa-silver-selection-hero-202410?wid=2048&hei=2048&fmt=png-alpha,data/images/mac/imac/silver.jpg,data/images/mac/imac/silver/hero.png,https://www.apple.com/th/shop/buy-mac/imac,https://www.apple.com/th/imac/specs/,https://www.apple.com/th/imac/
TH-MACMINIM4-SILVER-M416GB25-4943,TH-MACMINIM4-SILVER-M416GB25-4943,mac-mini-m4,Mac mini (M4 / M4 Pro),mac,mac-mini,Mac mini,Mac mini (M4 / M4 Pro) M4 (16GB / 256GB SSD) สีเงิน (Silver),silver,เงิน,Silver,#E3E4E5,M4 (16GB / 256GB SSD),Desktop,"ด้านหน้า: พอร์ต USB-C (USB 3) x 2, ช่องหูฟัง 3.5 มม. / ด้านหลัง: Thunderbolt 4 (M4) หรือ Thunderbolt 5 (M4 Pro) x 3, HDMI, Gigabit Ethernet (อัปเกรด 10Gb ได้), Wi-Fi 6E, Bluetooth 5.3","ชิป M4 (CPU 10-core, GPU 10-core) หรือชิป M4 Pro (CPU 12/14-core, GPU 16/20-core), หน่วยความจำเริ่มต้น 16GB (M4) หรือ 24GB (M4 Pro)",127.0 x 127.0 x 50.0 มม.,670 กรัม (M4) / 730 กรัม (M4 Pro),รองรับจอภาพภายนอกสูงสุด 3 จอ (สูงสุดความละเอียด 8K 60Hz หรือ 4K 240Hz ผ่าน HDMI),ไม่มีในตัว (รองรับ Continuity Camera ผ่าน iPhone หรือกล้องเว็บแคม USB),ใช้ไฟบ้านผ่านสายไฟ AC โดยตรง กำลังไฟสูงสุด 150W ต่อเนื่อง,"Mac mini, สายไฟ AC (1.8 ม.)",ตัวเครื่องอะลูมิเนียมกะทัดรัดขนาดเพียง 5 x 5 นิ้ว ถือเป็นผลิตภัณฑ์ Carbon Neutral รุ่นแรกของ Mac,20900,"฿20,900",https://store.storeimages.cdn-apple.com/1/as-images.apple.com/is/mac-mini-select-202410?wid=2560&hei=2560&fmt=jpeg&qlt=95,https://store.storeimages.cdn-apple.com/1/as-images.apple.com/is/mac-mini-select-202410?wid=2048&hei=2048&fmt=png-alpha,data/images/mac/mac-mini/silver.jpg,data/images/mac/mac-mini/silver/hero.png,https://www.apple.com/th/shop/buy-mac/mac-mini,https://www.apple.com/th/mac-mini/specs/,https://www.apple.com/th/mac-mini/
TH-MACMINIM4-SILVER-M416GB51-53DC,TH-MACMINIM4-SILVER-M416GB51-53DC,mac-mini-m4,Mac mini (M4 / M4 Pro),mac,mac-mini,Mac mini,Mac mini (M4 / M4 Pro) M4 (16GB / 512GB SSD) สีเงิน (Silver),silver,เงิน,Silver,#E3E4E5,M4 (16GB / 512GB SSD),Desktop,"ด้านหน้า: พอร์ต USB-C (USB 3) x 2, ช่องหูฟัง 3.5 มม. / ด้านหลัง: Thunderbolt 4 (M4) หรือ Thunderbolt 5 (M4 Pro) x 3, HDMI, Gigabit Ethernet (อัปเกรด 10Gb ได้), Wi-Fi 6E, Bluetooth 5.3","ชิป M4 (CPU 10-core, GPU 10-core) หรือชิป M4 Pro (CPU 12/14-core, GPU 16/20-core), หน่วยความจำเริ่มต้น 16GB (M4) หรือ 24GB (M4 Pro)",127.0 x 127.0 x 50.0 มม.,670 กรัม (M4) / 730 กรัม (M4 Pro),รองรับจอภาพภายนอกสูงสุด 3 จอ (สูงสุดความละเอียด 8K 60Hz หรือ 4K 240Hz ผ่าน HDMI),ไม่มีในตัว (รองรับ Continuity Camera ผ่าน iPhone หรือกล้องเว็บแคม USB),ใช้ไฟบ้านผ่านสายไฟ AC โดยตรง กำลังไฟสูงสุด 150W ต่อเนื่อง,"Mac mini, สายไฟ AC (1.8 ม.)",ตัวเครื่องอะลูมิเนียมกะทัดรัดขนาดเพียง 5 x 5 นิ้ว ถือเป็นผลิตภัณฑ์ Carbon Neutral รุ่นแรกของ Mac,27900,"฿27,900",https://store.storeimages.cdn-apple.com/1/as-images.apple.com/is/mac-mini-select-202410?wid=2560&hei=2560&fmt=jpeg&qlt=95,https://store.storeimages.cdn-apple.com/1/as-images.apple.com/is/mac-mini-select-202410?wid=2048&hei=2048&fmt=png-alpha,data/images/mac/mac-mini/silver.jpg,data/images/mac/mac-mini/silver/hero.png,https://www.apple.com/th/shop/buy-mac/mac-mini,https://www.apple.com/th/mac-mini/specs/,https://www.apple.com/th/mac-mini/
TH-MACMINIM4-SILVER-M424GB51-C0D4,TH-MACMINIM4-SILVER-M424GB51-C0D4,mac-mini-m4,Mac mini (M4 / M4 Pro),mac,mac-mini,Mac mini,Mac mini (M4 / M4 Pro) M4 (24GB / 512GB SSD) สีเงิน (Silver),silver,เงิน,Silver,#E3E4E5,M4 (24GB / 512GB SSD),Desktop,"ด้านหน้า: พอร์ต USB-C (USB 3) x 2, ช่องหูฟัง 3.5 มม. / ด้านหลัง: Thunderbolt 4 (M4) หรือ Thunderbolt 5 (M4 Pro) x 3, HDMI, Gigabit Ethernet (อัปเกรด 10Gb ได้), Wi-Fi 6E, Bluetooth 5.3","ชิป M4 (CPU 10-core, GPU 10-core) หรือชิป M4 Pro (CPU 12/14-core, GPU 16/20-core), หน่วยความจำเริ่มต้น 16GB (M4) หรือ 24GB (M4 Pro)",127.0 x 127.0 x 50.0 มม.,670 กรัม (M4) / 730 กรัม (M4 Pro),รองรับจอภาพภายนอกสูงสุด 3 จอ (สูงสุดความละเอียด 8K 60Hz หรือ 4K 240Hz ผ่าน HDMI),ไม่มีในตัว (รองรับ Continuity Camera ผ่าน iPhone หรือกล้องเว็บแคม USB),ใช้ไฟบ้านผ่านสายไฟ AC โดยตรง กำลังไฟสูงสุด 150W ต่อเนื่อง,"Mac mini, สายไฟ AC (1.8 ม.)",ตัวเครื่องอะลูมิเนียมกะทัดรัดขนาดเพียง 5 x 5 นิ้ว ถือเป็นผลิตภัณฑ์ Carbon Neutral รุ่นแรกของ Mac,34900,"฿34,900",https://store.storeimages.cdn-apple.com/1/as-images.apple.com/is/mac-mini-select-202410?wid=2560&hei=2560&fmt=jpeg&qlt=95,https://store.storeimages.cdn-apple.com/1/as-images.apple.com/is/mac-mini-select-202410?wid=2048&hei=2048&fmt=png-alpha,data/images/mac/mac-mini/silver.jpg,data/images/mac/mac-mini/silver/hero.png,https://www.apple.com/th/shop/buy-mac/mac-mini,https://www.apple.com/th/mac-mini/specs/,https://www.apple.com/th/mac-mini/
TH-MACMINIM4-SILVER-M4PRO24G-4C2C,TH-MACMINIM4-SILVER-M4PRO24G-4C2C,mac-mini-m4,Mac mini (M4 / M4 Pro),mac,mac-mini,Mac mini,Mac mini (M4 / M4 Pro) M4 Pro (24GB / 512GB SSD) สีเงิน (Silver),silver,เงิน,Silver,#E3E4E5,M4 Pro (24GB / 512GB SSD),Desktop,"ด้านหน้า: พอร์ต USB-C (USB 3) x 2, ช่องหูฟัง 3.5 มม. / ด้านหลัง: Thunderbolt 4 (M4) หรือ Thunderbolt 5 (M4 Pro) x 3, HDMI, Gigabit Ethernet (อัปเกรด 10Gb ได้), Wi-Fi 6E, Bluetooth 5.3","ชิป M4 (CPU 10-core, GPU 10-core) หรือชิป M4 Pro (CPU 12/14-core, GPU 16/20-core), หน่วยความจำเริ่มต้น 16GB (M4) หรือ 24GB (M4 Pro)",127.0 x 127.0 x 50.0 มม.,670 กรัม (M4) / 730 กรัม (M4 Pro),รองรับจอภาพภายนอกสูงสุด 3 จอ (สูงสุดความละเอียด 8K 60Hz หรือ 4K 240Hz ผ่าน HDMI),ไม่มีในตัว (รองรับ Continuity Camera ผ่าน iPhone หรือกล้องเว็บแคม USB),ใช้ไฟบ้านผ่านสายไฟ AC โดยตรง กำลังไฟสูงสุด 150W ต่อเนื่อง,"Mac mini, สายไฟ AC (1.8 ม.)",ตัวเครื่องอะลูมิเนียมกะทัดรัดขนาดเพียง 5 x 5 นิ้ว ถือเป็นผลิตภัณฑ์ Carbon Neutral รุ่นแรกของ Mac,49900,"฿49,900",https://store.storeimages.cdn-apple.com/1/as-images.apple.com/is/mac-mini-select-202410?wid=2560&hei=2560&fmt=jpeg&qlt=95,https://store.storeimages.cdn-apple.com/1/as-images.apple.com/is/mac-mini-select-202410?wid=2048&hei=2048&fmt=png-alpha,data/images/mac/mac-mini/silver.jpg,data/images/mac/mac-mini/silver/hero.png,https://www.apple.com/th/shop/buy-mac/mac-mini,https://www.apple.com/th/mac-mini/specs/,https://www.apple.com/th/mac-mini/
TH-MACSTUDIOM2-SILVER-M2MAX32G-20CC,TH-MACSTUDIOM2-SILVER-M2MAX32G-20CC,mac-studio-m2,Mac Studio (M2 Max / M2 Ultra),mac,mac-studio,Mac Studio,Mac Studio (M2 Max / M2 Ultra) M2 Max (32GB / 512GB SSD) สีเงิน (Silver),silver,เงิน,Silver,#E3E4E5,M2 Max (32GB / 512GB SSD),Desktop,"Thunderbolt 4 x 4 (M2 Max) หรือ x 6 (M2 Ultra), USB-A x 2, HDMI, 10Gb Ethernet, ช่องใส่ SDXC ด้านหน้า","ชิป M2 Max (CPU 12-core, GPU 30/38-core) หรือ M2 Ultra (CPU 24-core, GPU 60/76-core, Neural Engine 32-core)",197.0 x 197.0 x 95.0 มม.,"2,700 กรัม (M2 Max) / 3,600 กรัม (M2 Ultra)",รองรับจอภาพภายนอกสูงสุด 8 จอภาพพร้อมกัน,ไม่มีในตัว (รองรับกล้องสตูดิโอและ Continuity Camera),ใช้ไฟบ้าน กำลังไฟสูงสุด 370W,"Mac Studio, สายไฟ AC",ตัวเครื่องอะลูมิเนียมชิ้นเดียวพร้อมระบบพัดลมคู่แบบหมุนเวียนคู่ขนาน,74900,"฿74,900",https://store.storeimages.cdn-apple.com/1/as-images.apple.com/is/mac-studio-select-202306?wid=2560&hei=2560&fmt=jpeg&qlt=95,https://store.storeimages.cdn-apple.com/1/as-images.apple.com/is/mac-studio-select-202306?wid=2048&hei=2048&fmt=png-alpha,data/images/mac/mac-studio/silver.jpg,data/images/mac/mac-studio/silver/hero.png,https://www.apple.com/th/shop/buy-mac/mac-studio,https://www.apple.com/th/mac-studio/specs/,https://www.apple.com/th/mac-studio/
TH-MACSTUDIOM2-SILVER-M2ULTRA6-3C08,TH-MACSTUDIOM2-SILVER-M2ULTRA6-3C08,mac-studio-m2,Mac Studio (M2 Max / M2 Ultra),mac,mac-studio,Mac Studio,Mac Studio (M2 Max / M2 Ultra) M2 Ultra (64GB / 1TB SSD) สีเงิน (Silver),silver,เงิน,Silver,#E3E4E5,M2 Ultra (64GB / 1TB SSD),Desktop,"Thunderbolt 4 x 4 (M2 Max) หรือ x 6 (M2 Ultra), USB-A x 2, HDMI, 10Gb Ethernet, ช่องใส่ SDXC ด้านหน้า","ชิป M2 Max (CPU 12-core, GPU 30/38-core) หรือ M2 Ultra (CPU 24-core, GPU 60/76-core, Neural Engine 32-core)",197.0 x 197.0 x 95.0 มม.,"2,700 กรัม (M2 Max) / 3,600 กรัม (M2 Ultra)",รองรับจอภาพภายนอกสูงสุด 8 จอภาพพร้อมกัน,ไม่มีในตัว (รองรับกล้องสตูดิโอและ Continuity Camera),ใช้ไฟบ้าน กำลังไฟสูงสุด 370W,"Mac Studio, สายไฟ AC",ตัวเครื่องอะลูมิเนียมชิ้นเดียวพร้อมระบบพัดลมคู่แบบหมุนเวียนคู่ขนาน,149900,"฿149,900",https://store.storeimages.cdn-apple.com/1/as-images.apple.com/is/mac-studio-select-202306?wid=2560&hei=2560&fmt=jpeg&qlt=95,https://store.storeimages.cdn-apple.com/1/as-images.apple.com/is/mac-studio-select-202306?wid=2048&hei=2048&fmt=png-alpha,data/images/mac/mac-studio/silver.jpg,data/images/mac/mac-studio/silver/hero.png,https://www.apple.com/th/shop/buy-mac/mac-studio,https://www.apple.com/th/mac-studio/specs/,https://www.apple.com/th/mac-studio/
TH-APPLEWATCHS1042-JETBLACK-ALUGPS-F86B,TH-APPLEWATCHS1042-JETBLACK-ALUGPS-F86B,apple-watch-s10-42,Apple Watch Series 10 (42 มม.),watch,apple-watch-series-10,Apple Watch Series 10,Apple Watch Series 10 (42 มม.) อะลูมิเนียม GPS สีดำเจ็ทแบล็ค (Jet Black),jet-black,ดำเจ็ทแบล็ค,Jet Black,#0F0F10,อะลูมิเนียม GPS,42mm,"GPS หรือ GPS + Cellular (4G LTE), Wi-Fi 4 (802.11n), Bluetooth 5.3, ชิป Ultra Wideband รุ่นที่ 2",ชิป S10 SiP พร้อมโปรเซสเซอร์แบบ 64-bit 2-core และ Neural Engine แบบ 4-core,42.0 x 36.0 x 9.7 มม.,30.0 กรัม (อะลูมิเนียม) / 34.4 กรัม (ไทเทเนียม),"จอภาพ OLED แบบ Wide-angle ที่มุมมองกว้างขึ้น สว่างขึ้นเมื่อมองจากมุมเฉียงสูงสุด 40%, ความสว่างสูงสุด 2,000 นิต, หนาเพียง 9.7 มม. (บางลง 10%)",ไม่มีในตัว (รองรับรีโมทควบคุมกล้อง iPhone),"ใช้งานได้นานสูงสุด 18 ชั่วโมง (โหมดประหยัดพลังงานสูงสุด 36 ชั่วโมง), ชาร์จเร็ว 80% ได้ในเวลาเพียง 30 นาที","ตัวเรือน Apple Watch Series 10 (42 มม.), สายนาฬิกาตามแบบที่เลือก, สายชาร์จเร็วแบบแม่เหล็กเป็น USB-C (1 ม.)",มีให้เลือกทั้งอะลูมิเนียมขัดเงา (ดำเจ็ทแบล็ค) หรือไทเทเนียมเกรดอากาศยานขัดเงา กระจกหน้าจอ Sapphire Crystal,14900,"฿14,900",https://store.storeimages.cdn-apple.com/1/as-images.apple.com/is/watch-case-42-aluminum-jetblack-nc-s10?wid=2560&hei=2560&fmt=jpeg&qlt=95,https://store.storeimages.cdn-apple.com/1/as-images.apple.com/is/watch-case-42-aluminum-jetblack-nc-s10?wid=2048&hei=2048&fmt=png-alpha,data/images/watch/apple-watch-series-10/jet-black.jpg,data/images/watch/apple-watch-series-10/jet-black/hero.png,https://www.apple.com/th/shop/buy-watch/apple-watch,https://www.apple.com/th/apple-watch-series-10/specs/,https://www.apple.com/th/apple-watch-series-10/
TH-APPLEWATCHS1042-JETBLACK-ALUGPSCE-2AA5,TH-APPLEWATCHS1042-JETBLACK-ALUGPSCE-2AA5,apple-watch-s10-42,Apple Watch Series 10 (42 มม.),watch,apple-watch-series-10,Apple Watch Series 10,Apple Watch Series 10 (42 มม.) อะลูมิเนียม GPS + Cellular สีดำเจ็ทแบล็ค (Jet Black),jet-black,ดำเจ็ทแบล็ค,Jet Black,#0F0F10,อะลูมิเนียม GPS + Cellular,42mm,"GPS หรือ GPS + Cellular (4G LTE), Wi-Fi 4 (802.11n), Bluetooth 5.3, ชิป Ultra Wideband รุ่นที่ 2",ชิป S10 SiP พร้อมโปรเซสเซอร์แบบ 64-bit 2-core และ Neural Engine แบบ 4-core,42.0 x 36.0 x 9.7 มม.,30.0 กรัม (อะลูมิเนียม) / 34.4 กรัม (ไทเทเนียม),"จอภาพ OLED แบบ Wide-angle ที่มุมมองกว้างขึ้น สว่างขึ้นเมื่อมองจากมุมเฉียงสูงสุด 40%, ความสว่างสูงสุด 2,000 นิต, หนาเพียง 9.7 มม. (บางลง 10%)",ไม่มีในตัว (รองรับรีโมทควบคุมกล้อง iPhone),"ใช้งานได้นานสูงสุด 18 ชั่วโมง (โหมดประหยัดพลังงานสูงสุด 36 ชั่วโมง), ชาร์จเร็ว 80% ได้ในเวลาเพียง 30 นาที","ตัวเรือน Apple Watch Series 10 (42 มม.), สายนาฬิกาตามแบบที่เลือก, สายชาร์จเร็วแบบแม่เหล็กเป็น USB-C (1 ม.)",มีให้เลือกทั้งอะลูมิเนียมขัดเงา (ดำเจ็ทแบล็ค) หรือไทเทเนียมเกรดอากาศยานขัดเงา กระจกหน้าจอ Sapphire Crystal,18900,"฿18,900",https://store.storeimages.cdn-apple.com/1/as-images.apple.com/is/watch-case-42-aluminum-jetblack-nc-s10?wid=2560&hei=2560&fmt=jpeg&qlt=95,https://store.storeimages.cdn-apple.com/1/as-images.apple.com/is/watch-case-42-aluminum-jetblack-nc-s10?wid=2048&hei=2048&fmt=png-alpha,data/images/watch/apple-watch-series-10/jet-black.jpg,data/images/watch/apple-watch-series-10/jet-black/hero.png,https://www.apple.com/th/shop/buy-watch/apple-watch,https://www.apple.com/th/apple-watch-series-10/specs/,https://www.apple.com/th/apple-watch-series-10/
TH-APPLEWATCHS1042-JETBLACK-TIGPSCEL-F100,TH-APPLEWATCHS1042-JETBLACK-TIGPSCEL-F100,apple-watch-s10-42,Apple Watch Series 10 (42 มม.),watch,apple-watch-series-10,Apple Watch Series 10,Apple Watch Series 10 (42 มม.) ไทเทเนียม GPS + Cellular สีดำเจ็ทแบล็ค (Jet Black),jet-black,ดำเจ็ทแบล็ค,Jet Black,#0F0F10,ไทเทเนียม GPS + Cellular,42mm,"GPS หรือ GPS + Cellular (4G LTE), Wi-Fi 4 (802.11n), Bluetooth 5.3, ชิป Ultra Wideband รุ่นที่ 2",ชิป S10 SiP พร้อมโปรเซสเซอร์แบบ 64-bit 2-core และ Neural Engine แบบ 4-core,42.0 x 36.0 x 9.7 มม.,30.0 กรัม (อะลูมิเนียม) / 34.4 กรัม (ไทเทเนียม),"จอภาพ OLED แบบ Wide-angle ที่มุมมองกว้างขึ้น สว่างขึ้นเมื่อมองจากมุมเฉียงสูงสุด 40%, ความสว่างสูงสุด 2,000 นิต, หนาเพียง 9.7 มม. (บางลง 10%)",ไม่มีในตัว (รองรับรีโมทควบคุมกล้อง iPhone),"ใช้งานได้นานสูงสุด 18 ชั่วโมง (โหมดประหยัดพลังงานสูงสุด 36 ชั่วโมง), ชาร์จเร็ว 80% ได้ในเวลาเพียง 30 นาที","ตัวเรือน Apple Watch Series 10 (42 มม.), สายนาฬิกาตามแบบที่เลือก, สายชาร์จเร็วแบบแม่เหล็กเป็น USB-C (1 ม.)",มีให้เลือกทั้งอะลูมิเนียมขัดเงา (ดำเจ็ทแบล็ค) หรือไทเทเนียมเกรดอากาศยานขัดเงา กระจกหน้าจอ Sapphire Crystal,25900,"฿25,900",https://store.storeimages.cdn-apple.com/1/as-images.apple.com/is/watch-case-42-aluminum-jetblack-nc-s10?wid=2560&hei=2560&fmt=jpeg&qlt=95,https://store.storeimages.cdn-apple.com/1/as-images.apple.com/is/watch-case-42-aluminum-jetblack-nc-s10?wid=2048&hei=2048&fmt=png-alpha,data/images/watch/apple-watch-series-10/jet-black.jpg,data/images/watch/apple-watch-series-10/jet-black/hero.png,https://www.apple.com/th/shop/buy-watch/apple-watch,https://www.apple.com/th/apple-watch-series-10/specs/,https://www.apple.com/th/apple-watch-series-10/
TH-APPLEWATCHS1042-ROSEGOLD-ALUGPS-E93E,TH-APPLEWATCHS1042-ROSEGOLD-ALUGPS-E93E,apple-watch-s10-42,Apple Watch Series 10 (42 มม.),watch,apple-watch-series-10,Apple Watch Series 10,Apple Watch Series 10 (42 มม.) อะลูมิเนียม GPS สีโรสโกลด์ (Rose Gold),rose-gold,โรสโกลด์,Rose Gold,#E0A39A,อะลูมิเนียม GPS,42mm,"GPS หรือ GPS + Cellular (4G LTE), Wi-Fi 4 (802.11n), Bluetooth 5.3, ชิป Ultra Wideband รุ่นที่ 2",ชิป S10 SiP พร้อมโปรเซสเซอร์แบบ 64-bit 2-core และ Neural Engine แบบ 4-core,42.0 x 36.0 x 9.7 มม.,30.0 กรัม (อะลูมิเนียม) / 34.4 กรัม (ไทเทเนียม),"จอภาพ OLED แบบ Wide-angle ที่มุมมองกว้างขึ้น สว่างขึ้นเมื่อมองจากมุมเฉียงสูงสุด 40%, ความสว่างสูงสุด 2,000 นิต, หนาเพียง 9.7 มม. (บางลง 10%)",ไม่มีในตัว (รองรับรีโมทควบคุมกล้อง iPhone),"ใช้งานได้นานสูงสุด 18 ชั่วโมง (โหมดประหยัดพลังงานสูงสุด 36 ชั่วโมง), ชาร์จเร็ว 80% ได้ในเวลาเพียง 30 นาที","ตัวเรือน Apple Watch Series 10 (42 มม.), สายนาฬิกาตามแบบที่เลือก, สายชาร์จเร็วแบบแม่เหล็กเป็น USB-C (1 ม.)",มีให้เลือกทั้งอะลูมิเนียมขัดเงา (ดำเจ็ทแบล็ค) หรือไทเทเนียมเกรดอากาศยานขัดเงา กระจกหน้าจอ Sapphire Crystal,14900,"฿14,900",https://store.storeimages.cdn-apple.com/1/as-images.apple.com/is/watch-case-42-aluminum-rosegold-nc-s10?wid=2560&hei=2560&fmt=jpeg&qlt=95,https://store.storeimages.cdn-apple.com/1/as-images.apple.com/is/watch-case-42-aluminum-rosegold-nc-s10?wid=2048&hei=2048&fmt=png-alpha,data/images/watch/apple-watch-series-10/rose-gold.jpg,data/images/watch/apple-watch-series-10/rose-gold/hero.png,https://www.apple.com/th/shop/buy-watch/apple-watch,https://www.apple.com/th/apple-watch-series-10/specs/,https://www.apple.com/th/apple-watch-series-10/
TH-APPLEWATCHS1042-ROSEGOLD-ALUGPSCE-58A5,TH-APPLEWATCHS1042-ROSEGOLD-ALUGPSCE-58A5,apple-watch-s10-42,Apple Watch Series 10 (42 มม.),watch,apple-watch-series-10,Apple Watch Series 10,Apple Watch Series 10 (42 มม.) อะลูมิเนียม GPS + Cellular สีโรสโกลด์ (Rose Gold),rose-gold,โรสโกลด์,Rose Gold,#E0A39A,อะลูมิเนียม GPS + Cellular,42mm,"GPS หรือ GPS + Cellular (4G LTE), Wi-Fi 4 (802.11n), Bluetooth 5.3, ชิป Ultra Wideband รุ่นที่ 2",ชิป S10 SiP พร้อมโปรเซสเซอร์แบบ 64-bit 2-core และ Neural Engine แบบ 4-core,42.0 x 36.0 x 9.7 มม.,30.0 กรัม (อะลูมิเนียม) / 34.4 กรัม (ไทเทเนียม),"จอภาพ OLED แบบ Wide-angle ที่มุมมองกว้างขึ้น สว่างขึ้นเมื่อมองจากมุมเฉียงสูงสุด 40%, ความสว่างสูงสุด 2,000 นิต, หนาเพียง 9.7 มม. (บางลง 10%)",ไม่มีในตัว (รองรับรีโมทควบคุมกล้อง iPhone),"ใช้งานได้นานสูงสุด 18 ชั่วโมง (โหมดประหยัดพลังงานสูงสุด 36 ชั่วโมง), ชาร์จเร็ว 80% ได้ในเวลาเพียง 30 นาที","ตัวเรือน Apple Watch Series 10 (42 มม.), สายนาฬิกาตามแบบที่เลือก, สายชาร์จเร็วแบบแม่เหล็กเป็น USB-C (1 ม.)",มีให้เลือกทั้งอะลูมิเนียมขัดเงา (ดำเจ็ทแบล็ค) หรือไทเทเนียมเกรดอากาศยานขัดเงา กระจกหน้าจอ Sapphire Crystal,18900,"฿18,900",https://store.storeimages.cdn-apple.com/1/as-images.apple.com/is/watch-case-42-aluminum-rosegold-nc-s10?wid=2560&hei=2560&fmt=jpeg&qlt=95,https://store.storeimages.cdn-apple.com/1/as-images.apple.com/is/watch-case-42-aluminum-rosegold-nc-s10?wid=2048&hei=2048&fmt=png-alpha,data/images/watch/apple-watch-series-10/rose-gold.jpg,data/images/watch/apple-watch-series-10/rose-gold/hero.png,https://www.apple.com/th/shop/buy-watch/apple-watch,https://www.apple.com/th/apple-watch-series-10/specs/,https://www.apple.com/th/apple-watch-series-10/
TH-APPLEWATCHS1042-ROSEGOLD-TIGPSCEL-E6EB,TH-APPLEWATCHS1042-ROSEGOLD-TIGPSCEL-E6EB,apple-watch-s10-42,Apple Watch Series 10 (42 มม.),watch,apple-watch-series-10,Apple Watch Series 10,Apple Watch Series 10 (42 มม.) ไทเทเนียม GPS + Cellular สีโรสโกลด์ (Rose Gold),rose-gold,โรสโกลด์,Rose Gold,#E0A39A,ไทเทเนียม GPS + Cellular,42mm,"GPS หรือ GPS + Cellular (4G LTE), Wi-Fi 4 (802.11n), Bluetooth 5.3, ชิป Ultra Wideband รุ่นที่ 2",ชิป S10 SiP พร้อมโปรเซสเซอร์แบบ 64-bit 2-core และ Neural Engine แบบ 4-core,42.0 x 36.0 x 9.7 มม.,30.0 กรัม (อะลูมิเนียม) / 34.4 กรัม (ไทเทเนียม),"จอภาพ OLED แบบ Wide-angle ที่มุมมองกว้างขึ้น สว่างขึ้นเมื่อมองจากมุมเฉียงสูงสุด 40%, ความสว่างสูงสุด 2,000 นิต, หนาเพียง 9.7 มม. (บางลง 10%)",ไม่มีในตัว (รองรับรีโมทควบคุมกล้อง iPhone),"ใช้งานได้นานสูงสุด 18 ชั่วโมง (โหมดประหยัดพลังงานสูงสุด 36 ชั่วโมง), ชาร์จเร็ว 80% ได้ในเวลาเพียง 30 นาที","ตัวเรือน Apple Watch Series 10 (42 มม.), สายนาฬิกาตามแบบที่เลือก, สายชาร์จเร็วแบบแม่เหล็กเป็น USB-C (1 ม.)",มีให้เลือกทั้งอะลูมิเนียมขัดเงา (ดำเจ็ทแบล็ค) หรือไทเทเนียมเกรดอากาศยานขัดเงา กระจกหน้าจอ Sapphire Crystal,25900,"฿25,900",https://store.storeimages.cdn-apple.com/1/as-images.apple.com/is/watch-case-42-aluminum-rosegold-nc-s10?wid=2560&hei=2560&fmt=jpeg&qlt=95,https://store.storeimages.cdn-apple.com/1/as-images.apple.com/is/watch-case-42-aluminum-rosegold-nc-s10?wid=2048&hei=2048&fmt=png-alpha,data/images/watch/apple-watch-series-10/rose-gold.jpg,data/images/watch/apple-watch-series-10/rose-gold/hero.png,https://www.apple.com/th/shop/buy-watch/apple-watch,https://www.apple.com/th/apple-watch-series-10/specs/,https://www.apple.com/th/apple-watch-series-10/
TH-APPLEWATCHS1042-SILVER-ALUGPS-BEAE,TH-APPLEWATCHS1042-SILVER-ALUGPS-BEAE,apple-watch-s10-42,Apple Watch Series 10 (42 มม.),watch,apple-watch-series-10,Apple Watch Series 10,Apple Watch Series 10 (42 มม.) อะลูมิเนียม GPS สีเงิน (Silver),silver,เงิน,Silver,#E3E4E5,อะลูมิเนียม GPS,42mm,"GPS หรือ GPS + Cellular (4G LTE), Wi-Fi 4 (802.11n), Bluetooth 5.3, ชิป Ultra Wideband รุ่นที่ 2",ชิป S10 SiP พร้อมโปรเซสเซอร์แบบ 64-bit 2-core และ Neural Engine แบบ 4-core,42.0 x 36.0 x 9.7 มม.,30.0 กรัม (อะลูมิเนียม) / 34.4 กรัม (ไทเทเนียม),"จอภาพ OLED แบบ Wide-angle ที่มุมมองกว้างขึ้น สว่างขึ้นเมื่อมองจากมุมเฉียงสูงสุด 40%, ความสว่างสูงสุด 2,000 นิต, หนาเพียง 9.7 มม. (บางลง 10%)",ไม่มีในตัว (รองรับรีโมทควบคุมกล้อง iPhone),"ใช้งานได้นานสูงสุด 18 ชั่วโมง (โหมดประหยัดพลังงานสูงสุด 36 ชั่วโมง), ชาร์จเร็ว 80% ได้ในเวลาเพียง 30 นาที","ตัวเรือน Apple Watch Series 10 (42 มม.), สายนาฬิกาตามแบบที่เลือก, สายชาร์จเร็วแบบแม่เหล็กเป็น USB-C (1 ม.)",มีให้เลือกทั้งอะลูมิเนียมขัดเงา (ดำเจ็ทแบล็ค) หรือไทเทเนียมเกรดอากาศยานขัดเงา กระจกหน้าจอ Sapphire Crystal,14900,"฿14,900",https://store.storeimages.cdn-apple.com/1/as-images.apple.com/is/watch-case-42-aluminum-silver-nc-s10?wid=2560&hei=2560&fmt=jpeg&qlt=95,https://store.storeimages.cdn-apple.com/1/as-images.apple.com/is/watch-case-42-aluminum-silver-nc-s10?wid=2048&hei=2048&fmt=png-alpha,data/images/watch/apple-watch-series-10/silver.jpg,data/images/watch/apple-watch-series-10/silver/hero.png,https://www.apple.com/th/shop/buy-watch/apple-watch,https://www.apple.com/th/apple-watch-series-10/specs/,https://www.apple.com/th/apple-watch-series-10/
TH-APPLEWATCHS1042-SILVER-ALUGPSCE-311D,TH-APPLEWATCHS1042-SILVER-ALUGPSCE-311D,apple-watch-s10-42,Apple Watch Series 10 (42 มม.),watch,apple-watch-series-10,Apple Watch Series 10,Apple Watch Series 10 (42 มม.) อะลูมิเนียม GPS + Cellular สีเงิน (Silver),silver,เงิน,Silver,#E3E4E5,อะลูมิเนียม GPS + Cellular,42mm,"GPS หรือ GPS + Cellular (4G LTE), Wi-Fi 4 (802.11n), Bluetooth 5.3, ชิป Ultra Wideband รุ่นที่ 2",ชิป S10 SiP พร้อมโปรเซสเซอร์แบบ 64-bit 2-core และ Neural Engine แบบ 4-core,42.0 x 36.0 x 9.7 มม.,30.0 กรัม (อะลูมิเนียม) / 34.4 กรัม (ไทเทเนียม),"จอภาพ OLED แบบ Wide-angle ที่มุมมองกว้างขึ้น สว่างขึ้นเมื่อมองจากมุมเฉียงสูงสุด 40%, ความสว่างสูงสุด 2,000 นิต, หนาเพียง 9.7 มม. (บางลง 10%)",ไม่มีในตัว (รองรับรีโมทควบคุมกล้อง iPhone),"ใช้งานได้นานสูงสุด 18 ชั่วโมง (โหมดประหยัดพลังงานสูงสุด 36 ชั่วโมง), ชาร์จเร็ว 80% ได้ในเวลาเพียง 30 นาที","ตัวเรือน Apple Watch Series 10 (42 มม.), สายนาฬิกาตามแบบที่เลือก, สายชาร์จเร็วแบบแม่เหล็กเป็น USB-C (1 ม.)",มีให้เลือกทั้งอะลูมิเนียมขัดเงา (ดำเจ็ทแบล็ค) หรือไทเทเนียมเกรดอากาศยานขัดเงา กระจกหน้าจอ Sapphire Crystal,18900,"฿18,900",https://store.storeimages.cdn-apple.com/1/as-images.apple.com/is/watch-case-42-aluminum-silver-nc-s10?wid=2560&hei=2560&fmt=jpeg&qlt=95,https://store.storeimages.cdn-apple.com/1/as-images.apple.com/is/watch-case-42-aluminum-silver-nc-s10?wid=2048&hei=2048&fmt=png-alpha,data/images/watch/apple-watch-series-10/silver.jpg,data/images/watch/apple-watch-series-10/silver/hero.png,https://www.apple.com/th/shop/buy-watch/apple-watch,https://www.apple.com/th/apple-watch-series-10/specs/,https://www.apple.com/th/apple-watch-series-10/
TH-APPLEWATCHS1042-SILVER-TIGPSCEL-00D6,TH-APPLEWATCHS1042-SILVER-TIGPSCEL-00D6,apple-watch-s10-42,Apple Watch Series 10 (42 มม.),watch,apple-watch-series-10,Apple Watch Series 10,Apple Watch Series 10 (42 มม.) ไทเทเนียม GPS + Cellular สีเงิน (Silver),silver,เงิน,Silver,#E3E4E5,ไทเทเนียม GPS + Cellular,42mm,"GPS หรือ GPS + Cellular (4G LTE), Wi-Fi 4 (802.11n), Bluetooth 5.3, ชิป Ultra Wideband รุ่นที่ 2",ชิป S10 SiP พร้อมโปรเซสเซอร์แบบ 64-bit 2-core และ Neural Engine แบบ 4-core,42.0 x 36.0 x 9.7 มม.,30.0 กรัม (อะลูมิเนียม) / 34.4 กรัม (ไทเทเนียม),"จอภาพ OLED แบบ Wide-angle ที่มุมมองกว้างขึ้น สว่างขึ้นเมื่อมองจากมุมเฉียงสูงสุด 40%, ความสว่างสูงสุด 2,000 นิต, หนาเพียง 9.7 มม. (บางลง 10%)",ไม่มีในตัว (รองรับรีโมทควบคุมกล้อง iPhone),"ใช้งานได้นานสูงสุด 18 ชั่วโมง (โหมดประหยัดพลังงานสูงสุด 36 ชั่วโมง), ชาร์จเร็ว 80% ได้ในเวลาเพียง 30 นาที","ตัวเรือน Apple Watch Series 10 (42 มม.), สายนาฬิกาตามแบบที่เลือก, สายชาร์จเร็วแบบแม่เหล็กเป็น USB-C (1 ม.)",มีให้เลือกทั้งอะลูมิเนียมขัดเงา (ดำเจ็ทแบล็ค) หรือไทเทเนียมเกรดอากาศยานขัดเงา กระจกหน้าจอ Sapphire Crystal,25900,"฿25,900",https://store.storeimages.cdn-apple.com/1/as-images.apple.com/is/watch-case-42-aluminum-silver-nc-s10?wid=2560&hei=2560&fmt=jpeg&qlt=95,https://store.storeimages.cdn-apple.com/1/as-images.apple.com/is/watch-case-42-aluminum-silver-nc-s10?wid=2048&hei=2048&fmt=png-alpha,data/images/watch/apple-watch-series-10/silver.jpg,data/images/watch/apple-watch-series-10/silver/hero.png,https://www.apple.com/th/shop/buy-watch/apple-watch,https://www.apple.com/th/apple-watch-series-10/specs/,https://www.apple.com/th/apple-watch-series-10/
TH-APPLEWATCHS1042-NATURALTITANIUM-ALUGPS-D1FD,TH-APPLEWATCHS1042-NATURALTITANIUM-ALUGPS-D1FD,apple-watch-s10-42,Apple Watch Series 10 (42 มม.),watch,apple-watch-series-10,Apple Watch Series 10,Apple Watch Series 10 (42 มม.) อะลูมิเนียม GPS สีไทเทเนียมธรรมชาติ (Natural Titanium),natural-titanium,ไทเทเนียมธรรมชาติ,Natural Titanium,#9A958E,อะลูมิเนียม GPS,42mm,"GPS หรือ GPS + Cellular (4G LTE), Wi-Fi 4 (802.11n), Bluetooth 5.3, ชิป Ultra Wideband รุ่นที่ 2",ชิป S10 SiP พร้อมโปรเซสเซอร์แบบ 64-bit 2-core และ Neural Engine แบบ 4-core,42.0 x 36.0 x 9.7 มม.,30.0 กรัม (อะลูมิเนียม) / 34.4 กรัม (ไทเทเนียม),"จอภาพ OLED แบบ Wide-angle ที่มุมมองกว้างขึ้น สว่างขึ้นเมื่อมองจากมุมเฉียงสูงสุด 40%, ความสว่างสูงสุด 2,000 นิต, หนาเพียง 9.7 มม. (บางลง 10%)",ไม่มีในตัว (รองรับรีโมทควบคุมกล้อง iPhone),"ใช้งานได้นานสูงสุด 18 ชั่วโมง (โหมดประหยัดพลังงานสูงสุด 36 ชั่วโมง), ชาร์จเร็ว 80% ได้ในเวลาเพียง 30 นาที","ตัวเรือน Apple Watch Series 10 (42 มม.), สายนาฬิกาตามแบบที่เลือก, สายชาร์จเร็วแบบแม่เหล็กเป็น USB-C (1 ม.)",มีให้เลือกทั้งอะลูมิเนียมขัดเงา (ดำเจ็ทแบล็ค) หรือไทเทเนียมเกรดอากาศยานขัดเงา กระจกหน้าจอ Sapphire Crystal,14900,"฿14,900",https://store.storeimages.cdn-apple.com/1/as-images.apple.com/is/watch-case-42-titanium-natural-cell-s10?wid=2560&hei=2560&fmt=jpeg&qlt=95,https://store.storeimages.cdn-apple.com/1/as-images.apple.com/is/watch-case-42-titanium-natural-cell-s10?wid=2048&hei=2048&fmt=png-alpha,data/images/watch/apple-watch-series-10/natural-titanium.jpg,data/images/watch/apple-watch-series-10/natural-titanium/hero.png,https://www.apple.com/th/shop/buy-watch/apple-watch,https://www.apple.com/th/apple-watch-series-10/specs/,https://www.apple.com/th/apple-watch-series-10/
TH-APPLEWATCHS1042-NATURALTITANIUM-ALUGPSCE-88E2,TH-APPLEWATCHS1042-NATURALTITANIUM-ALUGPSCE-88E2,apple-watch-s10-42,Apple Watch Series 10 (42 มม.),watch,apple-watch-series-10,Apple Watch Series 10,Apple Watch Series 10 (42 มม.) อะลูมิเนียม GPS + Cellular สีไทเทเนียมธรรมชาติ (Natural Titanium),natural-titanium,ไทเทเนียมธรรมชาติ,Natural Titanium,#9A958E,อะลูมิเนียม GPS + Cellular,42mm,"GPS หรือ GPS + Cellular (4G LTE), Wi-Fi 4 (802.11n), Bluetooth 5.3, ชิป Ultra Wideband รุ่นที่ 2",ชิป S10 SiP พร้อมโปรเซสเซอร์แบบ 64-bit 2-core และ Neural Engine แบบ 4-core,42.0 x 36.0 x 9.7 มม.,30.0 กรัม (อะลูมิเนียม) / 34.4 กรัม (ไทเทเนียม),"จอภาพ OLED แบบ Wide-angle ที่มุมมองกว้างขึ้น สว่างขึ้นเมื่อมองจากมุมเฉียงสูงสุด 40%, ความสว่างสูงสุด 2,000 นิต, หนาเพียง 9.7 มม. (บางลง 10%)",ไม่มีในตัว (รองรับรีโมทควบคุมกล้อง iPhone),"ใช้งานได้นานสูงสุด 18 ชั่วโมง (โหมดประหยัดพลังงานสูงสุด 36 ชั่วโมง), ชาร์จเร็ว 80% ได้ในเวลาเพียง 30 นาที","ตัวเรือน Apple Watch Series 10 (42 มม.), สายนาฬิกาตามแบบที่เลือก, สายชาร์จเร็วแบบแม่เหล็กเป็น USB-C (1 ม.)",มีให้เลือกทั้งอะลูมิเนียมขัดเงา (ดำเจ็ทแบล็ค) หรือไทเทเนียมเกรดอากาศยานขัดเงา กระจกหน้าจอ Sapphire Crystal,18900,"฿18,900",https://store.storeimages.cdn-apple.com/1/as-images.apple.com/is/watch-case-42-titanium-natural-cell-s10?wid=2560&hei=2560&fmt=jpeg&qlt=95,https://store.storeimages.cdn-apple.com/1/as-images.apple.com/is/watch-case-42-titanium-natural-cell-s10?wid=2048&hei=2048&fmt=png-alpha,data/images/watch/apple-watch-series-10/natural-titanium.jpg,data/images/watch/apple-watch-series-10/natural-titanium/hero.png,https://www.apple.com/th/shop/buy-watch/apple-watch,https://www.apple.com/th/apple-watch-series-10/specs/,https://www.apple.com/th/apple-watch-series-10/
TH-APPLEWATCHS1042-NATURALTITANIUM-TIGPSCEL-7973,TH-APPLEWATCHS1042-NATURALTITANIUM-TIGPSCEL-7973,apple-watch-s10-42,Apple Watch Series 10 (42 มม.),watch,apple-watch-series-10,Apple Watch Series 10,Apple Watch Series 10 (42 มม.) ไทเทเนียม GPS + Cellular สีไทเทเนียมธรรมชาติ (Natural Titanium),natural-titanium,ไทเทเนียมธรรมชาติ,Natural Titanium,#9A958E,ไทเทเนียม GPS + Cellular,42mm,"GPS หรือ GPS + Cellular (4G LTE), Wi-Fi 4 (802.11n), Bluetooth 5.3, ชิป Ultra Wideband รุ่นที่ 2",ชิป S10 SiP พร้อมโปรเซสเซอร์แบบ 64-bit 2-core และ Neural Engine แบบ 4-core,42.0 x 36.0 x 9.7 มม.,30.0 กรัม (อะลูมิเนียม) / 34.4 กรัม (ไทเทเนียม),"จอภาพ OLED แบบ Wide-angle ที่มุมมองกว้างขึ้น สว่างขึ้นเมื่อมองจากมุมเฉียงสูงสุด 40%, ความสว่างสูงสุด 2,000 นิต, หนาเพียง 9.7 มม. (บางลง 10%)",ไม่มีในตัว (รองรับรีโมทควบคุมกล้อง iPhone),"ใช้งานได้นานสูงสุด 18 ชั่วโมง (โหมดประหยัดพลังงานสูงสุด 36 ชั่วโมง), ชาร์จเร็ว 80% ได้ในเวลาเพียง 30 นาที","ตัวเรือน Apple Watch Series 10 (42 มม.), สายนาฬิกาตามแบบที่เลือก, สายชาร์จเร็วแบบแม่เหล็กเป็น USB-C (1 ม.)",มีให้เลือกทั้งอะลูมิเนียมขัดเงา (ดำเจ็ทแบล็ค) หรือไทเทเนียมเกรดอากาศยานขัดเงา กระจกหน้าจอ Sapphire Crystal,25900,"฿25,900",https://store.storeimages.cdn-apple.com/1/as-images.apple.com/is/watch-case-42-titanium-natural-cell-s10?wid=2560&hei=2560&fmt=jpeg&qlt=95,https://store.storeimages.cdn-apple.com/1/as-images.apple.com/is/watch-case-42-titanium-natural-cell-s10?wid=2048&hei=2048&fmt=png-alpha,data/images/watch/apple-watch-series-10/natural-titanium.jpg,data/images/watch/apple-watch-series-10/natural-titanium/hero.png,https://www.apple.com/th/shop/buy-watch/apple-watch,https://www.apple.com/th/apple-watch-series-10/specs/,https://www.apple.com/th/apple-watch-series-10/
TH-APPLEWATCHS1042-GOLD-ALUGPS-F73E,TH-APPLEWATCHS1042-GOLD-ALUGPS-F73E,apple-watch-s10-42,Apple Watch Series 10 (42 มม.),watch,apple-watch-series-10,Apple Watch Series 10,Apple Watch Series 10 (42 มม.) อะลูมิเนียม GPS สีทองไทเทเนียม (Gold Titanium),gold,ทองไทเทเนียม,Gold Titanium,#E2D2B4,อะลูมิเนียม GPS,42mm,"GPS หรือ GPS + Cellular (4G LTE), Wi-Fi 4 (802.11n), Bluetooth 5.3, ชิป Ultra Wideband รุ่นที่ 2",ชิป S10 SiP พร้อมโปรเซสเซอร์แบบ 64-bit 2-core และ Neural Engine แบบ 4-core,42.0 x 36.0 x 9.7 มม.,30.0 กรัม (อะลูมิเนียม) / 34.4 กรัม (ไทเทเนียม),"จอภาพ OLED แบบ Wide-angle ที่มุมมองกว้างขึ้น สว่างขึ้นเมื่อมองจากมุมเฉียงสูงสุด 40%, ความสว่างสูงสุด 2,000 นิต, หนาเพียง 9.7 มม. (บางลง 10%)",ไม่มีในตัว (รองรับรีโมทควบคุมกล้อง iPhone),"ใช้งานได้นานสูงสุด 18 ชั่วโมง (โหมดประหยัดพลังงานสูงสุด 36 ชั่วโมง), ชาร์จเร็ว 80% ได้ในเวลาเพียง 30 นาที","ตัวเรือน Apple Watch Series 10 (42 มม.), สายนาฬิกาตามแบบที่เลือก, สายชาร์จเร็วแบบแม่เหล็กเป็น USB-C (1 ม.)",มีให้เลือกทั้งอะลูมิเนียมขัดเงา (ดำเจ็ทแบล็ค) หรือไทเทเนียมเกรดอากาศยานขัดเงา กระจกหน้าจอ Sapphire Crystal,14900,"฿14,900",https://store.storeimages.cdn-apple.com/1/as-images.apple.com/is/watch-case-42-titanium-gold-cell-s10?wid=2560&hei=2560&fmt=jpeg&qlt=95,https://store.storeimages.cdn-apple.com/1/as-images.apple.com/is/watch-case-42-titanium-gold-cell-s10?wid=2048&hei=2048&fmt=png-alpha,data/images/watch/apple-watch-series-10/gold.jpg,data/images/watch/apple-watch-series-10/gold/hero.png,https://www.apple.com/th/shop/buy-watch/apple-watch,https://www.apple.com/th/apple-watch-series-10/specs/,https://www.apple.com/th/apple-watch-series-10/
TH-APPLEWATCHS1042-GOLD-ALUGPSCE-8B1A,TH-APPLEWATCHS1042-GOLD-ALUGPSCE-8B1A,apple-watch-s10-42,Apple Watch Series 10 (42 มม.),watch,apple-watch-series-10,Apple Watch Series 10,Apple Watch Series 10 (42 มม.) อะลูมิเนียม GPS + Cellular สีทองไทเทเนียม (Gold Titanium),gold,ทองไทเทเนียม,Gold Titanium,#E2D2B4,อะลูมิเนียม GPS + Cellular,42mm,"GPS หรือ GPS + Cellular (4G LTE), Wi-Fi 4 (802.11n), Bluetooth 5.3, ชิป Ultra Wideband รุ่นที่ 2",ชิป S10 SiP พร้อมโปรเซสเซอร์แบบ 64-bit 2-core และ Neural Engine แบบ 4-core,42.0 x 36.0 x 9.7 มม.,30.0 กรัม (อะลูมิเนียม) / 34.4 กรัม (ไทเทเนียม),"จอภาพ OLED แบบ Wide-angle ที่มุมมองกว้างขึ้น สว่างขึ้นเมื่อมองจากมุมเฉียงสูงสุด 40%, ความสว่างสูงสุด 2,000 นิต, หนาเพียง 9.7 มม. (บางลง 10%)",ไม่มีในตัว (รองรับรีโมทควบคุมกล้อง iPhone),"ใช้งานได้นานสูงสุด 18 ชั่วโมง (โหมดประหยัดพลังงานสูงสุด 36 ชั่วโมง), ชาร์จเร็ว 80% ได้ในเวลาเพียง 30 นาที","ตัวเรือน Apple Watch Series 10 (42 มม.), สายนาฬิกาตามแบบที่เลือก, สายชาร์จเร็วแบบแม่เหล็กเป็น USB-C (1 ม.)",มีให้เลือกทั้งอะลูมิเนียมขัดเงา (ดำเจ็ทแบล็ค) หรือไทเทเนียมเกรดอากาศยานขัดเงา กระจกหน้าจอ Sapphire Crystal,18900,"฿18,900",https://store.storeimages.cdn-apple.com/1/as-images.apple.com/is/watch-case-42-titanium-gold-cell-s10?wid=2560&hei=2560&fmt=jpeg&qlt=95,https://store.storeimages.cdn-apple.com/1/as-images.apple.com/is/watch-case-42-titanium-gold-cell-s10?wid=2048&hei=2048&fmt=png-alpha,data/images/watch/apple-watch-series-10/gold.jpg,data/images/watch/apple-watch-series-10/gold/hero.png,https://www.apple.com/th/shop/buy-watch/apple-watch,https://www.apple.com/th/apple-watch-series-10/specs/,https://www.apple.com/th/apple-watch-series-10/
TH-APPLEWATCHS1042-GOLD-TIGPSCEL-935E,TH-APPLEWATCHS1042-GOLD-TIGPSCEL-935E,apple-watch-s10-42,Apple Watch Series 10 (42 มม.),watch,apple-watch-series-10,Apple Watch Series 10,Apple Watch Series 10 (42 มม.) ไทเทเนียม GPS + Cellular สีทองไทเทเนียม (Gold Titanium),gold,ทองไทเทเนียม,Gold Titanium,#E2D2B4,ไทเทเนียม GPS + Cellular,42mm,"GPS หรือ GPS + Cellular (4G LTE), Wi-Fi 4 (802.11n), Bluetooth 5.3, ชิป Ultra Wideband รุ่นที่ 2",ชิป S10 SiP พร้อมโปรเซสเซอร์แบบ 64-bit 2-core และ Neural Engine แบบ 4-core,42.0 x 36.0 x 9.7 มม.,30.0 กรัม (อะลูมิเนียม) / 34.4 กรัม (ไทเทเนียม),"จอภาพ OLED แบบ Wide-angle ที่มุมมองกว้างขึ้น สว่างขึ้นเมื่อมองจากมุมเฉียงสูงสุด 40%, ความสว่างสูงสุด 2,000 นิต, หนาเพียง 9.7 มม. (บางลง 10%)",ไม่มีในตัว (รองรับรีโมทควบคุมกล้อง iPhone),"ใช้งานได้นานสูงสุด 18 ชั่วโมง (โหมดประหยัดพลังงานสูงสุด 36 ชั่วโมง), ชาร์จเร็ว 80% ได้ในเวลาเพียง 30 นาที","ตัวเรือน Apple Watch Series 10 (42 มม.), สายนาฬิกาตามแบบที่เลือก, สายชาร์จเร็วแบบแม่เหล็กเป็น USB-C (1 ม.)",มีให้เลือกทั้งอะลูมิเนียมขัดเงา (ดำเจ็ทแบล็ค) หรือไทเทเนียมเกรดอากาศยานขัดเงา กระจกหน้าจอ Sapphire Crystal,25900,"฿25,900",https://store.storeimages.cdn-apple.com/1/as-images.apple.com/is/watch-case-42-titanium-gold-cell-s10?wid=2560&hei=2560&fmt=jpeg&qlt=95,https://store.storeimages.cdn-apple.com/1/as-images.apple.com/is/watch-case-42-titanium-gold-cell-s10?wid=2048&hei=2048&fmt=png-alpha,data/images/watch/apple-watch-series-10/gold.jpg,data/images/watch/apple-watch-series-10/gold/hero.png,https://www.apple.com/th/shop/buy-watch/apple-watch,https://www.apple.com/th/apple-watch-series-10/specs/,https://www.apple.com/th/apple-watch-series-10/
TH-APPLEWATCHS1042-SLATE-ALUGPS-C97D,TH-APPLEWATCHS1042-SLATE-ALUGPS-C97D,apple-watch-s10-42,Apple Watch Series 10 (42 มม.),watch,apple-watch-series-10,Apple Watch Series 10,Apple Watch Series 10 (42 มม.) อะลูมิเนียม GPS สีเทาสเลทไทเทเนียม (Slate Titanium),slate,เทาสเลทไทเทเนียม,Slate Titanium,#43464B,อะลูมิเนียม GPS,42mm,"GPS หรือ GPS + Cellular (4G LTE), Wi-Fi 4 (802.11n), Bluetooth 5.3, ชิป Ultra Wideband รุ่นที่ 2",ชิป S10 SiP พร้อมโปรเซสเซอร์แบบ 64-bit 2-core และ Neural Engine แบบ 4-core,42.0 x 36.0 x 9.7 มม.,30.0 กรัม (อะลูมิเนียม) / 34.4 กรัม (ไทเทเนียม),"จอภาพ OLED แบบ Wide-angle ที่มุมมองกว้างขึ้น สว่างขึ้นเมื่อมองจากมุมเฉียงสูงสุด 40%, ความสว่างสูงสุด 2,000 นิต, หนาเพียง 9.7 มม. (บางลง 10%)",ไม่มีในตัว (รองรับรีโมทควบคุมกล้อง iPhone),"ใช้งานได้นานสูงสุด 18 ชั่วโมง (โหมดประหยัดพลังงานสูงสุด 36 ชั่วโมง), ชาร์จเร็ว 80% ได้ในเวลาเพียง 30 นาที","ตัวเรือน Apple Watch Series 10 (42 มม.), สายนาฬิกาตามแบบที่เลือก, สายชาร์จเร็วแบบแม่เหล็กเป็น USB-C (1 ม.)",มีให้เลือกทั้งอะลูมิเนียมขัดเงา (ดำเจ็ทแบล็ค) หรือไทเทเนียมเกรดอากาศยานขัดเงา กระจกหน้าจอ Sapphire Crystal,14900,"฿14,900",https://store.storeimages.cdn-apple.com/1/as-images.apple.com/is/watch-case-42-titanium-slate-cell-s10?wid=2560&hei=2560&fmt=jpeg&qlt=95,https://store.storeimages.cdn-apple.com/1/as-images.apple.com/is/watch-case-42-titanium-slate-cell-s10?wid=2048&hei=2048&fmt=png-alpha,data/images/watch/apple-watch-series-10/slate.jpg,data/images/watch/apple-watch-series-10/slate/hero.png,https://www.apple.com/th/shop/buy-watch/apple-watch,https://www.apple.com/th/apple-watch-series-10/specs/,https://www.apple.com/th/apple-watch-series-10/
TH-APPLEWATCHS1042-SLATE-ALUGPSCE-1EB4,TH-APPLEWATCHS1042-SLATE-ALUGPSCE-1EB4,apple-watch-s10-42,Apple Watch Series 10 (42 มม.),watch,apple-watch-series-10,Apple Watch Series 10,Apple Watch Series 10 (42 มม.) อะลูมิเนียม GPS + Cellular สีเทาสเลทไทเทเนียม (Slate Titanium),slate,เทาสเลทไทเทเนียม,Slate Titanium,#43464B,อะลูมิเนียม GPS + Cellular,42mm,"GPS หรือ GPS + Cellular (4G LTE), Wi-Fi 4 (802.11n), Bluetooth 5.3, ชิป Ultra Wideband รุ่นที่ 2",ชิป S10 SiP พร้อมโปรเซสเซอร์แบบ 64-bit 2-core และ Neural Engine แบบ 4-core,42.0 x 36.0 x 9.7 มม.,30.0 กรัม (อะลูมิเนียม) / 34.4 กรัม (ไทเทเนียม),"จอภาพ OLED แบบ Wide-angle ที่มุมมองกว้างขึ้น สว่างขึ้นเมื่อมองจากมุมเฉียงสูงสุด 40%, ความสว่างสูงสุด 2,000 นิต, หนาเพียง 9.7 มม. (บางลง 10%)",ไม่มีในตัว (รองรับรีโมทควบคุมกล้อง iPhone),"ใช้งานได้นานสูงสุด 18 ชั่วโมง (โหมดประหยัดพลังงานสูงสุด 36 ชั่วโมง), ชาร์จเร็ว 80% ได้ในเวลาเพียง 30 นาที","ตัวเรือน Apple Watch Series 10 (42 มม.), สายนาฬิกาตามแบบที่เลือก, สายชาร์จเร็วแบบแม่เหล็กเป็น USB-C (1 ม.)",มีให้เลือกทั้งอะลูมิเนียมขัดเงา (ดำเจ็ทแบล็ค) หรือไทเทเนียมเกรดอากาศยานขัดเงา กระจกหน้าจอ Sapphire Crystal,18900,"฿18,900",https://store.storeimages.cdn-apple.com/1/as-images.apple.com/is/watch-case-42-titanium-slate-cell-s10?wid=2560&hei=2560&fmt=jpeg&qlt=95,https://store.storeimages.cdn-apple.com/1/as-images.apple.com/is/watch-case-42-titanium-slate-cell-s10?wid=2048&hei=2048&fmt=png-alpha,data/images/watch/apple-watch-series-10/slate.jpg,data/images/watch/apple-watch-series-10/slate/hero.png,https://www.apple.com/th/shop/buy-watch/apple-watch,https://www.apple.com/th/apple-watch-series-10/specs/,https://www.apple.com/th/apple-watch-series-10/
TH-APPLEWATCHS1042-SLATE-TIGPSCEL-51BE,TH-APPLEWATCHS1042-SLATE-TIGPSCEL-51BE,apple-watch-s10-42,Apple Watch Series 10 (42 มม.),watch,apple-watch-series-10,Apple Watch Series 10,Apple Watch Series 10 (42 มม.) ไทเทเนียม GPS + Cellular สีเทาสเลทไทเทเนียม (Slate Titanium),slate,เทาสเลทไทเทเนียม,Slate Titanium,#43464B,ไทเทเนียม GPS + Cellular,42mm,"GPS หรือ GPS + Cellular (4G LTE), Wi-Fi 4 (802.11n), Bluetooth 5.3, ชิป Ultra Wideband รุ่นที่ 2",ชิป S10 SiP พร้อมโปรเซสเซอร์แบบ 64-bit 2-core และ Neural Engine แบบ 4-core,42.0 x 36.0 x 9.7 มม.,30.0 กรัม (อะลูมิเนียม) / 34.4 กรัม (ไทเทเนียม),"จอภาพ OLED แบบ Wide-angle ที่มุมมองกว้างขึ้น สว่างขึ้นเมื่อมองจากมุมเฉียงสูงสุด 40%, ความสว่างสูงสุด 2,000 นิต, หนาเพียง 9.7 มม. (บางลง 10%)",ไม่มีในตัว (รองรับรีโมทควบคุมกล้อง iPhone),"ใช้งานได้นานสูงสุด 18 ชั่วโมง (โหมดประหยัดพลังงานสูงสุด 36 ชั่วโมง), ชาร์จเร็ว 80% ได้ในเวลาเพียง 30 นาที","ตัวเรือน Apple Watch Series 10 (42 มม.), สายนาฬิกาตามแบบที่เลือก, สายชาร์จเร็วแบบแม่เหล็กเป็น USB-C (1 ม.)",มีให้เลือกทั้งอะลูมิเนียมขัดเงา (ดำเจ็ทแบล็ค) หรือไทเทเนียมเกรดอากาศยานขัดเงา กระจกหน้าจอ Sapphire Crystal,25900,"฿25,900",https://store.storeimages.cdn-apple.com/1/as-images.apple.com/is/watch-case-42-titanium-slate-cell-s10?wid=2560&hei=2560&fmt=jpeg&qlt=95,https://store.storeimages.cdn-apple.com/1/as-images.apple.com/is/watch-case-42-titanium-slate-cell-s10?wid=2048&hei=2048&fmt=png-alpha,data/images/watch/apple-watch-series-10/slate.jpg,data/images/watch/apple-watch-series-10/slate/hero.png,https://www.apple.com/th/shop/buy-watch/apple-watch,https://www.apple.com/th/apple-watch-series-10/specs/,https://www.apple.com/th/apple-watch-series-10/
TH-APPLEWATCHS1046-JETBLACK-ALUGPS-2B6B,TH-APPLEWATCHS1046-JETBLACK-ALUGPS-2B6B,apple-watch-s10-46,Apple Watch Series 10 (46 มม.),watch,apple-watch-series-10,Apple Watch Series 10,Apple Watch Series 10 (46 มม.) อะลูมิเนียม GPS สีดำเจ็ทแบล็ค (Jet Black),jet-black,ดำเจ็ทแบล็ค,Jet Black,#0F0F10,อะลูมิเนียม GPS,46mm,"GPS หรือ GPS + Cellular, Wi-Fi, Bluetooth 5.3, Ultra Wideband 2",ชิป S10 SiP พร้อม Neural Engine แบบ 4-core,46.0 x 39.0 x 9.7 มม.,36.4 กรัม (อะลูมิเนียม) / 41.7 กรัม (ไทเทเนียม),"จอภาพ OLED แบบ Wide-angle พื้นที่หน้าจอใหญ่กว่า Series 6 ถึงเกือบ 30%, ความสว่างสูงสุด 2,000 นิต",ไม่มีในตัว (รองรับรีโมทควบคุมกล้อง iPhone),"ใช้งานปกติสูงสุด 18 ชั่วโมง (โหมดประหยัดพลังงานสูงสุด 36 ชั่วโมง), ชาร์จเร็ว 80% ใน 30 นาที","ตัวเรือน Apple Watch Series 10 (46 มม.), สายนาฬิกา, สายชาร์จเร็วแบบแม่เหล็กเป็น USB-C (1 ม.)",ตัวเรือนอะลูมิเนียม หรือไทเทเนียมเกรด 5 พร้อมหน้าปัดกระจกแซฟไฟร์,15900,"฿15,900",https://store.storeimages.cdn-apple.com/1/as-images.apple.com/is/watch-case-42-aluminum-jetblack-nc-s10?wid=2560&hei=2560&fmt=jpeg&qlt=95,https://store.storeimages.cdn-apple.com/1/as-images.apple.com/is/watch-case-42-aluminum-jetblack-nc-s10?wid=2048&hei=2048&fmt=png-alpha,data/images/watch/apple-watch-series-10/jet-black.jpg,data/images/watch/apple-watch-series-10/jet-black/hero.png,https://www.apple.com/th/shop/buy-watch/apple-watch,https://www.apple.com/th/apple-watch-series-10/specs/,https://www.apple.com/th/apple-watch-series-10/
TH-APPLEWATCHS1046-JETBLACK-ALUGPSCE-008C,TH-APPLEWATCHS1046-JETBLACK-ALUGPSCE-008C,apple-watch-s10-46,Apple Watch Series 10 (46 มม.),watch,apple-watch-series-10,Apple Watch Series 10,Apple Watch Series 10 (46 มม.) อะลูมิเนียม GPS + Cellular สีดำเจ็ทแบล็ค (Jet Black),jet-black,ดำเจ็ทแบล็ค,Jet Black,#0F0F10,อะลูมิเนียม GPS + Cellular,46mm,"GPS หรือ GPS + Cellular, Wi-Fi, Bluetooth 5.3, Ultra Wideband 2",ชิป S10 SiP พร้อม Neural Engine แบบ 4-core,46.0 x 39.0 x 9.7 มม.,36.4 กรัม (อะลูมิเนียม) / 41.7 กรัม (ไทเทเนียม),"จอภาพ OLED แบบ Wide-angle พื้นที่หน้าจอใหญ่กว่า Series 6 ถึงเกือบ 30%, ความสว่างสูงสุด 2,000 นิต",ไม่มีในตัว (รองรับรีโมทควบคุมกล้อง iPhone),"ใช้งานปกติสูงสุด 18 ชั่วโมง (โหมดประหยัดพลังงานสูงสุด 36 ชั่วโมง), ชาร์จเร็ว 80% ใน 30 นาที","ตัวเรือน Apple Watch Series 10 (46 มม.), สายนาฬิกา, สายชาร์จเร็วแบบแม่เหล็กเป็น USB-C (1 ม.)",ตัวเรือนอะลูมิเนียม หรือไทเทเนียมเกรด 5 พร้อมหน้าปัดกระจกแซฟไฟร์,19900,"฿19,900",https://store.storeimages.cdn-apple.com/1/as-images.apple.com/is/watch-case-42-aluminum-jetblack-nc-s10?wid=2560&hei=2560&fmt=jpeg&qlt=95,https://store.storeimages.cdn-apple.com/1/as-images.apple.com/is/watch-case-42-aluminum-jetblack-nc-s10?wid=2048&hei=2048&fmt=png-alpha,data/images/watch/apple-watch-series-10/jet-black.jpg,data/images/watch/apple-watch-series-10/jet-black/hero.png,https://www.apple.com/th/shop/buy-watch/apple-watch,https://www.apple.com/th/apple-watch-series-10/specs/,https://www.apple.com/th/apple-watch-series-10/
TH-APPLEWATCHS1046-JETBLACK-TIGPSCEL-FA52,TH-APPLEWATCHS1046-JETBLACK-TIGPSCEL-FA52,apple-watch-s10-46,Apple Watch Series 10 (46 มม.),watch,apple-watch-series-10,Apple Watch Series 10,Apple Watch Series 10 (46 มม.) ไทเทเนียม GPS + Cellular สีดำเจ็ทแบล็ค (Jet Black),jet-black,ดำเจ็ทแบล็ค,Jet Black,#0F0F10,ไทเทเนียม GPS + Cellular,46mm,"GPS หรือ GPS + Cellular, Wi-Fi, Bluetooth 5.3, Ultra Wideband 2",ชิป S10 SiP พร้อม Neural Engine แบบ 4-core,46.0 x 39.0 x 9.7 มม.,36.4 กรัม (อะลูมิเนียม) / 41.7 กรัม (ไทเทเนียม),"จอภาพ OLED แบบ Wide-angle พื้นที่หน้าจอใหญ่กว่า Series 6 ถึงเกือบ 30%, ความสว่างสูงสุด 2,000 นิต",ไม่มีในตัว (รองรับรีโมทควบคุมกล้อง iPhone),"ใช้งานปกติสูงสุด 18 ชั่วโมง (โหมดประหยัดพลังงานสูงสุด 36 ชั่วโมง), ชาร์จเร็ว 80% ใน 30 นาที","ตัวเรือน Apple Watch Series 10 (46 มม.), สายนาฬิกา, สายชาร์จเร็วแบบแม่เหล็กเป็น USB-C (1 ม.)",ตัวเรือนอะลูมิเนียม หรือไทเทเนียมเกรด 5 พร้อมหน้าปัดกระจกแซฟไฟร์,27900,"฿27,900",https://store.storeimages.cdn-apple.com/1/as-images.apple.com/is/watch-case-42-aluminum-jetblack-nc-s10?wid=2560&hei=2560&fmt=jpeg&qlt=95,https://store.storeimages.cdn-apple.com/1/as-images.apple.com/is/watch-case-42-aluminum-jetblack-nc-s10?wid=2048&hei=2048&fmt=png-alpha,data/images/watch/apple-watch-series-10/jet-black.jpg,data/images/watch/apple-watch-series-10/jet-black/hero.png,https://www.apple.com/th/shop/buy-watch/apple-watch,https://www.apple.com/th/apple-watch-series-10/specs/,https://www.apple.com/th/apple-watch-series-10/
TH-APPLEWATCHS1046-ROSEGOLD-ALUGPS-714F,TH-APPLEWATCHS1046-ROSEGOLD-ALUGPS-714F,apple-watch-s10-46,Apple Watch Series 10 (46 มม.),watch,apple-watch-series-10,Apple Watch Series 10,Apple Watch Series 10 (46 มม.) อะลูมิเนียม GPS สีโรสโกลด์ (Rose Gold),rose-gold,โรสโกลด์,Rose Gold,#E0A39A,อะลูมิเนียม GPS,46mm,"GPS หรือ GPS + Cellular, Wi-Fi, Bluetooth 5.3, Ultra Wideband 2",ชิป S10 SiP พร้อม Neural Engine แบบ 4-core,46.0 x 39.0 x 9.7 มม.,36.4 กรัม (อะลูมิเนียม) / 41.7 กรัม (ไทเทเนียม),"จอภาพ OLED แบบ Wide-angle พื้นที่หน้าจอใหญ่กว่า Series 6 ถึงเกือบ 30%, ความสว่างสูงสุด 2,000 นิต",ไม่มีในตัว (รองรับรีโมทควบคุมกล้อง iPhone),"ใช้งานปกติสูงสุด 18 ชั่วโมง (โหมดประหยัดพลังงานสูงสุด 36 ชั่วโมง), ชาร์จเร็ว 80% ใน 30 นาที","ตัวเรือน Apple Watch Series 10 (46 มม.), สายนาฬิกา, สายชาร์จเร็วแบบแม่เหล็กเป็น USB-C (1 ม.)",ตัวเรือนอะลูมิเนียม หรือไทเทเนียมเกรด 5 พร้อมหน้าปัดกระจกแซฟไฟร์,15900,"฿15,900",https://store.storeimages.cdn-apple.com/1/as-images.apple.com/is/watch-case-42-aluminum-rosegold-nc-s10?wid=2560&hei=2560&fmt=jpeg&qlt=95,https://store.storeimages.cdn-apple.com/1/as-images.apple.com/is/watch-case-42-aluminum-rosegold-nc-s10?wid=2048&hei=2048&fmt=png-alpha,data/images/watch/apple-watch-series-10/rose-gold.jpg,data/images/watch/apple-watch-series-10/rose-gold/hero.png,https://www.apple.com/th/shop/buy-watch/apple-watch,https://www.apple.com/th/apple-watch-series-10/specs/,https://www.apple.com/th/apple-watch-series-10/
TH-APPLEWATCHS1046-ROSEGOLD-ALUGPSCE-2B94,TH-APPLEWATCHS1046-ROSEGOLD-ALUGPSCE-2B94,apple-watch-s10-46,Apple Watch Series 10 (46 มม.),watch,apple-watch-series-10,Apple Watch Series 10,Apple Watch Series 10 (46 มม.) อะลูมิเนียม GPS + Cellular สีโรสโกลด์ (Rose Gold),rose-gold,โรสโกลด์,Rose Gold,#E0A39A,อะลูมิเนียม GPS + Cellular,46mm,"GPS หรือ GPS + Cellular, Wi-Fi, Bluetooth 5.3, Ultra Wideband 2",ชิป S10 SiP พร้อม Neural Engine แบบ 4-core,46.0 x 39.0 x 9.7 มม.,36.4 กรัม (อะลูมิเนียม) / 41.7 กรัม (ไทเทเนียม),"จอภาพ OLED แบบ Wide-angle พื้นที่หน้าจอใหญ่กว่า Series 6 ถึงเกือบ 30%, ความสว่างสูงสุด 2,000 นิต",ไม่มีในตัว (รองรับรีโมทควบคุมกล้อง iPhone),"ใช้งานปกติสูงสุด 18 ชั่วโมง (โหมดประหยัดพลังงานสูงสุด 36 ชั่วโมง), ชาร์จเร็ว 80% ใน 30 นาที","ตัวเรือน Apple Watch Series 10 (46 มม.), สายนาฬิกา, สายชาร์จเร็วแบบแม่เหล็กเป็น USB-C (1 ม.)",ตัวเรือนอะลูมิเนียม หรือไทเทเนียมเกรด 5 พร้อมหน้าปัดกระจกแซฟไฟร์,19900,"฿19,900",https://store.storeimages.cdn-apple.com/1/as-images.apple.com/is/watch-case-42-aluminum-rosegold-nc-s10?wid=2560&hei=2560&fmt=jpeg&qlt=95,https://store.storeimages.cdn-apple.com/1/as-images.apple.com/is/watch-case-42-aluminum-rosegold-nc-s10?wid=2048&hei=2048&fmt=png-alpha,data/images/watch/apple-watch-series-10/rose-gold.jpg,data/images/watch/apple-watch-series-10/rose-gold/hero.png,https://www.apple.com/th/shop/buy-watch/apple-watch,https://www.apple.com/th/apple-watch-series-10/specs/,https://www.apple.com/th/apple-watch-series-10/
TH-APPLEWATCHS1046-ROSEGOLD-TIGPSCEL-001E,TH-APPLEWATCHS1046-ROSEGOLD-TIGPSCEL-001E,apple-watch-s10-46,Apple Watch Series 10 (46 มม.),watch,apple-watch-series-10,Apple Watch Series 10,Apple Watch Series 10 (46 มม.) ไทเทเนียม GPS + Cellular สีโรสโกลด์ (Rose Gold),rose-gold,โรสโกลด์,Rose Gold,#E0A39A,ไทเทเนียม GPS + Cellular,46mm,"GPS หรือ GPS + Cellular, Wi-Fi, Bluetooth 5.3, Ultra Wideband 2",ชิป S10 SiP พร้อม Neural Engine แบบ 4-core,46.0 x 39.0 x 9.7 มม.,36.4 กรัม (อะลูมิเนียม) / 41.7 กรัม (ไทเทเนียม),"จอภาพ OLED แบบ Wide-angle พื้นที่หน้าจอใหญ่กว่า Series 6 ถึงเกือบ 30%, ความสว่างสูงสุด 2,000 นิต",ไม่มีในตัว (รองรับรีโมทควบคุมกล้อง iPhone),"ใช้งานปกติสูงสุด 18 ชั่วโมง (โหมดประหยัดพลังงานสูงสุด 36 ชั่วโมง), ชาร์จเร็ว 80% ใน 30 นาที","ตัวเรือน Apple Watch Series 10 (46 มม.), สายนาฬิกา, สายชาร์จเร็วแบบแม่เหล็กเป็น USB-C (1 ม.)",ตัวเรือนอะลูมิเนียม หรือไทเทเนียมเกรด 5 พร้อมหน้าปัดกระจกแซฟไฟร์,27900,"฿27,900",https://store.storeimages.cdn-apple.com/1/as-images.apple.com/is/watch-case-42-aluminum-rosegold-nc-s10?wid=2560&hei=2560&fmt=jpeg&qlt=95,https://store.storeimages.cdn-apple.com/1/as-images.apple.com/is/watch-case-42-aluminum-rosegold-nc-s10?wid=2048&hei=2048&fmt=png-alpha,data/images/watch/apple-watch-series-10/rose-gold.jpg,data/images/watch/apple-watch-series-10/rose-gold/hero.png,https://www.apple.com/th/shop/buy-watch/apple-watch,https://www.apple.com/th/apple-watch-series-10/specs/,https://www.apple.com/th/apple-watch-series-10/
TH-APPLEWATCHS1046-SILVER-ALUGPS-2E08,TH-APPLEWATCHS1046-SILVER-ALUGPS-2E08,apple-watch-s10-46,Apple Watch Series 10 (46 มม.),watch,apple-watch-series-10,Apple Watch Series 10,Apple Watch Series 10 (46 มม.) อะลูมิเนียม GPS สีเงิน (Silver),silver,เงิน,Silver,#E3E4E5,อะลูมิเนียม GPS,46mm,"GPS หรือ GPS + Cellular, Wi-Fi, Bluetooth 5.3, Ultra Wideband 2",ชิป S10 SiP พร้อม Neural Engine แบบ 4-core,46.0 x 39.0 x 9.7 มม.,36.4 กรัม (อะลูมิเนียม) / 41.7 กรัม (ไทเทเนียม),"จอภาพ OLED แบบ Wide-angle พื้นที่หน้าจอใหญ่กว่า Series 6 ถึงเกือบ 30%, ความสว่างสูงสุด 2,000 นิต",ไม่มีในตัว (รองรับรีโมทควบคุมกล้อง iPhone),"ใช้งานปกติสูงสุด 18 ชั่วโมง (โหมดประหยัดพลังงานสูงสุด 36 ชั่วโมง), ชาร์จเร็ว 80% ใน 30 นาที","ตัวเรือน Apple Watch Series 10 (46 มม.), สายนาฬิกา, สายชาร์จเร็วแบบแม่เหล็กเป็น USB-C (1 ม.)",ตัวเรือนอะลูมิเนียม หรือไทเทเนียมเกรด 5 พร้อมหน้าปัดกระจกแซฟไฟร์,15900,"฿15,900",https://store.storeimages.cdn-apple.com/1/as-images.apple.com/is/watch-case-42-aluminum-silver-nc-s10?wid=2560&hei=2560&fmt=jpeg&qlt=95,https://store.storeimages.cdn-apple.com/1/as-images.apple.com/is/watch-case-42-aluminum-silver-nc-s10?wid=2048&hei=2048&fmt=png-alpha,data/images/watch/apple-watch-series-10/silver.jpg,data/images/watch/apple-watch-series-10/silver/hero.png,https://www.apple.com/th/shop/buy-watch/apple-watch,https://www.apple.com/th/apple-watch-series-10/specs/,https://www.apple.com/th/apple-watch-series-10/
TH-APPLEWATCHS1046-SILVER-ALUGPSCE-8FB4,TH-APPLEWATCHS1046-SILVER-ALUGPSCE-8FB4,apple-watch-s10-46,Apple Watch Series 10 (46 มม.),watch,apple-watch-series-10,Apple Watch Series 10,Apple Watch Series 10 (46 มม.) อะลูมิเนียม GPS + Cellular สีเงิน (Silver),silver,เงิน,Silver,#E3E4E5,อะลูมิเนียม GPS + Cellular,46mm,"GPS หรือ GPS + Cellular, Wi-Fi, Bluetooth 5.3, Ultra Wideband 2",ชิป S10 SiP พร้อม Neural Engine แบบ 4-core,46.0 x 39.0 x 9.7 มม.,36.4 กรัม (อะลูมิเนียม) / 41.7 กรัม (ไทเทเนียม),"จอภาพ OLED แบบ Wide-angle พื้นที่หน้าจอใหญ่กว่า Series 6 ถึงเกือบ 30%, ความสว่างสูงสุด 2,000 นิต",ไม่มีในตัว (รองรับรีโมทควบคุมกล้อง iPhone),"ใช้งานปกติสูงสุด 18 ชั่วโมง (โหมดประหยัดพลังงานสูงสุด 36 ชั่วโมง), ชาร์จเร็ว 80% ใน 30 นาที","ตัวเรือน Apple Watch Series 10 (46 มม.), สายนาฬิกา, สายชาร์จเร็วแบบแม่เหล็กเป็น USB-C (1 ม.)",ตัวเรือนอะลูมิเนียม หรือไทเทเนียมเกรด 5 พร้อมหน้าปัดกระจกแซฟไฟร์,19900,"฿19,900",https://store.storeimages.cdn-apple.com/1/as-images.apple.com/is/watch-case-42-aluminum-silver-nc-s10?wid=2560&hei=2560&fmt=jpeg&qlt=95,https://store.storeimages.cdn-apple.com/1/as-images.apple.com/is/watch-case-42-aluminum-silver-nc-s10?wid=2048&hei=2048&fmt=png-alpha,data/images/watch/apple-watch-series-10/silver.jpg,data/images/watch/apple-watch-series-10/silver/hero.png,https://www.apple.com/th/shop/buy-watch/apple-watch,https://www.apple.com/th/apple-watch-series-10/specs/,https://www.apple.com/th/apple-watch-series-10/
TH-APPLEWATCHS1046-SILVER-TIGPSCEL-B5E6,TH-APPLEWATCHS1046-SILVER-TIGPSCEL-B5E6,apple-watch-s10-46,Apple Watch Series 10 (46 มม.),watch,apple-watch-series-10,Apple Watch Series 10,Apple Watch Series 10 (46 มม.) ไทเทเนียม GPS + Cellular สีเงิน (Silver),silver,เงิน,Silver,#E3E4E5,ไทเทเนียม GPS + Cellular,46mm,"GPS หรือ GPS + Cellular, Wi-Fi, Bluetooth 5.3, Ultra Wideband 2",ชิป S10 SiP พร้อม Neural Engine แบบ 4-core,46.0 x 39.0 x 9.7 มม.,36.4 กรัม (อะลูมิเนียม) / 41.7 กรัม (ไทเทเนียม),"จอภาพ OLED แบบ Wide-angle พื้นที่หน้าจอใหญ่กว่า Series 6 ถึงเกือบ 30%, ความสว่างสูงสุด 2,000 นิต",ไม่มีในตัว (รองรับรีโมทควบคุมกล้อง iPhone),"ใช้งานปกติสูงสุด 18 ชั่วโมง (โหมดประหยัดพลังงานสูงสุด 36 ชั่วโมง), ชาร์จเร็ว 80% ใน 30 นาที","ตัวเรือน Apple Watch Series 10 (46 มม.), สายนาฬิกา, สายชาร์จเร็วแบบแม่เหล็กเป็น USB-C (1 ม.)",ตัวเรือนอะลูมิเนียม หรือไทเทเนียมเกรด 5 พร้อมหน้าปัดกระจกแซฟไฟร์,27900,"฿27,900",https://store.storeimages.cdn-apple.com/1/as-images.apple.com/is/watch-case-42-aluminum-silver-nc-s10?wid=2560&hei=2560&fmt=jpeg&qlt=95,https://store.storeimages.cdn-apple.com/1/as-images.apple.com/is/watch-case-42-aluminum-silver-nc-s10?wid=2048&hei=2048&fmt=png-alpha,data/images/watch/apple-watch-series-10/silver.jpg,data/images/watch/apple-watch-series-10/silver/hero.png,https://www.apple.com/th/shop/buy-watch/apple-watch,https://www.apple.com/th/apple-watch-series-10/specs/,https://www.apple.com/th/apple-watch-series-10/
TH-APPLEWATCHS1046-NATURALTITANIUM-ALUGPS-8183,TH-APPLEWATCHS1046-NATURALTITANIUM-ALUGPS-8183,apple-watch-s10-46,Apple Watch Series 10 (46 มม.),watch,apple-watch-series-10,Apple Watch Series 10,Apple Watch Series 10 (46 มม.) อะลูมิเนียม GPS สีไทเทเนียมธรรมชาติ (Natural Titanium),natural-titanium,ไทเทเนียมธรรมชาติ,Natural Titanium,#9A958E,อะลูมิเนียม GPS,46mm,"GPS หรือ GPS + Cellular, Wi-Fi, Bluetooth 5.3, Ultra Wideband 2",ชิป S10 SiP พร้อม Neural Engine แบบ 4-core,46.0 x 39.0 x 9.7 มม.,36.4 กรัม (อะลูมิเนียม) / 41.7 กรัม (ไทเทเนียม),"จอภาพ OLED แบบ Wide-angle พื้นที่หน้าจอใหญ่กว่า Series 6 ถึงเกือบ 30%, ความสว่างสูงสุด 2,000 นิต",ไม่มีในตัว (รองรับรีโมทควบคุมกล้อง iPhone),"ใช้งานปกติสูงสุด 18 ชั่วโมง (โหมดประหยัดพลังงานสูงสุด 36 ชั่วโมง), ชาร์จเร็ว 80% ใน 30 นาที","ตัวเรือน Apple Watch Series 10 (46 มม.), สายนาฬิกา, สายชาร์จเร็วแบบแม่เหล็กเป็น USB-C (1 ม.)",ตัวเรือนอะลูมิเนียม หรือไทเทเนียมเกรด 5 พร้อมหน้าปัดกระจกแซฟไฟร์,15900,"฿15,900",https://store.storeimages.cdn-apple.com/1/as-images.apple.com/is/watch-case-42-titanium-natural-cell-s10?wid=2560&hei=2560&fmt=jpeg&qlt=95,https://store.storeimages.cdn-apple.com/1/as-images.apple.com/is/watch-case-42-titanium-natural-cell-s10?wid=2048&hei=2048&fmt=png-alpha,data/images/watch/apple-watch-series-10/natural-titanium.jpg,data/images/watch/apple-watch-series-10/natural-titanium/hero.png,https://www.apple.com/th/shop/buy-watch/apple-watch,https://www.apple.com/th/apple-watch-series-10/specs/,https://www.apple.com/th/apple-watch-series-10/
TH-APPLEWATCHS1046-NATURALTITANIUM-ALUGPSCE-1C27,TH-APPLEWATCHS1046-NATURALTITANIUM-ALUGPSCE-1C27,apple-watch-s10-46,Apple Watch Series 10 (46 มม.),watch,apple-watch-series-10,Apple Watch Series 10,Apple Watch Series 10 (46 มม.) อะลูมิเนียม GPS + Cellular สีไทเทเนียมธรรมชาติ (Natural Titanium),natural-titanium,ไทเทเนียมธรรมชาติ,Natural Titanium,#9A958E,อะลูมิเนียม GPS + Cellular,46mm,"GPS หรือ GPS + Cellular, Wi-Fi, Bluetooth 5.3, Ultra Wideband 2",ชิป S10 SiP พร้อม Neural Engine แบบ 4-core,46.0 x 39.0 x 9.7 มม.,36.4 กรัม (อะลูมิเนียม) / 41.7 กรัม (ไทเทเนียม),"จอภาพ OLED แบบ Wide-angle พื้นที่หน้าจอใหญ่กว่า Series 6 ถึงเกือบ 30%, ความสว่างสูงสุด 2,000 นิต",ไม่มีในตัว (รองรับรีโมทควบคุมกล้อง iPhone),"ใช้งานปกติสูงสุด 18 ชั่วโมง (โหมดประหยัดพลังงานสูงสุด 36 ชั่วโมง), ชาร์จเร็ว 80% ใน 30 นาที","ตัวเรือน Apple Watch Series 10 (46 มม.), สายนาฬิกา, สายชาร์จเร็วแบบแม่เหล็กเป็น USB-C (1 ม.)",ตัวเรือนอะลูมิเนียม หรือไทเทเนียมเกรด 5 พร้อมหน้าปัดกระจกแซฟไฟร์,19900,"฿19,900",https://store.storeimages.cdn-apple.com/1/as-images.apple.com/is/watch-case-42-titanium-natural-cell-s10?wid=2560&hei=2560&fmt=jpeg&qlt=95,https://store.storeimages.cdn-apple.com/1/as-images.apple.com/is/watch-case-42-titanium-natural-cell-s10?wid=2048&hei=2048&fmt=png-alpha,data/images/watch/apple-watch-series-10/natural-titanium.jpg,data/images/watch/apple-watch-series-10/natural-titanium/hero.png,https://www.apple.com/th/shop/buy-watch/apple-watch,https://www.apple.com/th/apple-watch-series-10/specs/,https://www.apple.com/th/apple-watch-series-10/
TH-APPLEWATCHS1046-NATURALTITANIUM-TIGPSCEL-84DF,TH-APPLEWATCHS1046-NATURALTITANIUM-TIGPSCEL-84DF,apple-watch-s10-46,Apple Watch Series 10 (46 มม.),watch,apple-watch-series-10,Apple Watch Series 10,Apple Watch Series 10 (46 มม.) ไทเทเนียม GPS + Cellular สีไทเทเนียมธรรมชาติ (Natural Titanium),natural-titanium,ไทเทเนียมธรรมชาติ,Natural Titanium,#9A958E,ไทเทเนียม GPS + Cellular,46mm,"GPS หรือ GPS + Cellular, Wi-Fi, Bluetooth 5.3, Ultra Wideband 2",ชิป S10 SiP พร้อม Neural Engine แบบ 4-core,46.0 x 39.0 x 9.7 มม.,36.4 กรัม (อะลูมิเนียม) / 41.7 กรัม (ไทเทเนียม),"จอภาพ OLED แบบ Wide-angle พื้นที่หน้าจอใหญ่กว่า Series 6 ถึงเกือบ 30%, ความสว่างสูงสุด 2,000 นิต",ไม่มีในตัว (รองรับรีโมทควบคุมกล้อง iPhone),"ใช้งานปกติสูงสุด 18 ชั่วโมง (โหมดประหยัดพลังงานสูงสุด 36 ชั่วโมง), ชาร์จเร็ว 80% ใน 30 นาที","ตัวเรือน Apple Watch Series 10 (46 มม.), สายนาฬิกา, สายชาร์จเร็วแบบแม่เหล็กเป็น USB-C (1 ม.)",ตัวเรือนอะลูมิเนียม หรือไทเทเนียมเกรด 5 พร้อมหน้าปัดกระจกแซฟไฟร์,27900,"฿27,900",https://store.storeimages.cdn-apple.com/1/as-images.apple.com/is/watch-case-42-titanium-natural-cell-s10?wid=2560&hei=2560&fmt=jpeg&qlt=95,https://store.storeimages.cdn-apple.com/1/as-images.apple.com/is/watch-case-42-titanium-natural-cell-s10?wid=2048&hei=2048&fmt=png-alpha,data/images/watch/apple-watch-series-10/natural-titanium.jpg,data/images/watch/apple-watch-series-10/natural-titanium/hero.png,https://www.apple.com/th/shop/buy-watch/apple-watch,https://www.apple.com/th/apple-watch-series-10/specs/,https://www.apple.com/th/apple-watch-series-10/
TH-APPLEWATCHS1046-GOLD-ALUGPS-6BA2,TH-APPLEWATCHS1046-GOLD-ALUGPS-6BA2,apple-watch-s10-46,Apple Watch Series 10 (46 มม.),watch,apple-watch-series-10,Apple Watch Series 10,Apple Watch Series 10 (46 มม.) อะลูมิเนียม GPS สีทองไทเทเนียม (Gold Titanium),gold,ทองไทเทเนียม,Gold Titanium,#E2D2B4,อะลูมิเนียม GPS,46mm,"GPS หรือ GPS + Cellular, Wi-Fi, Bluetooth 5.3, Ultra Wideband 2",ชิป S10 SiP พร้อม Neural Engine แบบ 4-core,46.0 x 39.0 x 9.7 มม.,36.4 กรัม (อะลูมิเนียม) / 41.7 กรัม (ไทเทเนียม),"จอภาพ OLED แบบ Wide-angle พื้นที่หน้าจอใหญ่กว่า Series 6 ถึงเกือบ 30%, ความสว่างสูงสุด 2,000 นิต",ไม่มีในตัว (รองรับรีโมทควบคุมกล้อง iPhone),"ใช้งานปกติสูงสุด 18 ชั่วโมง (โหมดประหยัดพลังงานสูงสุด 36 ชั่วโมง), ชาร์จเร็ว 80% ใน 30 นาที","ตัวเรือน Apple Watch Series 10 (46 มม.), สายนาฬิกา, สายชาร์จเร็วแบบแม่เหล็กเป็น USB-C (1 ม.)",ตัวเรือนอะลูมิเนียม หรือไทเทเนียมเกรด 5 พร้อมหน้าปัดกระจกแซฟไฟร์,15900,"฿15,900",https://store.storeimages.cdn-apple.com/1/as-images.apple.com/is/watch-case-42-titanium-gold-cell-s10?wid=2560&hei=2560&fmt=jpeg&qlt=95,https://store.storeimages.cdn-apple.com/1/as-images.apple.com/is/watch-case-42-titanium-gold-cell-s10?wid=2048&hei=2048&fmt=png-alpha,data/images/watch/apple-watch-series-10/gold.jpg,data/images/watch/apple-watch-series-10/gold/hero.png,https://www.apple.com/th/shop/buy-watch/apple-watch,https://www.apple.com/th/apple-watch-series-10/specs/,https://www.apple.com/th/apple-watch-series-10/
TH-APPLEWATCHS1046-GOLD-ALUGPSCE-39F6,TH-APPLEWATCHS1046-GOLD-ALUGPSCE-39F6,apple-watch-s10-46,Apple Watch Series 10 (46 มม.),watch,apple-watch-series-10,Apple Watch Series 10,Apple Watch Series 10 (46 มม.) อะลูมิเนียม GPS + Cellular สีทองไทเทเนียม (Gold Titanium),gold,ทองไทเทเนียม,Gold Titanium,#E2D2B4,อะลูมิเนียม GPS + Cellular,46mm,"GPS หรือ GPS + Cellular, Wi-Fi, Bluetooth 5.3, Ultra Wideband 2",ชิป S10 SiP พร้อม Neural Engine แบบ 4-core,46.0 x 39.0 x 9.7 มม.,36.4 กรัม (อะลูมิเนียม) / 41.7 กรัม (ไทเทเนียม),"จอภาพ OLED แบบ Wide-angle พื้นที่หน้าจอใหญ่กว่า Series 6 ถึงเกือบ 30%, ความสว่างสูงสุด 2,000 นิต",ไม่มีในตัว (รองรับรีโมทควบคุมกล้อง iPhone),"ใช้งานปกติสูงสุด 18 ชั่วโมง (โหมดประหยัดพลังงานสูงสุด 36 ชั่วโมง), ชาร์จเร็ว 80% ใน 30 นาที","ตัวเรือน Apple Watch Series 10 (46 มม.), สายนาฬิกา, สายชาร์จเร็วแบบแม่เหล็กเป็น USB-C (1 ม.)",ตัวเรือนอะลูมิเนียม หรือไทเทเนียมเกรด 5 พร้อมหน้าปัดกระจกแซฟไฟร์,19900,"฿19,900",https://store.storeimages.cdn-apple.com/1/as-images.apple.com/is/watch-case-42-titanium-gold-cell-s10?wid=2560&hei=2560&fmt=jpeg&qlt=95,https://store.storeimages.cdn-apple.com/1/as-images.apple.com/is/watch-case-42-titanium-gold-cell-s10?wid=2048&hei=2048&fmt=png-alpha,data/images/watch/apple-watch-series-10/gold.jpg,data/images/watch/apple-watch-series-10/gold/hero.png,https://www.apple.com/th/shop/buy-watch/apple-watch,https://www.apple.com/th/apple-watch-series-10/specs/,https://www.apple.com/th/apple-watch-series-10/
TH-APPLEWATCHS1046-GOLD-TIGPSCEL-6660,TH-APPLEWATCHS1046-GOLD-TIGPSCEL-6660,apple-watch-s10-46,Apple Watch Series 10 (46 มม.),watch,apple-watch-series-10,Apple Watch Series 10,Apple Watch Series 10 (46 มม.) ไทเทเนียม GPS + Cellular สีทองไทเทเนียม (Gold Titanium),gold,ทองไทเทเนียม,Gold Titanium,#E2D2B4,ไทเทเนียม GPS + Cellular,46mm,"GPS หรือ GPS + Cellular, Wi-Fi, Bluetooth 5.3, Ultra Wideband 2",ชิป S10 SiP พร้อม Neural Engine แบบ 4-core,46.0 x 39.0 x 9.7 มม.,36.4 กรัม (อะลูมิเนียม) / 41.7 กรัม (ไทเทเนียม),"จอภาพ OLED แบบ Wide-angle พื้นที่หน้าจอใหญ่กว่า Series 6 ถึงเกือบ 30%, ความสว่างสูงสุด 2,000 นิต",ไม่มีในตัว (รองรับรีโมทควบคุมกล้อง iPhone),"ใช้งานปกติสูงสุด 18 ชั่วโมง (โหมดประหยัดพลังงานสูงสุด 36 ชั่วโมง), ชาร์จเร็ว 80% ใน 30 นาที","ตัวเรือน Apple Watch Series 10 (46 มม.), สายนาฬิกา, สายชาร์จเร็วแบบแม่เหล็กเป็น USB-C (1 ม.)",ตัวเรือนอะลูมิเนียม หรือไทเทเนียมเกรด 5 พร้อมหน้าปัดกระจกแซฟไฟร์,27900,"฿27,900",https://store.storeimages.cdn-apple.com/1/as-images.apple.com/is/watch-case-42-titanium-gold-cell-s10?wid=2560&hei=2560&fmt=jpeg&qlt=95,https://store.storeimages.cdn-apple.com/1/as-images.apple.com/is/watch-case-42-titanium-gold-cell-s10?wid=2048&hei=2048&fmt=png-alpha,data/images/watch/apple-watch-series-10/gold.jpg,data/images/watch/apple-watch-series-10/gold/hero.png,https://www.apple.com/th/shop/buy-watch/apple-watch,https://www.apple.com/th/apple-watch-series-10/specs/,https://www.apple.com/th/apple-watch-series-10/
TH-APPLEWATCHS1046-SLATE-ALUGPS-1BFC,TH-APPLEWATCHS1046-SLATE-ALUGPS-1BFC,apple-watch-s10-46,Apple Watch Series 10 (46 มม.),watch,apple-watch-series-10,Apple Watch Series 10,Apple Watch Series 10 (46 มม.) อะลูมิเนียม GPS สีเทาสเลทไทเทเนียม (Slate Titanium),slate,เทาสเลทไทเทเนียม,Slate Titanium,#43464B,อะลูมิเนียม GPS,46mm,"GPS หรือ GPS + Cellular, Wi-Fi, Bluetooth 5.3, Ultra Wideband 2",ชิป S10 SiP พร้อม Neural Engine แบบ 4-core,46.0 x 39.0 x 9.7 มม.,36.4 กรัม (อะลูมิเนียม) / 41.7 กรัม (ไทเทเนียม),"จอภาพ OLED แบบ Wide-angle พื้นที่หน้าจอใหญ่กว่า Series 6 ถึงเกือบ 30%, ความสว่างสูงสุด 2,000 นิต",ไม่มีในตัว (รองรับรีโมทควบคุมกล้อง iPhone),"ใช้งานปกติสูงสุด 18 ชั่วโมง (โหมดประหยัดพลังงานสูงสุด 36 ชั่วโมง), ชาร์จเร็ว 80% ใน 30 นาที","ตัวเรือน Apple Watch Series 10 (46 มม.), สายนาฬิกา, สายชาร์จเร็วแบบแม่เหล็กเป็น USB-C (1 ม.)",ตัวเรือนอะลูมิเนียม หรือไทเทเนียมเกรด 5 พร้อมหน้าปัดกระจกแซฟไฟร์,15900,"฿15,900",https://store.storeimages.cdn-apple.com/1/as-images.apple.com/is/watch-case-42-titanium-slate-cell-s10?wid=2560&hei=2560&fmt=jpeg&qlt=95,https://store.storeimages.cdn-apple.com/1/as-images.apple.com/is/watch-case-42-titanium-slate-cell-s10?wid=2048&hei=2048&fmt=png-alpha,data/images/watch/apple-watch-series-10/slate.jpg,data/images/watch/apple-watch-series-10/slate/hero.png,https://www.apple.com/th/shop/buy-watch/apple-watch,https://www.apple.com/th/apple-watch-series-10/specs/,https://www.apple.com/th/apple-watch-series-10/
TH-APPLEWATCHS1046-SLATE-ALUGPSCE-0918,TH-APPLEWATCHS1046-SLATE-ALUGPSCE-0918,apple-watch-s10-46,Apple Watch Series 10 (46 มม.),watch,apple-watch-series-10,Apple Watch Series 10,Apple Watch Series 10 (46 มม.) อะลูมิเนียม GPS + Cellular สีเทาสเลทไทเทเนียม (Slate Titanium),slate,เทาสเลทไทเทเนียม,Slate Titanium,#43464B,อะลูมิเนียม GPS + Cellular,46mm,"GPS หรือ GPS + Cellular, Wi-Fi, Bluetooth 5.3, Ultra Wideband 2",ชิป S10 SiP พร้อม Neural Engine แบบ 4-core,46.0 x 39.0 x 9.7 มม.,36.4 กรัม (อะลูมิเนียม) / 41.7 กรัม (ไทเทเนียม),"จอภาพ OLED แบบ Wide-angle พื้นที่หน้าจอใหญ่กว่า Series 6 ถึงเกือบ 30%, ความสว่างสูงสุด 2,000 นิต",ไม่มีในตัว (รองรับรีโมทควบคุมกล้อง iPhone),"ใช้งานปกติสูงสุด 18 ชั่วโมง (โหมดประหยัดพลังงานสูงสุด 36 ชั่วโมง), ชาร์จเร็ว 80% ใน 30 นาที","ตัวเรือน Apple Watch Series 10 (46 มม.), สายนาฬิกา, สายชาร์จเร็วแบบแม่เหล็กเป็น USB-C (1 ม.)",ตัวเรือนอะลูมิเนียม หรือไทเทเนียมเกรด 5 พร้อมหน้าปัดกระจกแซฟไฟร์,19900,"฿19,900",https://store.storeimages.cdn-apple.com/1/as-images.apple.com/is/watch-case-42-titanium-slate-cell-s10?wid=2560&hei=2560&fmt=jpeg&qlt=95,https://store.storeimages.cdn-apple.com/1/as-images.apple.com/is/watch-case-42-titanium-slate-cell-s10?wid=2048&hei=2048&fmt=png-alpha,data/images/watch/apple-watch-series-10/slate.jpg,data/images/watch/apple-watch-series-10/slate/hero.png,https://www.apple.com/th/shop/buy-watch/apple-watch,https://www.apple.com/th/apple-watch-series-10/specs/,https://www.apple.com/th/apple-watch-series-10/
TH-APPLEWATCHS1046-SLATE-TIGPSCEL-FE54,TH-APPLEWATCHS1046-SLATE-TIGPSCEL-FE54,apple-watch-s10-46,Apple Watch Series 10 (46 มม.),watch,apple-watch-series-10,Apple Watch Series 10,Apple Watch Series 10 (46 มม.) ไทเทเนียม GPS + Cellular สีเทาสเลทไทเทเนียม (Slate Titanium),slate,เทาสเลทไทเทเนียม,Slate Titanium,#43464B,ไทเทเนียม GPS + Cellular,46mm,"GPS หรือ GPS + Cellular, Wi-Fi, Bluetooth 5.3, Ultra Wideband 2",ชิป S10 SiP พร้อม Neural Engine แบบ 4-core,46.0 x 39.0 x 9.7 มม.,36.4 กรัม (อะลูมิเนียม) / 41.7 กรัม (ไทเทเนียม),"จอภาพ OLED แบบ Wide-angle พื้นที่หน้าจอใหญ่กว่า Series 6 ถึงเกือบ 30%, ความสว่างสูงสุด 2,000 นิต",ไม่มีในตัว (รองรับรีโมทควบคุมกล้อง iPhone),"ใช้งานปกติสูงสุด 18 ชั่วโมง (โหมดประหยัดพลังงานสูงสุด 36 ชั่วโมง), ชาร์จเร็ว 80% ใน 30 นาที","ตัวเรือน Apple Watch Series 10 (46 มม.), สายนาฬิกา, สายชาร์จเร็วแบบแม่เหล็กเป็น USB-C (1 ม.)",ตัวเรือนอะลูมิเนียม หรือไทเทเนียมเกรด 5 พร้อมหน้าปัดกระจกแซฟไฟร์,27900,"฿27,900",https://store.storeimages.cdn-apple.com/1/as-images.apple.com/is/watch-case-42-titanium-slate-cell-s10?wid=2560&hei=2560&fmt=jpeg&qlt=95,https://store.storeimages.cdn-apple.com/1/as-images.apple.com/is/watch-case-42-titanium-slate-cell-s10?wid=2048&hei=2048&fmt=png-alpha,data/images/watch/apple-watch-series-10/slate.jpg,data/images/watch/apple-watch-series-10/slate/hero.png,https://www.apple.com/th/shop/buy-watch/apple-watch,https://www.apple.com/th/apple-watch-series-10/specs/,https://www.apple.com/th/apple-watch-series-10/
TH-APPLEWATCHULTRA2-NATURALTITANIUM-TIGPSCEL-7334,TH-APPLEWATCHULTRA2-NATURALTITANIUM-TIGPSCEL-7334,apple-watch-ultra-2,Apple Watch Ultra 2 (49 มม.),watch,apple-watch-ultra-2,Apple Watch Ultra 2,Apple Watch Ultra 2 (49 มม.) ไทเทเนียม GPS + Cellular (Trail Loop) สีไทเทเนียมธรรมชาติ (Natural Titanium),natural-titanium,ไทเทเนียมธรรมชาติ,Natural Titanium,#9A958E,ไทเทเนียม GPS + Cellular (Trail Loop),49mm,"GPS ความถี่คู่ที่มีความแม่นยำสูง (L1 และ L5), GPS + Cellular ในตัวทุกเรือน, Bluetooth 5.3, Ultra Wideband 2, มาตรวัดความลึกพร้อมเซ็นเซอร์วัดอุณหภูมิน้ำ, ไซเรน 86 เดซิเบลได้ยินไกลถึง 180 ม.","ชิป S9 SiP พร้อมโปรเซสเซอร์ 64-bit แบบ 2-core และ Neural Engine แบบ 4-core, คำสั่งนิ้ว 'แตะสองครั้ง' (Double Tap)",49.0 x 44.0 x 14.4 มม.,61.4 กรัม (ไทเทเนียมธรรมชาติ) / 61.8 กรัม (ไทเทเนียมดำ),"จอภาพ Always-On Retina LTPO OLED ความสว่างสูงสุดถึง 3,000 นิต (สว่างที่สุดในบรรดาอุปกรณ์พกพา Apple ทั้งหมด), ความสว่างต่ำสุด 1 นิตในที่มืด, ผลึกแซฟไฟร์แบนเรียบพร้อมขอบยกสูงป้องกันแรงกระแทก",ไม่มีในตัว (รองรับรีโมทควบคุมกล้อง iPhone),"การใช้งานปกติสูงสุด 36 ชั่วโมง, ในโหมดประหยัดพลังงานสูงสุด 72 ชั่วโมง, ใช้งานกิจกรรมกลางแจ้งพร้อม GPS และวัดอัตราการเต้นของหัวใจสูงสุด 17 ชั่วโมง","Apple Watch Ultra 2, สายนาฬิกา (Trail Loop, Alpine Loop, หรือ Ocean Band), สายชาร์จเร็วแบบแม่เหล็กเป็น USB-C แบบถัก (1 ม.)",ตัวเรือนไทเทเนียมเกรดอากาศยาน 95% รีไซเคิล แข็งแกร่ง ทนต่อการกัดกร่อน กันน้ำลึก 100 ม. มาตรฐาน EN13319 สำหรับการดำน้ำลึก 40 ม.,29900,"฿29,900",https://store.storeimages.cdn-apple.com/1/as-images.apple.com/is/watch-case-49-titanium-natural-ultra2?wid=2560&hei=2560&fmt=jpeg&qlt=95,https://store.storeimages.cdn-apple.com/1/as-images.apple.com/is/watch-case-49-titanium-natural-ultra2?wid=2048&hei=2048&fmt=png-alpha,data/images/watch/apple-watch-ultra-2/natural-titanium.jpg,data/images/watch/apple-watch-ultra-2/natural-titanium/hero.png,https://www.apple.com/th/shop/buy-watch/apple-watch-ultra,https://www.apple.com/th/apple-watch-ultra-2/specs/,https://www.apple.com/th/apple-watch-ultra-2/
TH-APPLEWATCHULTRA2-NATURALTITANIUM-TIGPSCEL-7C85,TH-APPLEWATCHULTRA2-NATURALTITANIUM-TIGPSCEL-7C85,apple-watch-ultra-2,Apple Watch Ultra 2 (49 มม.),watch,apple-watch-ultra-2,Apple Watch Ultra 2,Apple Watch Ultra 2 (49 มม.) ไทเทเนียม GPS + Cellular (Alpine Loop) สีไทเทเนียมธรรมชาติ (Natural Titanium),natural-titanium,ไทเทเนียมธรรมชาติ,Natural Titanium,#9A958E,ไทเทเนียม GPS + Cellular (Alpine Loop),49mm,"GPS ความถี่คู่ที่มีความแม่นยำสูง (L1 และ L5), GPS + Cellular ในตัวทุกเรือน, Bluetooth 5.3, Ultra Wideband 2, มาตรวัดความลึกพร้อมเซ็นเซอร์วัดอุณหภูมิน้ำ, ไซเรน 86 เดซิเบลได้ยินไกลถึง 180 ม.","ชิป S9 SiP พร้อมโปรเซสเซอร์ 64-bit แบบ 2-core และ Neural Engine แบบ 4-core, คำสั่งนิ้ว 'แตะสองครั้ง' (Double Tap)",49.0 x 44.0 x 14.4 มม.,61.4 กรัม (ไทเทเนียมธรรมชาติ) / 61.8 กรัม (ไทเทเนียมดำ),"จอภาพ Always-On Retina LTPO OLED ความสว่างสูงสุดถึง 3,000 นิต (สว่างที่สุดในบรรดาอุปกรณ์พกพา Apple ทั้งหมด), ความสว่างต่ำสุด 1 นิตในที่มืด, ผลึกแซฟไฟร์แบนเรียบพร้อมขอบยกสูงป้องกันแรงกระแทก",ไม่มีในตัว (รองรับรีโมทควบคุมกล้อง iPhone),"การใช้งานปกติสูงสุด 36 ชั่วโมง, ในโหมดประหยัดพลังงานสูงสุด 72 ชั่วโมง, ใช้งานกิจกรรมกลางแจ้งพร้อม GPS และวัดอัตราการเต้นของหัวใจสูงสุด 17 ชั่วโมง","Apple Watch Ultra 2, สายนาฬิกา (Trail Loop, Alpine Loop, หรือ Ocean Band), สายชาร์จเร็วแบบแม่เหล็กเป็น USB-C แบบถัก (1 ม.)",ตัวเรือนไทเทเนียมเกรดอากาศยาน 95% รีไซเคิล แข็งแกร่ง ทนต่อการกัดกร่อน กันน้ำลึก 100 ม. มาตรฐาน EN13319 สำหรับการดำน้ำลึก 40 ม.,29900,"฿29,900",https://store.storeimages.cdn-apple.com/1/as-images.apple.com/is/watch-case-49-titanium-natural-ultra2?wid=2560&hei=2560&fmt=jpeg&qlt=95,https://store.storeimages.cdn-apple.com/1/as-images.apple.com/is/watch-case-49-titanium-natural-ultra2?wid=2048&hei=2048&fmt=png-alpha,data/images/watch/apple-watch-ultra-2/natural-titanium.jpg,data/images/watch/apple-watch-ultra-2/natural-titanium/hero.png,https://www.apple.com/th/shop/buy-watch/apple-watch-ultra,https://www.apple.com/th/apple-watch-ultra-2/specs/,https://www.apple.com/th/apple-watch-ultra-2/
TH-APPLEWATCHULTRA2-NATURALTITANIUM-TIGPSCEL-5811,TH-APPLEWATCHULTRA2-NATURALTITANIUM-TIGPSCEL-5811,apple-watch-ultra-2,Apple Watch Ultra 2 (49 มม.),watch,apple-watch-ultra-2,Apple Watch Ultra 2,Apple Watch Ultra 2 (49 มม.) ไทเทเนียม GPS + Cellular (Ocean Band) สีไทเทเนียมธรรมชาติ (Natural Titanium),natural-titanium,ไทเทเนียมธรรมชาติ,Natural Titanium,#9A958E,ไทเทเนียม GPS + Cellular (Ocean Band),49mm,"GPS ความถี่คู่ที่มีความแม่นยำสูง (L1 และ L5), GPS + Cellular ในตัวทุกเรือน, Bluetooth 5.3, Ultra Wideband 2, มาตรวัดความลึกพร้อมเซ็นเซอร์วัดอุณหภูมิน้ำ, ไซเรน 86 เดซิเบลได้ยินไกลถึง 180 ม.","ชิป S9 SiP พร้อมโปรเซสเซอร์ 64-bit แบบ 2-core และ Neural Engine แบบ 4-core, คำสั่งนิ้ว 'แตะสองครั้ง' (Double Tap)",49.0 x 44.0 x 14.4 มม.,61.4 กรัม (ไทเทเนียมธรรมชาติ) / 61.8 กรัม (ไทเทเนียมดำ),"จอภาพ Always-On Retina LTPO OLED ความสว่างสูงสุดถึง 3,000 นิต (สว่างที่สุดในบรรดาอุปกรณ์พกพา Apple ทั้งหมด), ความสว่างต่ำสุด 1 นิตในที่มืด, ผลึกแซฟไฟร์แบนเรียบพร้อมขอบยกสูงป้องกันแรงกระแทก",ไม่มีในตัว (รองรับรีโมทควบคุมกล้อง iPhone),"การใช้งานปกติสูงสุด 36 ชั่วโมง, ในโหมดประหยัดพลังงานสูงสุด 72 ชั่วโมง, ใช้งานกิจกรรมกลางแจ้งพร้อม GPS และวัดอัตราการเต้นของหัวใจสูงสุด 17 ชั่วโมง","Apple Watch Ultra 2, สายนาฬิกา (Trail Loop, Alpine Loop, หรือ Ocean Band), สายชาร์จเร็วแบบแม่เหล็กเป็น USB-C แบบถัก (1 ม.)",ตัวเรือนไทเทเนียมเกรดอากาศยาน 95% รีไซเคิล แข็งแกร่ง ทนต่อการกัดกร่อน กันน้ำลึก 100 ม. มาตรฐาน EN13319 สำหรับการดำน้ำลึก 40 ม.,29900,"฿29,900",https://store.storeimages.cdn-apple.com/1/as-images.apple.com/is/watch-case-49-titanium-natural-ultra2?wid=2560&hei=2560&fmt=jpeg&qlt=95,https://store.storeimages.cdn-apple.com/1/as-images.apple.com/is/watch-case-49-titanium-natural-ultra2?wid=2048&hei=2048&fmt=png-alpha,data/images/watch/apple-watch-ultra-2/natural-titanium.jpg,data/images/watch/apple-watch-ultra-2/natural-titanium/hero.png,https://www.apple.com/th/shop/buy-watch/apple-watch-ultra,https://www.apple.com/th/apple-watch-ultra-2/specs/,https://www.apple.com/th/apple-watch-ultra-2/
TH-APPLEWATCHULTRA2-NATURALTITANIUM-TIGPSCEL-1F2B,TH-APPLEWATCHULTRA2-NATURALTITANIUM-TIGPSCEL-1F2B,apple-watch-ultra-2,Apple Watch Ultra 2 (49 มม.),watch,apple-watch-ultra-2,Apple Watch Ultra 2,Apple Watch Ultra 2 (49 มม.) ไทเทเนียม GPS + Cellular (Titanium Milanese Loop) สีไทเทเนียมธรรมชาติ (Natural Titanium),natural-titanium,ไทเทเนียมธรรมชาติ,Natural Titanium,#9A958E,ไทเทเนียม GPS + Cellular (Titanium Milanese Loop),49mm,"GPS ความถี่คู่ที่มีความแม่นยำสูง (L1 และ L5), GPS + Cellular ในตัวทุกเรือน, Bluetooth 5.3, Ultra Wideband 2, มาตรวัดความลึกพร้อมเซ็นเซอร์วัดอุณหภูมิน้ำ, ไซเรน 86 เดซิเบลได้ยินไกลถึง 180 ม.","ชิป S9 SiP พร้อมโปรเซสเซอร์ 64-bit แบบ 2-core และ Neural Engine แบบ 4-core, คำสั่งนิ้ว 'แตะสองครั้ง' (Double Tap)",49.0 x 44.0 x 14.4 มม.,61.4 กรัม (ไทเทเนียมธรรมชาติ) / 61.8 กรัม (ไทเทเนียมดำ),"จอภาพ Always-On Retina LTPO OLED ความสว่างสูงสุดถึง 3,000 นิต (สว่างที่สุดในบรรดาอุปกรณ์พกพา Apple ทั้งหมด), ความสว่างต่ำสุด 1 นิตในที่มืด, ผลึกแซฟไฟร์แบนเรียบพร้อมขอบยกสูงป้องกันแรงกระแทก",ไม่มีในตัว (รองรับรีโมทควบคุมกล้อง iPhone),"การใช้งานปกติสูงสุด 36 ชั่วโมง, ในโหมดประหยัดพลังงานสูงสุด 72 ชั่วโมง, ใช้งานกิจกรรมกลางแจ้งพร้อม GPS และวัดอัตราการเต้นของหัวใจสูงสุด 17 ชั่วโมง","Apple Watch Ultra 2, สายนาฬิกา (Trail Loop, Alpine Loop, หรือ Ocean Band), สายชาร์จเร็วแบบแม่เหล็กเป็น USB-C แบบถัก (1 ม.)",ตัวเรือนไทเทเนียมเกรดอากาศยาน 95% รีไซเคิล แข็งแกร่ง ทนต่อการกัดกร่อน กันน้ำลึก 100 ม. มาตรฐาน EN13319 สำหรับการดำน้ำลึก 40 ม.,33900,"฿33,900",https://store.storeimages.cdn-apple.com/1/as-images.apple.com/is/watch-case-49-titanium-natural-ultra2?wid=2560&hei=2560&fmt=jpeg&qlt=95,https://store.storeimages.cdn-apple.com/1/as-images.apple.com/is/watch-case-49-titanium-natural-ultra2?wid=2048&hei=2048&fmt=png-alpha,data/images/watch/apple-watch-ultra-2/natural-titanium.jpg,data/images/watch/apple-watch-ultra-2/natural-titanium/hero.png,https://www.apple.com/th/shop/buy-watch/apple-watch-ultra,https://www.apple.com/th/apple-watch-ultra-2/specs/,https://www.apple.com/th/apple-watch-ultra-2/
TH-APPLEWATCHULTRA2-BLACKTITANIUM-TIGPSCEL-AE02,TH-APPLEWATCHULTRA2-BLACKTITANIUM-TIGPSCEL-AE02,apple-watch-ultra-2,Apple Watch Ultra 2 (49 มม.),watch,apple-watch-ultra-2,Apple Watch Ultra 2,Apple Watch Ultra 2 (49 มม.) ไทเทเนียม GPS + Cellular (Trail Loop) สีไทเทเนียมดำ (Black Titanium),black-titanium,ไทเทเนียมดำ,Black Titanium,#3A393E,ไทเทเนียม GPS + Cellular (Trail Loop),49mm,"GPS ความถี่คู่ที่มีความแม่นยำสูง (L1 และ L5), GPS + Cellular ในตัวทุกเรือน, Bluetooth 5.3, Ultra Wideband 2, มาตรวัดความลึกพร้อมเซ็นเซอร์วัดอุณหภูมิน้ำ, ไซเรน 86 เดซิเบลได้ยินไกลถึง 180 ม.","ชิป S9 SiP พร้อมโปรเซสเซอร์ 64-bit แบบ 2-core และ Neural Engine แบบ 4-core, คำสั่งนิ้ว 'แตะสองครั้ง' (Double Tap)",49.0 x 44.0 x 14.4 มม.,61.4 กรัม (ไทเทเนียมธรรมชาติ) / 61.8 กรัม (ไทเทเนียมดำ),"จอภาพ Always-On Retina LTPO OLED ความสว่างสูงสุดถึง 3,000 นิต (สว่างที่สุดในบรรดาอุปกรณ์พกพา Apple ทั้งหมด), ความสว่างต่ำสุด 1 นิตในที่มืด, ผลึกแซฟไฟร์แบนเรียบพร้อมขอบยกสูงป้องกันแรงกระแทก",ไม่มีในตัว (รองรับรีโมทควบคุมกล้อง iPhone),"การใช้งานปกติสูงสุด 36 ชั่วโมง, ในโหมดประหยัดพลังงานสูงสุด 72 ชั่วโมง, ใช้งานกิจกรรมกลางแจ้งพร้อม GPS และวัดอัตราการเต้นของหัวใจสูงสุด 17 ชั่วโมง","Apple Watch Ultra 2, สายนาฬิกา (Trail Loop, Alpine Loop, หรือ Ocean Band), สายชาร์จเร็วแบบแม่เหล็กเป็น USB-C แบบถัก (1 ม.)",ตัวเรือนไทเทเนียมเกรดอากาศยาน 95% รีไซเคิล แข็งแกร่ง ทนต่อการกัดกร่อน กันน้ำลึก 100 ม. มาตรฐาน EN13319 สำหรับการดำน้ำลึก 40 ม.,29900,"฿29,900",https://store.storeimages.cdn-apple.com/1/as-images.apple.com/is/watch-case-49-titanium-black-ultra2?wid=2560&hei=2560&fmt=jpeg&qlt=95,https://store.storeimages.cdn-apple.com/1/as-images.apple.com/is/watch-case-49-titanium-black-ultra2?wid=2048&hei=2048&fmt=png-alpha,data/images/watch/apple-watch-ultra-2/black-titanium.jpg,data/images/watch/apple-watch-ultra-2/black-titanium/hero.png,https://www.apple.com/th/shop/buy-watch/apple-watch-ultra,https://www.apple.com/th/apple-watch-ultra-2/specs/,https://www.apple.com/th/apple-watch-ultra-2/
TH-APPLEWATCHULTRA2-BLACKTITANIUM-TIGPSCEL-9F9E,TH-APPLEWATCHULTRA2-BLACKTITANIUM-TIGPSCEL-9F9E,apple-watch-ultra-2,Apple Watch Ultra 2 (49 มม.),watch,apple-watch-ultra-2,Apple Watch Ultra 2,Apple Watch Ultra 2 (49 มม.) ไทเทเนียม GPS + Cellular (Alpine Loop) สีไทเทเนียมดำ (Black Titanium),black-titanium,ไทเทเนียมดำ,Black Titanium,#3A393E,ไทเทเนียม GPS + Cellular (Alpine Loop),49mm,"GPS ความถี่คู่ที่มีความแม่นยำสูง (L1 และ L5), GPS + Cellular ในตัวทุกเรือน, Bluetooth 5.3, Ultra Wideband 2, มาตรวัดความลึกพร้อมเซ็นเซอร์วัดอุณหภูมิน้ำ, ไซเรน 86 เดซิเบลได้ยินไกลถึง 180 ม.","ชิป S9 SiP พร้อมโปรเซสเซอร์ 64-bit แบบ 2-core และ Neural Engine แบบ 4-core, คำสั่งนิ้ว 'แตะสองครั้ง' (Double Tap)",49.0 x 44.0 x 14.4 มม.,61.4 กรัม (ไทเทเนียมธรรมชาติ) / 61.8 กรัม (ไทเทเนียมดำ),"จอภาพ Always-On Retina LTPO OLED ความสว่างสูงสุดถึง 3,000 นิต (สว่างที่สุดในบรรดาอุปกรณ์พกพา Apple ทั้งหมด), ความสว่างต่ำสุด 1 นิตในที่มืด, ผลึกแซฟไฟร์แบนเรียบพร้อมขอบยกสูงป้องกันแรงกระแทก",ไม่มีในตัว (รองรับรีโมทควบคุมกล้อง iPhone),"การใช้งานปกติสูงสุด 36 ชั่วโมง, ในโหมดประหยัดพลังงานสูงสุด 72 ชั่วโมง, ใช้งานกิจกรรมกลางแจ้งพร้อม GPS และวัดอัตราการเต้นของหัวใจสูงสุด 17 ชั่วโมง","Apple Watch Ultra 2, สายนาฬิกา (Trail Loop, Alpine Loop, หรือ Ocean Band), สายชาร์จเร็วแบบแม่เหล็กเป็น USB-C แบบถัก (1 ม.)",ตัวเรือนไทเทเนียมเกรดอากาศยาน 95% รีไซเคิล แข็งแกร่ง ทนต่อการกัดกร่อน กันน้ำลึก 100 ม. มาตรฐาน EN13319 สำหรับการดำน้ำลึก 40 ม.,29900,"฿29,900",https://store.storeimages.cdn-apple.com/1/as-images.apple.com/is/watch-case-49-titanium-black-ultra2?wid=2560&hei=2560&fmt=jpeg&qlt=95,https://store.storeimages.cdn-apple.com/1/as-images.apple.com/is/watch-case-49-titanium-black-ultra2?wid=2048&hei=2048&fmt=png-alpha,data/images/watch/apple-watch-ultra-2/black-titanium.jpg,data/images/watch/apple-watch-ultra-2/black-titanium/hero.png,https://www.apple.com/th/shop/buy-watch/apple-watch-ultra,https://www.apple.com/th/apple-watch-ultra-2/specs/,https://www.apple.com/th/apple-watch-ultra-2/
TH-APPLEWATCHULTRA2-BLACKTITANIUM-TIGPSCEL-52FF,TH-APPLEWATCHULTRA2-BLACKTITANIUM-TIGPSCEL-52FF,apple-watch-ultra-2,Apple Watch Ultra 2 (49 มม.),watch,apple-watch-ultra-2,Apple Watch Ultra 2,Apple Watch Ultra 2 (49 มม.) ไทเทเนียม GPS + Cellular (Ocean Band) สีไทเทเนียมดำ (Black Titanium),black-titanium,ไทเทเนียมดำ,Black Titanium,#3A393E,ไทเทเนียม GPS + Cellular (Ocean Band),49mm,"GPS ความถี่คู่ที่มีความแม่นยำสูง (L1 และ L5), GPS + Cellular ในตัวทุกเรือน, Bluetooth 5.3, Ultra Wideband 2, มาตรวัดความลึกพร้อมเซ็นเซอร์วัดอุณหภูมิน้ำ, ไซเรน 86 เดซิเบลได้ยินไกลถึง 180 ม.","ชิป S9 SiP พร้อมโปรเซสเซอร์ 64-bit แบบ 2-core และ Neural Engine แบบ 4-core, คำสั่งนิ้ว 'แตะสองครั้ง' (Double Tap)",49.0 x 44.0 x 14.4 มม.,61.4 กรัม (ไทเทเนียมธรรมชาติ) / 61.8 กรัม (ไทเทเนียมดำ),"จอภาพ Always-On Retina LTPO OLED ความสว่างสูงสุดถึง 3,000 นิต (สว่างที่สุดในบรรดาอุปกรณ์พกพา Apple ทั้งหมด), ความสว่างต่ำสุด 1 นิตในที่มืด, ผลึกแซฟไฟร์แบนเรียบพร้อมขอบยกสูงป้องกันแรงกระแทก",ไม่มีในตัว (รองรับรีโมทควบคุมกล้อง iPhone),"การใช้งานปกติสูงสุด 36 ชั่วโมง, ในโหมดประหยัดพลังงานสูงสุด 72 ชั่วโมง, ใช้งานกิจกรรมกลางแจ้งพร้อม GPS และวัดอัตราการเต้นของหัวใจสูงสุด 17 ชั่วโมง","Apple Watch Ultra 2, สายนาฬิกา (Trail Loop, Alpine Loop, หรือ Ocean Band), สายชาร์จเร็วแบบแม่เหล็กเป็น USB-C แบบถัก (1 ม.)",ตัวเรือนไทเทเนียมเกรดอากาศยาน 95% รีไซเคิล แข็งแกร่ง ทนต่อการกัดกร่อน กันน้ำลึก 100 ม. มาตรฐาน EN13319 สำหรับการดำน้ำลึก 40 ม.,29900,"฿29,900",https://store.storeimages.cdn-apple.com/1/as-images.apple.com/is/watch-case-49-titanium-black-ultra2?wid=2560&hei=2560&fmt=jpeg&qlt=95,https://store.storeimages.cdn-apple.com/1/as-images.apple.com/is/watch-case-49-titanium-black-ultra2?wid=2048&hei=2048&fmt=png-alpha,data/images/watch/apple-watch-ultra-2/black-titanium.jpg,data/images/watch/apple-watch-ultra-2/black-titanium/hero.png,https://www.apple.com/th/shop/buy-watch/apple-watch-ultra,https://www.apple.com/th/apple-watch-ultra-2/specs/,https://www.apple.com/th/apple-watch-ultra-2/
TH-APPLEWATCHULTRA2-BLACKTITANIUM-TIGPSCEL-B9B8,TH-APPLEWATCHULTRA2-BLACKTITANIUM-TIGPSCEL-B9B8,apple-watch-ultra-2,Apple Watch Ultra 2 (49 มม.),watch,apple-watch-ultra-2,Apple Watch Ultra 2,Apple Watch Ultra 2 (49 มม.) ไทเทเนียม GPS + Cellular (Titanium Milanese Loop) สีไทเทเนียมดำ (Black Titanium),black-titanium,ไทเทเนียมดำ,Black Titanium,#3A393E,ไทเทเนียม GPS + Cellular (Titanium Milanese Loop),49mm,"GPS ความถี่คู่ที่มีความแม่นยำสูง (L1 และ L5), GPS + Cellular ในตัวทุกเรือน, Bluetooth 5.3, Ultra Wideband 2, มาตรวัดความลึกพร้อมเซ็นเซอร์วัดอุณหภูมิน้ำ, ไซเรน 86 เดซิเบลได้ยินไกลถึง 180 ม.","ชิป S9 SiP พร้อมโปรเซสเซอร์ 64-bit แบบ 2-core และ Neural Engine แบบ 4-core, คำสั่งนิ้ว 'แตะสองครั้ง' (Double Tap)",49.0 x 44.0 x 14.4 มม.,61.4 กรัม (ไทเทเนียมธรรมชาติ) / 61.8 กรัม (ไทเทเนียมดำ),"จอภาพ Always-On Retina LTPO OLED ความสว่างสูงสุดถึง 3,000 นิต (สว่างที่สุดในบรรดาอุปกรณ์พกพา Apple ทั้งหมด), ความสว่างต่ำสุด 1 นิตในที่มืด, ผลึกแซฟไฟร์แบนเรียบพร้อมขอบยกสูงป้องกันแรงกระแทก",ไม่มีในตัว (รองรับรีโมทควบคุมกล้อง iPhone),"การใช้งานปกติสูงสุด 36 ชั่วโมง, ในโหมดประหยัดพลังงานสูงสุด 72 ชั่วโมง, ใช้งานกิจกรรมกลางแจ้งพร้อม GPS และวัดอัตราการเต้นของหัวใจสูงสุด 17 ชั่วโมง","Apple Watch Ultra 2, สายนาฬิกา (Trail Loop, Alpine Loop, หรือ Ocean Band), สายชาร์จเร็วแบบแม่เหล็กเป็น USB-C แบบถัก (1 ม.)",ตัวเรือนไทเทเนียมเกรดอากาศยาน 95% รีไซเคิล แข็งแกร่ง ทนต่อการกัดกร่อน กันน้ำลึก 100 ม. มาตรฐาน EN13319 สำหรับการดำน้ำลึก 40 ม.,33900,"฿33,900",https://store.storeimages.cdn-apple.com/1/as-images.apple.com/is/watch-case-49-titanium-black-ultra2?wid=2560&hei=2560&fmt=jpeg&qlt=95,https://store.storeimages.cdn-apple.com/1/as-images.apple.com/is/watch-case-49-titanium-black-ultra2?wid=2048&hei=2048&fmt=png-alpha,data/images/watch/apple-watch-ultra-2/black-titanium.jpg,data/images/watch/apple-watch-ultra-2/black-titanium/hero.png,https://www.apple.com/th/shop/buy-watch/apple-watch-ultra,https://www.apple.com/th/apple-watch-ultra-2/specs/,https://www.apple.com/th/apple-watch-ultra-2/
TH-APPLEWATCHSE40-MIDNIGHT-40MMGPS-A421,TH-APPLEWATCHSE40-MIDNIGHT-40MMGPS-A421,apple-watch-se-40,Apple Watch SE (40 มม. / 44 มม.),watch,apple-watch-se,Apple Watch SE,Apple Watch SE (40 มม. / 44 มม.) 40mm GPS สีมิดไนท์ (Midnight),midnight,มิดไนท์,Midnight,#1E222A,40mm GPS,40mm,"GPS หรือ GPS + Cellular, Wi-Fi, Bluetooth 5.3, การตรวจจับการชนกัน (Crash Detection)",ชิป S8 SiP พร้อมโปรเซสเซอร์แบบ 64-bit 2-core,40.0 x 34.0 x 10.7 มม. (40mm) / 44.0 x 38.0 x 10.7 มม. (44mm),26.4 กรัม (40mm GPS) / 32.9 กรัม (44mm GPS),"จอภาพ Retina LTPO OLED ความสว่างสูงสุด 1,000 นิต, กระจกหน้าจอ Ion-X",ไม่มีในตัว (รองรับรีโมทควบคุมกล้อง iPhone),แบตเตอรี่ใช้งานได้นานสูงสุด 18 ชั่วโมง,"Apple Watch SE, สายนาฬิกา, สายชาร์จแบบแม่เหล็กเป็น USB-C (1 ม.)",ตัวเรือนอะลูมิเนียมรีไซเคิล 100% พร้อมฝาหลังวัสดุคอมโพสิตไนลอนที่เข้าคู่กัน,7900,"฿7,900",https://store.storeimages.cdn-apple.com/1/as-images.apple.com/is/watch-case-40-aluminum-midnight-nc-se?wid=2560&hei=2560&fmt=jpeg&qlt=95,https://store.storeimages.cdn-apple.com/1/as-images.apple.com/is/watch-case-40-aluminum-midnight-nc-se?wid=2048&hei=2048&fmt=png-alpha,data/images/watch/apple-watch-se/midnight.jpg,data/images/watch/apple-watch-se/midnight/hero.png,https://www.apple.com/th/shop/buy-watch/apple-watch-se,https://www.apple.com/th/apple-watch-se/specs/,https://www.apple.com/th/apple-watch-se/
TH-APPLEWATCHSE40-MIDNIGHT-40MMGPSC-977F,TH-APPLEWATCHSE40-MIDNIGHT-40MMGPSC-977F,apple-watch-se-40,Apple Watch SE (40 มม. / 44 มม.),watch,apple-watch-se,Apple Watch SE,Apple Watch SE (40 มม. / 44 มม.) 40mm GPS + Cellular สีมิดไนท์ (Midnight),midnight,มิดไนท์,Midnight,#1E222A,40mm GPS + Cellular,40mm,"GPS หรือ GPS + Cellular, Wi-Fi, Bluetooth 5.3, การตรวจจับการชนกัน (Crash Detection)",ชิป S8 SiP พร้อมโปรเซสเซอร์แบบ 64-bit 2-core,40.0 x 34.0 x 10.7 มม. (40mm) / 44.0 x 38.0 x 10.7 มม. (44mm),26.4 กรัม (40mm GPS) / 32.9 กรัม (44mm GPS),"จอภาพ Retina LTPO OLED ความสว่างสูงสุด 1,000 นิต, กระจกหน้าจอ Ion-X",ไม่มีในตัว (รองรับรีโมทควบคุมกล้อง iPhone),แบตเตอรี่ใช้งานได้นานสูงสุด 18 ชั่วโมง,"Apple Watch SE, สายนาฬิกา, สายชาร์จแบบแม่เหล็กเป็น USB-C (1 ม.)",ตัวเรือนอะลูมิเนียมรีไซเคิล 100% พร้อมฝาหลังวัสดุคอมโพสิตไนลอนที่เข้าคู่กัน,9900,"฿9,900",https://store.storeimages.cdn-apple.com/1/as-images.apple.com/is/watch-case-40-aluminum-midnight-nc-se?wid=2560&hei=2560&fmt=jpeg&qlt=95,https://store.storeimages.cdn-apple.com/1/as-images.apple.com/is/watch-case-40-aluminum-midnight-nc-se?wid=2048&hei=2048&fmt=png-alpha,data/images/watch/apple-watch-se/midnight.jpg,data/images/watch/apple-watch-se/midnight/hero.png,https://www.apple.com/th/shop/buy-watch/apple-watch-se,https://www.apple.com/th/apple-watch-se/specs/,https://www.apple.com/th/apple-watch-se/
TH-APPLEWATCHSE40-MIDNIGHT-44MMGPS-F9EC,TH-APPLEWATCHSE40-MIDNIGHT-44MMGPS-F9EC,apple-watch-se-40,Apple Watch SE (40 มม. / 44 มม.),watch,apple-watch-se,Apple Watch SE,Apple Watch SE (40 มม. / 44 มม.) 44mm GPS สีมิดไนท์ (Midnight),midnight,มิดไนท์,Midnight,#1E222A,44mm GPS,40mm,"GPS หรือ GPS + Cellular, Wi-Fi, Bluetooth 5.3, การตรวจจับการชนกัน (Crash Detection)",ชิป S8 SiP พร้อมโปรเซสเซอร์แบบ 64-bit 2-core,40.0 x 34.0 x 10.7 มม. (40mm) / 44.0 x 38.0 x 10.7 มม. (44mm),26.4 กรัม (40mm GPS) / 32.9 กรัม (44mm GPS),"จอภาพ Retina LTPO OLED ความสว่างสูงสุด 1,000 นิต, กระจกหน้าจอ Ion-X",ไม่มีในตัว (รองรับรีโมทควบคุมกล้อง iPhone),แบตเตอรี่ใช้งานได้นานสูงสุด 18 ชั่วโมง,"Apple Watch SE, สายนาฬิกา, สายชาร์จแบบแม่เหล็กเป็น USB-C (1 ม.)",ตัวเรือนอะลูมิเนียมรีไซเคิล 100% พร้อมฝาหลังวัสดุคอมโพสิตไนลอนที่เข้าคู่กัน,8900,"฿8,900",https://store.storeimages.cdn-apple.com/1/as-images.apple.com/is/watch-case-40-aluminum-midnight-nc-se?wid=2560&hei=2560&fmt=jpeg&qlt=95,https://store.storeimages.cdn-apple.com/1/as-images.apple.com/is/watch-case-40-aluminum-midnight-nc-se?wid=2048&hei=2048&fmt=png-alpha,data/images/watch/apple-watch-se/midnight.jpg,data/images/watch/apple-watch-se/midnight/hero.png,https://www.apple.com/th/shop/buy-watch/apple-watch-se,https://www.apple.com/th/apple-watch-se/specs/,https://www.apple.com/th/apple-watch-se/
TH-APPLEWATCHSE40-MIDNIGHT-44MMGPSC-0ED7,TH-APPLEWATCHSE40-MIDNIGHT-44MMGPSC-0ED7,apple-watch-se-40,Apple Watch SE (40 มม. / 44 มม.),watch,apple-watch-se,Apple Watch SE,Apple Watch SE (40 มม. / 44 มม.) 44mm GPS + Cellular สีมิดไนท์ (Midnight),midnight,มิดไนท์,Midnight,#1E222A,44mm GPS + Cellular,40mm,"GPS หรือ GPS + Cellular, Wi-Fi, Bluetooth 5.3, การตรวจจับการชนกัน (Crash Detection)",ชิป S8 SiP พร้อมโปรเซสเซอร์แบบ 64-bit 2-core,40.0 x 34.0 x 10.7 มม. (40mm) / 44.0 x 38.0 x 10.7 มม. (44mm),26.4 กรัม (40mm GPS) / 32.9 กรัม (44mm GPS),"จอภาพ Retina LTPO OLED ความสว่างสูงสุด 1,000 นิต, กระจกหน้าจอ Ion-X",ไม่มีในตัว (รองรับรีโมทควบคุมกล้อง iPhone),แบตเตอรี่ใช้งานได้นานสูงสุด 18 ชั่วโมง,"Apple Watch SE, สายนาฬิกา, สายชาร์จแบบแม่เหล็กเป็น USB-C (1 ม.)",ตัวเรือนอะลูมิเนียมรีไซเคิล 100% พร้อมฝาหลังวัสดุคอมโพสิตไนลอนที่เข้าคู่กัน,10900,"฿10,900",https://store.storeimages.cdn-apple.com/1/as-images.apple.com/is/watch-case-40-aluminum-midnight-nc-se?wid=2560&hei=2560&fmt=jpeg&qlt=95,https://store.storeimages.cdn-apple.com/1/as-images.apple.com/is/watch-case-40-aluminum-midnight-nc-se?wid=2048&hei=2048&fmt=png-alpha,data/images/watch/apple-watch-se/midnight.jpg,data/images/watch/apple-watch-se/midnight/hero.png,https://www.apple.com/th/shop/buy-watch/apple-watch-se,https://www.apple.com/th/apple-watch-se/specs/,https://www.apple.com/th/apple-watch-se/
TH-APPLEWATCHSE40-STARLIGHT-40MMGPS-648A,TH-APPLEWATCHSE40-STARLIGHT-40MMGPS-648A,apple-watch-se-40,Apple Watch SE (40 มม. / 44 มม.),watch,apple-watch-se,Apple Watch SE,Apple Watch SE (40 มม. / 44 มม.) 40mm GPS สีสตาร์ไลท์ (Starlight),starlight,สตาร์ไลท์,Starlight,#F0ECE1,40mm GPS,40mm,"GPS หรือ GPS + Cellular, Wi-Fi, Bluetooth 5.3, การตรวจจับการชนกัน (Crash Detection)",ชิป S8 SiP พร้อมโปรเซสเซอร์แบบ 64-bit 2-core,40.0 x 34.0 x 10.7 มม. (40mm) / 44.0 x 38.0 x 10.7 มม. (44mm),26.4 กรัม (40mm GPS) / 32.9 กรัม (44mm GPS),"จอภาพ Retina LTPO OLED ความสว่างสูงสุด 1,000 นิต, กระจกหน้าจอ Ion-X",ไม่มีในตัว (รองรับรีโมทควบคุมกล้อง iPhone),แบตเตอรี่ใช้งานได้นานสูงสุด 18 ชั่วโมง,"Apple Watch SE, สายนาฬิกา, สายชาร์จแบบแม่เหล็กเป็น USB-C (1 ม.)",ตัวเรือนอะลูมิเนียมรีไซเคิล 100% พร้อมฝาหลังวัสดุคอมโพสิตไนลอนที่เข้าคู่กัน,7900,"฿7,900",https://store.storeimages.cdn-apple.com/1/as-images.apple.com/is/watch-case-40-aluminum-starlight-nc-se?wid=2560&hei=2560&fmt=jpeg&qlt=95,https://store.storeimages.cdn-apple.com/1/as-images.apple.com/is/watch-case-40-aluminum-starlight-nc-se?wid=2048&hei=2048&fmt=png-alpha,data/images/watch/apple-watch-se/starlight.jpg,data/images/watch/apple-watch-se/starlight/hero.png,https://www.apple.com/th/shop/buy-watch/apple-watch-se,https://www.apple.com/th/apple-watch-se/specs/,https://www.apple.com/th/apple-watch-se/
TH-APPLEWATCHSE40-STARLIGHT-40MMGPSC-5DD1,TH-APPLEWATCHSE40-STARLIGHT-40MMGPSC-5DD1,apple-watch-se-40,Apple Watch SE (40 มม. / 44 มม.),watch,apple-watch-se,Apple Watch SE,Apple Watch SE (40 มม. / 44 มม.) 40mm GPS + Cellular สีสตาร์ไลท์ (Starlight),starlight,สตาร์ไลท์,Starlight,#F0ECE1,40mm GPS + Cellular,40mm,"GPS หรือ GPS + Cellular, Wi-Fi, Bluetooth 5.3, การตรวจจับการชนกัน (Crash Detection)",ชิป S8 SiP พร้อมโปรเซสเซอร์แบบ 64-bit 2-core,40.0 x 34.0 x 10.7 มม. (40mm) / 44.0 x 38.0 x 10.7 มม. (44mm),26.4 กรัม (40mm GPS) / 32.9 กรัม (44mm GPS),"จอภาพ Retina LTPO OLED ความสว่างสูงสุด 1,000 นิต, กระจกหน้าจอ Ion-X",ไม่มีในตัว (รองรับรีโมทควบคุมกล้อง iPhone),แบตเตอรี่ใช้งานได้นานสูงสุด 18 ชั่วโมง,"Apple Watch SE, สายนาฬิกา, สายชาร์จแบบแม่เหล็กเป็น USB-C (1 ม.)",ตัวเรือนอะลูมิเนียมรีไซเคิล 100% พร้อมฝาหลังวัสดุคอมโพสิตไนลอนที่เข้าคู่กัน,9900,"฿9,900",https://store.storeimages.cdn-apple.com/1/as-images.apple.com/is/watch-case-40-aluminum-starlight-nc-se?wid=2560&hei=2560&fmt=jpeg&qlt=95,https://store.storeimages.cdn-apple.com/1/as-images.apple.com/is/watch-case-40-aluminum-starlight-nc-se?wid=2048&hei=2048&fmt=png-alpha,data/images/watch/apple-watch-se/starlight.jpg,data/images/watch/apple-watch-se/starlight/hero.png,https://www.apple.com/th/shop/buy-watch/apple-watch-se,https://www.apple.com/th/apple-watch-se/specs/,https://www.apple.com/th/apple-watch-se/
TH-APPLEWATCHSE40-STARLIGHT-44MMGPS-9CE3,TH-APPLEWATCHSE40-STARLIGHT-44MMGPS-9CE3,apple-watch-se-40,Apple Watch SE (40 มม. / 44 มม.),watch,apple-watch-se,Apple Watch SE,Apple Watch SE (40 มม. / 44 มม.) 44mm GPS สีสตาร์ไลท์ (Starlight),starlight,สตาร์ไลท์,Starlight,#F0ECE1,44mm GPS,40mm,"GPS หรือ GPS + Cellular, Wi-Fi, Bluetooth 5.3, การตรวจจับการชนกัน (Crash Detection)",ชิป S8 SiP พร้อมโปรเซสเซอร์แบบ 64-bit 2-core,40.0 x 34.0 x 10.7 มม. (40mm) / 44.0 x 38.0 x 10.7 มม. (44mm),26.4 กรัม (40mm GPS) / 32.9 กรัม (44mm GPS),"จอภาพ Retina LTPO OLED ความสว่างสูงสุด 1,000 นิต, กระจกหน้าจอ Ion-X",ไม่มีในตัว (รองรับรีโมทควบคุมกล้อง iPhone),แบตเตอรี่ใช้งานได้นานสูงสุด 18 ชั่วโมง,"Apple Watch SE, สายนาฬิกา, สายชาร์จแบบแม่เหล็กเป็น USB-C (1 ม.)",ตัวเรือนอะลูมิเนียมรีไซเคิล 100% พร้อมฝาหลังวัสดุคอมโพสิตไนลอนที่เข้าคู่กัน,8900,"฿8,900",https://store.storeimages.cdn-apple.com/1/as-images.apple.com/is/watch-case-40-aluminum-starlight-nc-se?wid=2560&hei=2560&fmt=jpeg&qlt=95,https://store.storeimages.cdn-apple.com/1/as-images.apple.com/is/watch-case-40-aluminum-starlight-nc-se?wid=2048&hei=2048&fmt=png-alpha,data/images/watch/apple-watch-se/starlight.jpg,data/images/watch/apple-watch-se/starlight/hero.png,https://www.apple.com/th/shop/buy-watch/apple-watch-se,https://www.apple.com/th/apple-watch-se/specs/,https://www.apple.com/th/apple-watch-se/
TH-APPLEWATCHSE40-STARLIGHT-44MMGPSC-4C75,TH-APPLEWATCHSE40-STARLIGHT-44MMGPSC-4C75,apple-watch-se-40,Apple Watch SE (40 มม. / 44 มม.),watch,apple-watch-se,Apple Watch SE,Apple Watch SE (40 มม. / 44 มม.) 44mm GPS + Cellular สีสตาร์ไลท์ (Starlight),starlight,สตาร์ไลท์,Starlight,#F0ECE1,44mm GPS + Cellular,40mm,"GPS หรือ GPS + Cellular, Wi-Fi, Bluetooth 5.3, การตรวจจับการชนกัน (Crash Detection)",ชิป S8 SiP พร้อมโปรเซสเซอร์แบบ 64-bit 2-core,40.0 x 34.0 x 10.7 มม. (40mm) / 44.0 x 38.0 x 10.7 มม. (44mm),26.4 กรัม (40mm GPS) / 32.9 กรัม (44mm GPS),"จอภาพ Retina LTPO OLED ความสว่างสูงสุด 1,000 นิต, กระจกหน้าจอ Ion-X",ไม่มีในตัว (รองรับรีโมทควบคุมกล้อง iPhone),แบตเตอรี่ใช้งานได้นานสูงสุด 18 ชั่วโมง,"Apple Watch SE, สายนาฬิกา, สายชาร์จแบบแม่เหล็กเป็น USB-C (1 ม.)",ตัวเรือนอะลูมิเนียมรีไซเคิล 100% พร้อมฝาหลังวัสดุคอมโพสิตไนลอนที่เข้าคู่กัน,10900,"฿10,900",https://store.storeimages.cdn-apple.com/1/as-images.apple.com/is/watch-case-40-aluminum-starlight-nc-se?wid=2560&hei=2560&fmt=jpeg&qlt=95,https://store.storeimages.cdn-apple.com/1/as-images.apple.com/is/watch-case-40-aluminum-starlight-nc-se?wid=2048&hei=2048&fmt=png-alpha,data/images/watch/apple-watch-se/starlight.jpg,data/images/watch/apple-watch-se/starlight/hero.png,https://www.apple.com/th/shop/buy-watch/apple-watch-se,https://www.apple.com/th/apple-watch-se/specs/,https://www.apple.com/th/apple-watch-se/
TH-APPLEWATCHSE40-SILVER-40MMGPS-1EF7,TH-APPLEWATCHSE40-SILVER-40MMGPS-1EF7,apple-watch-se-40,Apple Watch SE (40 มม. / 44 มม.),watch,apple-watch-se,Apple Watch SE,Apple Watch SE (40 มม. / 44 มม.) 40mm GPS สีเงิน (Silver),silver,เงิน,Silver,#E3E4E5,40mm GPS,40mm,"GPS หรือ GPS + Cellular, Wi-Fi, Bluetooth 5.3, การตรวจจับการชนกัน (Crash Detection)",ชิป S8 SiP พร้อมโปรเซสเซอร์แบบ 64-bit 2-core,40.0 x 34.0 x 10.7 มม. (40mm) / 44.0 x 38.0 x 10.7 มม. (44mm),26.4 กรัม (40mm GPS) / 32.9 กรัม (44mm GPS),"จอภาพ Retina LTPO OLED ความสว่างสูงสุด 1,000 นิต, กระจกหน้าจอ Ion-X",ไม่มีในตัว (รองรับรีโมทควบคุมกล้อง iPhone),แบตเตอรี่ใช้งานได้นานสูงสุด 18 ชั่วโมง,"Apple Watch SE, สายนาฬิกา, สายชาร์จแบบแม่เหล็กเป็น USB-C (1 ม.)",ตัวเรือนอะลูมิเนียมรีไซเคิล 100% พร้อมฝาหลังวัสดุคอมโพสิตไนลอนที่เข้าคู่กัน,7900,"฿7,900",https://store.storeimages.cdn-apple.com/1/as-images.apple.com/is/watch-case-40-aluminum-silver-nc-se?wid=2560&hei=2560&fmt=jpeg&qlt=95,https://store.storeimages.cdn-apple.com/1/as-images.apple.com/is/watch-case-40-aluminum-silver-nc-se?wid=2048&hei=2048&fmt=png-alpha,data/images/watch/apple-watch-se/silver.jpg,data/images/watch/apple-watch-se/silver/hero.png,https://www.apple.com/th/shop/buy-watch/apple-watch-se,https://www.apple.com/th/apple-watch-se/specs/,https://www.apple.com/th/apple-watch-se/
TH-APPLEWATCHSE40-SILVER-40MMGPSC-9257,TH-APPLEWATCHSE40-SILVER-40MMGPSC-9257,apple-watch-se-40,Apple Watch SE (40 มม. / 44 มม.),watch,apple-watch-se,Apple Watch SE,Apple Watch SE (40 มม. / 44 มม.) 40mm GPS + Cellular สีเงิน (Silver),silver,เงิน,Silver,#E3E4E5,40mm GPS + Cellular,40mm,"GPS หรือ GPS + Cellular, Wi-Fi, Bluetooth 5.3, การตรวจจับการชนกัน (Crash Detection)",ชิป S8 SiP พร้อมโปรเซสเซอร์แบบ 64-bit 2-core,40.0 x 34.0 x 10.7 มม. (40mm) / 44.0 x 38.0 x 10.7 มม. (44mm),26.4 กรัม (40mm GPS) / 32.9 กรัม (44mm GPS),"จอภาพ Retina LTPO OLED ความสว่างสูงสุด 1,000 นิต, กระจกหน้าจอ Ion-X",ไม่มีในตัว (รองรับรีโมทควบคุมกล้อง iPhone),แบตเตอรี่ใช้งานได้นานสูงสุด 18 ชั่วโมง,"Apple Watch SE, สายนาฬิกา, สายชาร์จแบบแม่เหล็กเป็น USB-C (1 ม.)",ตัวเรือนอะลูมิเนียมรีไซเคิล 100% พร้อมฝาหลังวัสดุคอมโพสิตไนลอนที่เข้าคู่กัน,9900,"฿9,900",https://store.storeimages.cdn-apple.com/1/as-images.apple.com/is/watch-case-40-aluminum-silver-nc-se?wid=2560&hei=2560&fmt=jpeg&qlt=95,https://store.storeimages.cdn-apple.com/1/as-images.apple.com/is/watch-case-40-aluminum-silver-nc-se?wid=2048&hei=2048&fmt=png-alpha,data/images/watch/apple-watch-se/silver.jpg,data/images/watch/apple-watch-se/silver/hero.png,https://www.apple.com/th/shop/buy-watch/apple-watch-se,https://www.apple.com/th/apple-watch-se/specs/,https://www.apple.com/th/apple-watch-se/
TH-APPLEWATCHSE40-SILVER-44MMGPS-0D89,TH-APPLEWATCHSE40-SILVER-44MMGPS-0D89,apple-watch-se-40,Apple Watch SE (40 มม. / 44 มม.),watch,apple-watch-se,Apple Watch SE,Apple Watch SE (40 มม. / 44 มม.) 44mm GPS สีเงิน (Silver),silver,เงิน,Silver,#E3E4E5,44mm GPS,40mm,"GPS หรือ GPS + Cellular, Wi-Fi, Bluetooth 5.3, การตรวจจับการชนกัน (Crash Detection)",ชิป S8 SiP พร้อมโปรเซสเซอร์แบบ 64-bit 2-core,40.0 x 34.0 x 10.7 มม. (40mm) / 44.0 x 38.0 x 10.7 มม. (44mm),26.4 กรัม (40mm GPS) / 32.9 กรัม (44mm GPS),"จอภาพ Retina LTPO OLED ความสว่างสูงสุด 1,000 นิต, กระจกหน้าจอ Ion-X",ไม่มีในตัว (รองรับรีโมทควบคุมกล้อง iPhone),แบตเตอรี่ใช้งานได้นานสูงสุด 18 ชั่วโมง,"Apple Watch SE, สายนาฬิกา, สายชาร์จแบบแม่เหล็กเป็น USB-C (1 ม.)",ตัวเรือนอะลูมิเนียมรีไซเคิล 100% พร้อมฝาหลังวัสดุคอมโพสิตไนลอนที่เข้าคู่กัน,8900,"฿8,900",https://store.storeimages.cdn-apple.com/1/as-images.apple.com/is/watch-case-40-aluminum-silver-nc-se?wid=2560&hei=2560&fmt=jpeg&qlt=95,https://store.storeimages.cdn-apple.com/1/as-images.apple.com/is/watch-case-40-aluminum-silver-nc-se?wid=2048&hei=2048&fmt=png-alpha,data/images/watch/apple-watch-se/silver.jpg,data/images/watch/apple-watch-se/silver/hero.png,https://www.apple.com/th/shop/buy-watch/apple-watch-se,https://www.apple.com/th/apple-watch-se/specs/,https://www.apple.com/th/apple-watch-se/
TH-APPLEWATCHSE40-SILVER-44MMGPSC-3D3C,TH-APPLEWATCHSE40-SILVER-44MMGPSC-3D3C,apple-watch-se-40,Apple Watch SE (40 มม. / 44 มม.),watch,apple-watch-se,Apple Watch SE,Apple Watch SE (40 มม. / 44 มม.) 44mm GPS + Cellular สีเงิน (Silver),silver,เงิน,Silver,#E3E4E5,44mm GPS + Cellular,40mm,"GPS หรือ GPS + Cellular, Wi-Fi, Bluetooth 5.3, การตรวจจับการชนกัน (Crash Detection)",ชิป S8 SiP พร้อมโปรเซสเซอร์แบบ 64-bit 2-core,40.0 x 34.0 x 10.7 มม. (40mm) / 44.0 x 38.0 x 10.7 มม. (44mm),26.4 กรัม (40mm GPS) / 32.9 กรัม (44mm GPS),"จอภาพ Retina LTPO OLED ความสว่างสูงสุด 1,000 นิต, กระจกหน้าจอ Ion-X",ไม่มีในตัว (รองรับรีโมทควบคุมกล้อง iPhone),แบตเตอรี่ใช้งานได้นานสูงสุด 18 ชั่วโมง,"Apple Watch SE, สายนาฬิกา, สายชาร์จแบบแม่เหล็กเป็น USB-C (1 ม.)",ตัวเรือนอะลูมิเนียมรีไซเคิล 100% พร้อมฝาหลังวัสดุคอมโพสิตไนลอนที่เข้าคู่กัน,10900,"฿10,900",https://store.storeimages.cdn-apple.com/1/as-images.apple.com/is/watch-case-40-aluminum-silver-nc-se?wid=2560&hei=2560&fmt=jpeg&qlt=95,https://store.storeimages.cdn-apple.com/1/as-images.apple.com/is/watch-case-40-aluminum-silver-nc-se?wid=2048&hei=2048&fmt=png-alpha,data/images/watch/apple-watch-se/silver.jpg,data/images/watch/apple-watch-se/silver/hero.png,https://www.apple.com/th/shop/buy-watch/apple-watch-se,https://www.apple.com/th/apple-watch-se/specs/,https://www.apple.com/th/apple-watch-se/
