sku,category,family,sub_model_id,sub_model_name_th,sub_model_name_en,screen_size,chip,capacity,color_th,color_en,color_hex,price_thb,in_stock,dimensions_mm,weight_grams,display_specs,camera_specs,battery_specs,box_contents,local_image_nobg,image_url_highres,specs_url,buy_url
TH-IPHONE16STANDARD-ULTRAMARINE-128GB-D0EC,iphone,iPhone 16,iphone-16-standard,,iPhone 16,"6.1""",,,น้ำเงินอัลตร้ามารีน,Ultramarine,#4D5E8C,29900,,147.6 x 71.6 x 7.80 มม.,170 กรัม,"จอภาพ Super Retina XDR OLED ขนาด 6.1 นิ้ว (แนวทแยง), ความละเอียด 2556 x 1179 พิกเซลที่ 460 ppi, ความสว่างสูงสุด 2,000 นิต (กลางแจ้ง), Dynamic Island, คอนทราสต์เรโช 2,000,000:1","ระบบกล้องคู่ขั้นสูง: กล้อง Fusion 48MP (26 มม., ƒ/1.6, ระบบ OIS แบบเลื่อนเซ็นเซอร์) + กล้อง Ultra Wide 12MP (13 มม., ƒ/2.2, มุมมอง 120°), ภาพถ่ายความละเอียดสูงพิเศษ (24MP และ 48MP), ปุ่มควบคุมกล้อง (Camera Control)","การเล่นวิดีโอนานสูงสุด 22 ชั่วโมง, การเล่นเสียงนานสูงสุด 80 ชั่วโมง, รองรับการชาร์จเร็วสูงสุด 50% ใน 30 นาที ด้วยอะแดปเตอร์ 20W หรือสูงกว่า","iPhone 16 พร้อม iOS 18, สายชาร์จ USB-C (1 ม., รองรับ 60W), เอกสารประกอบ",data/images_transparent/iphone/iphone-16/ultramarine.png,https://store.storeimages.cdn-apple.com/1/as-images.apple.com/is/iphone-16-finish-select-202409-6-1inch-ultramarine?wid=2560&hei=2560&fmt=jpeg&qlt=95,https://www.apple.com/th/iphone-16/specs/,https://www.apple.com/th/shop/buy-iphone/iphone-16
TH-IPHONE16STANDARD-ULTRAMARINE-256GB-E109,iphone,iPhone 16,iphone-16-standard,,iPhone 16,"6.1""",,,น้ำเงินอัลตร้ามารีน,Ultramarine,#4D5E8C,33900,,147.6 x 71.6 x 7.80 มม.,170 กรัม,"จอภาพ Super Retina XDR OLED ขนาด 6.1 นิ้ว (แนวทแยง), ความละเอียด 2556 x 1179 พิกเซลที่ 460 ppi, ความสว่างสูงสุด 2,000 นิต (กลางแจ้ง), Dynamic Island, คอนทราสต์เรโช 2,000,000:1","ระบบกล้องคู่ขั้นสูง: กล้อง Fusion 48MP (26 มม., ƒ/1.6, ระบบ OIS แบบเลื่อนเซ็นเซอร์) + กล้อง Ultra Wide 12MP (13 มม., ƒ/2.2, มุมมอง 120°), ภาพถ่ายความละเอียดสูงพิเศษ (24MP และ 48MP), ปุ่มควบคุมกล้อง (Camera Control)","การเล่นวิดีโอนานสูงสุด 22 ชั่วโมง, การเล่นเสียงนานสูงสุด 80 ชั่วโมง, รองรับการชาร์จเร็วสูงสุด 50% ใน 30 นาที ด้วยอะแดปเตอร์ 20W หรือสูงกว่า","iPhone 16 พร้อม iOS 18, สายชาร์จ USB-C (1 ม., รองรับ 60W), เอกสารประกอบ",data/images_transparent/iphone/iphone-16/ultramarine.png,https://store.storeimages.cdn-apple.com/1/as-images.apple.com/is/iphone-16-finish-select-202409-6-1inch-ultramarine?wid=2560&hei=2560&fmt=jpeg&qlt=95,https://www.apple.com/th/iphone-16/specs/,https://www.apple.com/th/shop/buy-iphone/iphone-16
TH-IPHONE16STANDARD-ULTRAMARINE-512GB-A0C2,iphone,iPhone 16,iphone-16-standard,,iPhone 16,"6.1""",,,น้ำเงินอัลตร้ามารีน,Ultramarine,#4D5E8C,41900,,147.6 x 71.6 x 7.80 มม.,170 กรัม,"จอภาพ Super Retina XDR OLED ขนาด 6.1 นิ้ว (แนวทแยง), ความละเอียด 2556 x 1179 พิกเซลที่ 460 ppi, ความสว่างสูงสุด 2,000 นิต (กลางแจ้ง), Dynamic Island, คอนทราสต์เรโช 2,000,000:1","ระบบกล้องคู่ขั้นสูง: กล้อง Fusion 48MP (26 มม., ƒ/1.6, ระบบ OIS แบบเลื่อนเซ็นเซอร์) + กล้อง Ultra Wide 12MP (13 มม., ƒ/2.2, มุมมอง 120°), ภาพถ่ายความละเอียดสูงพิเศษ (24MP และ 48MP), ปุ่มควบคุมกล้อง (Camera Control)","การเล่นวิดีโอนานสูงสุด 22 ชั่วโมง, การเล่นเสียงนานสูงสุด 80 ชั่วโมง, รองรับการชาร์จเร็วสูงสุด 50% ใน 30 นาที ด้วยอะแดปเตอร์ 20W หรือสูงกว่า","iPhone 16 พร้อม iOS 18, สายชาร์จ USB-C (1 ม., รองรับ 60W), เอกสารประกอบ",data/images_transparent/iphone/iphone-16/ultramarine.png,https://store.storeimages.cdn-apple.com/1/as-images.apple.com/is/iphone-16-finish-select-202409-6-1inch-ultramarine?wid=2560&hei=2560&fmt=jpeg&qlt=95,https://www.apple.com/th/iphone-16/specs/,https://www.apple.com/th/shop/buy-iphone/iphone-16
TH-IPHONE16STANDARD-TEAL-128GB-5472,iphone,iPhone 16,iphone-16-standard,,iPhone 16,"6.1""",,,เขียวอมฟ้า,Teal,#84A8A3,29900,,147.6 x 71.6 x 7.80 มม.,170 กรัม,"จอภาพ Super Retina XDR OLED ขนาด 6.1 นิ้ว (แนวทแยง), ความละเอียด 2556 x 1179 พิกเซลที่ 460 ppi, ความสว่างสูงสุด 2,000 นิต (กลางแจ้ง), Dynamic Island, คอนทราสต์เรโช 2,000,000:1","ระบบกล้องคู่ขั้นสูง: กล้อง Fusion 48MP (26 มม., ƒ/1.6, ระบบ OIS แบบเลื่อนเซ็นเซอร์) + กล้อง Ultra Wide 12MP (13 มม., ƒ/2.2, มุมมอง 120°), ภาพถ่ายความละเอียดสูงพิเศษ (24MP และ 48MP), ปุ่มควบคุมกล้อง (Camera Control)","การเล่นวิดีโอนานสูงสุด 22 ชั่วโมง, การเล่นเสียงนานสูงสุด 80 ชั่วโมง, รองรับการชาร์จเร็วสูงสุด 50% ใน 30 นาที ด้วยอะแดปเตอร์ 20W หรือสูงกว่า","iPhone 16 พร้อม iOS 18, สายชาร์จ USB-C (1 ม., รองรับ 60W), เอกสารประกอบ",data/images_transparent/iphone/iphone-16/teal.png,https://store.storeimages.cdn-apple.com/1/as-images.apple.com/is/iphone-16-finish-select-202409-6-1inch-teal?wid=2560&hei=2560&fmt=jpeg&qlt=95,https://www.apple.com/th/iphone-16/specs/,https://www.apple.com/th/shop/buy-iphone/iphone-16
TH-IPHONE16STANDARD-TEAL-256GB-A9DE,iphone,iPhone 16,iphone-16-standard,,iPhone 16,"6.1""",,,เขียวอมฟ้า,Teal,#84A8A3,33900,,147.6 x 71.6 x 7.80 มม.,170 กรัม,"จอภาพ Super Retina XDR OLED ขนาด 6.1 นิ้ว (แนวทแยง), ความละเอียด 2556 x 1179 พิกเซลที่ 460 ppi, ความสว่างสูงสุด 2,000 นิต (กลางแจ้ง), Dynamic Island, คอนทราสต์เรโช 2,000,000:1","ระบบกล้องคู่ขั้นสูง: กล้อง Fusion 48MP (26 มม., ƒ/1.6, ระบบ OIS แบบเลื่อนเซ็นเซอร์) + กล้อง Ultra Wide 12MP (13 มม., ƒ/2.2, มุมมอง 120°), ภาพถ่ายความละเอียดสูงพิเศษ (24MP และ 48MP), ปุ่มควบคุมกล้อง (Camera Control)","การเล่นวิดีโอนานสูงสุด 22 ชั่วโมง, การเล่นเสียงนานสูงสุด 80 ชั่วโมง, รองรับการชาร์จเร็วสูงสุด 50% ใน 30 นาที ด้วยอะแดปเตอร์ 20W หรือสูงกว่า","iPhone 16 พร้อม iOS 18, สายชาร์จ USB-C (1 ม., รองรับ 60W), เอกสารประกอบ",data/images_transparent/iphone/iphone-16/teal.png,https://store.storeimages.cdn-apple.com/1/as-images.apple.com/is/iphone-16-finish-select-202409-6-1inch-teal?wid=2560&hei=2560&fmt=jpeg&qlt=95,https://www.apple.com/th/iphone-16/specs/,https://www.apple.com/th/shop/buy-iphone/iphone-16
TH-IPHONE16STANDARD-TEAL-512GB-B9AF,iphone,iPhone 16,iphone-16-standard,,iPhone 16,"6.1""",,,เขียวอมฟ้า,Teal,#84A8A3,41900,,147.6 x 71.6 x 7.80 มม.,170 กรัม,"จอภาพ Super Retina XDR OLED ขนาด 6.1 นิ้ว (แนวทแยง), ความละเอียด 2556 x 1179 พิกเซลที่ 460 ppi, ความสว่างสูงสุด 2,000 นิต (กลางแจ้ง), Dynamic Island, คอนทราสต์เรโช 2,000,000:1","ระบบกล้องคู่ขั้นสูง: กล้อง Fusion 48MP (26 มม., ƒ/1.6, ระบบ OIS แบบเลื่อนเซ็นเซอร์) + กล้อง Ultra Wide 12MP (13 มม., ƒ/2.2, มุมมอง 120°), ภาพถ่ายความละเอียดสูงพิเศษ (24MP และ 48MP), ปุ่มควบคุมกล้อง (Camera Control)","การเล่นวิดีโอนานสูงสุด 22 ชั่วโมง, การเล่นเสียงนานสูงสุด 80 ชั่วโมง, รองรับการชาร์จเร็วสูงสุด 50% ใน 30 นาที ด้วยอะแดปเตอร์ 20W หรือสูงกว่า","iPhone 16 พร้อม iOS 18, สายชาร์จ USB-C (1 ม., รองรับ 60W), เอกสารประกอบ",data/images_transparent/iphone/iphone-16/teal.png,https://store.storeimages.cdn-apple.com/1/as-images.apple.com/is/iphone-16-finish-select-202409-6-1inch-teal?wid=2560&hei=2560&fmt=jpeg&qlt=95,https://www.apple.com/th/iphone-16/specs/,https://www.apple.com/th/shop/buy-iphone/iphone-16
TH-IPHONE16STANDARD-PINK-128GB-67A1,iphone,iPhone 16,iphone-16-standard,,iPhone 16,"6.1""",,,ชมพู,Pink,#E3A3B1,29900,,147.6 x 71.6 x 7.80 มม.,170 กรัม,"จอภาพ Super Retina XDR OLED ขนาด 6.1 นิ้ว (แนวทแยง), ความละเอียด 2556 x 1179 พิกเซลที่ 460 ppi, ความสว่างสูงสุด 2,000 นิต (กลางแจ้ง), Dynamic Island, คอนทราสต์เรโช 2,000,000:1","ระบบกล้องคู่ขั้นสูง: กล้อง Fusion 48MP (26 มม., ƒ/1.6, ระบบ OIS แบบเลื่อนเซ็นเซอร์) + กล้อง Ultra Wide 12MP (13 มม., ƒ/2.2, มุมมอง 120°), ภาพถ่ายความละเอียดสูงพิเศษ (24MP และ 48MP), ปุ่มควบคุมกล้อง (Camera Control)","การเล่นวิดีโอนานสูงสุด 22 ชั่วโมง, การเล่นเสียงนานสูงสุด 80 ชั่วโมง, รองรับการชาร์จเร็วสูงสุด 50% ใน 30 นาที ด้วยอะแดปเตอร์ 20W หรือสูงกว่า","iPhone 16 พร้อม iOS 18, สายชาร์จ USB-C (1 ม., รองรับ 60W), เอกสารประกอบ",data/images_transparent/iphone/iphone-16/pink.png,https://store.storeimages.cdn-apple.com/1/as-images.apple.com/is/iphone-16-finish-select-202409-6-1inch-pink?wid=2560&hei=2560&fmt=jpeg&qlt=95,https://www.apple.com/th/iphone-16/specs/,https://www.apple.com/th/shop/buy-iphone/iphone-16
TH-IPHONE16STANDARD-PINK-256GB-5D28,iphone,iPhone 16,iphone-16-standard,,iPhone 16,"6.1""",,,ชมพู,Pink,#E3A3B1,33900,,147.6 x 71.6 x 7.80 มม.,170 กรัม,"จอภาพ Super Retina XDR OLED ขนาด 6.1 นิ้ว (แนวทแยง), ความละเอียด 2556 x 1179 พิกเซลที่ 460 ppi, ความสว่างสูงสุด 2,000 นิต (กลางแจ้ง), Dynamic Island, คอนทราสต์เรโช 2,000,000:1","ระบบกล้องคู่ขั้นสูง: กล้อง Fusion 48MP (26 มม., ƒ/1.6, ระบบ OIS แบบเลื่อนเซ็นเซอร์) + กล้อง Ultra Wide 12MP (13 มม., ƒ/2.2, มุมมอง 120°), ภาพถ่ายความละเอียดสูงพิเศษ (24MP และ 48MP), ปุ่มควบคุมกล้อง (Camera Control)","การเล่นวิดีโอนานสูงสุด 22 ชั่วโมง, การเล่นเสียงนานสูงสุด 80 ชั่วโมง, รองรับการชาร์จเร็วสูงสุด 50% ใน 30 นาที ด้วยอะแดปเตอร์ 20W หรือสูงกว่า","iPhone 16 พร้อม iOS 18, สายชาร์จ USB-C (1 ม., รองรับ 60W), เอกสารประกอบ",data/images_transparent/iphone/iphone-16/pink.png,https://store.storeimages.cdn-apple.com/1/as-images.apple.com/is/iphone-16-finish-select-202409-6-1inch-pink?wid=2560&hei=2560&fmt=jpeg&qlt=95,https://www.apple.com/th/iphone-16/specs/,https://www.apple.com/th/shop/buy-iphone/iphone-16
TH-IPHONE16STANDARD-PINK-512GB-58B9,iphone,iPhone 16,iphone-16-standard,,iPhone 16,"6.1""",,,ชมพู,Pink,#E3A3B1,41900,,147.6 x 71.6 x 7.80 มม.,170 กรัม,"จอภาพ Super Retina XDR OLED ขนาด 6.1 นิ้ว (แนวทแยง), ความละเอียด 2556 x 1179 พิกเซลที่ 460 ppi, ความสว่างสูงสุด 2,000 นิต (กลางแจ้ง), Dynamic Island, คอนทราสต์เรโช 2,000,000:1","ระบบกล้องคู่ขั้นสูง: กล้อง Fusion 48MP (26 มม., ƒ/1.6, ระบบ OIS แบบเลื่อนเซ็นเซอร์) + กล้อง Ultra Wide 12MP (13 มม., ƒ/2.2, มุมมอง 120°), ภาพถ่ายความละเอียดสูงพิเศษ (24MP และ 48MP), ปุ่มควบคุมกล้อง (Camera Control)","การเล่นวิดีโอนานสูงสุด 22 ชั่วโมง, การเล่นเสียงนานสูงสุด 80 ชั่วโมง, รองรับการชาร์จเร็วสูงสุด 50% ใน 30 นาที ด้วยอะแดปเตอร์ 20W หรือสูงกว่า","iPhone 16 พร้อม iOS 18, สายชาร์จ USB-C (1 ม., รองรับ 60W), เอกสารประกอบ",data/images_transparent/iphone/iphone-16/pink.png,https://store.storeimages.cdn-apple.com/1/as-images.apple.com/is/iphone-16-finish-select-202409-6-1inch-pink?wid=2560&hei=2560&fmt=jpeg&qlt=95,https://www.apple.com/th/iphone-16/specs/,https://www.apple.com/th/shop/buy-iphone/iphone-16
TH-IPHONE16STANDARD-WHITE-128GB-4C35,iphone,iPhone 16,iphone-16-standard,,iPhone 16,"6.1""",,,ขาว,White,#F9F6EF,29900,,147.6 x 71.6 x 7.80 มม.,170 กรัม,"จอภาพ Super Retina XDR OLED ขนาด 6.1 นิ้ว (แนวทแยง), ความละเอียด 2556 x 1179 พิกเซลที่ 460 ppi, ความสว่างสูงสุด 2,000 นิต (กลางแจ้ง), Dynamic Island, คอนทราสต์เรโช 2,000,000:1","ระบบกล้องคู่ขั้นสูง: กล้อง Fusion 48MP (26 มม., ƒ/1.6, ระบบ OIS แบบเลื่อนเซ็นเซอร์) + กล้อง Ultra Wide 12MP (13 มม., ƒ/2.2, มุมมอง 120°), ภาพถ่ายความละเอียดสูงพิเศษ (24MP และ 48MP), ปุ่มควบคุมกล้อง (Camera Control)","การเล่นวิดีโอนานสูงสุด 22 ชั่วโมง, การเล่นเสียงนานสูงสุด 80 ชั่วโมง, รองรับการชาร์จเร็วสูงสุด 50% ใน 30 นาที ด้วยอะแดปเตอร์ 20W หรือสูงกว่า","iPhone 16 พร้อม iOS 18, สายชาร์จ USB-C (1 ม., รองรับ 60W), เอกสารประกอบ",data/images_transparent/iphone/iphone-16/white.png,https://store.storeimages.cdn-apple.com/1/as-images.apple.com/is/iphone-16-finish-select-202409-6-1inch-white?wid=2560&hei=2560&fmt=jpeg&qlt=95,https://www.apple.com/th/iphone-16/specs/,https://www.apple.com/th/shop/buy-iphone/iphone-16
TH-IPHONE16STANDARD-WHITE-256GB-C173,iphone,iPhone 16,iphone-16-standard,,iPhone 16,"6.1""",,,ขาว,White,#F9F6EF,33900,,147.6 x 71.6 x 7.80 มม.,170 กรัม,"จอภาพ Super Retina XDR OLED ขนาด 6.1 นิ้ว (แนวทแยง), ความละเอียด 2556 x 1179 พิกเซลที่ 460 ppi, ความสว่างสูงสุด 2,000 นิต (กลางแจ้ง), Dynamic Island, คอนทราสต์เรโช 2,000,000:1","ระบบกล้องคู่ขั้นสูง: กล้อง Fusion 48MP (26 มม., ƒ/1.6, ระบบ OIS แบบเลื่อนเซ็นเซอร์) + กล้อง Ultra Wide 12MP (13 มม., ƒ/2.2, มุมมอง 120°), ภาพถ่ายความละเอียดสูงพิเศษ (24MP และ 48MP), ปุ่มควบคุมกล้อง (Camera Control)","การเล่นวิดีโอนานสูงสุด 22 ชั่วโมง, การเล่นเสียงนานสูงสุด 80 ชั่วโมง, รองรับการชาร์จเร็วสูงสุด 50% ใน 30 นาที ด้วยอะแดปเตอร์ 20W หรือสูงกว่า","iPhone 16 พร้อม iOS 18, สายชาร์จ USB-C (1 ม., รองรับ 60W), เอกสารประกอบ",data/images_transparent/iphone/iphone-16/white.png,https://store.storeimages.cdn-apple.com/1/as-images.apple.com/is/iphone-16-finish-select-202409-6-1inch-white?wid=2560&hei=2560&fmt=jpeg&qlt=95,https://www.apple.com/th/iphone-16/specs/,https://www.apple.com/th/shop/buy-iphone/iphone-16
TH-IPHONE16STANDARD-WHITE-512GB-B4C2,iphone,iPhone 16,iphone-16-standard,,iPhone 16,"6.1""",,,ขาว,White,#F9F6EF,41900,,147.6 x 71.6 x 7.80 มม.,170 กรัม,"จอภาพ Super Retina XDR OLED ขนาด 6.1 นิ้ว (แนวทแยง), ความละเอียด 2556 x 1179 พิกเซลที่ 460 ppi, ความสว่างสูงสุด 2,000 นิต (กลางแจ้ง), Dynamic Island, คอนทราสต์เรโช 2,000,000:1","ระบบกล้องคู่ขั้นสูง: กล้อง Fusion 48MP (26 มม., ƒ/1.6, ระบบ OIS แบบเลื่อนเซ็นเซอร์) + กล้อง Ultra Wide 12MP (13 มม., ƒ/2.2, มุมมอง 120°), ภาพถ่ายความละเอียดสูงพิเศษ (24MP และ 48MP), ปุ่มควบคุมกล้อง (Camera Control)","การเล่นวิดีโอนานสูงสุด 22 ชั่วโมง, การเล่นเสียงนานสูงสุด 80 ชั่วโมง, รองรับการชาร์จเร็วสูงสุด 50% ใน 30 นาที ด้วยอะแดปเตอร์ 20W หรือสูงกว่า","iPhone 16 พร้อม iOS 18, สายชาร์จ USB-C (1 ม., รองรับ 60W), เอกสารประกอบ",data/images_transparent/iphone/iphone-16/white.png,https://store.storeimages.cdn-apple.com/1/as-images.apple.com/is/iphone-16-finish-select-202409-6-1inch-white?wid=2560&hei=2560&fmt=jpeg&qlt=95,https://www.apple.com/th/iphone-16/specs/,https://www.apple.com/th/shop/buy-iphone/iphone-16
TH-IPHONE16STANDARD-BLACK-128GB-1454,iphone,iPhone 16,iphone-16-standard,,iPhone 16,"6.1""",,,ดำ,Black,#1F2022,29900,,147.6 x 71.6 x 7.80 มม.,170 กรัม,"จอภาพ Super Retina XDR OLED ขนาด 6.1 นิ้ว (แนวทแยง), ความละเอียด 2556 x 1179 พิกเซลที่ 460 ppi, ความสว่างสูงสุด 2,000 นิต (กลางแจ้ง), Dynamic Island, คอนทราสต์เรโช 2,000,000:1","ระบบกล้องคู่ขั้นสูง: กล้อง Fusion 48MP (26 มม., ƒ/1.6, ระบบ OIS แบบเลื่อนเซ็นเซอร์) + กล้อง Ultra Wide 12MP (13 มม., ƒ/2.2, มุมมอง 120°), ภาพถ่ายความละเอียดสูงพิเศษ (24MP และ 48MP), ปุ่มควบคุมกล้อง (Camera Control)","การเล่นวิดีโอนานสูงสุด 22 ชั่วโมง, การเล่นเสียงนานสูงสุด 80 ชั่วโมง, รองรับการชาร์จเร็วสูงสุด 50% ใน 30 นาที ด้วยอะแดปเตอร์ 20W หรือสูงกว่า","iPhone 16 พร้อม iOS 18, สายชาร์จ USB-C (1 ม., รองรับ 60W), เอกสารประกอบ",data/images_transparent/iphone/iphone-16/black.png,https://store.storeimages.cdn-apple.com/1/as-images.apple.com/is/iphone-16-finish-select-202409-6-1inch-black?wid=2560&hei=2560&fmt=jpeg&qlt=95,https://www.apple.com/th/iphone-16/specs/,https://www.apple.com/th/shop/buy-iphone/iphone-16
TH-IPHONE16STANDARD-BLACK-256GB-34A4,iphone,iPhone 16,iphone-16-standard,,iPhone 16,"6.1""",,,ดำ,Black,#1F2022,33900,,147.6 x 71.6 x 7.80 มม.,170 กรัม,"จอภาพ Super Retina XDR OLED ขนาด 6.1 นิ้ว (แนวทแยง), ความละเอียด 2556 x 1179 พิกเซลที่ 460 ppi, ความสว่างสูงสุด 2,000 นิต (กลางแจ้ง), Dynamic Island, คอนทราสต์เรโช 2,000,000:1","ระบบกล้องคู่ขั้นสูง: กล้อง Fusion 48MP (26 มม., ƒ/1.6, ระบบ OIS แบบเลื่อนเซ็นเซอร์) + กล้อง Ultra Wide 12MP (13 มม., ƒ/2.2, มุมมอง 120°), ภาพถ่ายความละเอียดสูงพิเศษ (24MP และ 48MP), ปุ่มควบคุมกล้อง (Camera Control)","การเล่นวิดีโอนานสูงสุด 22 ชั่วโมง, การเล่นเสียงนานสูงสุด 80 ชั่วโมง, รองรับการชาร์จเร็วสูงสุด 50% ใน 30 นาที ด้วยอะแดปเตอร์ 20W หรือสูงกว่า","iPhone 16 พร้อม iOS 18, สายชาร์จ USB-C (1 ม., รองรับ 60W), เอกสารประกอบ",data/images_transparent/iphone/iphone-16/black.png,https://store.storeimages.cdn-apple.com/1/as-images.apple.com/is/iphone-16-finish-select-202409-6-1inch-black?wid=2560&hei=2560&fmt=jpeg&qlt=95,https://www.apple.com/th/iphone-16/specs/,https://www.apple.com/th/shop/buy-iphone/iphone-16
TH-IPHONE16STANDARD-BLACK-512GB-EFEF,iphone,iPhone 16,iphone-16-standard,,iPhone 16,"6.1""",,,ดำ,Black,#1F2022,41900,,147.6 x 71.6 x 7.80 มม.,170 กรัม,"จอภาพ Super Retina XDR OLED ขนาด 6.1 นิ้ว (แนวทแยง), ความละเอียด 2556 x 1179 พิกเซลที่ 460 ppi, ความสว่างสูงสุด 2,000 นิต (กลางแจ้ง), Dynamic Island, คอนทราสต์เรโช 2,000,000:1","ระบบกล้องคู่ขั้นสูง: กล้อง Fusion 48MP (26 มม., ƒ/1.6, ระบบ OIS แบบเลื่อนเซ็นเซอร์) + กล้อง Ultra Wide 12MP (13 มม., ƒ/2.2, มุมมอง 120°), ภาพถ่ายความละเอียดสูงพิเศษ (24MP และ 48MP), ปุ่มควบคุมกล้อง (Camera Control)","การเล่นวิดีโอนานสูงสุด 22 ชั่วโมง, การเล่นเสียงนานสูงสุด 80 ชั่วโมง, รองรับการชาร์จเร็วสูงสุด 50% ใน 30 นาที ด้วยอะแดปเตอร์ 20W หรือสูงกว่า","iPhone 16 พร้อม iOS 18, สายชาร์จ USB-C (1 ม., รองรับ 60W), เอกสารประกอบ",data/images_transparent/iphone/iphone-16/black.png,https://store.storeimages.cdn-apple.com/1/as-images.apple.com/is/iphone-16-finish-select-202409-6-1inch-black?wid=2560&hei=2560&fmt=jpeg&qlt=95,https://www.apple.com/th/iphone-16/specs/,https://www.apple.com/th/shop/buy-iphone/iphone-16
TH-IPHONE16PLUS-ULTRAMARINE-128GB-7C8C,iphone,iPhone 16,iphone-16-plus,,iPhone 16 Plus,"6.7""",,,น้ำเงินอัลตร้ามารีน,Ultramarine,#4D5E8C,34900,,160.9 x 77.8 x 7.80 มม.,199 กรัม,"จอภาพ Super Retina XDR OLED ขนาด 6.7 นิ้ว (แนวทแยง), ความละเอียด 2796 x 1290 พิกเซลที่ 460 ppi, ความสว่างสูงสุด 2,000 นิต (กลางแจ้ง), Dynamic Island, คอนทราสต์เรโช 2,000,000:1","ระบบกล้องคู่ขั้นสูง: กล้อง Fusion 48MP (26 มม., ƒ/1.6) + กล้อง Ultra Wide 12MP (13 มม., ƒ/2.2), รองรับภาพถ่ายมาโคร, ปุ่มควบคุมกล้อง (Camera Control)","การเล่นวิดีโอนานสูงสุด 27 ชั่วโมง, การเล่นเสียงนานสูงสุด 100 ชั่วโมง, รองรับการชาร์จเร็วสูงสุด 50% ใน 30 นาที","iPhone 16 Plus พร้อม iOS 18, สายชาร์จ USB-C (1 ม.), เอกสารประกอบ",data/images_transparent/iphone/iphone-16/ultramarine.png,https://store.storeimages.cdn-apple.com/1/as-images.apple.com/is/iphone-16-finish-select-202409-6-1inch-ultramarine?wid=2560&hei=2560&fmt=jpeg&qlt=95,https://www.apple.com/th/iphone-16/specs/,https://www.apple.com/th/shop/buy-iphone/iphone-16
TH-IPHONE16PLUS-ULTRAMARINE-256GB-9861,iphone,iPhone 16,iphone-16-plus,,iPhone 16 Plus,"6.7""",,,น้ำเงินอัลตร้ามารีน,Ultramarine,#4D5E8C,38900,,160.9 x 77.8 x 7.80 มม.,199 กรัม,"จอภาพ Super Retina XDR OLED ขนาด 6.7 นิ้ว (แนวทแยง), ความละเอียด 2796 x 1290 พิกเซลที่ 460 ppi, ความสว่างสูงสุด 2,000 นิต (กลางแจ้ง), Dynamic Island, คอนทราสต์เรโช 2,000,000:1","ระบบกล้องคู่ขั้นสูง: กล้อง Fusion 48MP (26 มม., ƒ/1.6) + กล้อง Ultra Wide 12MP (13 มม., ƒ/2.2), รองรับภาพถ่ายมาโคร, ปุ่มควบคุมกล้อง (Camera Control)","การเล่นวิดีโอนานสูงสุด 27 ชั่วโมง, การเล่นเสียงนานสูงสุด 100 ชั่วโมง, รองรับการชาร์จเร็วสูงสุด 50% ใน 30 นาที","iPhone 16 Plus พร้อม iOS 18, สายชาร์จ USB-C (1 ม.), เอกสารประกอบ",data/images_transparent/iphone/iphone-16/ultramarine.png,https://store.storeimages.cdn-apple.com/1/as-images.apple.com/is/iphone-16-finish-select-202409-6-1inch-ultramarine?wid=2560&hei=2560&fmt=jpeg&qlt=95,https://www.apple.com/th/iphone-16/specs/,https://www.apple.com/th/shop/buy-iphone/iphone-16
TH-IPHONE16PLUS-ULTRAMARINE-512GB-0703,iphone,iPhone 16,iphone-16-plus,,iPhone 16 Plus,"6.7""",,,น้ำเงินอัลตร้ามารีน,Ultramarine,#4D5E8C,46900,,160.9 x 77.8 x 7.80 มม.,199 กรัม,"จอภาพ Super Retina XDR OLED ขนาด 6.7 นิ้ว (แนวทแยง), ความละเอียด 2796 x 1290 พิกเซลที่ 460 ppi, ความสว่างสูงสุด 2,000 นิต (กลางแจ้ง), Dynamic Island, คอนทราสต์เรโช 2,000,000:1","ระบบกล้องคู่ขั้นสูง: กล้อง Fusion 48MP (26 มม., ƒ/1.6) + กล้อง Ultra Wide 12MP (13 มม., ƒ/2.2), รองรับภาพถ่ายมาโคร, ปุ่มควบคุมกล้อง (Camera Control)","การเล่นวิดีโอนานสูงสุด 27 ชั่วโมง, การเล่นเสียงนานสูงสุด 100 ชั่วโมง, รองรับการชาร์จเร็วสูงสุด 50% ใน 30 นาที","iPhone 16 Plus พร้อม iOS 18, สายชาร์จ USB-C (1 ม.), เอกสารประกอบ",data/images_transparent/iphone/iphone-16/ultramarine.png,https://store.storeimages.cdn-apple.com/1/as-images.apple.com/is/iphone-16-finish-select-202409-6-1inch-ultramarine?wid=2560&hei=2560&fmt=jpeg&qlt=95,https://www.apple.com/th/iphone-16/specs/,https://www.apple.com/th/shop/buy-iphone/iphone-16
TH-IPHONE16PLUS-TEAL-128GB-1DAA,iphone,iPhone 16,iphone-16-plus,,iPhone 16 Plus,"6.7""",,,เขียวอมฟ้า,Teal,#84A8A3,34900,,160.9 x 77.8 x 7.80 มม.,199 กรัม,"จอภาพ Super Retina XDR OLED ขนาด 6.7 นิ้ว (แนวทแยง), ความละเอียด 2796 x 1290 พิกเซลที่ 460 ppi, ความสว่างสูงสุด 2,000 นิต (กลางแจ้ง), Dynamic Island, คอนทราสต์เรโช 2,000,000:1","ระบบกล้องคู่ขั้นสูง: กล้อง Fusion 48MP (26 มม., ƒ/1.6) + กล้อง Ultra Wide 12MP (13 มม., ƒ/2.2), รองรับภาพถ่ายมาโคร, ปุ่มควบคุมกล้อง (Camera Control)","การเล่นวิดีโอนานสูงสุด 27 ชั่วโมง, การเล่นเสียงนานสูงสุด 100 ชั่วโมง, รองรับการชาร์จเร็วสูงสุด 50% ใน 30 นาที","iPhone 16 Plus พร้อม iOS 18, สายชาร์จ USB-C (1 ม.), เอกสารประกอบ",data/images_transparent/iphone/iphone-16/teal.png,https://store.storeimages.cdn-apple.com/1/as-images.apple.com/is/iphone-16-finish-select-202409-6-1inch-teal?wid=2560&hei=2560&fmt=jpeg&qlt=95,https://www.apple.com/th/iphone-16/specs/,https://www.apple.com/th/shop/buy-iphone/iphone-16
TH-IPHONE16PLUS-TEAL-256GB-A833,iphone,iPhone 16,iphone-16-plus,,iPhone 16 Plus,"6.7""",,,เขียวอมฟ้า,Teal,#84A8A3,38900,,160.9 x 77.8 x 7.80 มม.,199 กรัม,"จอภาพ Super Retina XDR OLED ขนาด 6.7 นิ้ว (แนวทแยง), ความละเอียด 2796 x 1290 พิกเซลที่ 460 ppi, ความสว่างสูงสุด 2,000 นิต (กลางแจ้ง), Dynamic Island, คอนทราสต์เรโช 2,000,000:1","ระบบกล้องคู่ขั้นสูง: กล้อง Fusion 48MP (26 มม., ƒ/1.6) + กล้อง Ultra Wide 12MP (13 มม., ƒ/2.2), รองรับภาพถ่ายมาโคร, ปุ่มควบคุมกล้อง (Camera Control)","การเล่นวิดีโอนานสูงสุด 27 ชั่วโมง, การเล่นเสียงนานสูงสุด 100 ชั่วโมง, รองรับการชาร์จเร็วสูงสุด 50% ใน 30 นาที","iPhone 16 Plus พร้อม iOS 18, สายชาร์จ USB-C (1 ม.), เอกสารประกอบ",data/images_transparent/iphone/iphone-16/teal.png,https://store.storeimages.cdn-apple.com/1/as-images.apple.com/is/iphone-16-finish-select-202409-6-1inch-teal?wid=2560&hei=2560&fmt=jpeg&qlt=95,https://www.apple.com/th/iphone-16/specs/,https://www.apple.com/th/shop/buy-iphone/iphone-16
TH-IPHONE16PLUS-TEAL-512GB-84CC,iphone,iPhone 16,iphone-16-plus,,iPhone 16 Plus,"6.7""",,,เขียวอมฟ้า,Teal,#84A8A3,46900,,160.9 x 77.8 x 7.80 มม.,199 กรัม,"จอภาพ Super Retina XDR OLED ขนาด 6.7 นิ้ว (แนวทแยง), ความละเอียด 2796 x 1290 พิกเซลที่ 460 ppi, ความสว่างสูงสุด 2,000 นิต (กลางแจ้ง), Dynamic Island, คอนทราสต์เรโช 2,000,000:1","ระบบกล้องคู่ขั้นสูง: กล้อง Fusion 48MP (26 มม., ƒ/1.6) + กล้อง Ultra Wide 12MP (13 มม., ƒ/2.2), รองรับภาพถ่ายมาโคร, ปุ่มควบคุมกล้อง (Camera Control)","การเล่นวิดีโอนานสูงสุด 27 ชั่วโมง, การเล่นเสียงนานสูงสุด 100 ชั่วโมง, รองรับการชาร์จเร็วสูงสุด 50% ใน 30 นาที","iPhone 16 Plus พร้อม iOS 18, สายชาร์จ USB-C (1 ม.), เอกสารประกอบ",data/images_transparent/iphone/iphone-16/teal.png,https://store.storeimages.cdn-apple.com/1/as-images.apple.com/is/iphone-16-finish-select-202409-6-1inch-teal?wid=2560&hei=2560&fmt=jpeg&qlt=95,https://www.apple.com/th/iphone-16/specs/,https://www.apple.com/th/shop/buy-iphone/iphone-16
TH-IPHONE16PLUS-PINK-128GB-C619,iphone,iPhone 16,iphone-16-plus,,iPhone 16 Plus,"6.7""",,,ชมพู,Pink,#E3A3B1,34900,,160.9 x 77.8 x 7.80 มม.,199 กรัม,"จอภาพ Super Retina XDR OLED ขนาด 6.7 นิ้ว (แนวทแยง), ความละเอียด 2796 x 1290 พิกเซลที่ 460 ppi, ความสว่างสูงสุด 2,000 นิต (กลางแจ้ง), Dynamic Island, คอนทราสต์เรโช 2,000,000:1","ระบบกล้องคู่ขั้นสูง: กล้อง Fusion 48MP (26 มม., ƒ/1.6) + กล้อง Ultra Wide 12MP (13 มม., ƒ/2.2), รองรับภาพถ่ายมาโคร, ปุ่มควบคุมกล้อง (Camera Control)","การเล่นวิดีโอนานสูงสุด 27 ชั่วโมง, การเล่นเสียงนานสูงสุด 100 ชั่วโมง, รองรับการชาร์จเร็วสูงสุด 50% ใน 30 นาที","iPhone 16 Plus พร้อม iOS 18, สายชาร์จ USB-C (1 ม.), เอกสารประกอบ",data/images_transparent/iphone/iphone-16/pink.png,https://store.storeimages.cdn-apple.com/1/as-images.apple.com/is/iphone-16-finish-select-202409-6-1inch-pink?wid=2560&hei=2560&fmt=jpeg&qlt=95,https://www.apple.com/th/iphone-16/specs/,https://www.apple.com/th/shop/buy-iphone/iphone-16
TH-IPHONE16PLUS-PINK-256GB-573D,iphone,iPhone 16,iphone-16-plus,,iPhone 16 Plus,"6.7""",,,ชมพู,Pink,#E3A3B1,38900,,160.9 x 77.8 x 7.80 มม.,199 กรัม,"จอภาพ Super Retina XDR OLED ขนาด 6.7 นิ้ว (แนวทแยง), ความละเอียด 2796 x 1290 พิกเซลที่ 460 ppi, ความสว่างสูงสุด 2,000 นิต (กลางแจ้ง), Dynamic Island, คอนทราสต์เรโช 2,000,000:1","ระบบกล้องคู่ขั้นสูง: กล้อง Fusion 48MP (26 มม., ƒ/1.6) + กล้อง Ultra Wide 12MP (13 มม., ƒ/2.2), รองรับภาพถ่ายมาโคร, ปุ่มควบคุมกล้อง (Camera Control)","การเล่นวิดีโอนานสูงสุด 27 ชั่วโมง, การเล่นเสียงนานสูงสุด 100 ชั่วโมง, รองรับการชาร์จเร็วสูงสุด 50% ใน 30 นาที","iPhone 16 Plus พร้อม iOS 18, สายชาร์จ USB-C (1 ม.), เอกสารประกอบ",data/images_transparent/iphone/iphone-16/pink.png,https://store.storeimages.cdn-apple.com/1/as-images.apple.com/is/iphone-16-finish-select-202409-6-1inch-pink?wid=2560&hei=2560&fmt=jpeg&qlt=95,https://www.apple.com/th/iphone-16/specs/,https://www.apple.com/th/shop/buy-iphone/iphone-16
TH-IPHONE16PLUS-PINK-512GB-93C8,iphone,iPhone 16,iphone-16-plus,,iPhone 16 Plus,"6.7""",,,ชมพู,Pink,#E3A3B1,46900,,160.9 x 77.8 x 7.80 มม.,199 กรัม,"จอภาพ Super Retina XDR OLED ขนาด 6.7 นิ้ว (แนวทแยง), ความละเอียด 2796 x 1290 พิกเซลที่ 460 ppi, ความสว่างสูงสุด 2,000 นิต (กลางแจ้ง), Dynamic Island, คอนทราสต์เรโช 2,000,000:1","ระบบกล้องคู่ขั้นสูง: กล้อง Fusion 48MP (26 มม., ƒ/1.6) + กล้อง Ultra Wide 12MP (13 มม., ƒ/2.2), รองรับภาพถ่ายมาโคร, ปุ่มควบคุมกล้อง (Camera Control)","การเล่นวิดีโอนานสูงสุด 27 ชั่วโมง, การเล่นเสียงนานสูงสุด 100 ชั่วโมง, รองรับการชาร์จเร็วสูงสุด 50% ใน 30 นาที","iPhone 16 Plus พร้อม iOS 18, สายชาร์จ USB-C (1 ม.), เอกสารประกอบ",data/images_transparent/iphone/iphone-16/pink.png,https://store.storeimages.cdn-apple.com/1/as-images.apple.com/is/iphone-16-finish-select-202409-6-1inch-pink?wid=2560&hei=2560&fmt=jpeg&qlt=95,https://www.apple.com/th/iphone-16/specs/,https://www.apple.com/th/shop/buy-iphone/iphone-16
TH-IPHONE16PLUS-WHITE-128GB-F118,iphone,iPhone 16,iphone-16-plus,,iPhone 16 Plus,"6.7""",,,ขาว,White,#F9F6EF,34900,,160.9 x 77.8 x 7.80 มม.,199 กรัม,"จอภาพ Super Retina XDR OLED ขนาด 6.7 นิ้ว (แนวทแยง), ความละเอียด 2796 x 1290 พิกเซลที่ 460 ppi, ความสว่างสูงสุด 2,000 นิต (กลางแจ้ง), Dynamic Island, คอนทราสต์เรโช 2,000,000:1","ระบบกล้องคู่ขั้นสูง: กล้อง Fusion 48MP (26 มม., ƒ/1.6) + กล้อง Ultra Wide 12MP (13 มม., ƒ/2.2), รองรับภาพถ่ายมาโคร, ปุ่มควบคุมกล้อง (Camera Control)","การเล่นวิดีโอนานสูงสุด 27 ชั่วโมง, การเล่นเสียงนานสูงสุด 100 ชั่วโมง, รองรับการชาร์จเร็วสูงสุด 50% ใน 30 นาที","iPhone 16 Plus พร้อม iOS 18, สายชาร์จ USB-C (1 ม.), เอกสารประกอบ",data/images_transparent/iphone/iphone-16/white.png,https://store.storeimages.cdn-apple.com/1/as-images.apple.com/is/iphone-16-finish-select-202409-6-1inch-white?wid=2560&hei=2560&fmt=jpeg&qlt=95,https://www.apple.com/th/iphone-16/specs/,https://www.apple.com/th/shop/buy-iphone/iphone-16
TH-IPHONE16PLUS-WHITE-256GB-39DE,iphone,iPhone 16,iphone-16-plus,,iPhone 16 Plus,"6.7""",,,ขาว,White,#F9F6EF,38900,,160.9 x 77.8 x 7.80 มม.,199 กรัม,"จอภาพ Super Retina XDR OLED ขนาด 6.7 นิ้ว (แนวทแยง), ความละเอียด 2796 x 1290 พิกเซลที่ 460 ppi, ความสว่างสูงสุด 2,000 นิต (กลางแจ้ง), Dynamic Island, คอนทราสต์เรโช 2,000,000:1","ระบบกล้องคู่ขั้นสูง: กล้อง Fusion 48MP (26 มม., ƒ/1.6) + กล้อง Ultra Wide 12MP (13 มม., ƒ/2.2), รองรับภาพถ่ายมาโคร, ปุ่มควบคุมกล้อง (Camera Control)","การเล่นวิดีโอนานสูงสุด 27 ชั่วโมง, การเล่นเสียงนานสูงสุด 100 ชั่วโมง, รองรับการชาร์จเร็วสูงสุด 50% ใน 30 นาที","iPhone 16 Plus พร้อม iOS 18, สายชาร์จ USB-C (1 ม.), เอกสารประกอบ",data/images_transparent/iphone/iphone-16/white.png,https://store.storeimages.cdn-apple.com/1/as-images.apple.com/is/iphone-16-finish-select-202409-6-1inch-white?wid=2560&hei=2560&fmt=jpeg&qlt=95,https://www.apple.com/th/iphone-16/specs/,https://www.apple.com/th/shop/buy-iphone/iphone-16
TH-IPHONE16PLUS-WHITE-512GB-4076,iphone,iPhone 16,iphone-16-plus,,iPhone 16 Plus,"6.7""",,,ขาว,White,#F9F6EF,46900,,160.9 x 77.8 x 7.80 มม.,199 กรัม,"จอภาพ Super Retina XDR OLED ขนาด 6.7 นิ้ว (แนวทแยง), ความละเอียด 2796 x 1290 พิกเซลที่ 460 ppi, ความสว่างสูงสุด 2,000 นิต (กลางแจ้ง), Dynamic Island, คอนทราสต์เรโช 2,000,000:1","ระบบกล้องคู่ขั้นสูง: กล้อง Fusion 48MP (26 มม., ƒ/1.6) + กล้อง Ultra Wide 12MP (13 มม., ƒ/2.2), รองรับภาพถ่ายมาโคร, ปุ่มควบคุมกล้อง (Camera Control)","การเล่นวิดีโอนานสูงสุด 27 ชั่วโมง, การเล่นเสียงนานสูงสุด 100 ชั่วโมง, รองรับการชาร์จเร็วสูงสุด 50% ใน 30 นาที","iPhone 16 Plus พร้อม iOS 18, สายชาร์จ USB-C (1 ม.), เอกสารประกอบ",data/images_transparent/iphone/iphone-16/white.png,https://store.storeimages.cdn-apple.com/1/as-images.apple.com/is/iphone-16-finish-select-202409-6-1inch-white?wid=2560&hei=2560&fmt=jpeg&qlt=95,https://www.apple.com/th/iphone-16/specs/,https://www.apple.com/th/shop/buy-iphone/iphone-16
TH-IPHONE16PLUS-BLACK-128GB-CD9B,iphone,iPhone 16,iphone-16-plus,,iPhone 16 Plus,"6.7""",,,ดำ,Black,#1F2022,34900,,160.9 x 77.8 x 7.80 มม.,199 กรัม,"จอภาพ Super Retina XDR OLED ขนาด 6.7 นิ้ว (แนวทแยง), ความละเอียด 2796 x 1290 พิกเซลที่ 460 ppi, ความสว่างสูงสุด 2,000 นิต (กลางแจ้ง), Dynamic Island, คอนทราสต์เรโช 2,000,000:1","ระบบกล้องคู่ขั้นสูง: กล้อง Fusion 48MP (26 มม., ƒ/1.6) + กล้อง Ultra Wide 12MP (13 มม., ƒ/2.2), รองรับภาพถ่ายมาโคร, ปุ่มควบคุมกล้อง (Camera Control)","การเล่นวิดีโอนานสูงสุด 27 ชั่วโมง, การเล่นเสียงนานสูงสุด 100 ชั่วโมง, รองรับการชาร์จเร็วสูงสุด 50% ใน 30 นาที","iPhone 16 Plus พร้อม iOS 18, สายชาร์จ USB-C (1 ม.), เอกสารประกอบ",data/images_transparent/iphone/iphone-16/black.png,https://store.storeimages.cdn-apple.com/1/as-images.apple.com/is/iphone-16-finish-select-202409-6-1inch-black?wid=2560&hei=2560&fmt=jpeg&qlt=95,https://www.apple.com/th/iphone-16/specs/,https://www.apple.com/th/shop/buy-iphone/iphone-16
TH-IPHONE16PLUS-BLACK-256GB-27FC,iphone,iPhone 16,iphone-16-plus,,iPhone 16 Plus,"6.7""",,,ดำ,Black,#1F2022,38900,,160.9 x 77.8 x 7.80 มม.,199 กรัม,"จอภาพ Super Retina XDR OLED ขนาด 6.7 นิ้ว (แนวทแยง), ความละเอียด 2796 x 1290 พิกเซลที่ 460 ppi, ความสว่างสูงสุด 2,000 นิต (กลางแจ้ง), Dynamic Island, คอนทราสต์เรโช 2,000,000:1","ระบบกล้องคู่ขั้นสูง: กล้อง Fusion 48MP (26 มม., ƒ/1.6) + กล้อง Ultra Wide 12MP (13 มม., ƒ/2.2), รองรับภาพถ่ายมาโคร, ปุ่มควบคุมกล้อง (Camera Control)","การเล่นวิดีโอนานสูงสุด 27 ชั่วโมง, การเล่นเสียงนานสูงสุด 100 ชั่วโมง, รองรับการชาร์จเร็วสูงสุด 50% ใน 30 นาที","iPhone 16 Plus พร้อม iOS 18, สายชาร์จ USB-C (1 ม.), เอกสารประกอบ",data/images_transparent/iphone/iphone-16/black.png,https://store.storeimages.cdn-apple.com/1/as-images.apple.com/is/iphone-16-finish-select-202409-6-1inch-black?wid=2560&hei=2560&fmt=jpeg&qlt=95,https://www.apple.com/th/iphone-16/specs/,https://www.apple.com/th/shop/buy-iphone/iphone-16
TH-IPHONE16PLUS-BLACK-512GB-697D,iphone,iPhone 16,iphone-16-plus,,iPhone 16 Plus,"6.7""",,,ดำ,Black,#1F2022,46900,,160.9 x 77.8 x 7.80 มม.,199 กรัม,"จอภาพ Super Retina XDR OLED ขนาด 6.7 นิ้ว (แนวทแยง), ความละเอียด 2796 x 1290 พิกเซลที่ 460 ppi, ความสว่างสูงสุด 2,000 นิต (กลางแจ้ง), Dynamic Island, คอนทราสต์เรโช 2,000,000:1","ระบบกล้องคู่ขั้นสูง: กล้อง Fusion 48MP (26 มม., ƒ/1.6) + กล้อง Ultra Wide 12MP (13 มม., ƒ/2.2), รองรับภาพถ่ายมาโคร, ปุ่มควบคุมกล้อง (Camera Control)","การเล่นวิดีโอนานสูงสุด 27 ชั่วโมง, การเล่นเสียงนานสูงสุด 100 ชั่วโมง, รองรับการชาร์จเร็วสูงสุด 50% ใน 30 นาที","iPhone 16 Plus พร้อม iOS 18, สายชาร์จ USB-C (1 ม.), เอกสารประกอบ",data/images_transparent/iphone/iphone-16/black.png,https://store.storeimages.cdn-apple.com/1/as-images.apple.com/is/iphone-16-finish-select-202409-6-1inch-black?wid=2560&hei=2560&fmt=jpeg&qlt=95,https://www.apple.com/th/iphone-16/specs/,https://www.apple.com/th/shop/buy-iphone/iphone-16
TH-IPHONE16PRO-DESERTTITANIUM-128GB-730A,iphone,iPhone 16 Pro,iphone-16-pro,,iPhone 16 Pro,"6.3""",,,ไทเทเนียมทะเลทราย,Desert Titanium,#C5A992,39900,,149.6 x 71.5 x 8.25 มม.,199 กรัม,"จอภาพ Super Retina XDR OLED ขนาด 6.3 นิ้ว, เทคโนโลยี ProMotion อัตรารีเฟรชสูงสุด 120Hz, ความละเอียด 2622 x 1206 พิกเซลที่ 460 ppi, จอภาพติดตลอด (Always-On)","ระบบกล้องระดับโปร: กล้อง Fusion 48MP (24 มม., ƒ/1.78) + กล้อง Ultra Wide 48MP (13 มม., ƒ/2.2) + กล้อง Telephoto 5x 12MP (120 มม., ƒ/2.8), สแกนเนอร์ LiDAR, บันทึกวิดีโอ 4K Dolby Vision 120 fps, ปุ่มควบคุมกล้อง (Camera Control)","การเล่นวิดีโอนานสูงสุด 27 ชั่วโมง, การเล่นสตรีมวิดีโอนานสูงสุด 22 ชั่วโมง, ชาร์จเร็ว 50% ใน 30 นาที","iPhone 16 Pro พร้อม iOS 18, สายชาร์จ USB-C (1 ม., รองรับ USB 3), เอกสารประกอบ",data/images_transparent/iphone/iphone-16-pro/desert-titanium.png,https://store.storeimages.cdn-apple.com/1/as-images.apple.com/is/iphone-16-pro-finish-select-202409-6-3inch-deserttitanium?wid=2560&hei=2560&fmt=jpeg&qlt=95,https://www.apple.com/th/iphone-16-pro/specs/,https://www.apple.com/th/shop/buy-iphone/iphone-16-pro
TH-IPHONE16PRO-DESERTTITANIUM-256GB-3185,iphone,iPhone 16 Pro,iphone-16-pro,,iPhone 16 Pro,"6.3""",,,ไทเทเนียมทะเลทราย,Desert Titanium,#C5A992,43900,,149.6 x 71.5 x 8.25 มม.,199 กรัม,"จอภาพ Super Retina XDR OLED ขนาด 6.3 นิ้ว, เทคโนโลยี ProMotion อัตรารีเฟรชสูงสุด 120Hz, ความละเอียด 2622 x 1206 พิกเซลที่ 460 ppi, จอภาพติดตลอด (Always-On)","ระบบกล้องระดับโปร: กล้อง Fusion 48MP (24 มม., ƒ/1.78) + กล้อง Ultra Wide 48MP (13 มม., ƒ/2.2) + กล้อง Telephoto 5x 12MP (120 มม., ƒ/2.8), สแกนเนอร์ LiDAR, บันทึกวิดีโอ 4K Dolby Vision 120 fps, ปุ่มควบคุมกล้อง (Camera Control)","การเล่นวิดีโอนานสูงสุด 27 ชั่วโมง, การเล่นสตรีมวิดีโอนานสูงสุด 22 ชั่วโมง, ชาร์จเร็ว 50% ใน 30 นาที","iPhone 16 Pro พร้อม iOS 18, สายชาร์จ USB-C (1 ม., รองรับ USB 3), เอกสารประกอบ",data/images_transparent/iphone/iphone-16-pro/desert-titanium.png,https://store.storeimages.cdn-apple.com/1/as-images.apple.com/is/iphone-16-pro-finish-select-202409-6-3inch-deserttitanium?wid=2560&hei=2560&fmt=jpeg&qlt=95,https://www.apple.com/th/iphone-16-pro/specs/,https://www.apple.com/th/shop/buy-iphone/iphone-16-pro
TH-IPHONE16PRO-DESERTTITANIUM-512GB-556B,iphone,iPhone 16 Pro,iphone-16-pro,,iPhone 16 Pro,"6.3""",,,ไทเทเนียมทะเลทราย,Desert Titanium,#C5A992,51900,,149.6 x 71.5 x 8.25 มม.,199 กรัม,"จอภาพ Super Retina XDR OLED ขนาด 6.3 นิ้ว, เทคโนโลยี ProMotion อัตรารีเฟรชสูงสุด 120Hz, ความละเอียด 2622 x 1206 พิกเซลที่ 460 ppi, จอภาพติดตลอด (Always-On)","ระบบกล้องระดับโปร: กล้อง Fusion 48MP (24 มม., ƒ/1.78) + กล้อง Ultra Wide 48MP (13 มม., ƒ/2.2) + กล้อง Telephoto 5x 12MP (120 มม., ƒ/2.8), สแกนเนอร์ LiDAR, บันทึกวิดีโอ 4K Dolby Vision 120 fps, ปุ่มควบคุมกล้อง (Camera Control)","การเล่นวิดีโอนานสูงสุด 27 ชั่วโมง, การเล่นสตรีมวิดีโอนานสูงสุด 22 ชั่วโมง, ชาร์จเร็ว 50% ใน 30 นาที","iPhone 16 Pro พร้อม iOS 18, สายชาร์จ USB-C (1 ม., รองรับ USB 3), เอกสารประกอบ",data/images_transparent/iphone/iphone-16-pro/desert-titanium.png,https://store.storeimages.cdn-apple.com/1/as-images.apple.com/is/iphone-16-pro-finish-select-202409-6-3inch-deserttitanium?wid=2560&hei=2560&fmt=jpeg&qlt=95,https://www.apple.com/th/iphone-16-pro/specs/,https://www.apple.com/th/shop/buy-iphone/iphone-16-pro
TH-IPHONE16PRO-DESERTTITANIUM-1TB-1FEA,iphone,iPhone 16 Pro,iphone-16-pro,,iPhone 16 Pro,"6.3""",,,ไทเทเนียมทะเลทราย,Desert Titanium,#C5A992,59900,,149.6 x 71.5 x 8.25 มม.,199 กรัม,"จอภาพ Super Retina XDR OLED ขนาด 6.3 นิ้ว, เทคโนโลยี ProMotion อัตรารีเฟรชสูงสุด 120Hz, ความละเอียด 2622 x 1206 พิกเซลที่ 460 ppi, จอภาพติดตลอด (Always-On)","ระบบกล้องระดับโปร: กล้อง Fusion 48MP (24 มม., ƒ/1.78) + กล้อง Ultra Wide 48MP (13 มม., ƒ/2.2) + กล้อง Telephoto 5x 12MP (120 มม., ƒ/2.8), สแกนเนอร์ LiDAR, บันทึกวิดีโอ 4K Dolby Vision 120 fps, ปุ่มควบคุมกล้อง (Camera Control)","การเล่นวิดีโอนานสูงสุด 27 ชั่วโมง, การเล่นสตรีมวิดีโอนานสูงสุด 22 ชั่วโมง, ชาร์จเร็ว 50% ใน 30 นาที","iPhone 16 Pro พร้อม iOS 18, สายชาร์จ USB-C (1 ม., รองรับ USB 3), เอกสารประกอบ",data/images_transparent/iphone/iphone-16-pro/desert-titanium.png,https://store.storeimages.cdn-apple.com/1/as-images.apple.com/is/iphone-16-pro-finish-select-202409-6-3inch-deserttitanium?wid=2560&hei=2560&fmt=jpeg&qlt=95,https://www.apple.com/th/iphone-16-pro/specs/,https://www.apple.com/th/shop/buy-iphone/iphone-16-pro
TH-IPHONE16PRO-NATURALTITANIUM-128GB-242B,iphone,iPhone 16 Pro,iphone-16-pro,,iPhone 16 Pro,"6.3""",,,ไทเทเนียมธรรมชาติ,Natural Titanium,#9A958E,39900,,149.6 x 71.5 x 8.25 มม.,199 กรัม,"จอภาพ Super Retina XDR OLED ขนาด 6.3 นิ้ว, เทคโนโลยี ProMotion อัตรารีเฟรชสูงสุด 120Hz, ความละเอียด 2622 x 1206 พิกเซลที่ 460 ppi, จอภาพติดตลอด (Always-On)","ระบบกล้องระดับโปร: กล้อง Fusion 48MP (24 มม., ƒ/1.78) + กล้อง Ultra Wide 48MP (13 มม., ƒ/2.2) + กล้อง Telephoto 5x 12MP (120 มม., ƒ/2.8), สแกนเนอร์ LiDAR, บันทึกวิดีโอ 4K Dolby Vision 120 fps, ปุ่มควบคุมกล้อง (Camera Control)","การเล่นวิดีโอนานสูงสุด 27 ชั่วโมง, การเล่นสตรีมวิดีโอนานสูงสุด 22 ชั่วโมง, ชาร์จเร็ว 50% ใน 30 นาที","iPhone 16 Pro พร้อม iOS 18, สายชาร์จ USB-C (1 ม., รองรับ USB 3), เอกสารประกอบ",data/images_transparent/iphone/iphone-16-pro/natural-titanium.png,https://store.storeimages.cdn-apple.com/1/as-images.apple.com/is/iphone-16-pro-finish-select-202409-6-3inch-naturaltitanium?wid=2560&hei=2560&fmt=jpeg&qlt=95,https://www.apple.com/th/iphone-16-pro/specs/,https://www.apple.com/th/shop/buy-iphone/iphone-16-pro
TH-IPHONE16PRO-NATURALTITANIUM-256GB-F01B,iphone,iPhone 16 Pro,iphone-16-pro,,iPhone 16 Pro,"6.3""",,,ไทเทเนียมธรรมชาติ,Natural Titanium,#9A958E,43900,,149.6 x 71.5 x 8.25 มม.,199 กรัม,"จอภาพ Super Retina XDR OLED ขนาด 6.3 นิ้ว, เทคโนโลยี ProMotion อัตรารีเฟรชสูงสุด 120Hz, ความละเอียด 2622 x 1206 พิกเซลที่ 460 ppi, จอภาพติดตลอด (Always-On)","ระบบกล้องระดับโปร: กล้อง Fusion 48MP (24 มม., ƒ/1.78) + กล้อง Ultra Wide 48MP (13 มม., ƒ/2.2) + กล้อง Telephoto 5x 12MP (120 มม., ƒ/2.8), สแกนเนอร์ LiDAR, บันทึกวิดีโอ 4K Dolby Vision 120 fps, ปุ่มควบคุมกล้อง (Camera Control)","การเล่นวิดีโอนานสูงสุด 27 ชั่วโมง, การเล่นสตรีมวิดีโอนานสูงสุด 22 ชั่วโมง, ชาร์จเร็ว 50% ใน 30 นาที","iPhone 16 Pro พร้อม iOS 18, สายชาร์จ USB-C (1 ม., รองรับ USB 3), เอกสารประกอบ",data/images_transparent/iphone/iphone-16-pro/natural-titanium.png,https://store.storeimages.cdn-apple.com/1/as-images.apple.com/is/iphone-16-pro-finish-select-202409-6-3inch-naturaltitanium?wid=2560&hei=2560&fmt=jpeg&qlt=95,https://www.apple.com/th/iphone-16-pro/specs/,https://www.apple.com/th/shop/buy-iphone/iphone-16-pro
TH-IPHONE16PRO-NATURALTITANIUM-512GB-6385,iphone,iPhone 16 Pro,iphone-16-pro,,iPhone 16 Pro,"6.3""",,,ไทเทเนียมธรรมชาติ,Natural Titanium,#9A958E,51900,,149.6 x 71.5 x 8.25 มม.,199 กรัม,"จอภาพ Super Retina XDR OLED ขนาด 6.3 นิ้ว, เทคโนโลยี ProMotion อัตรารีเฟรชสูงสุด 120Hz, ความละเอียด 2622 x 1206 พิกเซลที่ 460 ppi, จอภาพติดตลอด (Always-On)","ระบบกล้องระดับโปร: กล้อง Fusion 48MP (24 มม., ƒ/1.78) + กล้อง Ultra Wide 48MP (13 มม., ƒ/2.2) + กล้อง Telephoto 5x 12MP (120 มม., ƒ/2.8), สแกนเนอร์ LiDAR, บันทึกวิดีโอ 4K Dolby Vision 120 fps, ปุ่มควบคุมกล้อง (Camera Control)","การเล่นวิดีโอนานสูงสุด 27 ชั่วโมง, การเล่นสตรีมวิดีโอนานสูงสุด 22 ชั่วโมง, ชาร์จเร็ว 50% ใน 30 นาที","iPhone 16 Pro พร้อม iOS 18, สายชาร์จ USB-C (1 ม., รองรับ USB 3), เอกสารประกอบ",data/images_transparent/iphone/iphone-16-pro/natural-titanium.png,https://store.storeimages.cdn-apple.com/1/as-images.apple.com/is/iphone-16-pro-finish-select-202409-6-3inch-naturaltitanium?wid=2560&hei=2560&fmt=jpeg&qlt=95,https://www.apple.com/th/iphone-16-pro/specs/,https://www.apple.com/th/shop/buy-iphone/iphone-16-pro
TH-IPHONE16PRO-NATURALTITANIUM-1TB-FF7D,iphone,iPhone 16 Pro,iphone-16-pro,,iPhone 16 Pro,"6.3""",,,ไทเทเนียมธรรมชาติ,Natural Titanium,#9A958E,59900,,149.6 x 71.5 x 8.25 มม.,199 กรัม,"จอภาพ Super Retina XDR OLED ขนาด 6.3 นิ้ว, เทคโนโลยี ProMotion อัตรารีเฟรชสูงสุด 120Hz, ความละเอียด 2622 x 1206 พิกเซลที่ 460 ppi, จอภาพติดตลอด (Always-On)","ระบบกล้องระดับโปร: กล้อง Fusion 48MP (24 มม., ƒ/1.78) + กล้อง Ultra Wide 48MP (13 มม., ƒ/2.2) + กล้อง Telephoto 5x 12MP (120 มม., ƒ/2.8), สแกนเนอร์ LiDAR, บันทึกวิดีโอ 4K Dolby Vision 120 fps, ปุ่มควบคุมกล้อง (Camera Control)","การเล่นวิดีโอนานสูงสุด 27 ชั่วโมง, การเล่นสตรีมวิดีโอนานสูงสุด 22 ชั่วโมง, ชาร์จเร็ว 50% ใน 30 นาที","iPhone 16 Pro พร้อม iOS 18, สายชาร์จ USB-C (1 ม., รองรับ USB 3), เอกสารประกอบ",data/images_transparent/iphone/iphone-16-pro/natural-titanium.png,https://store.storeimages.cdn-apple.com/1/as-images.apple.com/is/iphone-16-pro-finish-select-202409-6-3inch-naturaltitanium?wid=2560&hei=2560&fmt=jpeg&qlt=95,https://www.apple.com/th/iphone-16-pro/specs/,https://www.apple.com/th/shop/buy-iphone/iphone-16-pro
TH-IPHONE16PRO-WHITETITANIUM-128GB-8132,iphone,iPhone 16 Pro,iphone-16-pro,,iPhone 16 Pro,"6.3""",,,ไทเทเนียมขาว,White Titanium,#E2E4E1,39900,,149.6 x 71.5 x 8.25 มม.,199 กรัม,"จอภาพ Super Retina XDR OLED ขนาด 6.3 นิ้ว, เทคโนโลยี ProMotion อัตรารีเฟรชสูงสุด 120Hz, ความละเอียด 2622 x 1206 พิกเซลที่ 460 ppi, จอภาพติดตลอด (Always-On)","ระบบกล้องระดับโปร: กล้อง Fusion 48MP (24 มม., ƒ/1.78) + กล้อง Ultra Wide 48MP (13 มม., ƒ/2.2) + กล้อง Telephoto 5x 12MP (120 มม., ƒ/2.8), สแกนเนอร์ LiDAR, บันทึกวิดีโอ 4K Dolby Vision 120 fps, ปุ่มควบคุมกล้อง (Camera Control)","การเล่นวิดีโอนานสูงสุด 27 ชั่วโมง, การเล่นสตรีมวิดีโอนานสูงสุด 22 ชั่วโมง, ชาร์จเร็ว 50% ใน 30 นาที","iPhone 16 Pro พร้อม iOS 18, สายชาร์จ USB-C (1 ม., รองรับ USB 3), เอกสารประกอบ",data/images_transparent/iphone/iphone-16-pro/white-titanium.png,https://store.storeimages.cdn-apple.com/1/as-images.apple.com/is/iphone-16-pro-finish-select-202409-6-3inch-whitetitanium?wid=2560&hei=2560&fmt=jpeg&qlt=95,https://www.apple.com/th/iphone-16-pro/specs/,https://www.apple.com/th/shop/buy-iphone/iphone-16-pro
TH-IPHONE16PRO-WHITETITANIUM-256GB-7D0C,iphone,iPhone 16 Pro,iphone-16-pro,,iPhone 16 Pro,"6.3""",,,ไทเทเนียมขาว,White Titanium,#E2E4E1,43900,,149.6 x 71.5 x 8.25 มม.,199 กรัม,"จอภาพ Super Retina XDR OLED ขนาด 6.3 นิ้ว, เทคโนโลยี ProMotion อัตรารีเฟรชสูงสุด 120Hz, ความละเอียด 2622 x 1206 พิกเซลที่ 460 ppi, จอภาพติดตลอด (Always-On)","ระบบกล้องระดับโปร: กล้อง Fusion 48MP (24 มม., ƒ/1.78) + กล้อง Ultra Wide 48MP (13 มม., ƒ/2.2) + กล้อง Telephoto 5x 12MP (120 มม., ƒ/2.8), สแกนเนอร์ LiDAR, บันทึกวิดีโอ 4K Dolby Vision 120 fps, ปุ่มควบคุมกล้อง (Camera Control)","การเล่นวิดีโอนานสูงสุด 27 ชั่วโมง, การเล่นสตรีมวิดีโอนานสูงสุด 22 ชั่วโมง, ชาร์จเร็ว 50% ใน 30 นาที","iPhone 16 Pro พร้อม iOS 18, สายชาร์จ USB-C (1 ม., รองรับ USB 3), เอกสารประกอบ",data/images_transparent/iphone/iphone-16-pro/white-titanium.png,https://store.storeimages.cdn-apple.com/1/as-images.apple.com/is/iphone-16-pro-finish-select-202409-6-3inch-whitetitanium?wid=2560&hei=2560&fmt=jpeg&qlt=95,https://www.apple.com/th/iphone-16-pro/specs/,https://www.apple.com/th/shop/buy-iphone/iphone-16-pro
TH-IPHONE16PRO-WHITETITANIUM-512GB-336E,iphone,iPhone 16 Pro,iphone-16-pro,,iPhone 16 Pro,"6.3""",,,ไทเทเนียมขาว,White Titanium,#E2E4E1,51900,,149.6 x 71.5 x 8.25 มม.,199 กรัม,"จอภาพ Super Retina XDR OLED ขนาด 6.3 นิ้ว, เทคโนโลยี ProMotion อัตรารีเฟรชสูงสุด 120Hz, ความละเอียด 2622 x 1206 พิกเซลที่ 460 ppi, จอภาพติดตลอด (Always-On)","ระบบกล้องระดับโปร: กล้อง Fusion 48MP (24 มม., ƒ/1.78) + กล้อง Ultra Wide 48MP (13 มม., ƒ/2.2) + กล้อง Telephoto 5x 12MP (120 มม., ƒ/2.8), สแกนเนอร์ LiDAR, บันทึกวิดีโอ 4K Dolby Vision 120 fps, ปุ่มควบคุมกล้อง (Camera Control)","การเล่นวิดีโอนานสูงสุด 27 ชั่วโมง, การเล่นสตรีมวิดีโอนานสูงสุด 22 ชั่วโมง, ชาร์จเร็ว 50% ใน 30 นาที","iPhone 16 Pro พร้อม iOS 18, สายชาร์จ USB-C (1 ม., รองรับ USB 3), เอกสารประกอบ",data/images_transparent/iphone/iphone-16-pro/white-titanium.png,https://store.storeimages.cdn-apple.com/1/as-images.apple.com/is/iphone-16-pro-finish-select-202409-6-3inch-whitetitanium?wid=2560&hei=2560&fmt=jpeg&qlt=95,https://www.apple.com/th/iphone-16-pro/specs/,https://www.apple.com/th/shop/buy-iphone/iphone-16-pro
TH-IPHONE16PRO-WHITETITANIUM-1TB-7D6B,iphone,iPhone 16 Pro,iphone-16-pro,,iPhone 16 Pro,"6.3""",,,ไทเทเนียมขาว,White Titanium,#E2E4E1,59900,,149.6 x 71.5 x 8.25 มม.,199 กรัม,"จอภาพ Super Retina XDR OLED ขนาด 6.3 นิ้ว, เทคโนโลยี ProMotion อัตรารีเฟรชสูงสุด 120Hz, ความละเอียด 2622 x 1206 พิกเซลที่ 460 ppi, จอภาพติดตลอด (Always-On)","ระบบกล้องระดับโปร: กล้อง Fusion 48MP (24 มม., ƒ/1.78) + กล้อง Ultra Wide 48MP (13 มม., ƒ/2.2) + กล้อง Telephoto 5x 12MP (120 มม., ƒ/2.8), สแกนเนอร์ LiDAR, บันทึกวิดีโอ 4K Dolby Vision 120 fps, ปุ่มควบคุมกล้อง (Camera Control)","การเล่นวิดีโอนานสูงสุด 27 ชั่วโมง, การเล่นสตรีมวิดีโอนานสูงสุด 22 ชั่วโมง, ชาร์จเร็ว 50% ใน 30 นาที","iPhone 16 Pro พร้อม iOS 18, สายชาร์จ USB-C (1 ม., รองรับ USB 3), เอกสารประกอบ",data/images_transparent/iphone/iphone-16-pro/white-titanium.png,https://store.storeimages.cdn-apple.com/1/as-images.apple.com/is/iphone-16-pro-finish-select-202409-6-3inch-whitetitanium?wid=2560&hei=2560&fmt=jpeg&qlt=95,https://www.apple.com/th/iphone-16-pro/specs/,https://www.apple.com/th/shop/buy-iphone/iphone-16-pro
TH-IPHONE16PRO-BLACKTITANIUM-128GB-C2BC,iphone,iPhone 16 Pro,iphone-16-pro,,iPhone 16 Pro,"6.3""",,,ไทเทเนียมดำ,Black Titanium,#3A393E,39900,,149.6 x 71.5 x 8.25 มม.,199 กรัม,"จอภาพ Super Retina XDR OLED ขนาด 6.3 นิ้ว, เทคโนโลยี ProMotion อัตรารีเฟรชสูงสุด 120Hz, ความละเอียด 2622 x 1206 พิกเซลที่ 460 ppi, จอภาพติดตลอด (Always-On)","ระบบกล้องระดับโปร: กล้อง Fusion 48MP (24 มม., ƒ/1.78) + กล้อง Ultra Wide 48MP (13 มม., ƒ/2.2) + กล้อง Telephoto 5x 12MP (120 มม., ƒ/2.8), สแกนเนอร์ LiDAR, บันทึกวิดีโอ 4K Dolby Vision 120 fps, ปุ่มควบคุมกล้อง (Camera Control)","การเล่นวิดีโอนานสูงสุด 27 ชั่วโมง, การเล่นสตรีมวิดีโอนานสูงสุด 22 ชั่วโมง, ชาร์จเร็ว 50% ใน 30 นาที","iPhone 16 Pro พร้อม iOS 18, สายชาร์จ USB-C (1 ม., รองรับ USB 3), เอกสารประกอบ",data/images_transparent/iphone/iphone-16-pro/black-titanium.png,https://store.storeimages.cdn-apple.com/1/as-images.apple.com/is/iphone-16-pro-finish-select-202409-6-3inch-blacktitanium?wid=2560&hei=2560&fmt=jpeg&qlt=95,https://www.apple.com/th/iphone-16-pro/specs/,https://www.apple.com/th/shop/buy-iphone/iphone-16-pro
TH-IPHONE16PRO-BLACKTITANIUM-256GB-538B,iphone,iPhone 16 Pro,iphone-16-pro,,iPhone 16 Pro,"6.3""",,,ไทเทเนียมดำ,Black Titanium,#3A393E,43900,,149.6 x 71.5 x 8.25 มม.,199 กรัม,"จอภาพ Super Retina XDR OLED ขนาด 6.3 นิ้ว, เทคโนโลยี ProMotion อัตรารีเฟรชสูงสุด 120Hz, ความละเอียด 2622 x 1206 พิกเซลที่ 460 ppi, จอภาพติดตลอด (Always-On)","ระบบกล้องระดับโปร: กล้อง Fusion 48MP (24 มม., ƒ/1.78) + กล้อง Ultra Wide 48MP (13 มม., ƒ/2.2) + กล้อง Telephoto 5x 12MP (120 มม., ƒ/2.8), สแกนเนอร์ LiDAR, บันทึกวิดีโอ 4K Dolby Vision 120 fps, ปุ่มควบคุมกล้อง (Camera Control)","การเล่นวิดีโอนานสูงสุด 27 ชั่วโมง, การเล่นสตรีมวิดีโอนานสูงสุด 22 ชั่วโมง, ชาร์จเร็ว 50% ใน 30 นาที","iPhone 16 Pro พร้อม iOS 18, สายชาร์จ USB-C (1 ม., รองรับ USB 3), เอกสารประกอบ",data/images_transparent/iphone/iphone-16-pro/black-titanium.png,https://store.storeimages.cdn-apple.com/1/as-images.apple.com/is/iphone-16-pro-finish-select-202409-6-3inch-blacktitanium?wid=2560&hei=2560&fmt=jpeg&qlt=95,https://www.apple.com/th/iphone-16-pro/specs/,https://www.apple.com/th/shop/buy-iphone/iphone-16-pro
TH-IPHONE16PRO-BLACKTITANIUM-512GB-BBEF,iphone,iPhone 16 Pro,iphone-16-pro,,iPhone 16 Pro,"6.3""",,,ไทเทเนียมดำ,Black Titanium,#3A393E,51900,,149.6 x 71.5 x 8.25 มม.,199 กรัม,"จอภาพ Super Retina XDR OLED ขนาด 6.3 นิ้ว, เทคโนโลยี ProMotion อัตรารีเฟรชสูงสุด 120Hz, ความละเอียด 2622 x 1206 พิกเซลที่ 460 ppi, จอภาพติดตลอด (Always-On)","ระบบกล้องระดับโปร: กล้อง Fusion 48MP (24 มม., ƒ/1.78) + กล้อง Ultra Wide 48MP (13 มม., ƒ/2.2) + กล้อง Telephoto 5x 12MP (120 มม., ƒ/2.8), สแกนเนอร์ LiDAR, บันทึกวิดีโอ 4K Dolby Vision 120 fps, ปุ่มควบคุมกล้อง (Camera Control)","การเล่นวิดีโอนานสูงสุด 27 ชั่วโมง, การเล่นสตรีมวิดีโอนานสูงสุด 22 ชั่วโมง, ชาร์จเร็ว 50% ใน 30 นาที","iPhone 16 Pro พร้อม iOS 18, สายชาร์จ USB-C (1 ม., รองรับ USB 3), เอกสารประกอบ",data/images_transparent/iphone/iphone-16-pro/black-titanium.png,https://store.storeimages.cdn-apple.com/1/as-images.apple.com/is/iphone-16-pro-finish-select-202409-6-3inch-blacktitanium?wid=2560&hei=2560&fmt=jpeg&qlt=95,https://www.apple.com/th/iphone-16-pro/specs/,https://www.apple.com/th/shop/buy-iphone/iphone-16-pro
TH-IPHONE16PRO-BLACKTITANIUM-1TB-1D3B,iphone,iPhone 16 Pro,iphone-16-pro,,iPhone 16 Pro,"6.3""",,,ไทเทเนียมดำ,Black Titanium,#3A393E,59900,,149.6 x 71.5 x 8.25 มม.,199 กรัม,"จอภาพ Super Retina XDR OLED ขนาด 6.3 นิ้ว, เทคโนโลยี ProMotion อัตรารีเฟรชสูงสุด 120Hz, ความละเอียด 2622 x 1206 พิกเซลที่ 460 ppi, จอภาพติดตลอด (Always-On)","ระบบกล้องระดับโปร: กล้อง Fusion 48MP (24 มม., ƒ/1.78) + กล้อง Ultra Wide 48MP (13 มม., ƒ/2.2) + กล้อง Telephoto 5x 12MP (120 มม., ƒ/2.8), สแกนเนอร์ LiDAR, บันทึกวิดีโอ 4K Dolby Vision 120 fps, ปุ่มควบคุมกล้อง (Camera Control)","การเล่นวิดีโอนานสูงสุด 27 ชั่วโมง, การเล่นสตรีมวิดีโอนานสูงสุด 22 ชั่วโมง, ชาร์จเร็ว 50% ใน 30 นาที","iPhone 16 Pro พร้อม iOS 18, สายชาร์จ USB-C (1 ม., รองรับ USB 3), เอกสารประกอบ",data/images_transparent/iphone/iphone-16-pro/black-titanium.png,https://store.storeimages.cdn-apple.com/1/as-images.apple.com/is/iphone-16-pro-finish-select-202409-6-3inch-blacktitanium?wid=2560&hei=2560&fmt=jpeg&qlt=95,https://www.apple.com/th/iphone-16-pro/specs/,https://www.apple.com/th/shop/buy-iphone/iphone-16-pro
TH-IPHONE16PROMAX-DESERTTITANIUM-256GB-C85E,iphone,iPhone 16 Pro,iphone-16-pro-max,,iPhone 16 Pro Max,"6.9""",,,ไทเทเนียมทะเลทราย,Desert Titanium,#C5A992,48900,,163.0 x 77.6 x 8.25 มม.,227 กรัม,"จอภาพ Super Retina XDR OLED ขนาด 6.9 นิ้ว, เทคโนโลยี ProMotion อัตรารีเฟรช 1-120Hz, ความละเอียด 2868 x 1320 พิกเซลที่ 460 ppi, จอภาพติดตลอด (Always-On)","ระบบกล้องระดับโปร: กล้อง Fusion 48MP + กล้อง Ultra Wide 48MP + กล้อง Telephoto 5x 12MP (120 มม., ดีไซน์เตตร้าปริซึม), ซูมแบบออปติคัล 5 เท่า, สแกนเนอร์ LiDAR, ปุ่มควบคุมกล้อง (Camera Control)","การเล่นวิดีโอนานสูงสุด 33 ชั่วโมง (แบตเตอรี่อึดที่สุดในประวัติศาสตร์ iPhone), การเล่นเสียงนานสูงสุด 105 ชั่วโมง","iPhone 16 Pro Max พร้อม iOS 18, สายชาร์จ USB-C (1 ม., รองรับ USB 3), เอกสารประกอบ",data/images_transparent/iphone/iphone-16-pro/desert-titanium.png,https://store.storeimages.cdn-apple.com/1/as-images.apple.com/is/iphone-16-pro-finish-select-202409-6-3inch-deserttitanium?wid=2560&hei=2560&fmt=jpeg&qlt=95,https://www.apple.com/th/iphone-16-pro/specs/,https://www.apple.com/th/shop/buy-iphone/iphone-16-pro
TH-IPHONE16PROMAX-DESERTTITANIUM-512GB-570D,iphone,iPhone 16 Pro,iphone-16-pro-max,,iPhone 16 Pro Max,"6.9""",,,ไทเทเนียมทะเลทราย,Desert Titanium,#C5A992,56900,,163.0 x 77.6 x 8.25 มม.,227 กรัม,"จอภาพ Super Retina XDR OLED ขนาด 6.9 นิ้ว, เทคโนโลยี ProMotion อัตรารีเฟรช 1-120Hz, ความละเอียด 2868 x 1320 พิกเซลที่ 460 ppi, จอภาพติดตลอด (Always-On)","ระบบกล้องระดับโปร: กล้อง Fusion 48MP + กล้อง Ultra Wide 48MP + กล้อง Telephoto 5x 12MP (120 มม., ดีไซน์เตตร้าปริซึม), ซูมแบบออปติคัล 5 เท่า, สแกนเนอร์ LiDAR, ปุ่มควบคุมกล้อง (Camera Control)","การเล่นวิดีโอนานสูงสุด 33 ชั่วโมง (แบตเตอรี่อึดที่สุดในประวัติศาสตร์ iPhone), การเล่นเสียงนานสูงสุด 105 ชั่วโมง","iPhone 16 Pro Max พร้อม iOS 18, สายชาร์จ USB-C (1 ม., รองรับ USB 3), เอกสารประกอบ",data/images_transparent/iphone/iphone-16-pro/desert-titanium.png,https://store.storeimages.cdn-apple.com/1/as-images.apple.com/is/iphone-16-pro-finish-select-202409-6-3inch-deserttitanium?wid=2560&hei=2560&fmt=jpeg&qlt=95,https://www.apple.com/th/iphone-16-pro/specs/,https://www.apple.com/th/shop/buy-iphone/iphone-16-pro
TH-IPHONE16PROMAX-DESERTTITANIUM-1TB-EDFB,iphone,iPhone 16 Pro,iphone-16-pro-max,,iPhone 16 Pro Max,"6.9""",,,ไทเทเนียมทะเลทราย,Desert Titanium,#C5A992,64900,,163.0 x 77.6 x 8.25 มม.,227 กรัม,"จอภาพ Super Retina XDR OLED ขนาด 6.9 นิ้ว, เทคโนโลยี ProMotion อัตรารีเฟรช 1-120Hz, ความละเอียด 2868 x 1320 พิกเซลที่ 460 ppi, จอภาพติดตลอด (Always-On)","ระบบกล้องระดับโปร: กล้อง Fusion 48MP + กล้อง Ultra Wide 48MP + กล้อง Telephoto 5x 12MP (120 มม., ดีไซน์เตตร้าปริซึม), ซูมแบบออปติคัล 5 เท่า, สแกนเนอร์ LiDAR, ปุ่มควบคุมกล้อง (Camera Control)","การเล่นวิดีโอนานสูงสุด 33 ชั่วโมง (แบตเตอรี่อึดที่สุดในประวัติศาสตร์ iPhone), การเล่นเสียงนานสูงสุด 105 ชั่วโมง","iPhone 16 Pro Max พร้อม iOS 18, สายชาร์จ USB-C (1 ม., รองรับ USB 3), เอกสารประกอบ",data/images_transparent/iphone/iphone-16-pro/desert-titanium.png,https://store.storeimages.cdn-apple.com/1/as-images.apple.com/is/iphone-16-pro-finish-select-202409-6-3inch-deserttitanium?wid=2560&hei=2560&fmt=jpeg&qlt=95,https://www.apple.com/th/iphone-16-pro/specs/,https://www.apple.com/th/shop/buy-iphone/iphone-16-pro
TH-IPHONE16PROMAX-NATURALTITANIUM-256GB-0D8D,iphone,iPhone 16 Pro,iphone-16-pro-max,,iPhone 16 Pro Max,"6.9""",,,ไทเทเนียมธรรมชาติ,Natural Titanium,#9A958E,48900,,163.0 x 77.6 x 8.25 มม.,227 กรัม,"จอภาพ Super Retina XDR OLED ขนาด 6.9 นิ้ว, เทคโนโลยี ProMotion อัตรารีเฟรช 1-120Hz, ความละเอียด 2868 x 1320 พิกเซลที่ 460 ppi, จอภาพติดตลอด (Always-On)","ระบบกล้องระดับโปร: กล้อง Fusion 48MP + กล้อง Ultra Wide 48MP + กล้อง Telephoto 5x 12MP (120 มม., ดีไซน์เตตร้าปริซึม), ซูมแบบออปติคัล 5 เท่า, สแกนเนอร์ LiDAR, ปุ่มควบคุมกล้อง (Camera Control)","การเล่นวิดีโอนานสูงสุด 33 ชั่วโมง (แบตเตอรี่อึดที่สุดในประวัติศาสตร์ iPhone), การเล่นเสียงนานสูงสุด 105 ชั่วโมง","iPhone 16 Pro Max พร้อม iOS 18, สายชาร์จ USB-C (1 ม., รองรับ USB 3), เอกสารประกอบ",data/images_transparent/iphone/iphone-16-pro/natural-titanium.png,https://store.storeimages.cdn-apple.com/1/as-images.apple.com/is/iphone-16-pro-finish-select-202409-6-3inch-naturaltitanium?wid=2560&hei=2560&fmt=jpeg&qlt=95,https://www.apple.com/th/iphone-16-pro/specs/,https://www.apple.com/th/shop/buy-iphone/iphone-16-pro
TH-IPHONE16PROMAX-NATURALTITANIUM-512GB-83F8,iphone,iPhone 16 Pro,iphone-16-pro-max,,iPhone 16 Pro Max,"6.9""",,,ไทเทเนียมธรรมชาติ,Natural Titanium,#9A958E,56900,,163.0 x 77.6 x 8.25 มม.,227 กรัม,"จอภาพ Super Retina XDR OLED ขนาด 6.9 นิ้ว, เทคโนโลยี ProMotion อัตรารีเฟรช 1-120Hz, ความละเอียด 2868 x 1320 พิกเซลที่ 460 ppi, จอภาพติดตลอด (Always-On)","ระบบกล้องระดับโปร: กล้อง Fusion 48MP + กล้อง Ultra Wide 48MP + กล้อง Telephoto 5x 12MP (120 มม., ดีไซน์เตตร้าปริซึม), ซูมแบบออปติคัล 5 เท่า, สแกนเนอร์ LiDAR, ปุ่มควบคุมกล้อง (Camera Control)","การเล่นวิดีโอนานสูงสุด 33 ชั่วโมง (แบตเตอรี่อึดที่สุดในประวัติศาสตร์ iPhone), การเล่นเสียงนานสูงสุด 105 ชั่วโมง","iPhone 16 Pro Max พร้อม iOS 18, สายชาร์จ USB-C (1 ม., รองรับ USB 3), เอกสารประกอบ",data/images_transparent/iphone/iphone-16-pro/natural-titanium.png,https://store.storeimages.cdn-apple.com/1/as-images.apple.com/is/iphone-16-pro-finish-select-202409-6-3inch-naturaltitanium?wid=2560&hei=2560&fmt=jpeg&qlt=95,https://www.apple.com/th/iphone-16-pro/specs/,https://www.apple.com/th/shop/buy-iphone/iphone-16-pro
TH-IPHONE16PROMAX-NATURALTITANIUM-1TB-9678,iphone,iPhone 16 Pro,iphone-16-pro-max,,iPhone 16 Pro Max,"6.9""",,,ไทเทเนียมธรรมชาติ,Natural Titanium,#9A958E,64900,,163.0 x 77.6 x 8.25 มม.,227 กรัม,"จอภาพ Super Retina XDR OLED ขนาด 6.9 นิ้ว, เทคโนโลยี ProMotion อัตรารีเฟรช 1-120Hz, ความละเอียด 2868 x 1320 พิกเซลที่ 460 ppi, จอภาพติดตลอด (Always-On)","ระบบกล้องระดับโปร: กล้อง Fusion 48MP + กล้อง Ultra Wide 48MP + กล้อง Telephoto 5x 12MP (120 มม., ดีไซน์เตตร้าปริซึม), ซูมแบบออปติคัล 5 เท่า, สแกนเนอร์ LiDAR, ปุ่มควบคุมกล้อง (Camera Control)","การเล่นวิดีโอนานสูงสุด 33 ชั่วโมง (แบตเตอรี่อึดที่สุดในประวัติศาสตร์ iPhone), การเล่นเสียงนานสูงสุด 105 ชั่วโมง","iPhone 16 Pro Max พร้อม iOS 18, สายชาร์จ USB-C (1 ม., รองรับ USB 3), เอกสารประกอบ",data/images_transparent/iphone/iphone-16-pro/natural-titanium.png,https://store.storeimages.cdn-apple.com/1/as-images.apple.com/is/iphone-16-pro-finish-select-202409-6-3inch-naturaltitanium?wid=2560&hei=2560&fmt=jpeg&qlt=95,https://www.apple.com/th/iphone-16-pro/specs/,https://www.apple.com/th/shop/buy-iphone/iphone-16-pro
TH-IPHONE16PROMAX-WHITETITANIUM-256GB-DA08,iphone,iPhone 16 Pro,iphone-16-pro-max,,iPhone 16 Pro Max,"6.9""",,,ไทเทเนียมขาว,White Titanium,#E2E4E1,48900,,163.0 x 77.6 x 8.25 มม.,227 กรัม,"จอภาพ Super Retina XDR OLED ขนาด 6.9 นิ้ว, เทคโนโลยี ProMotion อัตรารีเฟรช 1-120Hz, ความละเอียด 2868 x 1320 พิกเซลที่ 460 ppi, จอภาพติดตลอด (Always-On)","ระบบกล้องระดับโปร: กล้อง Fusion 48MP + กล้อง Ultra Wide 48MP + กล้อง Telephoto 5x 12MP (120 มม., ดีไซน์เตตร้าปริซึม), ซูมแบบออปติคัล 5 เท่า, สแกนเนอร์ LiDAR, ปุ่มควบคุมกล้อง (Camera Control)","การเล่นวิดีโอนานสูงสุด 33 ชั่วโมง (แบตเตอรี่อึดที่สุดในประวัติศาสตร์ iPhone), การเล่นเสียงนานสูงสุด 105 ชั่วโมง","iPhone 16 Pro Max พร้อม iOS 18, สายชาร์จ USB-C (1 ม., รองรับ USB 3), เอกสารประกอบ",data/images_transparent/iphone/iphone-16-pro/white-titanium.png,https://store.storeimages.cdn-apple.com/1/as-images.apple.com/is/iphone-16-pro-finish-select-202409-6-3inch-whitetitanium?wid=2560&hei=2560&fmt=jpeg&qlt=95,https://www.apple.com/th/iphone-16-pro/specs/,https://www.apple.com/th/shop/buy-iphone/iphone-16-pro
TH-IPHONE16PROMAX-WHITETITANIUM-512GB-5426,iphone,iPhone 16 Pro,iphone-16-pro-max,,iPhone 16 Pro Max,"6.9""",,,ไทเทเนียมขาว,White Titanium,#E2E4E1,56900,,163.0 x 77.6 x 8.25 มม.,227 กรัม,"จอภาพ Super Retina XDR OLED ขนาด 6.9 นิ้ว, เทคโนโลยี ProMotion อัตรารีเฟรช 1-120Hz, ความละเอียด 2868 x 1320 พิกเซลที่ 460 ppi, จอภาพติดตลอด (Always-On)","ระบบกล้องระดับโปร: กล้อง Fusion 48MP + กล้อง Ultra Wide 48MP + กล้อง Telephoto 5x 12MP (120 มม., ดีไซน์เตตร้าปริซึม), ซูมแบบออปติคัล 5 เท่า, สแกนเนอร์ LiDAR, ปุ่มควบคุมกล้อง (Camera Control)","การเล่นวิดีโอนานสูงสุด 33 ชั่วโมง (แบตเตอรี่อึดที่สุดในประวัติศาสตร์ iPhone), การเล่นเสียงนานสูงสุด 105 ชั่วโมง","iPhone 16 Pro Max พร้อม iOS 18, สายชาร์จ USB-C (1 ม., รองรับ USB 3), เอกสารประกอบ",data/images_transparent/iphone/iphone-16-pro/white-titanium.png,https://store.storeimages.cdn-apple.com/1/as-images.apple.com/is/iphone-16-pro-finish-select-202409-6-3inch-whitetitanium?wid=2560&hei=2560&fmt=jpeg&qlt=95,https://www.apple.com/th/iphone-16-pro/specs/,https://www.apple.com/th/shop/buy-iphone/iphone-16-pro
TH-IPHONE16PROMAX-WHITETITANIUM-1TB-7AC8,iphone,iPhone 16 Pro,iphone-16-pro-max,,iPhone 16 Pro Max,"6.9""",,,ไทเทเนียมขาว,White Titanium,#E2E4E1,64900,,163.0 x 77.6 x 8.25 มม.,227 กรัม,"จอภาพ Super Retina XDR OLED ขนาด 6.9 นิ้ว, เทคโนโลยี ProMotion อัตรารีเฟรช 1-120Hz, ความละเอียด 2868 x 1320 พิกเซลที่ 460 ppi, จอภาพติดตลอด (Always-On)","ระบบกล้องระดับโปร: กล้อง Fusion 48MP + กล้อง Ultra Wide 48MP + กล้อง Telephoto 5x 12MP (120 มม., ดีไซน์เตตร้าปริซึม), ซูมแบบออปติคัล 5 เท่า, สแกนเนอร์ LiDAR, ปุ่มควบคุมกล้อง (Camera Control)","การเล่นวิดีโอนานสูงสุด 33 ชั่วโมง (แบตเตอรี่อึดที่สุดในประวัติศาสตร์ iPhone), การเล่นเสียงนานสูงสุด 105 ชั่วโมง","iPhone 16 Pro Max พร้อม iOS 18, สายชาร์จ USB-C (1 ม., รองรับ USB 3), เอกสารประกอบ",data/images_transparent/iphone/iphone-16-pro/white-titanium.png,https://store.storeimages.cdn-apple.com/1/as-images.apple.com/is/iphone-16-pro-finish-select-202409-6-3inch-whitetitanium?wid=2560&hei=2560&fmt=jpeg&qlt=95,https://www.apple.com/th/iphone-16-pro/specs/,https://www.apple.com/th/shop/buy-iphone/iphone-16-pro
TH-IPHONE16PROMAX-BLACKTITANIUM-256GB-39D3,iphone,iPhone 16 Pro,iphone-16-pro-max,,iPhone 16 Pro Max,"6.9""",,,ไทเทเนียมดำ,Black Titanium,#3A393E,48900,,163.0 x 77.6 x 8.25 มม.,227 กรัม,"จอภาพ Super Retina XDR OLED ขนาด 6.9 นิ้ว, เทคโนโลยี ProMotion อัตรารีเฟรช 1-120Hz, ความละเอียด 2868 x 1320 พิกเซลที่ 460 ppi, จอภาพติดตลอด (Always-On)","ระบบกล้องระดับโปร: กล้อง Fusion 48MP + กล้อง Ultra Wide 48MP + กล้อง Telephoto 5x 12MP (120 มม., ดีไซน์เตตร้าปริซึม), ซูมแบบออปติคัล 5 เท่า, สแกนเนอร์ LiDAR, ปุ่มควบคุมกล้อง (Camera Control)","การเล่นวิดีโอนานสูงสุด 33 ชั่วโมง (แบตเตอรี่อึดที่สุดในประวัติศาสตร์ iPhone), การเล่นเสียงนานสูงสุด 105 ชั่วโมง","iPhone 16 Pro Max พร้อม iOS 18, สายชาร์จ USB-C (1 ม., รองรับ USB 3), เอกสารประกอบ",data/images_transparent/iphone/iphone-16-pro/black-titanium.png,https://store.storeimages.cdn-apple.com/1/as-images.apple.com/is/iphone-16-pro-finish-select-202409-6-3inch-blacktitanium?wid=2560&hei=2560&fmt=jpeg&qlt=95,https://www.apple.com/th/iphone-16-pro/specs/,https://www.apple.com/th/shop/buy-iphone/iphone-16-pro
TH-IPHONE16PROMAX-BLACKTITANIUM-512GB-5C5A,iphone,iPhone 16 Pro,iphone-16-pro-max,,iPhone 16 Pro Max,"6.9""",,,ไทเทเนียมดำ,Black Titanium,#3A393E,56900,,163.0 x 77.6 x 8.25 มม.,227 กรัม,"จอภาพ Super Retina XDR OLED ขนาด 6.9 นิ้ว, เทคโนโลยี ProMotion อัตรารีเฟรช 1-120Hz, ความละเอียด 2868 x 1320 พิกเซลที่ 460 ppi, จอภาพติดตลอด (Always-On)","ระบบกล้องระดับโปร: กล้อง Fusion 48MP + กล้อง Ultra Wide 48MP + กล้อง Telephoto 5x 12MP (120 มม., ดีไซน์เตตร้าปริซึม), ซูมแบบออปติคัล 5 เท่า, สแกนเนอร์ LiDAR, ปุ่มควบคุมกล้อง (Camera Control)","การเล่นวิดีโอนานสูงสุด 33 ชั่วโมง (แบตเตอรี่อึดที่สุดในประวัติศาสตร์ iPhone), การเล่นเสียงนานสูงสุด 105 ชั่วโมง","iPhone 16 Pro Max พร้อม iOS 18, สายชาร์จ USB-C (1 ม., รองรับ USB 3), เอกสารประกอบ",data/images_transparent/iphone/iphone-16-pro/black-titanium.png,https://store.storeimages.cdn-apple.com/1/as-images.apple.com/is/iphone-16-pro-finish-select-202409-6-3inch-blacktitanium?wid=2560&hei=2560&fmt=jpeg&qlt=95,https://www.apple.com/th/iphone-16-pro/specs/,https://www.apple.com/th/shop/buy-iphone/iphone-16-pro
TH-IPHONE16PROMAX-BLACKTITANIUM-1TB-2070,iphone,iPhone 16 Pro,iphone-16-pro-max,,iPhone 16 Pro Max,"6.9""",,,ไทเทเนียมดำ,Black Titanium,#3A393E,64900,,163.0 x 77.6 x 8.25 มม.,227 กรัม,"จอภาพ Super Retina XDR OLED ขนาด 6.9 นิ้ว, เทคโนโลยี ProMotion อัตรารีเฟรช 1-120Hz, ความละเอียด 2868 x 1320 พิกเซลที่ 460 ppi, จอภาพติดตลอด (Always-On)","ระบบกล้องระดับโปร: กล้อง Fusion 48MP + กล้อง Ultra Wide 48MP + กล้อง Telephoto 5x 12MP (120 มม., ดีไซน์เตตร้าปริซึม), ซูมแบบออปติคัล 5 เท่า, สแกนเนอร์ LiDAR, ปุ่มควบคุมกล้อง (Camera Control)","การเล่นวิดีโอนานสูงสุด 33 ชั่วโมง (แบตเตอรี่อึดที่สุดในประวัติศาสตร์ iPhone), การเล่นเสียงนานสูงสุด 105 ชั่วโมง","iPhone 16 Pro Max พร้อม iOS 18, สายชาร์จ USB-C (1 ม., รองรับ USB 3), เอกสารประกอบ",data/images_transparent/iphone/iphone-16-pro/black-titanium.png,https://store.storeimages.cdn-apple.com/1/as-images.apple.com/is/iphone-16-pro-finish-select-202409-6-3inch-blacktitanium?wid=2560&hei=2560&fmt=jpeg&qlt=95,https://www.apple.com/th/iphone-16-pro/specs/,https://www.apple.com/th/shop/buy-iphone/iphone-16-pro
TH-IPHONE15-PINK-128GB-DB41,iphone,iPhone 15,iphone-15,,iPhone 15,"6.1""",,,ชมพู,Pink,#E3A3B1,26900,,147.6 x 71.6 x 7.80 มม.,171 กรัม,"จอภาพ Super Retina XDR OLED ขนาด 6.1 นิ้ว, ความละเอียด 2556 x 1179 พิกเซลที่ 460 ppi, Dynamic Island, ความสว่างสูงสุด 2,000 นิต (กลางแจ้ง)","ระบบกล้องคู่ขั้นสูง: กล้องหลัก 48MP (26 มม., ƒ/1.6) + กล้อง Ultra Wide 12MP (13 มม., ƒ/2.4), ถ่ายภาพบุคคลรุ่นถัดไปพร้อมการควบคุมโฟกัสและความชัดลึก","การเล่นวิดีโอนานสูงสุด 20 ชั่วโมง, การเล่นเสียงนานสูงสุด 80 ชั่วโมง, ชาร์จเร็ว 50% ใน 30 นาที","iPhone 15 พร้อม iOS, สายชาร์จ USB-C (1 ม.), เอกสารประกอบ",data/images_transparent/iphone/iphone-15/pink.png,https://store.storeimages.cdn-apple.com/1/as-images.apple.com/is/iphone-15-finish-select-202309-6-1inch-pink?wid=2560&hei=2560&fmt=jpeg&qlt=95,https://www.apple.com/th/iphone-15/specs/,https://www.apple.com/th/shop/buy-iphone/iphone-15
TH-IPHONE15-PINK-256GB-E435,iphone,iPhone 15,iphone-15,,iPhone 15,"6.1""",,,ชมพู,Pink,#E3A3B1,30900,,147.6 x 71.6 x 7.80 มม.,171 กรัม,"จอภาพ Super Retina XDR OLED ขนาด 6.1 นิ้ว, ความละเอียด 2556 x 1179 พิกเซลที่ 460 ppi, Dynamic Island, ความสว่างสูงสุด 2,000 นิต (กลางแจ้ง)","ระบบกล้องคู่ขั้นสูง: กล้องหลัก 48MP (26 มม., ƒ/1.6) + กล้อง Ultra Wide 12MP (13 มม., ƒ/2.4), ถ่ายภาพบุคคลรุ่นถัดไปพร้อมการควบคุมโฟกัสและความชัดลึก","การเล่นวิดีโอนานสูงสุด 20 ชั่วโมง, การเล่นเสียงนานสูงสุด 80 ชั่วโมง, ชาร์จเร็ว 50% ใน 30 นาที","iPhone 15 พร้อม iOS, สายชาร์จ USB-C (1 ม.), เอกสารประกอบ",data/images_transparent/iphone/iphone-15/pink.png,https://store.storeimages.cdn-apple.com/1/as-images.apple.com/is/iphone-15-finish-select-202309-6-1inch-pink?wid=2560&hei=2560&fmt=jpeg&qlt=95,https://www.apple.com/th/iphone-15/specs/,https://www.apple.com/th/shop/buy-iphone/iphone-15
TH-IPHONE15-PINK-512GB-151F,iphone,iPhone 15,iphone-15,,iPhone 15,"6.1""",,,ชมพู,Pink,#E3A3B1,38900,,147.6 x 71.6 x 7.80 มม.,171 กรัม,"จอภาพ Super Retina XDR OLED ขนาด 6.1 นิ้ว, ความละเอียด 2556 x 1179 พิกเซลที่ 460 ppi, Dynamic Island, ความสว่างสูงสุด 2,000 นิต (กลางแจ้ง)","ระบบกล้องคู่ขั้นสูง: กล้องหลัก 48MP (26 มม., ƒ/1.6) + กล้อง Ultra Wide 12MP (13 มม., ƒ/2.4), ถ่ายภาพบุคคลรุ่นถัดไปพร้อมการควบคุมโฟกัสและความชัดลึก","การเล่นวิดีโอนานสูงสุด 20 ชั่วโมง, การเล่นเสียงนานสูงสุด 80 ชั่วโมง, ชาร์จเร็ว 50% ใน 30 นาที","iPhone 15 พร้อม iOS, สายชาร์จ USB-C (1 ม.), เอกสารประกอบ",data/images_transparent/iphone/iphone-15/pink.png,https://store.storeimages.cdn-apple.com/1/as-images.apple.com/is/iphone-15-finish-select-202309-6-1inch-pink?wid=2560&hei=2560&fmt=jpeg&qlt=95,https://www.apple.com/th/iphone-15/specs/,https://www.apple.com/th/shop/buy-iphone/iphone-15
TH-IPHONE15-YELLOW-128GB-9F31,iphone,iPhone 15,iphone-15,,iPhone 15,"6.1""",,,เหลือง,Yellow,#FBE27D,26900,,147.6 x 71.6 x 7.80 มม.,171 กรัม,"จอภาพ Super Retina XDR OLED ขนาด 6.1 นิ้ว, ความละเอียด 2556 x 1179 พิกเซลที่ 460 ppi, Dynamic Island, ความสว่างสูงสุด 2,000 นิต (กลางแจ้ง)","ระบบกล้องคู่ขั้นสูง: กล้องหลัก 48MP (26 มม., ƒ/1.6) + กล้อง Ultra Wide 12MP (13 มม., ƒ/2.4), ถ่ายภาพบุคคลรุ่นถัดไปพร้อมการควบคุมโฟกัสและความชัดลึก","การเล่นวิดีโอนานสูงสุด 20 ชั่วโมง, การเล่นเสียงนานสูงสุด 80 ชั่วโมง, ชาร์จเร็ว 50% ใน 30 นาที","iPhone 15 พร้อม iOS, สายชาร์จ USB-C (1 ม.), เอกสารประกอบ",data/images_transparent/iphone/iphone-15/yellow.png,https://store.storeimages.cdn-apple.com/1/as-images.apple.com/is/iphone-15-finish-select-202309-6-1inch-yellow?wid=2560&hei=2560&fmt=jpeg&qlt=95,https://www.apple.com/th/iphone-15/specs/,https://www.apple.com/th/shop/buy-iphone/iphone-15
TH-IPHONE15-YELLOW-256GB-3D3C,iphone,iPhone 15,iphone-15,,iPhone 15,"6.1""",,,เหลือง,Yellow,#FBE27D,30900,,147.6 x 71.6 x 7.80 มม.,171 กรัม,"จอภาพ Super Retina XDR OLED ขนาด 6.1 นิ้ว, ความละเอียด 2556 x 1179 พิกเซลที่ 460 ppi, Dynamic Island, ความสว่างสูงสุด 2,000 นิต (กลางแจ้ง)","ระบบกล้องคู่ขั้นสูง: กล้องหลัก 48MP (26 มม., ƒ/1.6) + กล้อง Ultra Wide 12MP (13 มม., ƒ/2.4), ถ่ายภาพบุคคลรุ่นถัดไปพร้อมการควบคุมโฟกัสและความชัดลึก","การเล่นวิดีโอนานสูงสุด 20 ชั่วโมง, การเล่นเสียงนานสูงสุด 80 ชั่วโมง, ชาร์จเร็ว 50% ใน 30 นาที","iPhone 15 พร้อม iOS, สายชาร์จ USB-C (1 ม.), เอกสารประกอบ",data/images_transparent/iphone/iphone-15/yellow.png,https://store.storeimages.cdn-apple.com/1/as-images.apple.com/is/iphone-15-finish-select-202309-6-1inch-yellow?wid=2560&hei=2560&fmt=jpeg&qlt=95,https://www.apple.com/th/iphone-15/specs/,https://www.apple.com/th/shop/buy-iphone/iphone-15
TH-IPHONE15-YELLOW-512GB-5F5E,iphone,iPhone 15,iphone-15,,iPhone 15,"6.1""",,,เหลือง,Yellow,#FBE27D,38900,,147.6 x 71.6 x 7.80 มม.,171 กรัม,"จอภาพ Super Retina XDR OLED ขนาด 6.1 นิ้ว, ความละเอียด 2556 x 1179 พิกเซลที่ 460 ppi, Dynamic Island, ความสว่างสูงสุด 2,000 นิต (กลางแจ้ง)","ระบบกล้องคู่ขั้นสูง: กล้องหลัก 48MP (26 มม., ƒ/1.6) + กล้อง Ultra Wide 12MP (13 มม., ƒ/2.4), ถ่ายภาพบุคคลรุ่นถัดไปพร้อมการควบคุมโฟกัสและความชัดลึก","การเล่นวิดีโอนานสูงสุด 20 ชั่วโมง, การเล่นเสียงนานสูงสุด 80 ชั่วโมง, ชาร์จเร็ว 50% ใน 30 นาที","iPhone 15 พร้อม iOS, สายชาร์จ USB-C (1 ม.), เอกสารประกอบ",data/images_transparent/iphone/iphone-15/yellow.png,https://store.storeimages.cdn-apple.com/1/as-images.apple.com/is/iphone-15-finish-select-202309-6-1inch-yellow?wid=2560&hei=2560&fmt=jpeg&qlt=95,https://www.apple.com/th/iphone-15/specs/,https://www.apple.com/th/shop/buy-iphone/iphone-15
TH-IPHONE15-GREEN-128GB-E305,iphone,iPhone 15,iphone-15,,iPhone 15,"6.1""",,,เขียว,Green,#43594B,26900,,147.6 x 71.6 x 7.80 มม.,171 กรัม,"จอภาพ Super Retina XDR OLED ขนาด 6.1 นิ้ว, ความละเอียด 2556 x 1179 พิกเซลที่ 460 ppi, Dynamic Island, ความสว่างสูงสุด 2,000 นิต (กลางแจ้ง)","ระบบกล้องคู่ขั้นสูง: กล้องหลัก 48MP (26 มม., ƒ/1.6) + กล้อง Ultra Wide 12MP (13 มม., ƒ/2.4), ถ่ายภาพบุคคลรุ่นถัดไปพร้อมการควบคุมโฟกัสและความชัดลึก","การเล่นวิดีโอนานสูงสุด 20 ชั่วโมง, การเล่นเสียงนานสูงสุด 80 ชั่วโมง, ชาร์จเร็ว 50% ใน 30 นาที","iPhone 15 พร้อม iOS, สายชาร์จ USB-C (1 ม.), เอกสารประกอบ",data/images_transparent/iphone/iphone-15/green.png,https://store.storeimages.cdn-apple.com/1/as-images.apple.com/is/iphone-15-finish-select-202309-6-1inch-green?wid=2560&hei=2560&fmt=jpeg&qlt=95,https://www.apple.com/th/iphone-15/specs/,https://www.apple.com/th/shop/buy-iphone/iphone-15
TH-IPHONE15-GREEN-256GB-97A3,iphone,iPhone 15,iphone-15,,iPhone 15,"6.1""",,,เขียว,Green,#43594B,30900,,147.6 x 71.6 x 7.80 มม.,171 กรัม,"จอภาพ Super Retina XDR OLED ขนาด 6.1 นิ้ว, ความละเอียด 2556 x 1179 พิกเซลที่ 460 ppi, Dynamic Island, ความสว่างสูงสุด 2,000 นิต (กลางแจ้ง)","ระบบกล้องคู่ขั้นสูง: กล้องหลัก 48MP (26 มม., ƒ/1.6) + กล้อง Ultra Wide 12MP (13 มม., ƒ/2.4), ถ่ายภาพบุคคลรุ่นถัดไปพร้อมการควบคุมโฟกัสและความชัดลึก","การเล่นวิดีโอนานสูงสุด 20 ชั่วโมง, การเล่นเสียงนานสูงสุด 80 ชั่วโมง, ชาร์จเร็ว 50% ใน 30 นาที","iPhone 15 พร้อม iOS, สายชาร์จ USB-C (1 ม.), เอกสารประกอบ",data/images_transparent/iphone/iphone-15/green.png,https://store.storeimages.cdn-apple.com/1/as-images.apple.com/is/iphone-15-finish-select-202309-6-1inch-green?wid=2560&hei=2560&fmt=jpeg&qlt=95,https://www.apple.com/th/iphone-15/specs/,https://www.apple.com/th/shop/buy-iphone/iphone-15
TH-IPHONE15-GREEN-512GB-5A94,iphone,iPhone 15,iphone-15,,iPhone 15,"6.1""",,,เขียว,Green,#43594B,38900,,147.6 x 71.6 x 7.80 มม.,171 กรัม,"จอภาพ Super Retina XDR OLED ขนาด 6.1 นิ้ว, ความละเอียด 2556 x 1179 พิกเซลที่ 460 ppi, Dynamic Island, ความสว่างสูงสุด 2,000 นิต (กลางแจ้ง)","ระบบกล้องคู่ขั้นสูง: กล้องหลัก 48MP (26 มม., ƒ/1.6) + กล้อง Ultra Wide 12MP (13 มม., ƒ/2.4), ถ่ายภาพบุคคลรุ่นถัดไปพร้อมการควบคุมโฟกัสและความชัดลึก","การเล่นวิดีโอนานสูงสุด 20 ชั่วโมง, การเล่นเสียงนานสูงสุด 80 ชั่วโมง, ชาร์จเร็ว 50% ใน 30 นาที","iPhone 15 พร้อม iOS, สายชาร์จ USB-C (1 ม.), เอกสารประกอบ",data/images_transparent/iphone/iphone-15/green.png,https://store.storeimages.cdn-apple.com/1/as-images.apple.com/is/iphone-15-finish-select-202309-6-1inch-green?wid=2560&hei=2560&fmt=jpeg&qlt=95,https://www.apple.com/th/iphone-15/specs/,https://www.apple.com/th/shop/buy-iphone/iphone-15
TH-IPHONE15-BLUE-128GB-93DE,iphone,iPhone 15,iphone-15,,iPhone 15,"6.1""",,,ฟ้า,Blue,#3E536B,26900,,147.6 x 71.6 x 7.80 มม.,171 กรัม,"จอภาพ Super Retina XDR OLED ขนาด 6.1 นิ้ว, ความละเอียด 2556 x 1179 พิกเซลที่ 460 ppi, Dynamic Island, ความสว่างสูงสุด 2,000 นิต (กลางแจ้ง)","ระบบกล้องคู่ขั้นสูง: กล้องหลัก 48MP (26 มม., ƒ/1.6) + กล้อง Ultra Wide 12MP (13 มม., ƒ/2.4), ถ่ายภาพบุคคลรุ่นถัดไปพร้อมการควบคุมโฟกัสและความชัดลึก","การเล่นวิดีโอนานสูงสุด 20 ชั่วโมง, การเล่นเสียงนานสูงสุด 80 ชั่วโมง, ชาร์จเร็ว 50% ใน 30 นาที","iPhone 15 พร้อม iOS, สายชาร์จ USB-C (1 ม.), เอกสารประกอบ",data/images_transparent/iphone/iphone-15/blue.png,https://store.storeimages.cdn-apple.com/1/as-images.apple.com/is/iphone-15-finish-select-202309-6-1inch-blue?wid=2560&hei=2560&fmt=jpeg&qlt=95,https://www.apple.com/th/iphone-15/specs/,https://www.apple.com/th/shop/buy-iphone/iphone-15
TH-IPHONE15-BLUE-256GB-3615,iphone,iPhone 15,iphone-15,,iPhone 15,"6.1""",,,ฟ้า,Blue,#3E536B,30900,,147.6 x 71.6 x 7.80 มม.,171 กรัม,"จอภาพ Super Retina XDR OLED ขนาด 6.1 นิ้ว, ความละเอียด 2556 x 1179 พิกเซลที่ 460 ppi, Dynamic Island, ความสว่างสูงสุด 2,000 นิต (กลางแจ้ง)","ระบบกล้องคู่ขั้นสูง: กล้องหลัก 48MP (26 มม., ƒ/1.6) + กล้อง Ultra Wide 12MP (13 มม., ƒ/2.4), ถ่ายภาพบุคคลรุ่นถัดไปพร้อมการควบคุมโฟกัสและความชัดลึก","การเล่นวิดีโอนานสูงสุด 20 ชั่วโมง, การเล่นเสียงนานสูงสุด 80 ชั่วโมง, ชาร์จเร็ว 50% ใน 30 นาที","iPhone 15 พร้อม iOS, สายชาร์จ USB-C (1 ม.), เอกสารประกอบ",data/images_transparent/iphone/iphone-15/blue.png,https://store.storeimages.cdn-apple.com/1/as-images.apple.com/is/iphone-15-finish-select-202309-6-1inch-blue?wid=2560&hei=2560&fmt=jpeg&qlt=95,https://www.apple.com/th/iphone-15/specs/,https://www.apple.com/th/shop/buy-iphone/iphone-15
TH-IPHONE15-BLUE-512GB-C637,iphone,iPhone 15,iphone-15,,iPhone 15,"6.1""",,,ฟ้า,Blue,#3E536B,38900,,147.6 x 71.6 x 7.80 มม.,171 กรัม,"จอภาพ Super Retina XDR OLED ขนาด 6.1 นิ้ว, ความละเอียด 2556 x 1179 พิกเซลที่ 460 ppi, Dynamic Island, ความสว่างสูงสุด 2,000 นิต (กลางแจ้ง)","ระบบกล้องคู่ขั้นสูง: กล้องหลัก 48MP (26 มม., ƒ/1.6) + กล้อง Ultra Wide 12MP (13 มม., ƒ/2.4), ถ่ายภาพบุคคลรุ่นถัดไปพร้อมการควบคุมโฟกัสและความชัดลึก","การเล่นวิดีโอนานสูงสุด 20 ชั่วโมง, การเล่นเสียงนานสูงสุด 80 ชั่วโมง, ชาร์จเร็ว 50% ใน 30 นาที","iPhone 15 พร้อม iOS, สายชาร์จ USB-C (1 ม.), เอกสารประกอบ",data/images_transparent/iphone/iphone-15/blue.png,https://store.storeimages.cdn-apple.com/1/as-images.apple.com/is/iphone-15-finish-select-202309-6-1inch-blue?wid=2560&hei=2560&fmt=jpeg&qlt=95,https://www.apple.com/th/iphone-15/specs/,https://www.apple.com/th/shop/buy-iphone/iphone-15
TH-IPHONE15-BLACK-128GB-8E88,iphone,iPhone 15,iphone-15,,iPhone 15,"6.1""",,,ดำ,Black,#1F2022,26900,,147.6 x 71.6 x 7.80 มม.,171 กรัม,"จอภาพ Super Retina XDR OLED ขนาด 6.1 นิ้ว, ความละเอียด 2556 x 1179 พิกเซลที่ 460 ppi, Dynamic Island, ความสว่างสูงสุด 2,000 นิต (กลางแจ้ง)","ระบบกล้องคู่ขั้นสูง: กล้องหลัก 48MP (26 มม., ƒ/1.6) + กล้อง Ultra Wide 12MP (13 มม., ƒ/2.4), ถ่ายภาพบุคคลรุ่นถัดไปพร้อมการควบคุมโฟกัสและความชัดลึก","การเล่นวิดีโอนานสูงสุด 20 ชั่วโมง, การเล่นเสียงนานสูงสุด 80 ชั่วโมง, ชาร์จเร็ว 50% ใน 30 นาที","iPhone 15 พร้อม iOS, สายชาร์จ USB-C (1 ม.), เอกสารประกอบ",data/images_transparent/iphone/iphone-15/black.png,https://store.storeimages.cdn-apple.com/1/as-images.apple.com/is/iphone-15-finish-select-202309-6-1inch-black?wid=2560&hei=2560&fmt=jpeg&qlt=95,https://www.apple.com/th/iphone-15/specs/,https://www.apple.com/th/shop/buy-iphone/iphone-15
TH-IPHONE15-BLACK-256GB-0E60,iphone,iPhone 15,iphone-15,,iPhone 15,"6.1""",,,ดำ,Black,#1F2022,30900,,147.6 x 71.6 x 7.80 มม.,171 กรัม,"จอภาพ Super Retina XDR OLED ขนาด 6.1 นิ้ว, ความละเอียด 2556 x 1179 พิกเซลที่ 460 ppi, Dynamic Island, ความสว่างสูงสุด 2,000 นิต (กลางแจ้ง)","ระบบกล้องคู่ขั้นสูง: กล้องหลัก 48MP (26 มม., ƒ/1.6) + กล้อง Ultra Wide 12MP (13 มม., ƒ/2.4), ถ่ายภาพบุคคลรุ่นถัดไปพร้อมการควบคุมโฟกัสและความชัดลึก","การเล่นวิดีโอนานสูงสุด 20 ชั่วโมง, การเล่นเสียงนานสูงสุด 80 ชั่วโมง, ชาร์จเร็ว 50% ใน 30 นาที","iPhone 15 พร้อม iOS, สายชาร์จ USB-C (1 ม.), เอกสารประกอบ",data/images_transparent/iphone/iphone-15/black.png,https://store.storeimages.cdn-apple.com/1/as-images.apple.com/is/iphone-15-finish-select-202309-6-1inch-black?wid=2560&hei=2560&fmt=jpeg&qlt=95,https://www.apple.com/th/iphone-15/specs/,https://www.apple.com/th/shop/buy-iphone/iphone-15
TH-IPHONE15-BLACK-512GB-09CA,iphone,iPhone 15,iphone-15,,iPhone 15,"6.1""",,,ดำ,Black,#1F2022,38900,,147.6 x 71.6 x 7.80 มม.,171 กรัม,"จอภาพ Super Retina XDR OLED ขนาด 6.1 นิ้ว, ความละเอียด 2556 x 1179 พิกเซลที่ 460 ppi, Dynamic Island, ความสว่างสูงสุด 2,000 นิต (กลางแจ้ง)","ระบบกล้องคู่ขั้นสูง: กล้องหลัก 48MP (26 มม., ƒ/1.6) + กล้อง Ultra Wide 12MP (13 มม., ƒ/2.4), ถ่ายภาพบุคคลรุ่นถัดไปพร้อมการควบคุมโฟกัสและความชัดลึก","การเล่นวิดีโอนานสูงสุด 20 ชั่วโมง, การเล่นเสียงนานสูงสุด 80 ชั่วโมง, ชาร์จเร็ว 50% ใน 30 นาที","iPhone 15 พร้อม iOS, สายชาร์จ USB-C (1 ม.), เอกสารประกอบ",data/images_transparent/iphone/iphone-15/black.png,https://store.storeimages.cdn-apple.com/1/as-images.apple.com/is/iphone-15-finish-select-202309-6-1inch-black?wid=2560&hei=2560&fmt=jpeg&qlt=95,https://www.apple.com/th/iphone-15/specs/,https://www.apple.com/th/shop/buy-iphone/iphone-15
TH-IPHONE15PLUS-PINK-128GB-243D,iphone,iPhone 15,iphone-15-plus,,iPhone 15 Plus,"6.7""",,,ชมพู,Pink,#E3A3B1,29900,,160.9 x 77.8 x 7.80 มม.,201 กรัม,"จอภาพ Super Retina XDR OLED ขนาด 6.7 นิ้ว, ความละเอียด 2796 x 1290 พิกเซลที่ 460 ppi, Dynamic Island","ระบบกล้องคู่: กล้องหลัก 48MP + กล้อง Ultra Wide 12MP, ซูมแบบออปติคัล 2 เท่า","การเล่นวิดีโอนานสูงสุด 26 ชั่วโมง, การเล่นเสียงนานสูงสุด 100 ชั่วโมง","iPhone 15 Plus พร้อม iOS, สายชาร์จ USB-C (1 ม.), เอกสารประกอบ",data/images_transparent/iphone/iphone-15/pink.png,https://store.storeimages.cdn-apple.com/1/as-images.apple.com/is/iphone-15-finish-select-202309-6-1inch-pink?wid=2560&hei=2560&fmt=jpeg&qlt=95,https://www.apple.com/th/iphone-15/specs/,https://www.apple.com/th/shop/buy-iphone/iphone-15
TH-IPHONE15PLUS-PINK-256GB-62E9,iphone,iPhone 15,iphone-15-plus,,iPhone 15 Plus,"6.7""",,,ชมพู,Pink,#E3A3B1,33900,,160.9 x 77.8 x 7.80 มม.,201 กรัม,"จอภาพ Super Retina XDR OLED ขนาด 6.7 นิ้ว, ความละเอียด 2796 x 1290 พิกเซลที่ 460 ppi, Dynamic Island","ระบบกล้องคู่: กล้องหลัก 48MP + กล้อง Ultra Wide 12MP, ซูมแบบออปติคัล 2 เท่า","การเล่นวิดีโอนานสูงสุด 26 ชั่วโมง, การเล่นเสียงนานสูงสุด 100 ชั่วโมง","iPhone 15 Plus พร้อม iOS, สายชาร์จ USB-C (1 ม.), เอกสารประกอบ",data/images_transparent/iphone/iphone-15/pink.png,https://store.storeimages.cdn-apple.com/1/as-images.apple.com/is/iphone-15-finish-select-202309-6-1inch-pink?wid=2560&hei=2560&fmt=jpeg&qlt=95,https://www.apple.com/th/iphone-15/specs/,https://www.apple.com/th/shop/buy-iphone/iphone-15
TH-IPHONE15PLUS-PINK-512GB-EF03,iphone,iPhone 15,iphone-15-plus,,iPhone 15 Plus,"6.7""",,,ชมพู,Pink,#E3A3B1,41900,,160.9 x 77.8 x 7.80 มม.,201 กรัม,"จอภาพ Super Retina XDR OLED ขนาด 6.7 นิ้ว, ความละเอียด 2796 x 1290 พิกเซลที่ 460 ppi, Dynamic Island","ระบบกล้องคู่: กล้องหลัก 48MP + กล้อง Ultra Wide 12MP, ซูมแบบออปติคัล 2 เท่า","การเล่นวิดีโอนานสูงสุด 26 ชั่วโมง, การเล่นเสียงนานสูงสุด 100 ชั่วโมง","iPhone 15 Plus พร้อม iOS, สายชาร์จ USB-C (1 ม.), เอกสารประกอบ",data/images_transparent/iphone/iphone-15/pink.png,https://store.storeimages.cdn-apple.com/1/as-images.apple.com/is/iphone-15-finish-select-202309-6-1inch-pink?wid=2560&hei=2560&fmt=jpeg&qlt=95,https://www.apple.com/th/iphone-15/specs/,https://www.apple.com/th/shop/buy-iphone/iphone-15
TH-IPHONE15PLUS-YELLOW-128GB-D2AC,iphone,iPhone 15,iphone-15-plus,,iPhone 15 Plus,"6.7""",,,เหลือง,Yellow,#FBE27D,29900,,160.9 x 77.8 x 7.80 มม.,201 กรัม,"จอภาพ Super Retina XDR OLED ขนาด 6.7 นิ้ว, ความละเอียด 2796 x 1290 พิกเซลที่ 460 ppi, Dynamic Island","ระบบกล้องคู่: กล้องหลัก 48MP + กล้อง Ultra Wide 12MP, ซูมแบบออปติคัล 2 เท่า","การเล่นวิดีโอนานสูงสุด 26 ชั่วโมง, การเล่นเสียงนานสูงสุด 100 ชั่วโมง","iPhone 15 Plus พร้อม iOS, สายชาร์จ USB-C (1 ม.), เอกสารประกอบ",data/images_transparent/iphone/iphone-15/yellow.png,https://store.storeimages.cdn-apple.com/1/as-images.apple.com/is/iphone-15-finish-select-202309-6-1inch-yellow?wid=2560&hei=2560&fmt=jpeg&qlt=95,https://www.apple.com/th/iphone-15/specs/,https://www.apple.com/th/shop/buy-iphone/iphone-15
TH-IPHONE15PLUS-YELLOW-256GB-8B07,iphone,iPhone 15,iphone-15-plus,,iPhone 15 Plus,"6.7""",,,เหลือง,Yellow,#FBE27D,33900,,160.9 x 77.8 x 7.80 มม.,201 กรัม,"จอภาพ Super Retina XDR OLED ขนาด 6.7 นิ้ว, ความละเอียด 2796 x 1290 พิกเซลที่ 460 ppi, Dynamic Island","ระบบกล้องคู่: กล้องหลัก 48MP + กล้อง Ultra Wide 12MP, ซูมแบบออปติคัล 2 เท่า","การเล่นวิดีโอนานสูงสุด 26 ชั่วโมง, การเล่นเสียงนานสูงสุด 100 ชั่วโมง","iPhone 15 Plus พร้อม iOS, สายชาร์จ USB-C (1 ม.), เอกสารประกอบ",data/images_transparent/iphone/iphone-15/yellow.png,https://store.storeimages.cdn-apple.com/1/as-images.apple.com/is/iphone-15-finish-select-202309-6-1inch-yellow?wid=2560&hei=2560&fmt=jpeg&qlt=95,https://www.apple.com/th/iphone-15/specs/,https://www.apple.com/th/shop/buy-iphone/iphone-15
TH-IPHONE15PLUS-YELLOW-512GB-B96F,iphone,iPhone 15,iphone-15-plus,,iPhone 15 Plus,"6.7""",,,เหลือง,Yellow,#FBE27D,41900,,160.9 x 77.8 x 7.80 มม.,201 กรัม,"จอภาพ Super Retina XDR OLED ขนาด 6.7 นิ้ว, ความละเอียด 2796 x 1290 พิกเซลที่ 460 ppi, Dynamic Island","ระบบกล้องคู่: กล้องหลัก 48MP + กล้อง Ultra Wide 12MP, ซูมแบบออปติคัล 2 เท่า","การเล่นวิดีโอนานสูงสุด 26 ชั่วโมง, การเล่นเสียงนานสูงสุด 100 ชั่วโมง","iPhone 15 Plus พร้อม iOS, สายชาร์จ USB-C (1 ม.), เอกสารประกอบ",data/images_transparent/iphone/iphone-15/yellow.png,https://store.storeimages.cdn-apple.com/1/as-images.apple.com/is/iphone-15-finish-select-202309-6-1inch-yellow?wid=2560&hei=2560&fmt=jpeg&qlt=95,https://www.apple.com/th/iphone-15/specs/,https://www.apple.com/th/shop/buy-iphone/iphone-15
TH-IPHONE15PLUS-GREEN-128GB-FBA6,iphone,iPhone 15,iphone-15-plus,,iPhone 15 Plus,"6.7""",,,เขียว,Green,#43594B,29900,,160.9 x 77.8 x 7.80 มม.,201 กรัม,"จอภาพ Super Retina XDR OLED ขนาด 6.7 นิ้ว, ความละเอียด 2796 x 1290 พิกเซลที่ 460 ppi, Dynamic Island","ระบบกล้องคู่: กล้องหลัก 48MP + กล้อง Ultra Wide 12MP, ซูมแบบออปติคัล 2 เท่า","การเล่นวิดีโอนานสูงสุด 26 ชั่วโมง, การเล่นเสียงนานสูงสุด 100 ชั่วโมง","iPhone 15 Plus พร้อม iOS, สายชาร์จ USB-C (1 ม.), เอกสารประกอบ",data/images_transparent/iphone/iphone-15/green.png,https://store.storeimages.cdn-apple.com/1/as-images.apple.com/is/iphone-15-finish-select-202309-6-1inch-green?wid=2560&hei=2560&fmt=jpeg&qlt=95,https://www.apple.com/th/iphone-15/specs/,https://www.apple.com/th/shop/buy-iphone/iphone-15
TH-IPHONE15PLUS-GREEN-256GB-131A,iphone,iPhone 15,iphone-15-plus,,iPhone 15 Plus,"6.7""",,,เขียว,Green,#43594B,33900,,160.9 x 77.8 x 7.80 มม.,201 กรัม,"จอภาพ Super Retina XDR OLED ขนาด 6.7 นิ้ว, ความละเอียด 2796 x 1290 พิกเซลที่ 460 ppi, Dynamic Island","ระบบกล้องคู่: กล้องหลัก 48MP + กล้อง Ultra Wide 12MP, ซูมแบบออปติคัล 2 เท่า","การเล่นวิดีโอนานสูงสุด 26 ชั่วโมง, การเล่นเสียงนานสูงสุด 100 ชั่วโมง","iPhone 15 Plus พร้อม iOS, สายชาร์จ USB-C (1 ม.), เอกสารประกอบ",data/images_transparent/iphone/iphone-15/green.png,https://store.storeimages.cdn-apple.com/1/as-images.apple.com/is/iphone-15-finish-select-202309-6-1inch-green?wid=2560&hei=2560&fmt=jpeg&qlt=95,https://www.apple.com/th/iphone-15/specs/,https://www.apple.com/th/shop/buy-iphone/iphone-15
TH-IPHONE15PLUS-GREEN-512GB-7854,iphone,iPhone 15,iphone-15-plus,,iPhone 15 Plus,"6.7""",,,เขียว,Green,#43594B,41900,,160.9 x 77.8 x 7.80 มม.,201 กรัม,"จอภาพ Super Retina XDR OLED ขนาด 6.7 นิ้ว, ความละเอียด 2796 x 1290 พิกเซลที่ 460 ppi, Dynamic Island","ระบบกล้องคู่: กล้องหลัก 48MP + กล้อง Ultra Wide 12MP, ซูมแบบออปติคัล 2 เท่า","การเล่นวิดีโอนานสูงสุด 26 ชั่วโมง, การเล่นเสียงนานสูงสุด 100 ชั่วโมง","iPhone 15 Plus พร้อม iOS, สายชาร์จ USB-C (1 ม.), เอกสารประกอบ",data/images_transparent/iphone/iphone-15/green.png,https://store.storeimages.cdn-apple.com/1/as-images.apple.com/is/iphone-15-finish-select-202309-6-1inch-green?wid=2560&hei=2560&fmt=jpeg&qlt=95,https://www.apple.com/th/iphone-15/specs/,https://www.apple.com/th/shop/buy-iphone/iphone-15
TH-IPHONE15PLUS-BLUE-128GB-CD97,iphone,iPhone 15,iphone-15-plus,,iPhone 15 Plus,"6.7""",,,ฟ้า,Blue,#3E536B,29900,,160.9 x 77.8 x 7.80 มม.,201 กรัม,"จอภาพ Super Retina XDR OLED ขนาด 6.7 นิ้ว, ความละเอียด 2796 x 1290 พิกเซลที่ 460 ppi, Dynamic Island","ระบบกล้องคู่: กล้องหลัก 48MP + กล้อง Ultra Wide 12MP, ซูมแบบออปติคัล 2 เท่า","การเล่นวิดีโอนานสูงสุด 26 ชั่วโมง, การเล่นเสียงนานสูงสุด 100 ชั่วโมง","iPhone 15 Plus พร้อม iOS, สายชาร์จ USB-C (1 ม.), เอกสารประกอบ",data/images_transparent/iphone/iphone-15/blue.png,https://store.storeimages.cdn-apple.com/1/as-images.apple.com/is/iphone-15-finish-select-202309-6-1inch-blue?wid=2560&hei=2560&fmt=jpeg&qlt=95,https://www.apple.com/th/iphone-15/specs/,https://www.apple.com/th/shop/buy-iphone/iphone-15
TH-IPHONE15PLUS-BLUE-256GB-31F1,iphone,iPhone 15,iphone-15-plus,,iPhone 15 Plus,"6.7""",,,ฟ้า,Blue,#3E536B,33900,,160.9 x 77.8 x 7.80 มม.,201 กรัม,"จอภาพ Super Retina XDR OLED ขนาด 6.7 นิ้ว, ความละเอียด 2796 x 1290 พิกเซลที่ 460 ppi, Dynamic Island","ระบบกล้องคู่: กล้องหลัก 48MP + กล้อง Ultra Wide 12MP, ซูมแบบออปติคัล 2 เท่า","การเล่นวิดีโอนานสูงสุด 26 ชั่วโมง, การเล่นเสียงนานสูงสุด 100 ชั่วโมง","iPhone 15 Plus พร้อม iOS, สายชาร์จ USB-C (1 ม.), เอกสารประกอบ",data/images_transparent/iphone/iphone-15/blue.png,https://store.storeimages.cdn-apple.com/1/as-images.apple.com/is/iphone-15-finish-select-202309-6-1inch-blue?wid=2560&hei=2560&fmt=jpeg&qlt=95,https://www.apple.com/th/iphone-15/specs/,https://www.apple.com/th/shop/buy-iphone/iphone-15
TH-IPHONE15PLUS-BLUE-512GB-640A,iphone,iPhone 15,iphone-15-plus,,iPhone 15 Plus,"6.7""",,,ฟ้า,Blue,#3E536B,41900,,160.9 x 77.8 x 7.80 มม.,201 กรัม,"จอภาพ Super Retina XDR OLED ขนาด 6.7 นิ้ว, ความละเอียด 2796 x 1290 พิกเซลที่ 460 ppi, Dynamic Island","ระบบกล้องคู่: กล้องหลัก 48MP + กล้อง Ultra Wide 12MP, ซูมแบบออปติคัล 2 เท่า","การเล่นวิดีโอนานสูงสุด 26 ชั่วโมง, การเล่นเสียงนานสูงสุด 100 ชั่วโมง","iPhone 15 Plus พร้อม iOS, สายชาร์จ USB-C (1 ม.), เอกสารประกอบ",data/images_transparent/iphone/iphone-15/blue.png,https://store.storeimages.cdn-apple.com/1/as-images.apple.com/is/iphone-15-finish-select-202309-6-1inch-blue?wid=2560&hei=2560&fmt=jpeg&qlt=95,https://www.apple.com/th/iphone-15/specs/,https://www.apple.com/th/shop/buy-iphone/iphone-15
TH-IPHONE15PLUS-BLACK-128GB-7B03,iphone,iPhone 15,iphone-15-plus,,iPhone 15 Plus,"6.7""",,,ดำ,Black,#1F2022,29900,,160.9 x 77.8 x 7.80 มม.,201 กรัม,"จอภาพ Super Retina XDR OLED ขนาด 6.7 นิ้ว, ความละเอียด 2796 x 1290 พิกเซลที่ 460 ppi, Dynamic Island","ระบบกล้องคู่: กล้องหลัก 48MP + กล้อง Ultra Wide 12MP, ซูมแบบออปติคัล 2 เท่า","การเล่นวิดีโอนานสูงสุด 26 ชั่วโมง, การเล่นเสียงนานสูงสุด 100 ชั่วโมง","iPhone 15 Plus พร้อม iOS, สายชาร์จ USB-C (1 ม.), เอกสารประกอบ",data/images_transparent/iphone/iphone-15/black.png,https://store.storeimages.cdn-apple.com/1/as-images.apple.com/is/iphone-15-finish-select-202309-6-1inch-black?wid=2560&hei=2560&fmt=jpeg&qlt=95,https://www.apple.com/th/iphone-15/specs/,https://www.apple.com/th/shop/buy-iphone/iphone-15
TH-IPHONE15PLUS-BLACK-256GB-97CB,iphone,iPhone 15,iphone-15-plus,,iPhone 15 Plus,"6.7""",,,ดำ,Black,#1F2022,33900,,160.9 x 77.8 x 7.80 มม.,201 กรัม,"จอภาพ Super Retina XDR OLED ขนาด 6.7 นิ้ว, ความละเอียด 2796 x 1290 พิกเซลที่ 460 ppi, Dynamic Island","ระบบกล้องคู่: กล้องหลัก 48MP + กล้อง Ultra Wide 12MP, ซูมแบบออปติคัล 2 เท่า","การเล่นวิดีโอนานสูงสุด 26 ชั่วโมง, การเล่นเสียงนานสูงสุด 100 ชั่วโมง","iPhone 15 Plus พร้อม iOS, สายชาร์จ USB-C (1 ม.), เอกสารประกอบ",data/images_transparent/iphone/iphone-15/black.png,https://store.storeimages.cdn-apple.com/1/as-images.apple.com/is/iphone-15-finish-select-202309-6-1inch-black?wid=2560&hei=2560&fmt=jpeg&qlt=95,https://www.apple.com/th/iphone-15/specs/,https://www.apple.com/th/shop/buy-iphone/iphone-15
TH-IPHONE15PLUS-BLACK-512GB-9E4A,iphone,iPhone 15,iphone-15-plus,,iPhone 15 Plus,"6.7""",,,ดำ,Black,#1F2022,41900,,160.9 x 77.8 x 7.80 มม.,201 กรัม,"จอภาพ Super Retina XDR OLED ขนาด 6.7 นิ้ว, ความละเอียด 2796 x 1290 พิกเซลที่ 460 ppi, Dynamic Island","ระบบกล้องคู่: กล้องหลัก 48MP + กล้อง Ultra Wide 12MP, ซูมแบบออปติคัล 2 เท่า","การเล่นวิดีโอนานสูงสุด 26 ชั่วโมง, การเล่นเสียงนานสูงสุด 100 ชั่วโมง","iPhone 15 Plus พร้อม iOS, สายชาร์จ USB-C (1 ม.), เอกสารประกอบ",data/images_transparent/iphone/iphone-15/black.png,https://store.storeimages.cdn-apple.com/1/as-images.apple.com/is/iphone-15-finish-select-202309-6-1inch-black?wid=2560&hei=2560&fmt=jpeg&qlt=95,https://www.apple.com/th/iphone-15/specs/,https://www.apple.com/th/shop/buy-iphone/iphone-15
TH-IPHONE14-BLUE-128GB-B7D1,iphone,iPhone 14,iphone-14,,iPhone 14,"6.1""",,,ฟ้า,Blue,#3E536B,22900,,146.7 x 71.5 x 7.80 มม.,172 กรัม,"จอภาพ Super Retina XDR OLED ขนาด 6.1 นิ้ว, ความละเอียด 2532 x 1170 พิกเซลที่ 460 ppi","ระบบกล้องคู่: กล้องหลัก 12MP (26 มม., ƒ/1.5) + กล้อง Ultra Wide 12MP (13 มม., ƒ/2.4), โหมดแอ็คชั่นและโหมดภาพยนตร์","การเล่นวิดีโอนานสูงสุด 20 ชั่วโมง, ชาร์จเร็ว 50% ใน 30 นาที","iPhone 14 พร้อม iOS, สาย USB-C เป็น Lightning (1 ม.), เอกสารประกอบ",data/images_transparent/iphone/iphone-14/blue.png,https://store.storeimages.cdn-apple.com/1/as-images.apple.com/is/iphone-14-finish-select-202209-6-1inch-blue?wid=2560&hei=2560&fmt=jpeg&qlt=95,https://www.apple.com/th/iphone-14/specs/,https://www.apple.com/th/shop/buy-iphone/iphone-14
TH-IPHONE14-BLUE-256GB-7280,iphone,iPhone 14,iphone-14,,iPhone 14,"6.1""",,,ฟ้า,Blue,#3E536B,26900,,146.7 x 71.5 x 7.80 มม.,172 กรัม,"จอภาพ Super Retina XDR OLED ขนาด 6.1 นิ้ว, ความละเอียด 2532 x 1170 พิกเซลที่ 460 ppi","ระบบกล้องคู่: กล้องหลัก 12MP (26 มม., ƒ/1.5) + กล้อง Ultra Wide 12MP (13 มม., ƒ/2.4), โหมดแอ็คชั่นและโหมดภาพยนตร์","การเล่นวิดีโอนานสูงสุด 20 ชั่วโมง, ชาร์จเร็ว 50% ใน 30 นาที","iPhone 14 พร้อม iOS, สาย USB-C เป็น Lightning (1 ม.), เอกสารประกอบ",data/images_transparent/iphone/iphone-14/blue.png,https://store.storeimages.cdn-apple.com/1/as-images.apple.com/is/iphone-14-finish-select-202209-6-1inch-blue?wid=2560&hei=2560&fmt=jpeg&qlt=95,https://www.apple.com/th/iphone-14/specs/,https://www.apple.com/th/shop/buy-iphone/iphone-14
TH-IPHONE14-PURPLE-128GB-359B,iphone,iPhone 14,iphone-14,,iPhone 14,"6.1""",,,ม่วง,Purple,#D1CDDA,22900,,146.7 x 71.5 x 7.80 มม.,172 กรัม,"จอภาพ Super Retina XDR OLED ขนาด 6.1 นิ้ว, ความละเอียด 2532 x 1170 พิกเซลที่ 460 ppi","ระบบกล้องคู่: กล้องหลัก 12MP (26 มม., ƒ/1.5) + กล้อง Ultra Wide 12MP (13 มม., ƒ/2.4), โหมดแอ็คชั่นและโหมดภาพยนตร์","การเล่นวิดีโอนานสูงสุด 20 ชั่วโมง, ชาร์จเร็ว 50% ใน 30 นาที","iPhone 14 พร้อม iOS, สาย USB-C เป็น Lightning (1 ม.), เอกสารประกอบ",data/images_transparent/iphone/iphone-14/purple.png,https://store.storeimages.cdn-apple.com/1/as-images.apple.com/is/iphone-14-finish-select-202209-6-1inch-purple?wid=2560&hei=2560&fmt=jpeg&qlt=95,https://www.apple.com/th/iphone-14/specs/,https://www.apple.com/th/shop/buy-iphone/iphone-14
TH-IPHONE14-PURPLE-256GB-28F4,iphone,iPhone 14,iphone-14,,iPhone 14,"6.1""",,,ม่วง,Purple,#D1CDDA,26900,,146.7 x 71.5 x 7.80 มม.,172 กรัม,"จอภาพ Super Retina XDR OLED ขนาด 6.1 นิ้ว, ความละเอียด 2532 x 1170 พิกเซลที่ 460 ppi","ระบบกล้องคู่: กล้องหลัก 12MP (26 มม., ƒ/1.5) + กล้อง Ultra Wide 12MP (13 มม., ƒ/2.4), โหมดแอ็คชั่นและโหมดภาพยนตร์","การเล่นวิดีโอนานสูงสุด 20 ชั่วโมง, ชาร์จเร็ว 50% ใน 30 นาที","iPhone 14 พร้อม iOS, สาย USB-C เป็น Lightning (1 ม.), เอกสารประกอบ",data/images_transparent/iphone/iphone-14/purple.png,https://store.storeimages.cdn-apple.com/1/as-images.apple.com/is/iphone-14-finish-select-202209-6-1inch-purple?wid=2560&hei=2560&fmt=jpeg&qlt=95,https://www.apple.com/th/iphone-14/specs/,https://www.apple.com/th/shop/buy-iphone/iphone-14
TH-IPHONE14-MIDNIGHT-128GB-8D86,iphone,iPhone 14,iphone-14,,iPhone 14,"6.1""",,,มิดไนท์,Midnight,#1E222A,22900,,146.7 x 71.5 x 7.80 มม.,172 กรัม,"จอภาพ Super Retina XDR OLED ขนาด 6.1 นิ้ว, ความละเอียด 2532 x 1170 พิกเซลที่ 460 ppi","ระบบกล้องคู่: กล้องหลัก 12MP (26 มม., ƒ/1.5) + กล้อง Ultra Wide 12MP (13 มม., ƒ/2.4), โหมดแอ็คชั่นและโหมดภาพยนตร์","การเล่นวิดีโอนานสูงสุด 20 ชั่วโมง, ชาร์จเร็ว 50% ใน 30 นาที","iPhone 14 พร้อม iOS, สาย USB-C เป็น Lightning (1 ม.), เอกสารประกอบ",data/images_transparent/iphone/iphone-14/midnight.png,https://store.storeimages.cdn-apple.com/1/as-images.apple.com/is/iphone-14-finish-select-202209-6-1inch-midnight?wid=2560&hei=2560&fmt=jpeg&qlt=95,https://www.apple.com/th/iphone-14/specs/,https://www.apple.com/th/shop/buy-iphone/iphone-14
TH-IPHONE14-MIDNIGHT-256GB-F891,iphone,iPhone 14,iphone-14,,iPhone 14,"6.1""",,,มิดไนท์,Midnight,#1E222A,26900,,146.7 x 71.5 x 7.80 มม.,172 กรัม,"จอภาพ Super Retina XDR OLED ขนาด 6.1 นิ้ว, ความละเอียด 2532 x 1170 พิกเซลที่ 460 ppi","ระบบกล้องคู่: กล้องหลัก 12MP (26 มม., ƒ/1.5) + กล้อง Ultra Wide 12MP (13 มม., ƒ/2.4), โหมดแอ็คชั่นและโหมดภาพยนตร์","การเล่นวิดีโอนานสูงสุด 20 ชั่วโมง, ชาร์จเร็ว 50% ใน 30 นาที","iPhone 14 พร้อม iOS, สาย USB-C เป็น Lightning (1 ม.), เอกสารประกอบ",data/images_transparent/iphone/iphone-14/midnight.png,https://store.storeimages.cdn-apple.com/1/as-images.apple.com/is/iphone-14-finish-select-202209-6-1inch-midnight?wid=2560&hei=2560&fmt=jpeg&qlt=95,https://www.apple.com/th/iphone-14/specs/,https://www.apple.com/th/shop/buy-iphone/iphone-14
TH-IPHONE14-STARLIGHT-128GB-2FA4,iphone,iPhone 14,iphone-14,,iPhone 14,"6.1""",,,สตาร์ไลท์,Starlight,#F0ECE1,22900,,146.7 x 71.5 x 7.80 มม.,172 กรัม,"จอภาพ Super Retina XDR OLED ขนาด 6.1 นิ้ว, ความละเอียด 2532 x 1170 พิกเซลที่ 460 ppi","ระบบกล้องคู่: กล้องหลัก 12MP (26 มม., ƒ/1.5) + กล้อง Ultra Wide 12MP (13 มม., ƒ/2.4), โหมดแอ็คชั่นและโหมดภาพยนตร์","การเล่นวิดีโอนานสูงสุด 20 ชั่วโมง, ชาร์จเร็ว 50% ใน 30 นาที","iPhone 14 พร้อม iOS, สาย USB-C เป็น Lightning (1 ม.), เอกสารประกอบ",data/images_transparent/iphone/iphone-14/starlight.png,https://store.storeimages.cdn-apple.com/1/as-images.apple.com/is/iphone-14-finish-select-202209-6-1inch-starlight?wid=2560&hei=2560&fmt=jpeg&qlt=95,https://www.apple.com/th/iphone-14/specs/,https://www.apple.com/th/shop/buy-iphone/iphone-14
TH-IPHONE14-STARLIGHT-256GB-3984,iphone,iPhone 14,iphone-14,,iPhone 14,"6.1""",,,สตาร์ไลท์,Starlight,#F0ECE1,26900,,146.7 x 71.5 x 7.80 มม.,172 กรัม,"จอภาพ Super Retina XDR OLED ขนาด 6.1 นิ้ว, ความละเอียด 2532 x 1170 พิกเซลที่ 460 ppi","ระบบกล้องคู่: กล้องหลัก 12MP (26 มม., ƒ/1.5) + กล้อง Ultra Wide 12MP (13 มม., ƒ/2.4), โหมดแอ็คชั่นและโหมดภาพยนตร์","การเล่นวิดีโอนานสูงสุด 20 ชั่วโมง, ชาร์จเร็ว 50% ใน 30 นาที","iPhone 14 พร้อม iOS, สาย USB-C เป็น Lightning (1 ม.), เอกสารประกอบ",data/images_transparent/iphone/iphone-14/starlight.png,https://store.storeimages.cdn-apple.com/1/as-images.apple.com/is/iphone-14-finish-select-202209-6-1inch-starlight?wid=2560&hei=2560&fmt=jpeg&qlt=95,https://www.apple.com/th/iphone-14/specs/,https://www.apple.com/th/shop/buy-iphone/iphone-14
TH-IPHONESE3-MIDNIGHT-64GB-609B,iphone,iPhone SE,iphone-se-3,,iPhone SE (3rd Gen),"4.7""",,,มิดไนท์,Midnight,#1E222A,17900,,138.4 x 67.3 x 7.3 มม.,144 กรัม,"จอภาพ Retina HD LCD ขนาด 4.7 นิ้ว, ความละเอียด 1334 x 750 พิกเซลที่ 326 ppi, ปุ่มโฮมพร้อม Touch ID","กล้องไวด์ 12MP (ƒ/1.8), HDR อัจฉริยะ 4, วิดีโอ 4K สูงสุด 60 fps","การเล่นวิดีโอนานสูงสุด 15 ชั่วโมง, ชาร์จเร็ว 50% ใน 30 นาที","iPhone SE พร้อม iOS, สาย USB-C เป็น Lightning (1 ม.), เอกสารประกอบ",data/images_transparent/iphone/iphone-se/midnight.png,https://store.storeimages.cdn-apple.com/1/as-images.apple.com/is/iphone-se-finish-select-202207-midnight?wid=2560&hei=2560&fmt=jpeg&qlt=95,https://www.apple.com/th/iphone-se/specs/,https://www.apple.com/th/shop/buy-iphone/iphone-se
TH-IPHONESE3-MIDNIGHT-128GB-E26A,iphone,iPhone SE,iphone-se-3,,iPhone SE (3rd Gen),"4.7""",,,มิดไนท์,Midnight,#1E222A,19900,,138.4 x 67.3 x 7.3 มม.,144 กรัม,"จอภาพ Retina HD LCD ขนาด 4.7 นิ้ว, ความละเอียด 1334 x 750 พิกเซลที่ 326 ppi, ปุ่มโฮมพร้อม Touch ID","กล้องไวด์ 12MP (ƒ/1.8), HDR อัจฉริยะ 4, วิดีโอ 4K สูงสุด 60 fps","การเล่นวิดีโอนานสูงสุด 15 ชั่วโมง, ชาร์จเร็ว 50% ใน 30 นาที","iPhone SE พร้อม iOS, สาย USB-C เป็น Lightning (1 ม.), เอกสารประกอบ",data/images_transparent/iphone/iphone-se/midnight.png,https://store.storeimages.cdn-apple.com/1/as-images.apple.com/is/iphone-se-finish-select-202207-midnight?wid=2560&hei=2560&fmt=jpeg&qlt=95,https://www.apple.com/th/iphone-se/specs/,https://www.apple.com/th/shop/buy-iphone/iphone-se
TH-IPHONESE3-MIDNIGHT-256GB-1DFE,iphone,iPhone SE,iphone-se-3,,iPhone SE (3rd Gen),"4.7""",,,มิดไนท์,Midnight,#1E222A,23900,,138.4 x 67.3 x 7.3 มม.,144 กรัม,"จอภาพ Retina HD LCD ขนาด 4.7 นิ้ว, ความละเอียด 1334 x 750 พิกเซลที่ 326 ppi, ปุ่มโฮมพร้อม Touch ID","กล้องไวด์ 12MP (ƒ/1.8), HDR อัจฉริยะ 4, วิดีโอ 4K สูงสุด 60 fps","การเล่นวิดีโอนานสูงสุด 15 ชั่วโมง, ชาร์จเร็ว 50% ใน 30 นาที","iPhone SE พร้อม iOS, สาย USB-C เป็น Lightning (1 ม.), เอกสารประกอบ",data/images_transparent/iphone/iphone-se/midnight.png,https://store.storeimages.cdn-apple.com/1/as-images.apple.com/is/iphone-se-finish-select-202207-midnight?wid=2560&hei=2560&fmt=jpeg&qlt=95,https://www.apple.com/th/iphone-se/specs/,https://www.apple.com/th/shop/buy-iphone/iphone-se
TH-IPHONESE3-STARLIGHT-64GB-D2D6,iphone,iPhone SE,iphone-se-3,,iPhone SE (3rd Gen),"4.7""",,,สตาร์ไลท์,Starlight,#F0ECE1,17900,,138.4 x 67.3 x 7.3 มม.,144 กรัม,"จอภาพ Retina HD LCD ขนาด 4.7 นิ้ว, ความละเอียด 1334 x 750 พิกเซลที่ 326 ppi, ปุ่มโฮมพร้อม Touch ID","กล้องไวด์ 12MP (ƒ/1.8), HDR อัจฉริยะ 4, วิดีโอ 4K สูงสุด 60 fps","การเล่นวิดีโอนานสูงสุด 15 ชั่วโมง, ชาร์จเร็ว 50% ใน 30 นาที","iPhone SE พร้อม iOS, สาย USB-C เป็น Lightning (1 ม.), เอกสารประกอบ",data/images_transparent/iphone/iphone-se/starlight.png,https://store.storeimages.cdn-apple.com/1/as-images.apple.com/is/iphone-se-finish-select-202207-starlight?wid=2560&hei=2560&fmt=jpeg&qlt=95,https://www.apple.com/th/iphone-se/specs/,https://www.apple.com/th/shop/buy-iphone/iphone-se
TH-IPHONESE3-STARLIGHT-128GB-8F80,iphone,iPhone SE,iphone-se-3,,iPhone SE (3rd Gen),"4.7""",,,สตาร์ไลท์,Starlight,#F0ECE1,19900,,138.4 x 67.3 x 7.3 มม.,144 กรัม,"จอภาพ Retina HD LCD ขนาด 4.7 นิ้ว, ความละเอียด 1334 x 750 พิกเซลที่ 326 ppi, ปุ่มโฮมพร้อม Touch ID","กล้องไวด์ 12MP (ƒ/1.8), HDR อัจฉริยะ 4, วิดีโอ 4K สูงสุด 60 fps","การเล่นวิดีโอนานสูงสุด 15 ชั่วโมง, ชาร์จเร็ว 50% ใน 30 นาที","iPhone SE พร้อม iOS, สาย USB-C เป็น Lightning (1 ม.), เอกสารประกอบ",data/images_transparent/iphone/iphone-se/starlight.png,https://store.storeimages.cdn-apple.com/1/as-images.apple.com/is/iphone-se-finish-select-202207-starlight?wid=2560&hei=2560&fmt=jpeg&qlt=95,https://www.apple.com/th/iphone-se/specs/,https://www.apple.com/th/shop/buy-iphone/iphone-se
TH-IPHONESE3-STARLIGHT-256GB-0E4A,iphone,iPhone SE,iphone-se-3,,iPhone SE (3rd Gen),"4.7""",,,สตาร์ไลท์,Starlight,#F0ECE1,23900,,138.4 x 67.3 x 7.3 มม.,144 กรัม,"จอภาพ Retina HD LCD ขนาด 4.7 นิ้ว, ความละเอียด 1334 x 750 พิกเซลที่ 326 ppi, ปุ่มโฮมพร้อม Touch ID","กล้องไวด์ 12MP (ƒ/1.8), HDR อัจฉริยะ 4, วิดีโอ 4K สูงสุด 60 fps","การเล่นวิดีโอนานสูงสุด 15 ชั่วโมง, ชาร์จเร็ว 50% ใน 30 นาที","iPhone SE พร้อม iOS, สาย USB-C เป็น Lightning (1 ม.), เอกสารประกอบ",data/images_transparent/iphone/iphone-se/starlight.png,https://store.storeimages.cdn-apple.com/1/as-images.apple.com/is/iphone-se-finish-select-202207-starlight?wid=2560&hei=2560&fmt=jpeg&qlt=95,https://www.apple.com/th/iphone-se/specs/,https://www.apple.com/th/shop/buy-iphone/iphone-se
TH-IPHONESE3-RED-64GB-808F,iphone,iPhone SE,iphone-se-3,,iPhone SE (3rd Gen),"4.7""",,,แดง,Red,#E11C2A,17900,,138.4 x 67.3 x 7.3 มม.,144 กรัม,"จอภาพ Retina HD LCD ขนาด 4.7 นิ้ว, ความละเอียด 1334 x 750 พิกเซลที่ 326 ppi, ปุ่มโฮมพร้อม Touch ID","กล้องไวด์ 12MP (ƒ/1.8), HDR อัจฉริยะ 4, วิดีโอ 4K สูงสุด 60 fps","การเล่นวิดีโอนานสูงสุด 15 ชั่วโมง, ชาร์จเร็ว 50% ใน 30 นาที","iPhone SE พร้อม iOS, สาย USB-C เป็น Lightning (1 ม.), เอกสารประกอบ",data/images_transparent/iphone/iphone-se/red.png,https://store.storeimages.cdn-apple.com/1/as-images.apple.com/is/iphone-se-finish-select-202207-product-red?wid=2560&hei=2560&fmt=jpeg&qlt=95,https://www.apple.com/th/iphone-se/specs/,https://www.apple.com/th/shop/buy-iphone/iphone-se
TH-IPHONESE3-RED-128GB-13A0,iphone,iPhone SE,iphone-se-3,,iPhone SE (3rd Gen),"4.7""",,,แดง,Red,#E11C2A,19900,,138.4 x 67.3 x 7.3 มม.,144 กรัม,"จอภาพ Retina HD LCD ขนาด 4.7 นิ้ว, ความละเอียด 1334 x 750 พิกเซลที่ 326 ppi, ปุ่มโฮมพร้อม Touch ID","กล้องไวด์ 12MP (ƒ/1.8), HDR อัจฉริยะ 4, วิดีโอ 4K สูงสุด 60 fps","การเล่นวิดีโอนานสูงสุด 15 ชั่วโมง, ชาร์จเร็ว 50% ใน 30 นาที","iPhone SE พร้อม iOS, สาย USB-C เป็น Lightning (1 ม.), เอกสารประกอบ",data/images_transparent/iphone/iphone-se/red.png,https://store.storeimages.cdn-apple.com/1/as-images.apple.com/is/iphone-se-finish-select-202207-product-red?wid=2560&hei=2560&fmt=jpeg&qlt=95,https://www.apple.com/th/iphone-se/specs/,https://www.apple.com/th/shop/buy-iphone/iphone-se
TH-IPHONESE3-RED-256GB-8D56,iphone,iPhone SE,iphone-se-3,,iPhone SE (3rd Gen),"4.7""",,,แดง,Red,#E11C2A,23900,,138.4 x 67.3 x 7.3 มม.,144 กรัม,"จอภาพ Retina HD LCD ขนาด 4.7 นิ้ว, ความละเอียด 1334 x 750 พิกเซลที่ 326 ppi, ปุ่มโฮมพร้อม Touch ID","กล้องไวด์ 12MP (ƒ/1.8), HDR อัจฉริยะ 4, วิดีโอ 4K สูงสุด 60 fps","การเล่นวิดีโอนานสูงสุด 15 ชั่วโมง, ชาร์จเร็ว 50% ใน 30 นาที","iPhone SE พร้อม iOS, สาย USB-C เป็น Lightning (1 ม.), เอกสารประกอบ",data/images_transparent/iphone/iphone-se/red.png,https://store.storeimages.cdn-apple.com/1/as-images.apple.com/is/iphone-se-finish-select-202207-product-red?wid=2560&hei=2560&fmt=jpeg&qlt=95,https://www.apple.com/th/iphone-se/specs/,https://www.apple.com/th/shop/buy-iphone/iphone-se
TH-IPADPRO11M4-SPACEBLACK-256GBWIF-9979,ipad,iPad Pro (M4),ipad-pro-11-m4,,iPad Pro 11-inch (M4),"11""",,,ดำสเปซแบล็ค,Space Black,#2E2C2F,39900,,249.7 x 177.5 x 5.3 มม.,444 กรัม (Wi-Fi) / 446 กรัม (Cellular),"จอภาพ Ultra Retina XDR เทคโนโลยี Tandem OLED สองชั้น, ความละเอียด 2420 x 1668 พิกเซลที่ 264 ppi, ProMotion 10-120Hz, ความสว่างเต็มหน้าจอ 1,000 นิต (XDR สูงสุด 1,600 นิต), ตัวเลือกกระจก Nano-texture สำหรับรุ่น 1TB/2TB","กล้องไวด์ 12MP (ƒ/1.8), ซูมดิจิทัล 5x, แฟลช True Tone แบบปรับตามสภาวะ, สแกนเนอร์ LiDAR, กล้องหน้าแนวนอน Ultra Wide 12MP พร้อมคุณสมบัติจัดให้อยู่ตรงกลาง (Center Stage)","ท่องเว็บผ่าน Wi-Fi หรือดูวิดีโอนานสูงสุด 10 ชั่วโมง, ชาร์จผ่านอะแดปเตอร์แปลงไฟหรือ USB-C เข้ากับระบบคอมพิวเตอร์","iPad Pro 11 นิ้ว, สายชาร์จ USB-C (1 ม.), อะแดปเตอร์แปลงไฟ USB-C ขนาด 20W, ผ้าเช็ดหน้าจอ (เฉพาะรุ่นกระจก Nano-texture)",data/images_transparent/ipad/ipad-pro/space-black.png,https://store.storeimages.cdn-apple.com/1/as-images.apple.com/is/ipad-pro-finish-select-202405-11inch-spaceblack?wid=2560&hei=2560&fmt=jpeg&qlt=95,https://www.apple.com/th/ipad-pro/specs/,https://www.apple.com/th/shop/buy-ipad/ipad-pro
TH-IPADPRO11M4-SPACEBLACK-512GBWIF-1E7E,ipad,iPad Pro (M4),ipad-pro-11-m4,,iPad Pro 11-inch (M4),"11""",,,ดำสเปซแบล็ค,Space Black,#2E2C2F,47900,,249.7 x 177.5 x 5.3 มม.,444 กรัม (Wi-Fi) / 446 กรัม (Cellular),"จอภาพ Ultra Retina XDR เทคโนโลยี Tandem OLED สองชั้น, ความละเอียด 2420 x 1668 พิกเซลที่ 264 ppi, ProMotion 10-120Hz, ความสว่างเต็มหน้าจอ 1,000 นิต (XDR สูงสุด 1,600 นิต), ตัวเลือกกระจก Nano-texture สำหรับรุ่น 1TB/2TB","กล้องไวด์ 12MP (ƒ/1.8), ซูมดิจิทัล 5x, แฟลช True Tone แบบปรับตามสภาวะ, สแกนเนอร์ LiDAR, กล้องหน้าแนวนอน Ultra Wide 12MP พร้อมคุณสมบัติจัดให้อยู่ตรงกลาง (Center Stage)","ท่องเว็บผ่าน Wi-Fi หรือดูวิดีโอนานสูงสุด 10 ชั่วโมง, ชาร์จผ่านอะแดปเตอร์แปลงไฟหรือ USB-C เข้ากับระบบคอมพิวเตอร์","iPad Pro 11 นิ้ว, สายชาร์จ USB-C (1 ม.), อะแดปเตอร์แปลงไฟ USB-C ขนาด 20W, ผ้าเช็ดหน้าจอ (เฉพาะรุ่นกระจก Nano-texture)",data/images_transparent/ipad/ipad-pro/space-black.png,https://store.storeimages.cdn-apple.com/1/as-images.apple.com/is/ipad-pro-finish-select-202405-11inch-spaceblack?wid=2560&hei=2560&fmt=jpeg&qlt=95,https://www.apple.com/th/ipad-pro/specs/,https://www.apple.com/th/shop/buy-ipad/ipad-pro
TH-IPADPRO11M4-SPACEBLACK-1TBWIFI-142B,ipad,iPad Pro (M4),ipad-pro-11-m4,,iPad Pro 11-inch (M4),"11""",,,ดำสเปซแบล็ค,Space Black,#2E2C2F,63900,,249.7 x 177.5 x 5.3 มม.,444 กรัม (Wi-Fi) / 446 กรัม (Cellular),"จอภาพ Ultra Retina XDR เทคโนโลยี Tandem OLED สองชั้น, ความละเอียด 2420 x 1668 พิกเซลที่ 264 ppi, ProMotion 10-120Hz, ความสว่างเต็มหน้าจอ 1,000 นิต (XDR สูงสุด 1,600 นิต), ตัวเลือกกระจก Nano-texture สำหรับรุ่น 1TB/2TB","กล้องไวด์ 12MP (ƒ/1.8), ซูมดิจิทัล 5x, แฟลช True Tone แบบปรับตามสภาวะ, สแกนเนอร์ LiDAR, กล้องหน้าแนวนอน Ultra Wide 12MP พร้อมคุณสมบัติจัดให้อยู่ตรงกลาง (Center Stage)","ท่องเว็บผ่าน Wi-Fi หรือดูวิดีโอนานสูงสุด 10 ชั่วโมง, ชาร์จผ่านอะแดปเตอร์แปลงไฟหรือ USB-C เข้ากับระบบคอมพิวเตอร์","iPad Pro 11 นิ้ว, สายชาร์จ USB-C (1 ม.), อะแดปเตอร์แปลงไฟ USB-C ขนาด 20W, ผ้าเช็ดหน้าจอ (เฉพาะรุ่นกระจก Nano-texture)",data/images_transparent/ipad/ipad-pro/space-black.png,https://store.storeimages.cdn-apple.com/1/as-images.apple.com/is/ipad-pro-finish-select-202405-11inch-spaceblack?wid=2560&hei=2560&fmt=jpeg&qlt=95,https://www.apple.com/th/ipad-pro/specs/,https://www.apple.com/th/shop/buy-ipad/ipad-pro
TH-IPADPRO11M4-SPACEBLACK-2TBWIFI-6912,ipad,iPad Pro (M4),ipad-pro-11-m4,,iPad Pro 11-inch (M4),"11""",,,ดำสเปซแบล็ค,Space Black,#2E2C2F,79900,,249.7 x 177.5 x 5.3 มม.,444 กรัม (Wi-Fi) / 446 กรัม (Cellular),"จอภาพ Ultra Retina XDR เทคโนโลยี Tandem OLED สองชั้น, ความละเอียด 2420 x 1668 พิกเซลที่ 264 ppi, ProMotion 10-120Hz, ความสว่างเต็มหน้าจอ 1,000 นิต (XDR สูงสุด 1,600 นิต), ตัวเลือกกระจก Nano-texture สำหรับรุ่น 1TB/2TB","กล้องไวด์ 12MP (ƒ/1.8), ซูมดิจิทัล 5x, แฟลช True Tone แบบปรับตามสภาวะ, สแกนเนอร์ LiDAR, กล้องหน้าแนวนอน Ultra Wide 12MP พร้อมคุณสมบัติจัดให้อยู่ตรงกลาง (Center Stage)","ท่องเว็บผ่าน Wi-Fi หรือดูวิดีโอนานสูงสุด 10 ชั่วโมง, ชาร์จผ่านอะแดปเตอร์แปลงไฟหรือ USB-C เข้ากับระบบคอมพิวเตอร์","iPad Pro 11 นิ้ว, สายชาร์จ USB-C (1 ม.), อะแดปเตอร์แปลงไฟ USB-C ขนาด 20W, ผ้าเช็ดหน้าจอ (เฉพาะรุ่นกระจก Nano-texture)",data/images_transparent/ipad/ipad-pro/space-black.png,https://store.storeimages.cdn-apple.com/1/as-images.apple.com/is/ipad-pro-finish-select-202405-11inch-spaceblack?wid=2560&hei=2560&fmt=jpeg&qlt=95,https://www.apple.com/th/ipad-pro/specs/,https://www.apple.com/th/shop/buy-ipad/ipad-pro
TH-IPADPRO11M4-SPACEBLACK-256GBCEL-58CA,ipad,iPad Pro (M4),ipad-pro-11-m4,,iPad Pro 11-inch (M4),"11""",,,ดำสเปซแบล็ค,Space Black,#2E2C2F,47900,,249.7 x 177.5 x 5.3 มม.,444 กรัม (Wi-Fi) / 446 กรัม (Cellular),"จอภาพ Ultra Retina XDR เทคโนโลยี Tandem OLED สองชั้น, ความละเอียด 2420 x 1668 พิกเซลที่ 264 ppi, ProMotion 10-120Hz, ความสว่างเต็มหน้าจอ 1,000 นิต (XDR สูงสุด 1,600 นิต), ตัวเลือกกระจก Nano-texture สำหรับรุ่น 1TB/2TB","กล้องไวด์ 12MP (ƒ/1.8), ซูมดิจิทัล 5x, แฟลช True Tone แบบปรับตามสภาวะ, สแกนเนอร์ LiDAR, กล้องหน้าแนวนอน Ultra Wide 12MP พร้อมคุณสมบัติจัดให้อยู่ตรงกลาง (Center Stage)","ท่องเว็บผ่าน Wi-Fi หรือดูวิดีโอนานสูงสุด 10 ชั่วโมง, ชาร์จผ่านอะแดปเตอร์แปลงไฟหรือ USB-C เข้ากับระบบคอมพิวเตอร์","iPad Pro 11 นิ้ว, สายชาร์จ USB-C (1 ม.), อะแดปเตอร์แปลงไฟ USB-C ขนาด 20W, ผ้าเช็ดหน้าจอ (เฉพาะรุ่นกระจก Nano-texture)",data/images_transparent/ipad/ipad-pro/space-black.png,https://store.storeimages.cdn-apple.com/1/as-images.apple.com/is/ipad-pro-finish-select-202405-11inch-spaceblack?wid=2560&hei=2560&fmt=jpeg&qlt=95,https://www.apple.com/th/ipad-pro/specs/,https://www.apple.com/th/shop/buy-ipad/ipad-pro
TH-IPADPRO11M4-SPACEBLACK-512GBCEL-A335,ipad,iPad Pro (M4),ipad-pro-11-m4,,iPad Pro 11-inch (M4),"11""",,,ดำสเปซแบล็ค,Space Black,#2E2C2F,55900,,249.7 x 177.5 x 5.3 มม.,444 กรัม (Wi-Fi) / 446 กรัม (Cellular),"จอภาพ Ultra Retina XDR เทคโนโลยี Tandem OLED สองชั้น, ความละเอียด 2420 x 1668 พิกเซลที่ 264 ppi, ProMotion 10-120Hz, ความสว่างเต็มหน้าจอ 1,000 นิต (XDR สูงสุด 1,600 นิต), ตัวเลือกกระจก Nano-texture สำหรับรุ่น 1TB/2TB","กล้องไวด์ 12MP (ƒ/1.8), ซูมดิจิทัล 5x, แฟลช True Tone แบบปรับตามสภาวะ, สแกนเนอร์ LiDAR, กล้องหน้าแนวนอน Ultra Wide 12MP พร้อมคุณสมบัติจัดให้อยู่ตรงกลาง (Center Stage)","ท่องเว็บผ่าน Wi-Fi หรือดูวิดีโอนานสูงสุด 10 ชั่วโมง, ชาร์จผ่านอะแดปเตอร์แปลงไฟหรือ USB-C เข้ากับระบบคอมพิวเตอร์","iPad Pro 11 นิ้ว, สายชาร์จ USB-C (1 ม.), อะแดปเตอร์แปลงไฟ USB-C ขนาด 20W, ผ้าเช็ดหน้าจอ (เฉพาะรุ่นกระจก Nano-texture)",data/images_transparent/ipad/ipad-pro/space-black.png,https://store.storeimages.cdn-apple.com/1/as-images.apple.com/is/ipad-pro-finish-select-202405-11inch-spaceblack?wid=2560&hei=2560&fmt=jpeg&qlt=95,https://www.apple.com/th/ipad-pro/specs/,https://www.apple.com/th/shop/buy-ipad/ipad-pro
TH-IPADPRO11M4-SPACEBLACK-1TBCELLU-2187,ipad,iPad Pro (M4),ipad-pro-11-m4,,iPad Pro 11-inch (M4),"11""",,,ดำสเปซแบล็ค,Space Black,#2E2C2F,71900,,249.7 x 177.5 x 5.3 มม.,444 กรัม (Wi-Fi) / 446 กรัม (Cellular),"จอภาพ Ultra Retina XDR เทคโนโลยี Tandem OLED สองชั้น, ความละเอียด 2420 x 1668 พิกเซลที่ 264 ppi, ProMotion 10-120Hz, ความสว่างเต็มหน้าจอ 1,000 นิต (XDR สูงสุด 1,600 นิต), ตัวเลือกกระจก Nano-texture สำหรับรุ่น 1TB/2TB","กล้องไวด์ 12MP (ƒ/1.8), ซูมดิจิทัล 5x, แฟลช True Tone แบบปรับตามสภาวะ, สแกนเนอร์ LiDAR, กล้องหน้าแนวนอน Ultra Wide 12MP พร้อมคุณสมบัติจัดให้อยู่ตรงกลาง (Center Stage)","ท่องเว็บผ่าน Wi-Fi หรือดูวิดีโอนานสูงสุด 10 ชั่วโมง, ชาร์จผ่านอะแดปเตอร์แปลงไฟหรือ USB-C เข้ากับระบบคอมพิวเตอร์","iPad Pro 11 นิ้ว, สายชาร์จ USB-C (1 ม.), อะแดปเตอร์แปลงไฟ USB-C ขนาด 20W, ผ้าเช็ดหน้าจอ (เฉพาะรุ่นกระจก Nano-texture)",data/images_transparent/ipad/ipad-pro/space-black.png,https://store.storeimages.cdn-apple.com/1/as-images.apple.com/is/ipad-pro-finish-select-202405-11inch-spaceblack?wid=2560&hei=2560&fmt=jpeg&qlt=95,https://www.apple.com/th/ipad-pro/specs/,https://www.apple.com/th/shop/buy-ipad/ipad-pro
TH-IPADPRO11M4-SPACEBLACK-2TBCELLU-0C96,ipad,iPad Pro (M4),ipad-pro-11-m4,,iPad Pro 11-inch (M4),"11""",,,ดำสเปซแบล็ค,Space Black,#2E2C2F,87900,,249.7 x 177.5 x 5.3 มม.,444 กรัม (Wi-Fi) / 446 กรัม (Cellular),"จอภาพ Ultra Retina XDR เทคโนโลยี Tandem OLED สองชั้น, ความละเอียด 2420 x 1668 พิกเซลที่ 264 ppi, ProMotion 10-120Hz, ความสว่างเต็มหน้าจอ 1,000 นิต (XDR สูงสุด 1,600 นิต), ตัวเลือกกระจก Nano-texture สำหรับรุ่น 1TB/2TB","กล้องไวด์ 12MP (ƒ/1.8), ซูมดิจิทัล 5x, แฟลช True Tone แบบปรับตามสภาวะ, สแกนเนอร์ LiDAR, กล้องหน้าแนวนอน Ultra Wide 12MP พร้อมคุณสมบัติจัดให้อยู่ตรงกลาง (Center Stage)","ท่องเว็บผ่าน Wi-Fi หรือดูวิดีโอนานสูงสุด 10 ชั่วโมง, ชาร์จผ่านอะแดปเตอร์แปลงไฟหรือ USB-C เข้ากับระบบคอมพิวเตอร์","iPad Pro 11 นิ้ว, สายชาร์จ USB-C (1 ม.), อะแดปเตอร์แปลงไฟ USB-C ขนาด 20W, ผ้าเช็ดหน้าจอ (เฉพาะรุ่นกระจก Nano-texture)",data/images_transparent/ipad/ipad-pro/space-black.png,https://store.storeimages.cdn-apple.com/1/as-images.apple.com/is/ipad-pro-finish-select-202405-11inch-spaceblack?wid=2560&hei=2560&fmt=jpeg&qlt=95,https://www.apple.com/th/ipad-pro/specs/,https://www.apple.com/th/shop/buy-ipad/ipad-pro
TH-IPADPRO11M4-SILVER-256GBWIF-374E,ipad,iPad Pro (M4),ipad-pro-11-m4,,iPad Pro 11-inch (M4),"11""",,,เงิน,Silver,#E3E4E5,39900,,249.7 x 177.5 x 5.3 มม.,444 กรัม (Wi-Fi) / 446 กรัม (Cellular),"จอภาพ Ultra Retina XDR เทคโนโลยี Tandem OLED สองชั้น, ความละเอียด 2420 x 1668 พิกเซลที่ 264 ppi, ProMotion 10-120Hz, ความสว่างเต็มหน้าจอ 1,000 นิต (XDR สูงสุด 1,600 นิต), ตัวเลือกกระจก Nano-texture สำหรับรุ่น 1TB/2TB","กล้องไวด์ 12MP (ƒ/1.8), ซูมดิจิทัล 5x, แฟลช True Tone แบบปรับตามสภาวะ, สแกนเนอร์ LiDAR, กล้องหน้าแนวนอน Ultra Wide 12MP พร้อมคุณสมบัติจัดให้อยู่ตรงกลาง (Center Stage)","ท่องเว็บผ่าน Wi-Fi หรือดูวิดีโอนานสูงสุด 10 ชั่วโมง, ชาร์จผ่านอะแดปเตอร์แปลงไฟหรือ USB-C เข้ากับระบบคอมพิวเตอร์","iPad Pro 11 นิ้ว, สายชาร์จ USB-C (1 ม.), อะแดปเตอร์แปลงไฟ USB-C ขนาด 20W, ผ้าเช็ดหน้าจอ (เฉพาะรุ่นกระจก Nano-texture)",data/images_transparent/ipad/ipad-pro/silver.png,https://store.storeimages.cdn-apple.com/1/as-images.apple.com/is/ipad-pro-finish-select-202405-11inch-silver?wid=2560&hei=2560&fmt=jpeg&qlt=95,https://www.apple.com/th/ipad-pro/specs/,https://www.apple.com/th/shop/buy-ipad/ipad-pro
TH-IPADPRO11M4-SILVER-512GBWIF-D841,ipad,iPad Pro (M4),ipad-pro-11-m4,,iPad Pro 11-inch (M4),"11""",,,เงิน,Silver,#E3E4E5,47900,,249.7 x 177.5 x 5.3 มม.,444 กรัม (Wi-Fi) / 446 กรัม (Cellular),"จอภาพ Ultra Retina XDR เทคโนโลยี Tandem OLED สองชั้น, ความละเอียด 2420 x 1668 พิกเซลที่ 264 ppi, ProMotion 10-120Hz, ความสว่างเต็มหน้าจอ 1,000 นิต (XDR สูงสุด 1,600 นิต), ตัวเลือกกระจก Nano-texture สำหรับรุ่น 1TB/2TB","กล้องไวด์ 12MP (ƒ/1.8), ซูมดิจิทัล 5x, แฟลช True Tone แบบปรับตามสภาวะ, สแกนเนอร์ LiDAR, กล้องหน้าแนวนอน Ultra Wide 12MP พร้อมคุณสมบัติจัดให้อยู่ตรงกลาง (Center Stage)","ท่องเว็บผ่าน Wi-Fi หรือดูวิดีโอนานสูงสุด 10 ชั่วโมง, ชาร์จผ่านอะแดปเตอร์แปลงไฟหรือ USB-C เข้ากับระบบคอมพิวเตอร์","iPad Pro 11 นิ้ว, สายชาร์จ USB-C (1 ม.), อะแดปเตอร์แปลงไฟ USB-C ขนาด 20W, ผ้าเช็ดหน้าจอ (เฉพาะรุ่นกระจก Nano-texture)",data/images_transparent/ipad/ipad-pro/silver.png,https://store.storeimages.cdn-apple.com/1/as-images.apple.com/is/ipad-pro-finish-select-202405-11inch-silver?wid=2560&hei=2560&fmt=jpeg&qlt=95,https://www.apple.com/th/ipad-pro/specs/,https://www.apple.com/th/shop/buy-ipad/ipad-pro
TH-IPADPRO11M4-SILVER-1TBWIFI-73B1,ipad,iPad Pro (M4),ipad-pro-11-m4,,iPad Pro 11-inch (M4),"11""",,,เงิน,Silver,#E3E4E5,63900,,249.7 x 177.5 x 5.3 มม.,444 กรัม (Wi-Fi) / 446 กรัม (Cellular),"จอภาพ Ultra Retina XDR เทคโนโลยี Tandem OLED สองชั้น, ความละเอียด 2420 x 1668 พิกเซลที่ 264 ppi, ProMotion 10-120Hz, ความสว่างเต็มหน้าจอ 1,000 นิต (XDR สูงสุด 1,600 นิต), ตัวเลือกกระจก Nano-texture สำหรับรุ่น 1TB/2TB","กล้องไวด์ 12MP (ƒ/1.8), ซูมดิจิทัล 5x, แฟลช True Tone แบบปรับตามสภาวะ, สแกนเนอร์ LiDAR, กล้องหน้าแนวนอน Ultra Wide 12MP พร้อมคุณสมบัติจัดให้อยู่ตรงกลาง (Center Stage)","ท่องเว็บผ่าน Wi-Fi หรือดูวิดีโอนานสูงสุด 10 ชั่วโมง, ชาร์จผ่านอะแดปเตอร์แปลงไฟหรือ USB-C เข้ากับระบบคอมพิวเตอร์","iPad Pro 11 นิ้ว, สายชาร์จ USB-C (1 ม.), อะแดปเตอร์แปลงไฟ USB-C ขนาด 20W, ผ้าเช็ดหน้าจอ (เฉพาะรุ่นกระจก Nano-texture)",data/images_transparent/ipad/ipad-pro/silver.png,https://store.storeimages.cdn-apple.com/1/as-images.apple.com/is/ipad-pro-finish-select-202405-11inch-silver?wid=2560&hei=2560&fmt=jpeg&qlt=95,https://www.apple.com/th/ipad-pro/specs/,https://www.apple.com/th/shop/buy-ipad/ipad-pro
TH-IPADPRO11M4-SILVER-2TBWIFI-AC3D,ipad,iPad Pro (M4),ipad-pro-11-m4,,iPad Pro 11-inch (M4),"11""",,,เงิน,Silver,#E3E4E5,79900,,249.7 x 177.5 x 5.3 มม.,444 กรัม (Wi-Fi) / 446 กรัม (Cellular),"จอภาพ Ultra Retina XDR เทคโนโลยี Tandem OLED สองชั้น, ความละเอียด 2420 x 1668 พิกเซลที่ 264 ppi, ProMotion 10-120Hz, ความสว่างเต็มหน้าจอ 1,000 นิต (XDR สูงสุด 1,600 นิต), ตัวเลือกกระจก Nano-texture สำหรับรุ่น 1TB/2TB","กล้องไวด์ 12MP (ƒ/1.8), ซูมดิจิทัล 5x, แฟลช True Tone แบบปรับตามสภาวะ, สแกนเนอร์ LiDAR, กล้องหน้าแนวนอน Ultra Wide 12MP พร้อมคุณสมบัติจัดให้อยู่ตรงกลาง (Center Stage)","ท่องเว็บผ่าน Wi-Fi หรือดูวิดีโอนานสูงสุด 10 ชั่วโมง, ชาร์จผ่านอะแดปเตอร์แปลงไฟหรือ USB-C เข้ากับระบบคอมพิวเตอร์","iPad Pro 11 นิ้ว, สายชาร์จ USB-C (1 ม.), อะแดปเตอร์แปลงไฟ USB-C ขนาด 20W, ผ้าเช็ดหน้าจอ (เฉพาะรุ่นกระจก Nano-texture)",data/images_transparent/ipad/ipad-pro/silver.png,https://store.storeimages.cdn-apple.com/1/as-images.apple.com/is/ipad-pro-finish-select-202405-11inch-silver?wid=2560&hei=2560&fmt=jpeg&qlt=95,https://www.apple.com/th/ipad-pro/specs/,https://www.apple.com/th/shop/buy-ipad/ipad-pro
TH-IPADPRO11M4-SILVER-256GBCEL-638C,ipad,iPad Pro (M4),ipad-pro-11-m4,,iPad Pro 11-inch (M4),"11""",,,เงิน,Silver,#E3E4E5,47900,,249.7 x 177.5 x 5.3 มม.,444 กรัม (Wi-Fi) / 446 กรัม (Cellular),"จอภาพ Ultra Retina XDR เทคโนโลยี Tandem OLED สองชั้น, ความละเอียด 2420 x 1668 พิกเซลที่ 264 ppi, ProMotion 10-120Hz, ความสว่างเต็มหน้าจอ 1,000 นิต (XDR สูงสุด 1,600 นิต), ตัวเลือกกระจก Nano-texture สำหรับรุ่น 1TB/2TB","กล้องไวด์ 12MP (ƒ/1.8), ซูมดิจิทัล 5x, แฟลช True Tone แบบปรับตามสภาวะ, สแกนเนอร์ LiDAR, กล้องหน้าแนวนอน Ultra Wide 12MP พร้อมคุณสมบัติจัดให้อยู่ตรงกลาง (Center Stage)","ท่องเว็บผ่าน Wi-Fi หรือดูวิดีโอนานสูงสุด 10 ชั่วโมง, ชาร์จผ่านอะแดปเตอร์แปลงไฟหรือ USB-C เข้ากับระบบคอมพิวเตอร์","iPad Pro 11 นิ้ว, สายชาร์จ USB-C (1 ม.), อะแดปเตอร์แปลงไฟ USB-C ขนาด 20W, ผ้าเช็ดหน้าจอ (เฉพาะรุ่นกระจก Nano-texture)",data/images_transparent/ipad/ipad-pro/silver.png,https://store.storeimages.cdn-apple.com/1/as-images.apple.com/is/ipad-pro-finish-select-202405-11inch-silver?wid=2560&hei=2560&fmt=jpeg&qlt=95,https://www.apple.com/th/ipad-pro/specs/,https://www.apple.com/th/shop/buy-ipad/ipad-pro
TH-IPADPRO11M4-SILVER-512GBCEL-934A,ipad,iPad Pro (M4),ipad-pro-11-m4,,iPad Pro 11-inch (M4),"11""",,,เงิน,Silver,#E3E4E5,55900,,249.7 x 177.5 x 5.3 มม.,444 กรัม (Wi-Fi) / 446 กรัม (Cellular),"จอภาพ Ultra Retina XDR เทคโนโลยี Tandem OLED สองชั้น, ความละเอียด 2420 x 1668 พิกเซลที่ 264 ppi, ProMotion 10-120Hz, ความสว่างเต็มหน้าจอ 1,000 นิต (XDR สูงสุด 1,600 นิต), ตัวเลือกกระจก Nano-texture สำหรับรุ่น 1TB/2TB","กล้องไวด์ 12MP (ƒ/1.8), ซูมดิจิทัล 5x, แฟลช True Tone แบบปรับตามสภาวะ, สแกนเนอร์ LiDAR, กล้องหน้าแนวนอน Ultra Wide 12MP พร้อมคุณสมบัติจัดให้อยู่ตรงกลาง (Center Stage)","ท่องเว็บผ่าน Wi-Fi หรือดูวิดีโอนานสูงสุด 10 ชั่วโมง, ชาร์จผ่านอะแดปเตอร์แปลงไฟหรือ USB-C เข้ากับระบบคอมพิวเตอร์","iPad Pro 11 นิ้ว, สายชาร์จ USB-C (1 ม.), อะแดปเตอร์แปลงไฟ USB-C ขนาด 20W, ผ้าเช็ดหน้าจอ (เฉพาะรุ่นกระจก Nano-texture)",data/images_transparent/ipad/ipad-pro/silver.png,https://store.storeimages.cdn-apple.com/1/as-images.apple.com/is/ipad-pro-finish-select-202405-11inch-silver?wid=2560&hei=2560&fmt=jpeg&qlt=95,https://www.apple.com/th/ipad-pro/specs/,https://www.apple.com/th/shop/buy-ipad/ipad-pro
TH-IPADPRO11M4-SILVER-1TBCELLU-B3AD,ipad,iPad Pro (M4),ipad-pro-11-m4,,iPad Pro 11-inch (M4),"11""",,,เงิน,Silver,#E3E4E5,71900,,249.7 x 177.5 x 5.3 มม.,444 กรัม (Wi-Fi) / 446 กรัม (Cellular),"จอภาพ Ultra Retina XDR เทคโนโลยี Tandem OLED สองชั้น, ความละเอียด 2420 x 1668 พิกเซลที่ 264 ppi, ProMotion 10-120Hz, ความสว่างเต็มหน้าจอ 1,000 นิต (XDR สูงสุด 1,600 นิต), ตัวเลือกกระจก Nano-texture สำหรับรุ่น 1TB/2TB","กล้องไวด์ 12MP (ƒ/1.8), ซูมดิจิทัล 5x, แฟลช True Tone แบบปรับตามสภาวะ, สแกนเนอร์ LiDAR, กล้องหน้าแนวนอน Ultra Wide 12MP พร้อมคุณสมบัติจัดให้อยู่ตรงกลาง (Center Stage)","ท่องเว็บผ่าน Wi-Fi หรือดูวิดีโอนานสูงสุด 10 ชั่วโมง, ชาร์จผ่านอะแดปเตอร์แปลงไฟหรือ USB-C เข้ากับระบบคอมพิวเตอร์","iPad Pro 11 นิ้ว, สายชาร์จ USB-C (1 ม.), อะแดปเตอร์แปลงไฟ USB-C ขนาด 20W, ผ้าเช็ดหน้าจอ (เฉพาะรุ่นกระจก Nano-texture)",data/images_transparent/ipad/ipad-pro/silver.png,https://store.storeimages.cdn-apple.com/1/as-images.apple.com/is/ipad-pro-finish-select-202405-11inch-silver?wid=2560&hei=2560&fmt=jpeg&qlt=95,https://www.apple.com/th/ipad-pro/specs/,https://www.apple.com/th/shop/buy-ipad/ipad-pro
TH-IPADPRO11M4-SILVER-2TBCELLU-9FDC,ipad,iPad Pro (M4),ipad-pro-11-m4,,iPad Pro 11-inch (M4),"11""",,,เงิน,Silver,#E3E4E5,87900,,249.7 x 177.5 x 5.3 มม.,444 กรัม (Wi-Fi) / 446 กรัม (Cellular),"จอภาพ Ultra Retina XDR เทคโนโลยี Tandem OLED สองชั้น, ความละเอียด 2420 x 1668 พิกเซลที่ 264 ppi, ProMotion 10-120Hz, ความสว่างเต็มหน้าจอ 1,000 นิต (XDR สูงสุด 1,600 นิต), ตัวเลือกกระจก Nano-texture สำหรับรุ่น 1TB/2TB","กล้องไวด์ 12MP (ƒ/1.8), ซูมดิจิทัล 5x, แฟลช True Tone แบบปรับตามสภาวะ, สแกนเนอร์ LiDAR, กล้องหน้าแนวนอน Ultra Wide 12MP พร้อมคุณสมบัติจัดให้อยู่ตรงกลาง (Center Stage)","ท่องเว็บผ่าน Wi-Fi หรือดูวิดีโอนานสูงสุด 10 ชั่วโมง, ชาร์จผ่านอะแดปเตอร์แปลงไฟหรือ USB-C เข้ากับระบบคอมพิวเตอร์","iPad Pro 11 นิ้ว, สายชาร์จ USB-C (1 ม.), อะแดปเตอร์แปลงไฟ USB-C ขนาด 20W, ผ้าเช็ดหน้าจอ (เฉพาะรุ่นกระจก Nano-texture)",data/images_transparent/ipad/ipad-pro/silver.png,https://store.storeimages.cdn-apple.com/1/as-images.apple.com/is/ipad-pro-finish-select-202405-11inch-silver?wid=2560&hei=2560&fmt=jpeg&qlt=95,https://www.apple.com/th/ipad-pro/specs/,https://www.apple.com/th/shop/buy-ipad/ipad-pro
TH-IPADPRO13M4-SPACEBLACK-256GBWIF-C486,ipad,iPad Pro (M4),ipad-pro-13-m4,,iPad Pro 13-inch (M4),"13""",,,ดำสเปซแบล็ค,Space Black,#2E2C2F,52900,,281.6 x 215.5 x 5.1 มม.,579 กรัม (Wi-Fi) / 582 กรัม (Cellular),"จอภาพ Ultra Retina XDR Tandem OLED ขนาด 13 นิ้ว, ความละเอียด 2752 x 2064 พิกเซลที่ 264 ppi, ProMotion 10-120Hz, ความสว่าง XDR สูงสุด 1,600 นิต, บางเฉียบที่สุดในประวัติศาสตร์ Apple เพียง 5.1 มม.",กล้องไวด์ 12MP + LiDAR + กล้องหน้า Ultra Wide แนวนอน 12MP รองรับ Center Stage,ท่องเว็บผ่าน Wi-Fi หรือดูวิดีโอนานสูงสุด 10 ชั่วโมง,"iPad Pro 13 นิ้ว, สายชาร์จ USB-C (1 ม.), อะแดปเตอร์แปลงไฟ USB-C 20W, ผ้าเช็ดหน้าจอ (สำหรับกระจก Nano-texture)",data/images_transparent/ipad/ipad-pro/space-black.png,https://store.storeimages.cdn-apple.com/1/as-images.apple.com/is/ipad-pro-finish-select-202405-11inch-spaceblack?wid=2560&hei=2560&fmt=jpeg&qlt=95,https://www.apple.com/th/ipad-pro/specs/,https://www.apple.com/th/shop/buy-ipad/ipad-pro
TH-IPADPRO13M4-SPACEBLACK-512GBWIF-698B,ipad,iPad Pro (M4),ipad-pro-13-m4,,iPad Pro 13-inch (M4),"13""",,,ดำสเปซแบล็ค,Space Black,#2E2C2F,60900,,281.6 x 215.5 x 5.1 มม.,579 กรัม (Wi-Fi) / 582 กรัม (Cellular),"จอภาพ Ultra Retina XDR Tandem OLED ขนาด 13 นิ้ว, ความละเอียด 2752 x 2064 พิกเซลที่ 264 ppi, ProMotion 10-120Hz, ความสว่าง XDR สูงสุด 1,600 นิต, บางเฉียบที่สุดในประวัติศาสตร์ Apple เพียง 5.1 มม.",กล้องไวด์ 12MP + LiDAR + กล้องหน้า Ultra Wide แนวนอน 12MP รองรับ Center Stage,ท่องเว็บผ่าน Wi-Fi หรือดูวิดีโอนานสูงสุด 10 ชั่วโมง,"iPad Pro 13 นิ้ว, สายชาร์จ USB-C (1 ม.), อะแดปเตอร์แปลงไฟ USB-C 20W, ผ้าเช็ดหน้าจอ (สำหรับกระจก Nano-texture)",data/images_transparent/ipad/ipad-pro/space-black.png,https://store.storeimages.cdn-apple.com/1/as-images.apple.com/is/ipad-pro-finish-select-202405-11inch-spaceblack?wid=2560&hei=2560&fmt=jpeg&qlt=95,https://www.apple.com/th/ipad-pro/specs/,https://www.apple.com/th/shop/buy-ipad/ipad-pro
TH-IPADPRO13M4-SPACEBLACK-1TBWIFI-C2BE,ipad,iPad Pro (M4),ipad-pro-13-m4,,iPad Pro 13-inch (M4),"13""",,,ดำสเปซแบล็ค,Space Black,#2E2C2F,76900,,281.6 x 215.5 x 5.1 มม.,579 กรัม (Wi-Fi) / 582 กรัม (Cellular),"จอภาพ Ultra Retina XDR Tandem OLED ขนาด 13 นิ้ว, ความละเอียด 2752 x 2064 พิกเซลที่ 264 ppi, ProMotion 10-120Hz, ความสว่าง XDR สูงสุด 1,600 นิต, บางเฉียบที่สุดในประวัติศาสตร์ Apple เพียง 5.1 มม.",กล้องไวด์ 12MP + LiDAR + กล้องหน้า Ultra Wide แนวนอน 12MP รองรับ Center Stage,ท่องเว็บผ่าน Wi-Fi หรือดูวิดีโอนานสูงสุด 10 ชั่วโมง,"iPad Pro 13 นิ้ว, สายชาร์จ USB-C (1 ม.), อะแดปเตอร์แปลงไฟ USB-C 20W, ผ้าเช็ดหน้าจอ (สำหรับกระจก Nano-texture)",data/images_transparent/ipad/ipad-pro/space-black.png,https://store.storeimages.cdn-apple.com/1/as-images.apple.com/is/ipad-pro-finish-select-202405-11inch-spaceblack?wid=2560&hei=2560&fmt=jpeg&qlt=95,https://www.apple.com/th/ipad-pro/specs/,https://www.apple.com/th/shop/buy-ipad/ipad-pro
TH-IPADPRO13M4-SPACEBLACK-2TBWIFI-FD54,ipad,iPad Pro (M4),ipad-pro-13-m4,,iPad Pro 13-inch (M4),"13""",,,ดำสเปซแบล็ค,Space Black,#2E2C2F,92900,,281.6 x 215.5 x 5.1 มม.,579 กรัม (Wi-Fi) / 582 กรัม (Cellular),"จอภาพ Ultra Retina XDR Tandem OLED ขนาด 13 นิ้ว, ความละเอียด 2752 x 2064 พิกเซลที่ 264 ppi, ProMotion 10-120Hz, ความสว่าง XDR สูงสุด 1,600 นิต, บางเฉียบที่สุดในประวัติศาสตร์ Apple เพียง 5.1 มม.",กล้องไวด์ 12MP + LiDAR + กล้องหน้า Ultra Wide แนวนอน 12MP รองรับ Center Stage,ท่องเว็บผ่าน Wi-Fi หรือดูวิดีโอนานสูงสุด 10 ชั่วโมง,"iPad Pro 13 นิ้ว, สายชาร์จ USB-C (1 ม.), อะแดปเตอร์แปลงไฟ USB-C 20W, ผ้าเช็ดหน้าจอ (สำหรับกระจก Nano-texture)",data/images_transparent/ipad/ipad-pro/space-black.png,https://store.storeimages.cdn-apple.com/1/as-images.apple.com/is/ipad-pro-finish-select-202405-11inch-spaceblack?wid=2560&hei=2560&fmt=jpeg&qlt=95,https://www.apple.com/th/ipad-pro/specs/,https://www.apple.com/th/shop/buy-ipad/ipad-pro
TH-IPADPRO13M4-SPACEBLACK-256GBCEL-BB23,ipad,iPad Pro (M4),ipad-pro-13-m4,,iPad Pro 13-inch (M4),"13""",,,ดำสเปซแบล็ค,Space Black,#2E2C2F,60900,,281.6 x 215.5 x 5.1 มม.,579 กรัม (Wi-Fi) / 582 กรัม (Cellular),"จอภาพ Ultra Retina XDR Tandem OLED ขนาด 13 นิ้ว, ความละเอียด 2752 x 2064 พิกเซลที่ 264 ppi, ProMotion 10-120Hz, ความสว่าง XDR สูงสุด 1,600 นิต, บางเฉียบที่สุดในประวัติศาสตร์ Apple เพียง 5.1 มม.",กล้องไวด์ 12MP + LiDAR + กล้องหน้า Ultra Wide แนวนอน 12MP รองรับ Center Stage,ท่องเว็บผ่าน Wi-Fi หรือดูวิดีโอนานสูงสุด 10 ชั่วโมง,"iPad Pro 13 นิ้ว, สายชาร์จ USB-C (1 ม.), อะแดปเตอร์แปลงไฟ USB-C 20W, ผ้าเช็ดหน้าจอ (สำหรับกระจก Nano-texture)",data/images_transparent/ipad/ipad-pro/space-black.png,https://store.storeimages.cdn-apple.com/1/as-images.apple.com/is/ipad-pro-finish-select-202405-11inch-spaceblack?wid=2560&hei=2560&fmt=jpeg&qlt=95,https://www.apple.com/th/ipad-pro/specs/,https://www.apple.com/th/shop/buy-ipad/ipad-pro
TH-IPADPRO13M4-SPACEBLACK-512GBCEL-31E5,ipad,iPad Pro (M4),ipad-pro-13-m4,,iPad Pro 13-inch (M4),"13""",,,ดำสเปซแบล็ค,Space Black,#2E2C2F,68900,,281.6 x 215.5 x 5.1 มม.,579 กรัม (Wi-Fi) / 582 กรัม (Cellular),"จอภาพ Ultra Retina XDR Tandem OLED ขนาด 13 นิ้ว, ความละเอียด 2752 x 2064 พิกเซลที่ 264 ppi, ProMotion 10-120Hz, ความสว่าง XDR สูงสุด 1,600 นิต, บางเฉียบที่สุดในประวัติศาสตร์ Apple เพียง 5.1 มม.",กล้องไวด์ 12MP + LiDAR + กล้องหน้า Ultra Wide แนวนอน 12MP รองรับ Center Stage,ท่องเว็บผ่าน Wi-Fi หรือดูวิดีโอนานสูงสุด 10 ชั่วโมง,"iPad Pro 13 นิ้ว, สายชาร์จ USB-C (1 ม.), อะแดปเตอร์แปลงไฟ USB-C 20W, ผ้าเช็ดหน้าจอ (สำหรับกระจก Nano-texture)",data/images_transparent/ipad/ipad-pro/space-black.png,https://store.storeimages.cdn-apple.com/1/as-images.apple.com/is/ipad-pro-finish-select-202405-11inch-spaceblack?wid=2560&hei=2560&fmt=jpeg&qlt=95,https://www.apple.com/th/ipad-pro/specs/,https://www.apple.com/th/shop/buy-ipad/ipad-pro
TH-IPADPRO13M4-SPACEBLACK-1TBCELLU-0BC7,ipad,iPad Pro (M4),ipad-pro-13-m4,,iPad Pro 13-inch (M4),"13""",,,ดำสเปซแบล็ค,Space Black,#2E2C2F,84900,,281.6 x 215.5 x 5.1 มม.,579 กรัม (Wi-Fi) / 582 กรัม (Cellular),"จอภาพ Ultra Retina XDR Tandem OLED ขนาด 13 นิ้ว, ความละเอียด 2752 x 2064 พิกเซลที่ 264 ppi, ProMotion 10-120Hz, ความสว่าง XDR สูงสุด 1,600 นิต, บางเฉียบที่สุดในประวัติศาสตร์ Apple เพียง 5.1 มม.",กล้องไวด์ 12MP + LiDAR + กล้องหน้า Ultra Wide แนวนอน 12MP รองรับ Center Stage,ท่องเว็บผ่าน Wi-Fi หรือดูวิดีโอนานสูงสุด 10 ชั่วโมง,"iPad Pro 13 นิ้ว, สายชาร์จ USB-C (1 ม.), อะแดปเตอร์แปลงไฟ USB-C 20W, ผ้าเช็ดหน้าจอ (สำหรับกระจก Nano-texture)",data/images_transparent/ipad/ipad-pro/space-black.png,https://store.storeimages.cdn-apple.com/1/as-images.apple.com/is/ipad-pro-finish-select-202405-11inch-spaceblack?wid=2560&hei=2560&fmt=jpeg&qlt=95,https://www.apple.com/th/ipad-pro/specs/,https://www.apple.com/th/shop/buy-ipad/ipad-pro
TH-IPADPRO13M4-SPACEBLACK-2TBCELLU-1BE6,ipad,iPad Pro (M4),ipad-pro-13-m4,,iPad Pro 13-inch (M4),"13""",,,ดำสเปซแบล็ค,Space Black,#2E2C2F,100900,,281.6 x 215.5 x 5.1 มม.,579 กรัม (Wi-Fi) / 582 กรัม (Cellular),"จอภาพ Ultra Retina XDR Tandem OLED ขนาด 13 นิ้ว, ความละเอียด 2752 x 2064 พิกเซลที่ 264 ppi, ProMotion 10-120Hz, ความสว่าง XDR สูงสุด 1,600 นิต, บางเฉียบที่สุดในประวัติศาสตร์ Apple เพียง 5.1 มม.",กล้องไวด์ 12MP + LiDAR + กล้องหน้า Ultra Wide แนวนอน 12MP รองรับ Center Stage,ท่องเว็บผ่าน Wi-Fi หรือดูวิดีโอนานสูงสุด 10 ชั่วโมง,"iPad Pro 13 นิ้ว, สายชาร์จ USB-C (1 ม.), อะแดปเตอร์แปลงไฟ USB-C 20W, ผ้าเช็ดหน้าจอ (สำหรับกระจก Nano-texture)",data/images_transparent/ipad/ipad-pro/space-black.png,https://store.storeimages.cdn-apple.com/1/as-images.apple.com/is/ipad-pro-finish-select-202405-11inch-spaceblack?wid=2560&hei=2560&fmt=jpeg&qlt=95,https://www.apple.com/th/ipad-pro/specs/,https://www.apple.com/th/shop/buy-ipad/ipad-pro
TH-IPADPRO13M4-SILVER-256GBWIF-B574,ipad,iPad Pro (M4),ipad-pro-13-m4,,iPad Pro 13-inch (M4),"13""",,,เงิน,Silver,#E3E4E5,52900,,281.6 x 215.5 x 5.1 มม.,579 กรัม (Wi-Fi) / 582 กรัม (Cellular),"จอภาพ Ultra Retina XDR Tandem OLED ขนาด 13 นิ้ว, ความละเอียด 2752 x 2064 พิกเซลที่ 264 ppi, ProMotion 10-120Hz, ความสว่าง XDR สูงสุด 1,600 นิต, บางเฉียบที่สุดในประวัติศาสตร์ Apple เพียง 5.1 มม.",กล้องไวด์ 12MP + LiDAR + กล้องหน้า Ultra Wide แนวนอน 12MP รองรับ Center Stage,ท่องเว็บผ่าน Wi-Fi หรือดูวิดีโอนานสูงสุด 10 ชั่วโมง,"iPad Pro 13 นิ้ว, สายชาร์จ USB-C (1 ม.), อะแดปเตอร์แปลงไฟ USB-C 20W, ผ้าเช็ดหน้าจอ (สำหรับกระจก Nano-texture)",data/images_transparent/ipad/ipad-pro/silver.png,https://store.storeimages.cdn-apple.com/1/as-images.apple.com/is/ipad-pro-finish-select-202405-11inch-silver?wid=2560&hei=2560&fmt=jpeg&qlt=95,https://www.apple.com/th/ipad-pro/specs/,https://www.apple.com/th/shop/buy-ipad/ipad-pro
TH-IPADPRO13M4-SILVER-512GBWIF-6ED8,ipad,iPad Pro (M4),ipad-pro-13-m4,,iPad Pro 13-inch (M4),"13""",,,เงิน,Silver,#E3E4E5,60900,,281.6 x 215.5 x 5.1 มม.,579 กรัม (Wi-Fi) / 582 กรัม (Cellular),"จอภาพ Ultra Retina XDR Tandem OLED ขนาด 13 นิ้ว, ความละเอียด 2752 x 2064 พิกเซลที่ 264 ppi, ProMotion 10-120Hz, ความสว่าง XDR สูงสุด 1,600 นิต, บางเฉียบที่สุดในประวัติศาสตร์ Apple เพียง 5.1 มม.",กล้องไวด์ 12MP + LiDAR + กล้องหน้า Ultra Wide แนวนอน 12MP รองรับ Center Stage,ท่องเว็บผ่าน Wi-Fi หรือดูวิดีโอนานสูงสุด 10 ชั่วโมง,"iPad Pro 13 นิ้ว, สายชาร์จ USB-C (1 ม.), อะแดปเตอร์แปลงไฟ USB-C 20W, ผ้าเช็ดหน้าจอ (สำหรับกระจก Nano-texture)",data/images_transparent/ipad/ipad-pro/silver.png,https://store.storeimages.cdn-apple.com/1/as-images.apple.com/is/ipad-pro-finish-select-202405-11inch-silver?wid=2560&hei=2560&fmt=jpeg&qlt=95,https://www.apple.com/th/ipad-pro/specs/,https://www.apple.com/th/shop/buy-ipad/ipad-pro
TH-IPADPRO13M4-SILVER-1TBWIFI-3F23,ipad,iPad Pro (M4),ipad-pro-13-m4,,iPad Pro 13-inch (M4),"13""",,,เงิน,Silver,#E3E4E5,76900,,281.6 x 215.5 x 5.1 มม.,579 กรัม (Wi-Fi) / 582 กรัม (Cellular),"จอภาพ Ultra Retina XDR Tandem OLED ขนาด 13 นิ้ว, ความละเอียด 2752 x 2064 พิกเซลที่ 264 ppi, ProMotion 10-120Hz, ความสว่าง XDR สูงสุด 1,600 นิต, บางเฉียบที่สุดในประวัติศาสตร์ Apple เพียง 5.1 มม.",กล้องไวด์ 12MP + LiDAR + กล้องหน้า Ultra Wide แนวนอน 12MP รองรับ Center Stage,ท่องเว็บผ่าน Wi-Fi หรือดูวิดีโอนานสูงสุด 10 ชั่วโมง,"iPad Pro 13 นิ้ว, สายชาร์จ USB-C (1 ม.), อะแดปเตอร์แปลงไฟ USB-C 20W, ผ้าเช็ดหน้าจอ (สำหรับกระจก Nano-texture)",data/images_transparent/ipad/ipad-pro/silver.png,https://store.storeimages.cdn-apple.com/1/as-images.apple.com/is/ipad-pro-finish-select-202405-11inch-silver?wid=2560&hei=2560&fmt=jpeg&qlt=95,https://www.apple.com/th/ipad-pro/specs/,https://www.apple.com/th/shop/buy-ipad/ipad-pro
TH-IPADPRO13M4-SILVER-2TBWIFI-33C3,ipad,iPad Pro (M4),ipad-pro-13-m4,,iPad Pro 13-inch (M4),"13""",,,เงิน,Silver,#E3E4E5,92900,,281.6 x 215.5 x 5.1 มม.,579 กรัม (Wi-Fi) / 582 กรัม (Cellular),"จอภาพ Ultra Retina XDR Tandem OLED ขนาด 13 นิ้ว, ความละเอียด 2752 x 2064 พิกเซลที่ 264 ppi, ProMotion 10-120Hz, ความสว่าง XDR สูงสุด 1,600 นิต, บางเฉียบที่สุดในประวัติศาสตร์ Apple เพียง 5.1 มม.",กล้องไวด์ 12MP + LiDAR + กล้องหน้า Ultra Wide แนวนอน 12MP รองรับ Center Stage,ท่องเว็บผ่าน Wi-Fi หรือดูวิดีโอนานสูงสุด 10 ชั่วโมง,"iPad Pro 13 นิ้ว, สายชาร์จ USB-C (1 ม.), อะแดปเตอร์แปลงไฟ USB-C 20W, ผ้าเช็ดหน้าจอ (สำหรับกระจก Nano-texture)",data/images_transparent/ipad/ipad-pro/silver.png,https://store.storeimages.cdn-apple.com/1/as-images.apple.com/is/ipad-pro-finish-select-202405-11inch-silver?wid=2560&hei=2560&fmt=jpeg&qlt=95,https://www.apple.com/th/ipad-pro/specs/,https://www.apple.com/th/shop/buy-ipad/ipad-pro
TH-IPADPRO13M4-SILVER-256GBCEL-4661,ipad,iPad Pro (M4),ipad-pro-13-m4,,iPad Pro 13-inch (M4),"13""",,,เงิน,Silver,#E3E4E5,60900,,281.6 x 215.5 x 5.1 มม.,579 กรัม (Wi-Fi) / 582 กรัม (Cellular),"จอภาพ Ultra Retina XDR Tandem OLED ขนาด 13 นิ้ว, ความละเอียด 2752 x 2064 พิกเซลที่ 264 ppi, ProMotion 10-120Hz, ความสว่าง XDR สูงสุด 1,600 นิต, บางเฉียบที่สุดในประวัติศาสตร์ Apple เพียง 5.1 มม.",กล้องไวด์ 12MP + LiDAR + กล้องหน้า Ultra Wide แนวนอน 12MP รองรับ Center Stage,ท่องเว็บผ่าน Wi-Fi หรือดูวิดีโอนานสูงสุด 10 ชั่วโมง,"iPad Pro 13 นิ้ว, สายชาร์จ USB-C (1 ม.), อะแดปเตอร์แปลงไฟ USB-C 20W, ผ้าเช็ดหน้าจอ (สำหรับกระจก Nano-texture)",data/images_transparent/ipad/ipad-pro/silver.png,https://store.storeimages.cdn-apple.com/1/as-images.apple.com/is/ipad-pro-finish-select-202405-11inch-silver?wid=2560&hei=2560&fmt=jpeg&qlt=95,https://www.apple.com/th/ipad-pro/specs/,https://www.apple.com/th/shop/buy-ipad/ipad-pro
TH-IPADPRO13M4-SILVER-512GBCEL-A7E7,ipad,iPad Pro (M4),ipad-pro-13-m4,,iPad Pro 13-inch (M4),"13""",,,เงิน,Silver,#E3E4E5,68900,,281.6 x 215.5 x 5.1 มม.,579 กรัม (Wi-Fi) / 582 กรัม (Cellular),"จอภาพ Ultra Retina XDR Tandem OLED ขนาด 13 นิ้ว, ความละเอียด 2752 x 2064 พิกเซลที่ 264 ppi, ProMotion 10-120Hz, ความสว่าง XDR สูงสุด 1,600 นิต, บางเฉียบที่สุดในประวัติศาสตร์ Apple เพียง 5.1 มม.",กล้องไวด์ 12MP + LiDAR + กล้องหน้า Ultra Wide แนวนอน 12MP รองรับ Center Stage,ท่องเว็บผ่าน Wi-Fi หรือดูวิดีโอนานสูงสุด 10 ชั่วโมง,"iPad Pro 13 นิ้ว, สายชาร์จ USB-C (1 ม.), อะแดปเตอร์แปลงไฟ USB-C 20W, ผ้าเช็ดหน้าจอ (สำหรับกระจก Nano-texture)",data/images_transparent/ipad/ipad-pro/silver.png,https://store.storeimages.cdn-apple.com/1/as-images.apple.com/is/ipad-pro-finish-select-202405-11inch-silver?wid=2560&hei=2560&fmt=jpeg&qlt=95,https://www.apple.com/th/ipad-pro/specs/,https://www.apple.com/th/shop/buy-ipad/ipad-pro
TH-IPADPRO13M4-SILVER-1TBCELLU-5460,ipad,iPad Pro (M4),ipad-pro-13-m4,,iPad Pro 13-inch (M4),"13""",,,เงิน,Silver,#E3E4E5,84900,,281.6 x 215.5 x 5.1 มม.,579 กรัม (Wi-Fi) / 582 กรัม (Cellular),"จอภาพ Ultra Retina XDR Tandem OLED ขนาด 13 นิ้ว, ความละเอียด 2752 x 2064 พิกเซลที่ 264 ppi, ProMotion 10-120Hz, ความสว่าง XDR สูงสุด 1,600 นิต, บางเฉียบที่สุดในประวัติศาสตร์ Apple เพียง 5.1 มม.",กล้องไวด์ 12MP + LiDAR + กล้องหน้า Ultra Wide แนวนอน 12MP รองรับ Center Stage,ท่องเว็บผ่าน Wi-Fi หรือดูวิดีโอนานสูงสุด 10 ชั่วโมง,"iPad Pro 13 นิ้ว, สายชาร์จ USB-C (1 ม.), อะแดปเตอร์แปลงไฟ USB-C 20W, ผ้าเช็ดหน้าจอ (สำหรับกระจก Nano-texture)",data/images_transparent/ipad/ipad-pro/silver.png,https://store.storeimages.cdn-apple.com/1/as-images.apple.com/is/ipad-pro-finish-select-202405-11inch-silver?wid=2560&hei=2560&fmt=jpeg&qlt=95,https://www.apple.com/th/ipad-pro/specs/,https://www.apple.com/th/shop/buy-ipad/ipad-pro
TH-IPADPRO13M4-SILVER-2TBCELLU-8103,ipad,iPad Pro (M4),ipad-pro-13-m4,,iPad Pro 13-inch (M4),"13""",,,เงิน,Silver,#E3E4E5,100900,,281.6 x 215.5 x 5.1 มม.,579 กรัม (Wi-Fi) / 582 กรัม (Cellular),"จอภาพ Ultra Retina XDR Tandem OLED ขนาด 13 นิ้ว, ความละเอียด 2752 x 2064 พิกเซลที่ 264 ppi, ProMotion 10-120Hz, ความสว่าง XDR สูงสุด 1,600 นิต, บางเฉียบที่สุดในประวัติศาสตร์ Apple เพียง 5.1 มม.",กล้องไวด์ 12MP + LiDAR + กล้องหน้า Ultra Wide แนวนอน 12MP รองรับ Center Stage,ท่องเว็บผ่าน Wi-Fi หรือดูวิดีโอนานสูงสุด 10 ชั่วโมง,"iPad Pro 13 นิ้ว, สายชาร์จ USB-C (1 ม.), อะแดปเตอร์แปลงไฟ USB-C 20W, ผ้าเช็ดหน้าจอ (สำหรับกระจก Nano-texture)",data/images_transparent/ipad/ipad-pro/silver.png,https://store.storeimages.cdn-apple.com/1/as-images.apple.com/is/ipad-pro-finish-select-202405-11inch-silver?wid=2560&hei=2560&fmt=jpeg&qlt=95,https://www.apple.com/th/ipad-pro/specs/,https://www.apple.com/th/shop/buy-ipad/ipad-pro
TH-IPADAIR11M2-SPACEGRAY-128GB-01FA,ipad,iPad Air (M2),ipad-air-11-m2,,iPad Air 11-inch (M2),"11""",,,สเปซเกรย์,Space Gray,#68696E,23900,,247.6 x 178.5 x 6.1 มม.,462 กรัม (Wi-Fi) / 464 กรัม (Cellular),"จอภาพ Liquid Retina LED ขนาด 11 นิ้ว, ความละเอียด 2360 x 1640 พิกเซลที่ 264 ppi, แสดงผลแบบ True Tone, ขอบเขตสีกว้าง P3, ความสว่าง 500 นิต",กล้องหลังไวด์ 12MP (ƒ/1.8) + กล้องหน้าแนวนอน Ultra Wide 12MP รองรับ Center Stage,ท่องเว็บผ่าน Wi-Fi หรือดูวิดีโอนานสูงสุด 10 ชั่วโมง,"iPad Air 11 นิ้ว, สายชาร์จ USB-C (1 ม.), อะแดปเตอร์แปลงไฟ USB-C 20W",data/images_transparent/ipad/ipad-air/space-gray.png,https://store.storeimages.cdn-apple.com/1/as-images.apple.com/is/ipad-air-finish-space-gray-2024?wid=2560&hei=2560&fmt=jpeg&qlt=95,https://www.apple.com/th/ipad-air/specs/,https://www.apple.com/th/shop/buy-ipad/ipad-air
TH-IPADAIR11M2-SPACEGRAY-256GB-7E4F,ipad,iPad Air (M2),ipad-air-11-m2,,iPad Air 11-inch (M2),"11""",,,สเปซเกรย์,Space Gray,#68696E,27900,,247.6 x 178.5 x 6.1 มม.,462 กรัม (Wi-Fi) / 464 กรัม (Cellular),"จอภาพ Liquid Retina LED ขนาด 11 นิ้ว, ความละเอียด 2360 x 1640 พิกเซลที่ 264 ppi, แสดงผลแบบ True Tone, ขอบเขตสีกว้าง P3, ความสว่าง 500 นิต",กล้องหลังไวด์ 12MP (ƒ/1.8) + กล้องหน้าแนวนอน Ultra Wide 12MP รองรับ Center Stage,ท่องเว็บผ่าน Wi-Fi หรือดูวิดีโอนานสูงสุด 10 ชั่วโมง,"iPad Air 11 นิ้ว, สายชาร์จ USB-C (1 ม.), อะแดปเตอร์แปลงไฟ USB-C 20W",data/images_transparent/ipad/ipad-air/space-gray.png,https://store.storeimages.cdn-apple.com/1/as-images.apple.com/is/ipad-air-finish-space-gray-2024?wid=2560&hei=2560&fmt=jpeg&qlt=95,https://www.apple.com/th/ipad-air/specs/,https://www.apple.com/th/shop/buy-ipad/ipad-air
TH-IPADAIR11M2-SPACEGRAY-512GB-76A0,ipad,iPad Air (M2),ipad-air-11-m2,,iPad Air 11-inch (M2),"11""",,,สเปซเกรย์,Space Gray,#68696E,35900,,247.6 x 178.5 x 6.1 มม.,462 กรัม (Wi-Fi) / 464 กรัม (Cellular),"จอภาพ Liquid Retina LED ขนาด 11 นิ้ว, ความละเอียด 2360 x 1640 พิกเซลที่ 264 ppi, แสดงผลแบบ True Tone, ขอบเขตสีกว้าง P3, ความสว่าง 500 นิต",กล้องหลังไวด์ 12MP (ƒ/1.8) + กล้องหน้าแนวนอน Ultra Wide 12MP รองรับ Center Stage,ท่องเว็บผ่าน Wi-Fi หรือดูวิดีโอนานสูงสุด 10 ชั่วโมง,"iPad Air 11 นิ้ว, สายชาร์จ USB-C (1 ม.), อะแดปเตอร์แปลงไฟ USB-C 20W",data/images_transparent/ipad/ipad-air/space-gray.png,https://store.storeimages.cdn-apple.com/1/as-images.apple.com/is/ipad-air-finish-space-gray-2024?wid=2560&hei=2560&fmt=jpeg&qlt=95,https://www.apple.com/th/ipad-air/specs/,https://www.apple.com/th/shop/buy-ipad/ipad-air
TH-IPADAIR11M2-SPACEGRAY-1TB-1FD6,ipad,iPad Air (M2),ipad-air-11-m2,,iPad Air 11-inch (M2),"11""",,,สเปซเกรย์,Space Gray,#68696E,43900,,247.6 x 178.5 x 6.1 มม.,462 กรัม (Wi-Fi) / 464 กรัม (Cellular),"จอภาพ Liquid Retina LED ขนาด 11 นิ้ว, ความละเอียด 2360 x 1640 พิกเซลที่ 264 ppi, แสดงผลแบบ True Tone, ขอบเขตสีกว้าง P3, ความสว่าง 500 นิต",กล้องหลังไวด์ 12MP (ƒ/1.8) + กล้องหน้าแนวนอน Ultra Wide 12MP รองรับ Center Stage,ท่องเว็บผ่าน Wi-Fi หรือดูวิดีโอนานสูงสุด 10 ชั่วโมง,"iPad Air 11 นิ้ว, สายชาร์จ USB-C (1 ม.), อะแดปเตอร์แปลงไฟ USB-C 20W",data/images_transparent/ipad/ipad-air/space-gray.png,https://store.storeimages.cdn-apple.com/1/as-images.apple.com/is/ipad-air-finish-space-gray-2024?wid=2560&hei=2560&fmt=jpeg&qlt=95,https://www.apple.com/th/ipad-air/specs/,https://www.apple.com/th/shop/buy-ipad/ipad-air
TH-IPADAIR11M2-BLUE-128GB-B0F8,ipad,iPad Air (M2),ipad-air-11-m2,,iPad Air 11-inch (M2),"11""",,,ฟ้า,Blue,#3E536B,23900,,247.6 x 178.5 x 6.1 มม.,462 กรัม (Wi-Fi) / 464 กรัม (Cellular),"จอภาพ Liquid Retina LED ขนาด 11 นิ้ว, ความละเอียด 2360 x 1640 พิกเซลที่ 264 ppi, แสดงผลแบบ True Tone, ขอบเขตสีกว้าง P3, ความสว่าง 500 นิต",กล้องหลังไวด์ 12MP (ƒ/1.8) + กล้องหน้าแนวนอน Ultra Wide 12MP รองรับ Center Stage,ท่องเว็บผ่าน Wi-Fi หรือดูวิดีโอนานสูงสุด 10 ชั่วโมง,"iPad Air 11 นิ้ว, สายชาร์จ USB-C (1 ม.), อะแดปเตอร์แปลงไฟ USB-C 20W",data/images_transparent/ipad/ipad-air/blue.png,https://store.storeimages.cdn-apple.com/1/as-images.apple.com/is/ipad-air-finish-blue-2024?wid=2560&hei=2560&fmt=jpeg&qlt=95,https://www.apple.com/th/ipad-air/specs/,https://www.apple.com/th/shop/buy-ipad/ipad-air
TH-IPADAIR11M2-BLUE-256GB-4CCB,ipad,iPad Air (M2),ipad-air-11-m2,,iPad Air 11-inch (M2),"11""",,,ฟ้า,Blue,#3E536B,27900,,247.6 x 178.5 x 6.1 มม.,462 กรัม (Wi-Fi) / 464 กรัม (Cellular),"จอภาพ Liquid Retina LED ขนาด 11 นิ้ว, ความละเอียด 2360 x 1640 พิกเซลที่ 264 ppi, แสดงผลแบบ True Tone, ขอบเขตสีกว้าง P3, ความสว่าง 500 นิต",กล้องหลังไวด์ 12MP (ƒ/1.8) + กล้องหน้าแนวนอน Ultra Wide 12MP รองรับ Center Stage,ท่องเว็บผ่าน Wi-Fi หรือดูวิดีโอนานสูงสุด 10 ชั่วโมง,"iPad Air 11 นิ้ว, สายชาร์จ USB-C (1 ม.), อะแดปเตอร์แปลงไฟ USB-C 20W",data/images_transparent/ipad/ipad-air/blue.png,https://store.storeimages.cdn-apple.com/1/as-images.apple.com/is/ipad-air-finish-blue-2024?wid=2560&hei=2560&fmt=jpeg&qlt=95,https://www.apple.com/th/ipad-air/specs/,https://www.apple.com/th/shop/buy-ipad/ipad-air
TH-IPADAIR11M2-BLUE-512GB-16D7,ipad,iPad Air (M2),ipad-air-11-m2,,iPad Air 11-inch (M2),"11""",,,ฟ้า,Blue,#3E536B,35900,,247.6 x 178.5 x 6.1 มม.,462 กรัม (Wi-Fi) / 464 กรัม (Cellular),"จอภาพ Liquid Retina LED ขนาด 11 นิ้ว, ความละเอียด 2360 x 1640 พิกเซลที่ 264 ppi, แสดงผลแบบ True Tone, ขอบเขตสีกว้าง P3, ความสว่าง 500 นิต",กล้องหลังไวด์ 12MP (ƒ/1.8) + กล้องหน้าแนวนอน Ultra Wide 12MP รองรับ Center Stage,ท่องเว็บผ่าน Wi-Fi หรือดูวิดีโอนานสูงสุด 10 ชั่วโมง,"iPad Air 11 นิ้ว, สายชาร์จ USB-C (1 ม.), อะแดปเตอร์แปลงไฟ USB-C 20W",data/images_transparent/ipad/ipad-air/blue.png,https://store.storeimages.cdn-apple.com/1/as-images.apple.com/is/ipad-air-finish-blue-2024?wid=2560&hei=2560&fmt=jpeg&qlt=95,https://www.apple.com/th/ipad-air/specs/,https://www.apple.com/th/shop/buy-ipad/ipad-air
TH-IPADAIR11M2-BLUE-1TB-FED1,ipad,iPad Air (M2),ipad-air-11-m2,,iPad Air 11-inch (M2),"11""",,,ฟ้า,Blue,#3E536B,43900,,247.6 x 178.5 x 6.1 มม.,462 กรัม (Wi-Fi) / 464 กรัม (Cellular),"จอภาพ Liquid Retina LED ขนาด 11 นิ้ว, ความละเอียด 2360 x 1640 พิกเซลที่ 264 ppi, แสดงผลแบบ True Tone, ขอบเขตสีกว้าง P3, ความสว่าง 500 นิต",กล้องหลังไวด์ 12MP (ƒ/1.8) + กล้องหน้าแนวนอน Ultra Wide 12MP รองรับ Center Stage,ท่องเว็บผ่าน Wi-Fi หรือดูวิดีโอนานสูงสุด 10 ชั่วโมง,"iPad Air 11 นิ้ว, สายชาร์จ USB-C (1 ม.), อะแดปเตอร์แปลงไฟ USB-C 20W",data/images_transparent/ipad/ipad-air/blue.png,https://store.storeimages.cdn-apple.com/1/as-images.apple.com/is/ipad-air-finish-blue-2024?wid=2560&hei=2560&fmt=jpeg&qlt=95,https://www.apple.com/th/ipad-air/specs/,https://www.apple.com/th/shop/buy-ipad/ipad-air
TH-IPADAIR11M2-PURPLE-128GB-5EB4,ipad,iPad Air (M2),ipad-air-11-m2,,iPad Air 11-inch (M2),"11""",,,ม่วง,Purple,#D1CDDA,23900,,247.6 x 178.5 x 6.1 มม.,462 กรัม (Wi-Fi) / 464 กรัม (Cellular),"จอภาพ Liquid Retina LED ขนาด 11 นิ้ว, ความละเอียด 2360 x 1640 พิกเซลที่ 264 ppi, แสดงผลแบบ True Tone, ขอบเขตสีกว้าง P3, ความสว่าง 500 นิต",กล้องหลังไวด์ 12MP (ƒ/1.8) + กล้องหน้าแนวนอน Ultra Wide 12MP รองรับ Center Stage,ท่องเว็บผ่าน Wi-Fi หรือดูวิดีโอนานสูงสุด 10 ชั่วโมง,"iPad Air 11 นิ้ว, สายชาร์จ USB-C (1 ม.), อะแดปเตอร์แปลงไฟ USB-C 20W",data/images_transparent/ipad/ipad-air/purple.png,https://store.storeimages.cdn-apple.com/1/as-images.apple.com/is/ipad-air-finish-purple-2024?wid=2560&hei=2560&fmt=jpeg&qlt=95,https://www.apple.com/th/ipad-air/specs/,https://www.apple.com/th/shop/buy-ipad/ipad-air
TH-IPADAIR11M2-PURPLE-256GB-7E59,ipad,iPad Air (M2),ipad-air-11-m2,,iPad Air 11-inch (M2),"11""",,,ม่วง,Purple,#D1CDDA,27900,,247.6 x 178.5 x 6.1 มม.,462 กรัม (Wi-Fi) / 464 กรัม (Cellular),"จอภาพ Liquid Retina LED ขนาด 11 นิ้ว, ความละเอียด 2360 x 1640 พิกเซลที่ 264 ppi, แสดงผลแบบ True Tone, ขอบเขตสีกว้าง P3, ความสว่าง 500 นิต",กล้องหลังไวด์ 12MP (ƒ/1.8) + กล้องหน้าแนวนอน Ultra Wide 12MP รองรับ Center Stage,ท่องเว็บผ่าน Wi-Fi หรือดูวิดีโอนานสูงสุด 10 ชั่วโมง,"iPad Air 11 นิ้ว, สายชาร์จ USB-C (1 ม.), อะแดปเตอร์แปลงไฟ USB-C 20W",data/images_transparent/ipad/ipad-air/purple.png,https://store.storeimages.cdn-apple.com/1/as-images.apple.com/is/ipad-air-finish-purple-2024?wid=2560&hei=2560&fmt=jpeg&qlt=95,https://www.apple.com/th/ipad-air/specs/,https://www.apple.com/th/shop/buy-ipad/ipad-air
TH-IPADAIR11M2-PURPLE-512GB-9BA2,ipad,iPad Air (M2),ipad-air-11-m2,,iPad Air 11-inch (M2),"11""",,,ม่วง,Purple,#D1CDDA,35900,,247.6 x 178.5 x 6.1 มม.,462 กรัม (Wi-Fi) / 464 กรัม (Cellular),"จอภาพ Liquid Retina LED ขนาด 11 นิ้ว, ความละเอียด 2360 x 1640 พิกเซลที่ 264 ppi, แสดงผลแบบ True Tone, ขอบเขตสีกว้าง P3, ความสว่าง 500 นิต",กล้องหลังไวด์ 12MP (ƒ/1.8) + กล้องหน้าแนวนอน Ultra Wide 12MP รองรับ Center Stage,ท่องเว็บผ่าน Wi-Fi หรือดูวิดีโอนานสูงสุด 10 ชั่วโมง,"iPad Air 11 นิ้ว, สายชาร์จ USB-C (1 ม.), อะแดปเตอร์แปลงไฟ USB-C 20W",data/images_transparent/ipad/ipad-air/purple.png,https://store.storeimages.cdn-apple.com/1/as-images.apple.com/is/ipad-air-finish-purple-2024?wid=2560&hei=2560&fmt=jpeg&qlt=95,https://www.apple.com/th/ipad-air/specs/,https://www.apple.com/th/shop/buy-ipad/ipad-air
TH-IPADAIR11M2-PURPLE-1TB-1B60,ipad,iPad Air (M2),ipad-air-11-m2,,iPad Air 11-inch (M2),"11""",,,ม่วง,Purple,#D1CDDA,43900,,247.6 x 178.5 x 6.1 มม.,462 กรัม (Wi-Fi) / 464 กรัม (Cellular),"จอภาพ Liquid Retina LED ขนาด 11 นิ้ว, ความละเอียด 2360 x 1640 พิกเซลที่ 264 ppi, แสดงผลแบบ True Tone, ขอบเขตสีกว้าง P3, ความสว่าง 500 นิต",กล้องหลังไวด์ 12MP (ƒ/1.8) + กล้องหน้าแนวนอน Ultra Wide 12MP รองรับ Center Stage,ท่องเว็บผ่าน Wi-Fi หรือดูวิดีโอนานสูงสุด 10 ชั่วโมง,"iPad Air 11 นิ้ว, สายชาร์จ USB-C (1 ม.), อะแดปเตอร์แปลงไฟ USB-C 20W",data/images_transparent/ipad/ipad-air/purple.png,https://store.storeimages.cdn-apple.com/1/as-images.apple.com/is/ipad-air-finish-purple-2024?wid=2560&hei=2560&fmt=jpeg&qlt=95,https://www.apple.com/th/ipad-air/specs/,https://www.apple.com/th/shop/buy-ipad/ipad-air
TH-IPADAIR11M2-STARLIGHT-128GB-CA0C,ipad,iPad Air (M2),ipad-air-11-m2,,iPad Air 11-inch (M2),"11""",,,สตาร์ไลท์,Starlight,#F0ECE1,23900,,247.6 x 178.5 x 6.1 มม.,462 กรัม (Wi-Fi) / 464 กรัม (Cellular),"จอภาพ Liquid Retina LED ขนาด 11 นิ้ว, ความละเอียด 2360 x 1640 พิกเซลที่ 264 ppi, แสดงผลแบบ True Tone, ขอบเขตสีกว้าง P3, ความสว่าง 500 นิต",กล้องหลังไวด์ 12MP (ƒ/1.8) + กล้องหน้าแนวนอน Ultra Wide 12MP รองรับ Center Stage,ท่องเว็บผ่าน Wi-Fi หรือดูวิดีโอนานสูงสุด 10 ชั่วโมง,"iPad Air 11 นิ้ว, สายชาร์จ USB-C (1 ม.), อะแดปเตอร์แปลงไฟ USB-C 20W",data/images_transparent/ipad/ipad-air/starlight.png,https://store.storeimages.cdn-apple.com/1/as-images.apple.com/is/ipad-air-finish-starlight-2024?wid=2560&hei=2560&fmt=jpeg&qlt=95,https://www.apple.com/th/ipad-air/specs/,https://www.apple.com/th/shop/buy-ipad/ipad-air
TH-IPADAIR11M2-STARLIGHT-256GB-0CEF,ipad,iPad Air (M2),ipad-air-11-m2,,iPad Air 11-inch (M2),"11""",,,สตาร์ไลท์,Starlight,#F0ECE1,27900,,247.6 x 178.5 x 6.1 มม.,462 กรัม (Wi-Fi) / 464 กรัม (Cellular),"จอภาพ Liquid Retina LED ขนาด 11 นิ้ว, ความละเอียด 2360 x 1640 พิกเซลที่ 264 ppi, แสดงผลแบบ True Tone, ขอบเขตสีกว้าง P3, ความสว่าง 500 นิต",กล้องหลังไวด์ 12MP (ƒ/1.8) + กล้องหน้าแนวนอน Ultra Wide 12MP รองรับ Center Stage,ท่องเว็บผ่าน Wi-Fi หรือดูวิดีโอนานสูงสุด 10 ชั่วโมง,"iPad Air 11 นิ้ว, สายชาร์จ USB-C (1 ม.), อะแดปเตอร์แปลงไฟ USB-C 20W",data/images_transparent/ipad/ipad-air/starlight.png,https://store.storeimages.cdn-apple.com/1/as-images.apple.com/is/ipad-air-finish-starlight-2024?wid=2560&hei=2560&fmt=jpeg&qlt=95,https://www.apple.com/th/ipad-air/specs/,https://www.apple.com/th/shop/buy-ipad/ipad-air
TH-IPADAIR11M2-STARLIGHT-512GB-AEAB,ipad,iPad Air (M2),ipad-air-11-m2,,iPad Air 11-inch (M2),"11""",,,สตาร์ไลท์,Starlight,#F0ECE1,35900,,247.6 x 178.5 x 6.1 มม.,462 กรัม (Wi-Fi) / 464 กรัม (Cellular),"จอภาพ Liquid Retina LED ขนาด 11 นิ้ว, ความละเอียด 2360 x 1640 พิกเซลที่ 264 ppi, แสดงผลแบบ True Tone, ขอบเขตสีกว้าง P3, ความสว่าง 500 นิต",กล้องหลังไวด์ 12MP (ƒ/1.8) + กล้องหน้าแนวนอน Ultra Wide 12MP รองรับ Center Stage,ท่องเว็บผ่าน Wi-Fi หรือดูวิดีโอนานสูงสุด 10 ชั่วโมง,"iPad Air 11 นิ้ว, สายชาร์จ USB-C (1 ม.), อะแดปเตอร์แปลงไฟ USB-C 20W",data/images_transparent/ipad/ipad-air/starlight.png,https://store.storeimages.cdn-apple.com/1/as-images.apple.com/is/ipad-air-finish-starlight-2024?wid=2560&hei=2560&fmt=jpeg&qlt=95,https://www.apple.com/th/ipad-air/specs/,https://www.apple.com/th/shop/buy-ipad/ipad-air
TH-IPADAIR11M2-STARLIGHT-1TB-6FAA,ipad,iPad Air (M2),ipad-air-11-m2,,iPad Air 11-inch (M2),"11""",,,สตาร์ไลท์,Starlight,#F0ECE1,43900,,247.6 x 178.5 x 6.1 มม.,462 กรัม (Wi-Fi) / 464 กรัม (Cellular),"จอภาพ Liquid Retina LED ขนาด 11 นิ้ว, ความละเอียด 2360 x 1640 พิกเซลที่ 264 ppi, แสดงผลแบบ True Tone, ขอบเขตสีกว้าง P3, ความสว่าง 500 นิต",กล้องหลังไวด์ 12MP (ƒ/1.8) + กล้องหน้าแนวนอน Ultra Wide 12MP รองรับ Center Stage,ท่องเว็บผ่าน Wi-Fi หรือดูวิดีโอนานสูงสุด 10 ชั่วโมง,"iPad Air 11 นิ้ว, สายชาร์จ USB-C (1 ม.), อะแดปเตอร์แปลงไฟ USB-C 20W",data/images_transparent/ipad/ipad-air/starlight.png,https://store.storeimages.cdn-apple.com/1/as-images.apple.com/is/ipad-air-finish-starlight-2024?wid=2560&hei=2560&fmt=jpeg&qlt=95,https://www.apple.com/th/ipad-air/specs/,https://www.apple.com/th/shop/buy-ipad/ipad-air
TH-IPADAIR13M2-SPACEGRAY-128GB-7011,ipad,iPad Air (M2),ipad-air-13-m2,,iPad Air 13-inch (M2),"13""",,,สเปซเกรย์,Space Gray,#68696E,29900,,280.6 x 214.9 x 6.1 มม.,617 กรัม (Wi-Fi) / 618 กรัม (Cellular),"จอภาพ Liquid Retina LED ขนาด 13 นิ้ว, ความละเอียด 2732 x 2048 พิกเซลที่ 264 ppi, ความสว่าง 600 นิต",กล้องหลังไวด์ 12MP + กล้องหน้าแนวนอน Ultra Wide 12MP,ท่องเว็บหรือดูวิดีโอนานสูงสุด 10 ชั่วโมง,"iPad Air 13 นิ้ว, สายชาร์จ USB-C (1 ม.), อะแดปเตอร์แปลงไฟ USB-C 20W",data/images_transparent/ipad/ipad-air/space-gray.png,https://store.storeimages.cdn-apple.com/1/as-images.apple.com/is/ipad-air-finish-space-gray-2024?wid=2560&hei=2560&fmt=jpeg&qlt=95,https://www.apple.com/th/ipad-air/specs/,https://www.apple.com/th/shop/buy-ipad/ipad-air
TH-IPADAIR13M2-SPACEGRAY-256GB-5384,ipad,iPad Air (M2),ipad-air-13-m2,,iPad Air 13-inch (M2),"13""",,,สเปซเกรย์,Space Gray,#68696E,33900,,280.6 x 214.9 x 6.1 มม.,617 กรัม (Wi-Fi) / 618 กรัม (Cellular),"จอภาพ Liquid Retina LED ขนาด 13 นิ้ว, ความละเอียด 2732 x 2048 พิกเซลที่ 264 ppi, ความสว่าง 600 นิต",กล้องหลังไวด์ 12MP + กล้องหน้าแนวนอน Ultra Wide 12MP,ท่องเว็บหรือดูวิดีโอนานสูงสุด 10 ชั่วโมง,"iPad Air 13 นิ้ว, สายชาร์จ USB-C (1 ม.), อะแดปเตอร์แปลงไฟ USB-C 20W",data/images_transparent/ipad/ipad-air/space-gray.png,https://store.storeimages.cdn-apple.com/1/as-images.apple.com/is/ipad-air-finish-space-gray-2024?wid=2560&hei=2560&fmt=jpeg&qlt=95,https://www.apple.com/th/ipad-air/specs/,https://www.apple.com/th/shop/buy-ipad/ipad-air
TH-IPADAIR13M2-SPACEGRAY-512GB-0D67,ipad,iPad Air (M2),ipad-air-13-m2,,iPad Air 13-inch (M2),"13""",,,สเปซเกรย์,Space Gray,#68696E,41900,,280.6 x 214.9 x 6.1 มม.,617 กรัม (Wi-Fi) / 618 กรัม (Cellular),"จอภาพ Liquid Retina LED ขนาด 13 นิ้ว, ความละเอียด 2732 x 2048 พิกเซลที่ 264 ppi, ความสว่าง 600 นิต",กล้องหลังไวด์ 12MP + กล้องหน้าแนวนอน Ultra Wide 12MP,ท่องเว็บหรือดูวิดีโอนานสูงสุด 10 ชั่วโมง,"iPad Air 13 นิ้ว, สายชาร์จ USB-C (1 ม.), อะแดปเตอร์แปลงไฟ USB-C 20W",data/images_transparent/ipad/ipad-air/space-gray.png,https://store.storeimages.cdn-apple.com/1/as-images.apple.com/is/ipad-air-finish-space-gray-2024?wid=2560&hei=2560&fmt=jpeg&qlt=95,https://www.apple.com/th/ipad-air/specs/,https://www.apple.com/th/shop/buy-ipad/ipad-air
TH-IPADAIR13M2-SPACEGRAY-1TB-3164,ipad,iPad Air (M2),ipad-air-13-m2,,iPad Air 13-inch (M2),"13""",,,สเปซเกรย์,Space Gray,#68696E,49900,,280.6 x 214.9 x 6.1 มม.,617 กรัม (Wi-Fi) / 618 กรัม (Cellular),"จอภาพ Liquid Retina LED ขนาด 13 นิ้ว, ความละเอียด 2732 x 2048 พิกเซลที่ 264 ppi, ความสว่าง 600 นิต",กล้องหลังไวด์ 12MP + กล้องหน้าแนวนอน Ultra Wide 12MP,ท่องเว็บหรือดูวิดีโอนานสูงสุด 10 ชั่วโมง,"iPad Air 13 นิ้ว, สายชาร์จ USB-C (1 ม.), อะแดปเตอร์แปลงไฟ USB-C 20W",data/images_transparent/ipad/ipad-air/space-gray.png,https://store.storeimages.cdn-apple.com/1/as-images.apple.com/is/ipad-air-finish-space-gray-2024?wid=2560&hei=2560&fmt=jpeg&qlt=95,https://www.apple.com/th/ipad-air/specs/,https://www.apple.com/th/shop/buy-ipad/ipad-air
TH-IPADAIR13M2-BLUE-128GB-A1FF,ipad,iPad Air (M2),ipad-air-13-m2,,iPad Air 13-inch (M2),"13""",,,ฟ้า,Blue,#3E536B,29900,,280.6 x 214.9 x 6.1 มม.,617 กรัม (Wi-Fi) / 618 กรัม (Cellular),"จอภาพ Liquid Retina LED ขนาด 13 นิ้ว, ความละเอียด 2732 x 2048 พิกเซลที่ 264 ppi, ความสว่าง 600 นิต",กล้องหลังไวด์ 12MP + กล้องหน้าแนวนอน Ultra Wide 12MP,ท่องเว็บหรือดูวิดีโอนานสูงสุด 10 ชั่วโมง,"iPad Air 13 นิ้ว, สายชาร์จ USB-C (1 ม.), อะแดปเตอร์แปลงไฟ USB-C 20W",data/images_transparent/ipad/ipad-air/blue.png,https://store.storeimages.cdn-apple.com/1/as-images.apple.com/is/ipad-air-finish-blue-2024?wid=2560&hei=2560&fmt=jpeg&qlt=95,https://www.apple.com/th/ipad-air/specs/,https://www.apple.com/th/shop/buy-ipad/ipad-air
TH-IPADAIR13M2-BLUE-256GB-5E0E,ipad,iPad Air (M2),ipad-air-13-m2,,iPad Air 13-inch (M2),"13""",,,ฟ้า,Blue,#3E536B,33900,,280.6 x 214.9 x 6.1 มม.,617 กรัม (Wi-Fi) / 618 กรัม (Cellular),"จอภาพ Liquid Retina LED ขนาด 13 นิ้ว, ความละเอียด 2732 x 2048 พิกเซลที่ 264 ppi, ความสว่าง 600 นิต",กล้องหลังไวด์ 12MP + กล้องหน้าแนวนอน Ultra Wide 12MP,ท่องเว็บหรือดูวิดีโอนานสูงสุด 10 ชั่วโมง,"iPad Air 13 นิ้ว, สายชาร์จ USB-C (1 ม.), อะแดปเตอร์แปลงไฟ USB-C 20W",data/images_transparent/ipad/ipad-air/blue.png,https://store.storeimages.cdn-apple.com/1/as-images.apple.com/is/ipad-air-finish-blue-2024?wid=2560&hei=2560&fmt=jpeg&qlt=95,https://www.apple.com/th/ipad-air/specs/,https://www.apple.com/th/shop/buy-ipad/ipad-air
TH-IPADAIR13M2-BLUE-512GB-AAD4,ipad,iPad Air (M2),ipad-air-13-m2,,iPad Air 13-inch (M2),"13""",,,ฟ้า,Blue,#3E536B,41900,,280.6 x 214.9 x 6.1 มม.,617 กรัม (Wi-Fi) / 618 กรัม (Cellular),"จอภาพ Liquid Retina LED ขนาด 13 นิ้ว, ความละเอียด 2732 x 2048 พิกเซลที่ 264 ppi, ความสว่าง 600 นิต",กล้องหลังไวด์ 12MP + กล้องหน้าแนวนอน Ultra Wide 12MP,ท่องเว็บหรือดูวิดีโอนานสูงสุด 10 ชั่วโมง,"iPad Air 13 นิ้ว, สายชาร์จ USB-C (1 ม.), อะแดปเตอร์แปลงไฟ USB-C 20W",data/images_transparent/ipad/ipad-air/blue.png,https://store.storeimages.cdn-apple.com/1/as-images.apple.com/is/ipad-air-finish-blue-2024?wid=2560&hei=2560&fmt=jpeg&qlt=95,https://www.apple.com/th/ipad-air/specs/,https://www.apple.com/th/shop/buy-ipad/ipad-air
TH-IPADAIR13M2-BLUE-1TB-6D7E,ipad,iPad Air (M2),ipad-air-13-m2,,iPad Air 13-inch (M2),"13""",,,ฟ้า,Blue,#3E536B,49900,,280.6 x 214.9 x 6.1 มม.,617 กรัม (Wi-Fi) / 618 กรัม (Cellular),"จอภาพ Liquid Retina LED ขนาด 13 นิ้ว, ความละเอียด 2732 x 2048 พิกเซลที่ 264 ppi, ความสว่าง 600 นิต",กล้องหลังไวด์ 12MP + กล้องหน้าแนวนอน Ultra Wide 12MP,ท่องเว็บหรือดูวิดีโอนานสูงสุด 10 ชั่วโมง,"iPad Air 13 นิ้ว, สายชาร์จ USB-C (1 ม.), อะแดปเตอร์แปลงไฟ USB-C 20W",data/images_transparent/ipad/ipad-air/blue.png,https://store.storeimages.cdn-apple.com/1/as-images.apple.com/is/ipad-air-finish-blue-2024?wid=2560&hei=2560&fmt=jpeg&qlt=95,https://www.apple.com/th/ipad-air/specs/,https://www.apple.com/th/shop/buy-ipad/ipad-air
TH-IPADAIR13M2-PURPLE-128GB-26B4,ipad,iPad Air (M2),ipad-air-13-m2,,iPad Air 13-inch (M2),"13""",,,ม่วง,Purple,#D1CDDA,29900,,280.6 x 214.9 x 6.1 มม.,617 กรัม (Wi-Fi) / 618 กรัม (Cellular),"จอภาพ Liquid Retina LED ขนาด 13 นิ้ว, ความละเอียด 2732 x 2048 พิกเซลที่ 264 ppi, ความสว่าง 600 นิต",กล้องหลังไวด์ 12MP + กล้องหน้าแนวนอน Ultra Wide 12MP,ท่องเว็บหรือดูวิดีโอนานสูงสุด 10 ชั่วโมง,"iPad Air 13 นิ้ว, สายชาร์จ USB-C (1 ม.), อะแดปเตอร์แปลงไฟ USB-C 20W",data/images_transparent/ipad/ipad-air/purple.png,https://store.storeimages.cdn-apple.com/1/as-images.apple.com/is/ipad-air-finish-purple-2024?wid=2560&hei=2560&fmt=jpeg&qlt=95,https://www.apple.com/th/ipad-air/specs/,https://www.apple.com/th/shop/buy-ipad/ipad-air
TH-IPADAIR13M2-PURPLE-256GB-1CCE,ipad,iPad Air (M2),ipad-air-13-m2,,iPad Air 13-inch (M2),"13""",,,ม่วง,Purple,#D1CDDA,33900,,280.6 x 214.9 x 6.1 มม.,617 กรัม (Wi-Fi) / 618 กรัม (Cellular),"จอภาพ Liquid Retina LED ขนาด 13 นิ้ว, ความละเอียด 2732 x 2048 พิกเซลที่ 264 ppi, ความสว่าง 600 นิต",กล้องหลังไวด์ 12MP + กล้องหน้าแนวนอน Ultra Wide 12MP,ท่องเว็บหรือดูวิดีโอนานสูงสุด 10 ชั่วโมง,"iPad Air 13 นิ้ว, สายชาร์จ USB-C (1 ม.), อะแดปเตอร์แปลงไฟ USB-C 20W",data/images_transparent/ipad/ipad-air/purple.png,https://store.storeimages.cdn-apple.com/1/as-images.apple.com/is/ipad-air-finish-purple-2024?wid=2560&hei=2560&fmt=jpeg&qlt=95,https://www.apple.com/th/ipad-air/specs/,https://www.apple.com/th/shop/buy-ipad/ipad-air
TH-IPADAIR13M2-PURPLE-512GB-9CEC,ipad,iPad Air (M2),ipad-air-13-m2,,iPad Air 13-inch (M2),"13""",,,ม่วง,Purple,#D1CDDA,41900,,280.6 x 214.9 x 6.1 มม.,617 กรัม (Wi-Fi) / 618 กรัม (Cellular),"จอภาพ Liquid Retina LED ขนาด 13 นิ้ว, ความละเอียด 2732 x 2048 พิกเซลที่ 264 ppi, ความสว่าง 600 นิต",กล้องหลังไวด์ 12MP + กล้องหน้าแนวนอน Ultra Wide 12MP,ท่องเว็บหรือดูวิดีโอนานสูงสุด 10 ชั่วโมง,"iPad Air 13 นิ้ว, สายชาร์จ USB-C (1 ม.), อะแดปเตอร์แปลงไฟ USB-C 20W",data/images_transparent/ipad/ipad-air/purple.png,https://store.storeimages.cdn-apple.com/1/as-images.apple.com/is/ipad-air-finish-purple-2024?wid=2560&hei=2560&fmt=jpeg&qlt=95,https://www.apple.com/th/ipad-air/specs/,https://www.apple.com/th/shop/buy-ipad/ipad-air
TH-IPADAIR13M2-PURPLE-1TB-2970,ipad,iPad Air (M2),ipad-air-13-m2,,iPad Air 13-inch (M2),"13""",,,ม่วง,Purple,#D1CDDA,49900,,280.6 x 214.9 x 6.1 มม.,617 กรัม (Wi-Fi) / 618 กรัม (Cellular),"จอภาพ Liquid Retina LED ขนาด 13 นิ้ว, ความละเอียด 2732 x 2048 พิกเซลที่ 264 ppi, ความสว่าง 600 นิต",กล้องหลังไวด์ 12MP + กล้องหน้าแนวนอน Ultra Wide 12MP,ท่องเว็บหรือดูวิดีโอนานสูงสุด 10 ชั่วโมง,"iPad Air 13 นิ้ว, สายชาร์จ USB-C (1 ม.), อะแดปเตอร์แปลงไฟ USB-C 20W",data/images_transparent/ipad/ipad-air/purple.png,https://store.storeimages.cdn-apple.com/1/as-images.apple.com/is/ipad-air-finish-purple-2024?wid=2560&hei=2560&fmt=jpeg&qlt=95,https://www.apple.com/th/ipad-air/specs/,https://www.apple.com/th/shop/buy-ipad/ipad-air
TH-IPADAIR13M2-STARLIGHT-128GB-1AA8,ipad,iPad Air (M2),ipad-air-13-m2,,iPad Air 13-inch (M2),"13""",,,สตาร์ไลท์,Starlight,#F0ECE1,29900,,280.6 x 214.9 x 6.1 มม.,617 กรัม (Wi-Fi) / 618 กรัม (Cellular),"จอภาพ Liquid Retina LED ขนาด 13 นิ้ว, ความละเอียด 2732 x 2048 พิกเซลที่ 264 ppi, ความสว่าง 600 นิต",กล้องหลังไวด์ 12MP + กล้องหน้าแนวนอน Ultra Wide 12MP,ท่องเว็บหรือดูวิดีโอนานสูงสุด 10 ชั่วโมง,"iPad Air 13 นิ้ว, สายชาร์จ USB-C (1 ม.), อะแดปเตอร์แปลงไฟ USB-C 20W",data/images_transparent/ipad/ipad-air/starlight.png,https://store.storeimages.cdn-apple.com/1/as-images.apple.com/is/ipad-air-finish-starlight-2024?wid=2560&hei=2560&fmt=jpeg&qlt=95,https://www.apple.com/th/ipad-air/specs/,https://www.apple.com/th/shop/buy-ipad/ipad-air
TH-IPADAIR13M2-STARLIGHT-256GB-ADEA,ipad,iPad Air (M2),ipad-air-13-m2,,iPad Air 13-inch (M2),"13""",,,สตาร์ไลท์,Starlight,#F0ECE1,33900,,280.6 x 214.9 x 6.1 มม.,617 กรัม (Wi-Fi) / 618 กรัม (Cellular),"จอภาพ Liquid Retina LED ขนาด 13 นิ้ว, ความละเอียด 2732 x 2048 พิกเซลที่ 264 ppi, ความสว่าง 600 นิต",กล้องหลังไวด์ 12MP + กล้องหน้าแนวนอน Ultra Wide 12MP,ท่องเว็บหรือดูวิดีโอนานสูงสุด 10 ชั่วโมง,"iPad Air 13 นิ้ว, สายชาร์จ USB-C (1 ม.), อะแดปเตอร์แปลงไฟ USB-C 20W",data/images_transparent/ipad/ipad-air/starlight.png,https://store.storeimages.cdn-apple.com/1/as-images.apple.com/is/ipad-air-finish-starlight-2024?wid=2560&hei=2560&fmt=jpeg&qlt=95,https://www.apple.com/th/ipad-air/specs/,https://www.apple.com/th/shop/buy-ipad/ipad-air
TH-IPADAIR13M2-STARLIGHT-512GB-145B,ipad,iPad Air (M2),ipad-air-13-m2,,iPad Air 13-inch (M2),"13""",,,สตาร์ไลท์,Starlight,#F0ECE1,41900,,280.6 x 214.9 x 6.1 มม.,617 กรัม (Wi-Fi) / 618 กรัม (Cellular),"จอภาพ Liquid Retina LED ขนาด 13 นิ้ว, ความละเอียด 2732 x 2048 พิกเซลที่ 264 ppi, ความสว่าง 600 นิต",กล้องหลังไวด์ 12MP + กล้องหน้าแนวนอน Ultra Wide 12MP,ท่องเว็บหรือดูวิดีโอนานสูงสุด 10 ชั่วโมง,"iPad Air 13 นิ้ว, สายชาร์จ USB-C (1 ม.), อะแดปเตอร์แปลงไฟ USB-C 20W",data/images_transparent/ipad/ipad-air/starlight.png,https://store.storeimages.cdn-apple.com/1/as-images.apple.com/is/ipad-air-finish-starlight-2024?wid=2560&hei=2560&fmt=jpeg&qlt=95,https://www.apple.com/th/ipad-air/specs/,https://www.apple.com/th/shop/buy-ipad/ipad-air
TH-IPADAIR13M2-STARLIGHT-1TB-EA5E,ipad,iPad Air (M2),ipad-air-13-m2,,iPad Air 13-inch (M2),"13""",,,สตาร์ไลท์,Starlight,#F0ECE1,49900,,280.6 x 214.9 x 6.1 มม.,617 กรัม (Wi-Fi) / 618 กรัม (Cellular),"จอภาพ Liquid Retina LED ขนาด 13 นิ้ว, ความละเอียด 2732 x 2048 พิกเซลที่ 264 ppi, ความสว่าง 600 นิต",กล้องหลังไวด์ 12MP + กล้องหน้าแนวนอน Ultra Wide 12MP,ท่องเว็บหรือดูวิดีโอนานสูงสุด 10 ชั่วโมง,"iPad Air 13 นิ้ว, สายชาร์จ USB-C (1 ม.), อะแดปเตอร์แปลงไฟ USB-C 20W",data/images_transparent/ipad/ipad-air/starlight.png,https://store.storeimages.cdn-apple.com/1/as-images.apple.com/is/ipad-air-finish-starlight-2024?wid=2560&hei=2560&fmt=jpeg&qlt=95,https://www.apple.com/th/ipad-air/specs/,https://www.apple.com/th/shop/buy-ipad/ipad-air
TH-IPAD10THGEN-SILVER-64GBWIFI-7B4D,ipad,iPad (รุ่นที่ 10),ipad-10th-gen,,iPad (10th Gen),"10.9""",,,เงิน,Silver,#E3E4E5,12900,,248.6 x 179.5 x 7.0 มม.,477 กรัม (Wi-Fi) / 481 กรัม (Cellular),"จอภาพ Liquid Retina ขนาด 10.9 นิ้ว, ความละเอียด 2360 x 1640 พิกเซลที่ 264 ppi, ความสว่าง 500 นิต, True Tone",กล้องไวด์ 12MP (ƒ/1.8) + กล้องหน้าแนวนอน Ultra Wide 12MP พร้อม Center Stage,ดูวิดีโอนานสูงสุด 10 ชั่วโมง,"iPad (รุ่นที่ 10), สายชาร์จ USB-C (1 ม.), อะแดปเตอร์แปลงไฟ USB-C 20W",data/images_transparent/ipad/ipad-10th-gen/silver.png,https://store.storeimages.cdn-apple.com/1/as-images.apple.com/is/ipad-10th-gen-finish-select-202212-silver?wid=2560&hei=2560&fmt=jpeg&qlt=95,https://www.apple.com/th/ipad-10.9/specs/,https://www.apple.com/th/shop/buy-ipad/ipad
TH-IPAD10THGEN-SILVER-256GBWIF-94B4,ipad,iPad (รุ่นที่ 10),ipad-10th-gen,,iPad (10th Gen),"10.9""",,,เงิน,Silver,#E3E4E5,17900,,248.6 x 179.5 x 7.0 มม.,477 กรัม (Wi-Fi) / 481 กรัม (Cellular),"จอภาพ Liquid Retina ขนาด 10.9 นิ้ว, ความละเอียด 2360 x 1640 พิกเซลที่ 264 ppi, ความสว่าง 500 นิต, True Tone",กล้องไวด์ 12MP (ƒ/1.8) + กล้องหน้าแนวนอน Ultra Wide 12MP พร้อม Center Stage,ดูวิดีโอนานสูงสุด 10 ชั่วโมง,"iPad (รุ่นที่ 10), สายชาร์จ USB-C (1 ม.), อะแดปเตอร์แปลงไฟ USB-C 20W",data/images_transparent/ipad/ipad-10th-gen/silver.png,https://store.storeimages.cdn-apple.com/1/as-images.apple.com/is/ipad-10th-gen-finish-select-202212-silver?wid=2560&hei=2560&fmt=jpeg&qlt=95,https://www.apple.com/th/ipad-10.9/specs/,https://www.apple.com/th/shop/buy-ipad/ipad
TH-IPAD10THGEN-SILVER-64GBCELL-82D0,ipad,iPad (รุ่นที่ 10),ipad-10th-gen,,iPad (10th Gen),"10.9""",,,เงิน,Silver,#E3E4E5,18900,,248.6 x 179.5 x 7.0 มม.,477 กรัม (Wi-Fi) / 481 กรัม (Cellular),"จอภาพ Liquid Retina ขนาด 10.9 นิ้ว, ความละเอียด 2360 x 1640 พิกเซลที่ 264 ppi, ความสว่าง 500 นิต, True Tone",กล้องไวด์ 12MP (ƒ/1.8) + กล้องหน้าแนวนอน Ultra Wide 12MP พร้อม Center Stage,ดูวิดีโอนานสูงสุด 10 ชั่วโมง,"iPad (รุ่นที่ 10), สายชาร์จ USB-C (1 ม.), อะแดปเตอร์แปลงไฟ USB-C 20W",data/images_transparent/ipad/ipad-10th-gen/silver.png,https://store.storeimages.cdn-apple.com/1/as-images.apple.com/is/ipad-10th-gen-finish-select-202212-silver?wid=2560&hei=2560&fmt=jpeg&qlt=95,https://www.apple.com/th/ipad-10.9/specs/,https://www.apple.com/th/shop/buy-ipad/ipad
TH-IPAD10THGEN-SILVER-256GBCEL-D8E7,ipad,iPad (รุ่นที่ 10),ipad-10th-gen,,iPad (10th Gen),"10.9""",,,เงิน,Silver,#E3E4E5,23900,,248.6 x 179.5 x 7.0 มม.,477 กรัม (Wi-Fi) / 481 กรัม (Cellular),"จอภาพ Liquid Retina ขนาด 10.9 นิ้ว, ความละเอียด 2360 x 1640 พิกเซลที่ 264 ppi, ความสว่าง 500 นิต, True Tone",กล้องไวด์ 12MP (ƒ/1.8) + กล้องหน้าแนวนอน Ultra Wide 12MP พร้อม Center Stage,ดูวิดีโอนานสูงสุด 10 ชั่วโมง,"iPad (รุ่นที่ 10), สายชาร์จ USB-C (1 ม.), อะแดปเตอร์แปลงไฟ USB-C 20W",data/images_transparent/ipad/ipad-10th-gen/silver.png,https://store.storeimages.cdn-apple.com/1/as-images.apple.com/is/ipad-10th-gen-finish-select-202212-silver?wid=2560&hei=2560&fmt=jpeg&qlt=95,https://www.apple.com/th/ipad-10.9/specs/,https://www.apple.com/th/shop/buy-ipad/ipad
TH-IPAD10THGEN-BLUE-64GBWIFI-57F4,ipad,iPad (รุ่นที่ 10),ipad-10th-gen,,iPad (10th Gen),"10.9""",,,ฟ้า,Blue,#3E536B,12900,,248.6 x 179.5 x 7.0 มม.,477 กรัม (Wi-Fi) / 481 กรัม (Cellular),"จอภาพ Liquid Retina ขนาด 10.9 นิ้ว, ความละเอียด 2360 x 1640 พิกเซลที่ 264 ppi, ความสว่าง 500 นิต, True Tone",กล้องไวด์ 12MP (ƒ/1.8) + กล้องหน้าแนวนอน Ultra Wide 12MP พร้อม Center Stage,ดูวิดีโอนานสูงสุด 10 ชั่วโมง,"iPad (รุ่นที่ 10), สายชาร์จ USB-C (1 ม.), อะแดปเตอร์แปลงไฟ USB-C 20W",data/images_transparent/ipad/ipad-10th-gen/blue.png,https://store.storeimages.cdn-apple.com/1/as-images.apple.com/is/ipad-10th-gen-finish-select-202212-blue?wid=2560&hei=2560&fmt=jpeg&qlt=95,https://www.apple.com/th/ipad-10.9/specs/,https://www.apple.com/th/shop/buy-ipad/ipad
TH-IPAD10THGEN-BLUE-256GBWIF-AE62,ipad,iPad (รุ่นที่ 10),ipad-10th-gen,,iPad (10th Gen),"10.9""",,,ฟ้า,Blue,#3E536B,17900,,248.6 x 179.5 x 7.0 มม.,477 กรัม (Wi-Fi) / 481 กรัม (Cellular),"จอภาพ Liquid Retina ขนาด 10.9 นิ้ว, ความละเอียด 2360 x 1640 พิกเซลที่ 264 ppi, ความสว่าง 500 นิต, True Tone",กล้องไวด์ 12MP (ƒ/1.8) + กล้องหน้าแนวนอน Ultra Wide 12MP พร้อม Center Stage,ดูวิดีโอนานสูงสุด 10 ชั่วโมง,"iPad (รุ่นที่ 10), สายชาร์จ USB-C (1 ม.), อะแดปเตอร์แปลงไฟ USB-C 20W",data/images_transparent/ipad/ipad-10th-gen/blue.png,https://store.storeimages.cdn-apple.com/1/as-images.apple.com/is/ipad-10th-gen-finish-select-202212-blue?wid=2560&hei=2560&fmt=jpeg&qlt=95,https://www.apple.com/th/ipad-10.9/specs/,https://www.apple.com/th/shop/buy-ipad/ipad
TH-IPAD10THGEN-BLUE-64GBCELL-5EB2,ipad,iPad (รุ่นที่ 10),ipad-10th-gen,,iPad (10th Gen),"10.9""",,,ฟ้า,Blue,#3E536B,18900,,248.6 x 179.5 x 7.0 มม.,477 กรัม (Wi-Fi) / 481 กรัม (Cellular),"จอภาพ Liquid Retina ขนาด 10.9 นิ้ว, ความละเอียด 2360 x 1640 พิกเซลที่ 264 ppi, ความสว่าง 500 นิต, True Tone",กล้องไวด์ 12MP (ƒ/1.8) + กล้องหน้าแนวนอน Ultra Wide 12MP พร้อม Center Stage,ดูวิดีโอนานสูงสุด 10 ชั่วโมง,"iPad (รุ่นที่ 10), สายชาร์จ USB-C (1 ม.), อะแดปเตอร์แปลงไฟ USB-C 20W",data/images_transparent/ipad/ipad-10th-gen/blue.png,https://store.storeimages.cdn-apple.com/1/as-images.apple.com/is/ipad-10th-gen-finish-select-202212-blue?wid=2560&hei=2560&fmt=jpeg&qlt=95,https://www.apple.com/th/ipad-10.9/specs/,https://www.apple.com/th/shop/buy-ipad/ipad
TH-IPAD10THGEN-BLUE-256GBCEL-A13B,ipad,iPad (รุ่นที่ 10),ipad-10th-gen,,iPad (10th Gen),"10.9""",,,ฟ้า,Blue,#3E536B,23900,,248.6 x 179.5 x 7.0 มม.,477 กรัม (Wi-Fi) / 481 กรัม (Cellular),"จอภาพ Liquid Retina ขนาด 10.9 นิ้ว, ความละเอียด 2360 x 1640 พิกเซลที่ 264 ppi, ความสว่าง 500 นิต, True Tone",กล้องไวด์ 12MP (ƒ/1.8) + กล้องหน้าแนวนอน Ultra Wide 12MP พร้อม Center Stage,ดูวิดีโอนานสูงสุด 10 ชั่วโมง,"iPad (รุ่นที่ 10), สายชาร์จ USB-C (1 ม.), อะแดปเตอร์แปลงไฟ USB-C 20W",data/images_transparent/ipad/ipad-10th-gen/blue.png,https://store.storeimages.cdn-apple.com/1/as-images.apple.com/is/ipad-10th-gen-finish-select-202212-blue?wid=2560&hei=2560&fmt=jpeg&qlt=95,https://www.apple.com/th/ipad-10.9/specs/,https://www.apple.com/th/shop/buy-ipad/ipad
TH-IPAD10THGEN-PINK-64GBWIFI-F817,ipad,iPad (รุ่นที่ 10),ipad-10th-gen,,iPad (10th Gen),"10.9""",,,ชมพู,Pink,#E3A3B1,12900,,248.6 x 179.5 x 7.0 มม.,477 กรัม (Wi-Fi) / 481 กรัม (Cellular),"จอภาพ Liquid Retina ขนาด 10.9 นิ้ว, ความละเอียด 2360 x 1640 พิกเซลที่ 264 ppi, ความสว่าง 500 นิต, True Tone",กล้องไวด์ 12MP (ƒ/1.8) + กล้องหน้าแนวนอน Ultra Wide 12MP พร้อม Center Stage,ดูวิดีโอนานสูงสุด 10 ชั่วโมง,"iPad (รุ่นที่ 10), สายชาร์จ USB-C (1 ม.), อะแดปเตอร์แปลงไฟ USB-C 20W",data/images_transparent/ipad/ipad-10th-gen/pink.png,https://store.storeimages.cdn-apple.com/1/as-images.apple.com/is/ipad-10th-gen-finish-select-202212-pink?wid=2560&hei=2560&fmt=jpeg&qlt=95,https://www.apple.com/th/ipad-10.9/specs/,https://www.apple.com/th/shop/buy-ipad/ipad
TH-IPAD10THGEN-PINK-256GBWIF-AC14,ipad,iPad (รุ่นที่ 10),ipad-10th-gen,,iPad (10th Gen),"10.9""",,,ชมพู,Pink,#E3A3B1,17900,,248.6 x 179.5 x 7.0 มม.,477 กรัม (Wi-Fi) / 481 กรัม (Cellular),"จอภาพ Liquid Retina ขนาด 10.9 นิ้ว, ความละเอียด 2360 x 1640 พิกเซลที่ 264 ppi, ความสว่าง 500 นิต, True Tone",กล้องไวด์ 12MP (ƒ/1.8) + กล้องหน้าแนวนอน Ultra Wide 12MP พร้อม Center Stage,ดูวิดีโอนานสูงสุด 10 ชั่วโมง,"iPad (รุ่นที่ 10), สายชาร์จ USB-C (1 ม.), อะแดปเตอร์แปลงไฟ USB-C 20W",data/images_transparent/ipad/ipad-10th-gen/pink.png,https://store.storeimages.cdn-apple.com/1/as-images.apple.com/is/ipad-10th-gen-finish-select-202212-pink?wid=2560&hei=2560&fmt=jpeg&qlt=95,https://www.apple.com/th/ipad-10.9/specs/,https://www.apple.com/th/shop/buy-ipad/ipad
TH-IPAD10THGEN-PINK-64GBCELL-A846,ipad,iPad (รุ่นที่ 10),ipad-10th-gen,,iPad (10th Gen),"10.9""",,,ชมพู,Pink,#E3A3B1,18900,,248.6 x 179.5 x 7.0 มม.,477 กรัม (Wi-Fi) / 481 กรัม (Cellular),"จอภาพ Liquid Retina ขนาด 10.9 นิ้ว, ความละเอียด 2360 x 1640 พิกเซลที่ 264 ppi, ความสว่าง 500 นิต, True Tone",กล้องไวด์ 12MP (ƒ/1.8) + กล้องหน้าแนวนอน Ultra Wide 12MP พร้อม Center Stage,ดูวิดีโอนานสูงสุด 10 ชั่วโมง,"iPad (รุ่นที่ 10), สายชาร์จ USB-C (1 ม.), อะแดปเตอร์แปลงไฟ USB-C 20W",data/images_transparent/ipad/ipad-10th-gen/pink.png,https://store.storeimages.cdn-apple.com/1/as-images.apple.com/is/ipad-10th-gen-finish-select-202212-pink?wid=2560&hei=2560&fmt=jpeg&qlt=95,https://www.apple.com/th/ipad-10.9/specs/,https://www.apple.com/th/shop/buy-ipad/ipad
TH-IPAD10THGEN-PINK-256GBCEL-B086,ipad,iPad (รุ่นที่ 10),ipad-10th-gen,,iPad (10th Gen),"10.9""",,,ชมพู,Pink,#E3A3B1,23900,,248.6 x 179.5 x 7.0 มม.,477 กรัม (Wi-Fi) / 481 กรัม (Cellular),"จอภาพ Liquid Retina ขนาด 10.9 นิ้ว, ความละเอียด 2360 x 1640 พิกเซลที่ 264 ppi, ความสว่าง 500 นิต, True Tone",กล้องไวด์ 12MP (ƒ/1.8) + กล้องหน้าแนวนอน Ultra Wide 12MP พร้อม Center Stage,ดูวิดีโอนานสูงสุด 10 ชั่วโมง,"iPad (รุ่นที่ 10), สายชาร์จ USB-C (1 ม.), อะแดปเตอร์แปลงไฟ USB-C 20W",data/images_transparent/ipad/ipad-10th-gen/pink.png,https://store.storeimages.cdn-apple.com/1/as-images.apple.com/is/ipad-10th-gen-finish-select-202212-pink?wid=2560&hei=2560&fmt=jpeg&qlt=95,https://www.apple.com/th/ipad-10.9/specs/,https://www.apple.com/th/shop/buy-ipad/ipad
TH-IPAD10THGEN-YELLOW-64GBWIFI-673E,ipad,iPad (รุ่นที่ 10),ipad-10th-gen,,iPad (10th Gen),"10.9""",,,เหลือง,Yellow,#FBE27D,12900,,248.6 x 179.5 x 7.0 มม.,477 กรัม (Wi-Fi) / 481 กรัม (Cellular),"จอภาพ Liquid Retina ขนาด 10.9 นิ้ว, ความละเอียด 2360 x 1640 พิกเซลที่ 264 ppi, ความสว่าง 500 นิต, True Tone",กล้องไวด์ 12MP (ƒ/1.8) + กล้องหน้าแนวนอน Ultra Wide 12MP พร้อม Center Stage,ดูวิดีโอนานสูงสุด 10 ชั่วโมง,"iPad (รุ่นที่ 10), สายชาร์จ USB-C (1 ม.), อะแดปเตอร์แปลงไฟ USB-C 20W",data/images_transparent/ipad/ipad-10th-gen/yellow.png,https://store.storeimages.cdn-apple.com/1/as-images.apple.com/is/ipad-10th-gen-finish-select-202212-yellow?wid=2560&hei=2560&fmt=jpeg&qlt=95,https://www.apple.com/th/ipad-10.9/specs/,https://www.apple.com/th/shop/buy-ipad/ipad
TH-IPAD10THGEN-YELLOW-256GBWIF-4AC7,ipad,iPad (รุ่นที่ 10),ipad-10th-gen,,iPad (10th Gen),"10.9""",,,เหลือง,Yellow,#FBE27D,17900,,248.6 x 179.5 x 7.0 มม.,477 กรัม (Wi-Fi) / 481 กรัม (Cellular),"จอภาพ Liquid Retina ขนาด 10.9 นิ้ว, ความละเอียด 2360 x 1640 พิกเซลที่ 264 ppi, ความสว่าง 500 นิต, True Tone",กล้องไวด์ 12MP (ƒ/1.8) + กล้องหน้าแนวนอน Ultra Wide 12MP พร้อม Center Stage,ดูวิดีโอนานสูงสุด 10 ชั่วโมง,"iPad (รุ่นที่ 10), สายชาร์จ USB-C (1 ม.), อะแดปเตอร์แปลงไฟ USB-C 20W",data/images_transparent/ipad/ipad-10th-gen/yellow.png,https://store.storeimages.cdn-apple.com/1/as-images.apple.com/is/ipad-10th-gen-finish-select-202212-yellow?wid=2560&hei=2560&fmt=jpeg&qlt=95,https://www.apple.com/th/ipad-10.9/specs/,https://www.apple.com/th/shop/buy-ipad/ipad
TH-IPAD10THGEN-YELLOW-64GBCELL-C847,ipad,iPad (รุ่นที่ 10),ipad-10th-gen,,iPad (10th Gen),"10.9""",,,เหลือง,Yellow,#FBE27D,18900,,248.6 x 179.5 x 7.0 มม.,477 กรัม (Wi-Fi) / 481 กรัม (Cellular),"จอภาพ Liquid Retina ขนาด 10.9 นิ้ว, ความละเอียด 2360 x 1640 พิกเซลที่ 264 ppi, ความสว่าง 500 นิต, True Tone",กล้องไวด์ 12MP (ƒ/1.8) + กล้องหน้าแนวนอน Ultra Wide 12MP พร้อม Center Stage,ดูวิดีโอนานสูงสุด 10 ชั่วโมง,"iPad (รุ่นที่ 10), สายชาร์จ USB-C (1 ม.), อะแดปเตอร์แปลงไฟ USB-C 20W",data/images_transparent/ipad/ipad-10th-gen/yellow.png,https://store.storeimages.cdn-apple.com/1/as-images.apple.com/is/ipad-10th-gen-finish-select-202212-yellow?wid=2560&hei=2560&fmt=jpeg&qlt=95,https://www.apple.com/th/ipad-10.9/specs/,https://www.apple.com/th/shop/buy-ipad/ipad
TH-IPAD10THGEN-YELLOW-256GBCEL-34E6,ipad,iPad (รุ่นที่ 10),ipad-10th-gen,,iPad (10th Gen),"10.9""",,,เหลือง,Yellow,#FBE27D,23900,,248.6 x 179.5 x 7.0 มม.,477 กรัม (Wi-Fi) / 481 กรัม (Cellular),"จอภาพ Liquid Retina ขนาด 10.9 นิ้ว, ความละเอียด 2360 x 1640 พิกเซลที่ 264 ppi, ความสว่าง 500 นิต, True Tone",กล้องไวด์ 12MP (ƒ/1.8) + กล้องหน้าแนวนอน Ultra Wide 12MP พร้อม Center Stage,ดูวิดีโอนานสูงสุด 10 ชั่วโมง,"iPad (รุ่นที่ 10), สายชาร์จ USB-C (1 ม.), อะแดปเตอร์แปลงไฟ USB-C 20W",data/images_transparent/ipad/ipad-10th-gen/yellow.png,https://store.storeimages.cdn-apple.com/1/as-images.apple.com/is/ipad-10th-gen-finish-select-202212-yellow?wid=2560&hei=2560&fmt=jpeg&qlt=95,https://www.apple.com/th/ipad-10.9/specs/,https://www.apple.com/th/shop/buy-ipad/ipad
TH-IPADMINIA17-SPACEGRAY-128GBWIF-09D4,ipad,iPad mini,ipad-mini-a17,,iPad mini (A17 Pro),"8.3""",,,สเปซเกรย์,Space Gray,#68696E,17900,,195.4 x 134.8 x 6.3 มม.,293 กรัม (Wi-Fi) / 297 กรัม (Cellular),"จอภาพ Liquid Retina ขนาด 8.3 นิ้ว, ความละเอียด 2266 x 1488 พิกเซลที่ 326 ppi, ความสว่าง 500 นิต, รองรับ Apple Pencil Pro",กล้องหลังไวด์ 12MP (ƒ/1.8) + กล้องหน้า Ultra Wide 12MP,ดูวิดีโอนานสูงสุด 10 ชั่วโมง,"iPad mini, สายชาร์จ USB-C (1 ม.), อะแดปเตอร์แปลงไฟ USB-C 20W",data/images_transparent/ipad/ipad-mini/space-gray.png,https://store.storeimages.cdn-apple.com/1/as-images.apple.com/is/ipad-mini-finish-spacegray-202410?wid=2560&hei=2560&fmt=jpeg&qlt=95,https://www.apple.com/th/ipad-mini/specs/,https://www.apple.com/th/shop/buy-ipad/ipad-mini
TH-IPADMINIA17-SPACEGRAY-256GBWIF-274A,ipad,iPad mini,ipad-mini-a17,,iPad mini (A17 Pro),"8.3""",,,สเปซเกรย์,Space Gray,#68696E,21900,,195.4 x 134.8 x 6.3 มม.,293 กรัม (Wi-Fi) / 297 กรัม (Cellular),"จอภาพ Liquid Retina ขนาด 8.3 นิ้ว, ความละเอียด 2266 x 1488 พิกเซลที่ 326 ppi, ความสว่าง 500 นิต, รองรับ Apple Pencil Pro",กล้องหลังไวด์ 12MP (ƒ/1.8) + กล้องหน้า Ultra Wide 12MP,ดูวิดีโอนานสูงสุด 10 ชั่วโมง,"iPad mini, สายชาร์จ USB-C (1 ม.), อะแดปเตอร์แปลงไฟ USB-C 20W",data/images_transparent/ipad/ipad-mini/space-gray.png,https://store.storeimages.cdn-apple.com/1/as-images.apple.com/is/ipad-mini-finish-spacegray-202410?wid=2560&hei=2560&fmt=jpeg&qlt=95,https://www.apple.com/th/ipad-mini/specs/,https://www.apple.com/th/shop/buy-ipad/ipad-mini
TH-IPADMINIA17-SPACEGRAY-512GBWIF-75E5,ipad,iPad mini,ipad-mini-a17,,iPad mini (A17 Pro),"8.3""",,,สเปซเกรย์,Space Gray,#68696E,29900,,195.4 x 134.8 x 6.3 มม.,293 กรัม (Wi-Fi) / 297 กรัม (Cellular),"จอภาพ Liquid Retina ขนาด 8.3 นิ้ว, ความละเอียด 2266 x 1488 พิกเซลที่ 326 ppi, ความสว่าง 500 นิต, รองรับ Apple Pencil Pro",กล้องหลังไวด์ 12MP (ƒ/1.8) + กล้องหน้า Ultra Wide 12MP,ดูวิดีโอนานสูงสุด 10 ชั่วโมง,"iPad mini, สายชาร์จ USB-C (1 ม.), อะแดปเตอร์แปลงไฟ USB-C 20W",data/images_transparent/ipad/ipad-mini/space-gray.png,https://store.storeimages.cdn-apple.com/1/as-images.apple.com/is/ipad-mini-finish-spacegray-202410?wid=2560&hei=2560&fmt=jpeg&qlt=95,https://www.apple.com/th/ipad-mini/specs/,https://www.apple.com/th/shop/buy-ipad/ipad-mini
TH-IPADMINIA17-SPACEGRAY-128GBCEL-CF1D,ipad,iPad mini,ipad-mini-a17,,iPad mini (A17 Pro),"8.3""",,,สเปซเกรย์,Space Gray,#68696E,23900,,195.4 x 134.8 x 6.3 มม.,293 กรัม (Wi-Fi) / 297 กรัม (Cellular),"จอภาพ Liquid Retina ขนาด 8.3 นิ้ว, ความละเอียด 2266 x 1488 พิกเซลที่ 326 ppi, ความสว่าง 500 นิต, รองรับ Apple Pencil Pro",กล้องหลังไวด์ 12MP (ƒ/1.8) + กล้องหน้า Ultra Wide 12MP,ดูวิดีโอนานสูงสุด 10 ชั่วโมง,"iPad mini, สายชาร์จ USB-C (1 ม.), อะแดปเตอร์แปลงไฟ USB-C 20W",data/images_transparent/ipad/ipad-mini/space-gray.png,https://store.storeimages.cdn-apple.com/1/as-images.apple.com/is/ipad-mini-finish-spacegray-202410?wid=2560&hei=2560&fmt=jpeg&qlt=95,https://www.apple.com/th/ipad-mini/specs/,https://www.apple.com/th/shop/buy-ipad/ipad-mini
TH-IPADMINIA17-SPACEGRAY-256GBCEL-4F1A,ipad,iPad mini,ipad-mini-a17,,iPad mini (A17 Pro),"8.3""",,,สเปซเกรย์,Space Gray,#68696E,27900,,195.4 x 134.8 x 6.3 มม.,293 กรัม (Wi-Fi) / 297 กรัม (Cellular),"จอภาพ Liquid Retina ขนาด 8.3 นิ้ว, ความละเอียด 2266 x 1488 พิกเซลที่ 326 ppi, ความสว่าง 500 นิต, รองรับ Apple Pencil Pro",กล้องหลังไวด์ 12MP (ƒ/1.8) + กล้องหน้า Ultra Wide 12MP,ดูวิดีโอนานสูงสุด 10 ชั่วโมง,"iPad mini, สายชาร์จ USB-C (1 ม.), อะแดปเตอร์แปลงไฟ USB-C 20W",data/images_transparent/ipad/ipad-mini/space-gray.png,https://store.storeimages.cdn-apple.com/1/as-images.apple.com/is/ipad-mini-finish-spacegray-202410?wid=2560&hei=2560&fmt=jpeg&qlt=95,https://www.apple.com/th/ipad-mini/specs/,https://www.apple.com/th/shop/buy-ipad/ipad-mini
TH-IPADMINIA17-SPACEGRAY-512GBCEL-A6EE,ipad,iPad mini,ipad-mini-a17,,iPad mini (A17 Pro),"8.3""",,,สเปซเกรย์,Space Gray,#68696E,35900,,195.4 x 134.8 x 6.3 มม.,293 กรัม (Wi-Fi) / 297 กรัม (Cellular),"จอภาพ Liquid Retina ขนาด 8.3 นิ้ว, ความละเอียด 2266 x 1488 พิกเซลที่ 326 ppi, ความสว่าง 500 นิต, รองรับ Apple Pencil Pro",กล้องหลังไวด์ 12MP (ƒ/1.8) + กล้องหน้า Ultra Wide 12MP,ดูวิดีโอนานสูงสุด 10 ชั่วโมง,"iPad mini, สายชาร์จ USB-C (1 ม.), อะแดปเตอร์แปลงไฟ USB-C 20W",data/images_transparent/ipad/ipad-mini/space-gray.png,https://store.storeimages.cdn-apple.com/1/as-images.apple.com/is/ipad-mini-finish-spacegray-202410?wid=2560&hei=2560&fmt=jpeg&qlt=95,https://www.apple.com/th/ipad-mini/specs/,https://www.apple.com/th/shop/buy-ipad/ipad-mini
TH-IPADMINIA17-BLUE-128GBWIF-5626,ipad,iPad mini,ipad-mini-a17,,iPad mini (A17 Pro),"8.3""",,,ฟ้า,Blue,#3E536B,17900,,195.4 x 134.8 x 6.3 มม.,293 กรัม (Wi-Fi) / 297 กรัม (Cellular),"จอภาพ Liquid Retina ขนาด 8.3 นิ้ว, ความละเอียด 2266 x 1488 พิกเซลที่ 326 ppi, ความสว่าง 500 นิต, รองรับ Apple Pencil Pro",กล้องหลังไวด์ 12MP (ƒ/1.8) + กล้องหน้า Ultra Wide 12MP,ดูวิดีโอนานสูงสุด 10 ชั่วโมง,"iPad mini, สายชาร์จ USB-C (1 ม.), อะแดปเตอร์แปลงไฟ USB-C 20W",data/images_transparent/ipad/ipad-mini/blue.png,https://store.storeimages.cdn-apple.com/1/as-images.apple.com/is/ipad-mini-finish-blue-202410?wid=2560&hei=2560&fmt=jpeg&qlt=95,https://www.apple.com/th/ipad-mini/specs/,https://www.apple.com/th/shop/buy-ipad/ipad-mini
TH-IPADMINIA17-BLUE-256GBWIF-74AA,ipad,iPad mini,ipad-mini-a17,,iPad mini (A17 Pro),"8.3""",,,ฟ้า,Blue,#3E536B,21900,,195.4 x 134.8 x 6.3 มม.,293 กรัม (Wi-Fi) / 297 กรัม (Cellular),"จอภาพ Liquid Retina ขนาด 8.3 นิ้ว, ความละเอียด 2266 x 1488 พิกเซลที่ 326 ppi, ความสว่าง 500 นิต, รองรับ Apple Pencil Pro",กล้องหลังไวด์ 12MP (ƒ/1.8) + กล้องหน้า Ultra Wide 12MP,ดูวิดีโอนานสูงสุด 10 ชั่วโมง,"iPad mini, สายชาร์จ USB-C (1 ม.), อะแดปเตอร์แปลงไฟ USB-C 20W",data/images_transparent/ipad/ipad-mini/blue.png,https://store.storeimages.cdn-apple.com/1/as-images.apple.com/is/ipad-mini-finish-blue-202410?wid=2560&hei=2560&fmt=jpeg&qlt=95,https://www.apple.com/th/ipad-mini/specs/,https://www.apple.com/th/shop/buy-ipad/ipad-mini
TH-IPADMINIA17-BLUE-512GBWIF-0055,ipad,iPad mini,ipad-mini-a17,,iPad mini (A17 Pro),"8.3""",,,ฟ้า,Blue,#3E536B,29900,,195.4 x 134.8 x 6.3 มม.,293 กรัม (Wi-Fi) / 297 กรัม (Cellular),"จอภาพ Liquid Retina ขนาด 8.3 นิ้ว, ความละเอียด 2266 x 1488 พิกเซลที่ 326 ppi, ความสว่าง 500 นิต, รองรับ Apple Pencil Pro",กล้องหลังไวด์ 12MP (ƒ/1.8) + กล้องหน้า Ultra Wide 12MP,ดูวิดีโอนานสูงสุด 10 ชั่วโมง,"iPad mini, สายชาร์จ USB-C (1 ม.), อะแดปเตอร์แปลงไฟ USB-C 20W",data/images_transparent/ipad/ipad-mini/blue.png,https://store.storeimages.cdn-apple.com/1/as-images.apple.com/is/ipad-mini-finish-blue-202410?wid=2560&hei=2560&fmt=jpeg&qlt=95,https://www.apple.com/th/ipad-mini/specs/,https://www.apple.com/th/shop/buy-ipad/ipad-mini
TH-IPADMINIA17-BLUE-128GBCEL-3E58,ipad,iPad mini,ipad-mini-a17,,iPad mini (A17 Pro),"8.3""",,,ฟ้า,Blue,#3E536B,23900,,195.4 x 134.8 x 6.3 มม.,293 กรัม (Wi-Fi) / 297 กรัม (Cellular),"จอภาพ Liquid Retina ขนาด 8.3 นิ้ว, ความละเอียด 2266 x 1488 พิกเซลที่ 326 ppi, ความสว่าง 500 นิต, รองรับ Apple Pencil Pro",กล้องหลังไวด์ 12MP (ƒ/1.8) + กล้องหน้า Ultra Wide 12MP,ดูวิดีโอนานสูงสุด 10 ชั่วโมง,"iPad mini, สายชาร์จ USB-C (1 ม.), อะแดปเตอร์แปลงไฟ USB-C 20W",data/images_transparent/ipad/ipad-mini/blue.png,https://store.storeimages.cdn-apple.com/1/as-images.apple.com/is/ipad-mini-finish-blue-202410?wid=2560&hei=2560&fmt=jpeg&qlt=95,https://www.apple.com/th/ipad-mini/specs/,https://www.apple.com/th/shop/buy-ipad/ipad-mini
TH-IPADMINIA17-BLUE-256GBCEL-FA00,ipad,iPad mini,ipad-mini-a17,,iPad mini (A17 Pro),"8.3""",,,ฟ้า,Blue,#3E536B,27900,,195.4 x 134.8 x 6.3 มม.,293 กรัม (Wi-Fi) / 297 กรัม (Cellular),"จอภาพ Liquid Retina ขนาด 8.3 นิ้ว, ความละเอียด 2266 x 1488 พิกเซลที่ 326 ppi, ความสว่าง 500 นิต, รองรับ Apple Pencil Pro",กล้องหลังไวด์ 12MP (ƒ/1.8) + กล้องหน้า Ultra Wide 12MP,ดูวิดีโอนานสูงสุด 10 ชั่วโมง,"iPad mini, สายชาร์จ USB-C (1 ม.), อะแดปเตอร์แปลงไฟ USB-C 20W",data/images_transparent/ipad/ipad-mini/blue.png,https://store.storeimages.cdn-apple.com/1/as-images.apple.com/is/ipad-mini-finish-blue-202410?wid=2560&hei=2560&fmt=jpeg&qlt=95,https://www.apple.com/th/ipad-mini/specs/,https://www.apple.com/th/shop/buy-ipad/ipad-mini
TH-IPADMINIA17-BLUE-512GBCEL-FE9B,ipad,iPad mini,ipad-mini-a17,,iPad mini (A17 Pro),"8.3""",,,ฟ้า,Blue,#3E536B,35900,,195.4 x 134.8 x 6.3 มม.,293 กรัม (Wi-Fi) / 297 กรัม (Cellular),"จอภาพ Liquid Retina ขนาด 8.3 นิ้ว, ความละเอียด 2266 x 1488 พิกเซลที่ 326 ppi, ความสว่าง 500 นิต, รองรับ Apple Pencil Pro",กล้องหลังไวด์ 12MP (ƒ/1.8) + กล้องหน้า Ultra Wide 12MP,ดูวิดีโอนานสูงสุด 10 ชั่วโมง,"iPad mini, สายชาร์จ USB-C (1 ม.), อะแดปเตอร์แปลงไฟ USB-C 20W",data/images_transparent/ipad/ipad-mini/blue.png,https://store.storeimages.cdn-apple.com/1/as-images.apple.com/is/ipad-mini-finish-blue-202410?wid=2560&hei=2560&fmt=jpeg&qlt=95,https://www.apple.com/th/ipad-mini/specs/,https://www.apple.com/th/shop/buy-ipad/ipad-mini
TH-IPADMINIA17-PURPLE-128GBWIF-6A57,ipad,iPad mini,ipad-mini-a17,,iPad mini (A17 Pro),"8.3""",,,ม่วง,Purple,#D1CDDA,17900,,195.4 x 134.8 x 6.3 มม.,293 กรัม (Wi-Fi) / 297 กรัม (Cellular),"จอภาพ Liquid Retina ขนาด 8.3 นิ้ว, ความละเอียด 2266 x 1488 พิกเซลที่ 326 ppi, ความสว่าง 500 นิต, รองรับ Apple Pencil Pro",กล้องหลังไวด์ 12MP (ƒ/1.8) + กล้องหน้า Ultra Wide 12MP,ดูวิดีโอนานสูงสุด 10 ชั่วโมง,"iPad mini, สายชาร์จ USB-C (1 ม.), อะแดปเตอร์แปลงไฟ USB-C 20W",data/images_transparent/ipad/ipad-mini/purple.png,https://store.storeimages.cdn-apple.com/1/as-images.apple.com/is/ipad-mini-finish-purple-202410?wid=2560&hei=2560&fmt=jpeg&qlt=95,https://www.apple.com/th/ipad-mini/specs/,https://www.apple.com/th/shop/buy-ipad/ipad-mini
TH-IPADMINIA17-PURPLE-256GBWIF-56E4,ipad,iPad mini,ipad-mini-a17,,iPad mini (A17 Pro),"8.3""",,,ม่วง,Purple,#D1CDDA,21900,,195.4 x 134.8 x 6.3 มม.,293 กรัม (Wi-Fi) / 297 กรัม (Cellular),"จอภาพ Liquid Retina ขนาด 8.3 นิ้ว, ความละเอียด 2266 x 1488 พิกเซลที่ 326 ppi, ความสว่าง 500 นิต, รองรับ Apple Pencil Pro",กล้องหลังไวด์ 12MP (ƒ/1.8) + กล้องหน้า Ultra Wide 12MP,ดูวิดีโอนานสูงสุด 10 ชั่วโมง,"iPad mini, สายชาร์จ USB-C (1 ม.), อะแดปเตอร์แปลงไฟ USB-C 20W",data/images_transparent/ipad/ipad-mini/purple.png,https://store.storeimages.cdn-apple.com/1/as-images.apple.com/is/ipad-mini-finish-purple-202410?wid=2560&hei=2560&fmt=jpeg&qlt=95,https://www.apple.com/th/ipad-mini/specs/,https://www.apple.com/th/shop/buy-ipad/ipad-mini
TH-IPADMINIA17-PURPLE-512GBWIF-4F72,ipad,iPad mini,ipad-mini-a17,,iPad mini (A17 Pro),"8.3""",,,ม่วง,Purple,#D1CDDA,29900,,195.4 x 134.8 x 6.3 มม.,293 กรัม (Wi-Fi) / 297 กรัม (Cellular),"จอภาพ Liquid Retina ขนาด 8.3 นิ้ว, ความละเอียด 2266 x 1488 พิกเซลที่ 326 ppi, ความสว่าง 500 นิต, รองรับ Apple Pencil Pro",กล้องหลังไวด์ 12MP (ƒ/1.8) + กล้องหน้า Ultra Wide 12MP,ดูวิดีโอนานสูงสุด 10 ชั่วโมง,"iPad mini, สายชาร์จ USB-C (1 ม.), อะแดปเตอร์แปลงไฟ USB-C 20W",data/images_transparent/ipad/ipad-mini/purple.png,https://store.storeimages.cdn-apple.com/1/as-images.apple.com/is/ipad-mini-finish-purple-202410?wid=2560&hei=2560&fmt=jpeg&qlt=95,https://www.apple.com/th/ipad-mini/specs/,https://www.apple.com/th/shop/buy-ipad/ipad-mini
TH-IPADMINIA17-PURPLE-128GBCEL-8C34,ipad,iPad mini,ipad-mini-a17,,iPad mini (A17 Pro),"8.3""",,,ม่วง,Purple,#D1CDDA,23900,,195.4 x 134.8 x 6.3 มม.,293 กรัม (Wi-Fi) / 297 กรัม (Cellular),"จอภาพ Liquid Retina ขนาด 8.3 นิ้ว, ความละเอียด 2266 x 1488 พิกเซลที่ 326 ppi, ความสว่าง 500 นิต, รองรับ Apple Pencil Pro",กล้องหลังไวด์ 12MP (ƒ/1.8) + กล้องหน้า Ultra Wide 12MP,ดูวิดีโอนานสูงสุด 10 ชั่วโมง,"iPad mini, สายชาร์จ USB-C (1 ม.), อะแดปเตอร์แปลงไฟ USB-C 20W",data/images_transparent/ipad/ipad-mini/purple.png,https://store.storeimages.cdn-apple.com/1/as-images.apple.com/is/ipad-mini-finish-purple-202410?wid=2560&hei=2560&fmt=jpeg&qlt=95,https://www.apple.com/th/ipad-mini/specs/,https://www.apple.com/th/shop/buy-ipad/ipad-mini
TH-IPADMINIA17-PURPLE-256GBCEL-2D36,ipad,iPad mini,ipad-mini-a17,,iPad mini (A17 Pro),"8.3""",,,ม่วง,Purple,#D1CDDA,27900,,195.4 x 134.8 x 6.3 มม.,293 กรัม (Wi-Fi) / 297 กรัม (Cellular),"จอภาพ Liquid Retina ขนาด 8.3 นิ้ว, ความละเอียด 2266 x 1488 พิกเซลที่ 326 ppi, ความสว่าง 500 นิต, รองรับ Apple Pencil Pro",กล้องหลังไวด์ 12MP (ƒ/1.8) + กล้องหน้า Ultra Wide 12MP,ดูวิดีโอนานสูงสุด 10 ชั่วโมง,"iPad mini, สายชาร์จ USB-C (1 ม.), อะแดปเตอร์แปลงไฟ USB-C 20W",data/images_transparent/ipad/ipad-mini/purple.png,https://store.storeimages.cdn-apple.com/1/as-images.apple.com/is/ipad-mini-finish-purple-202410?wid=2560&hei=2560&fmt=jpeg&qlt=95,https://www.apple.com/th/ipad-mini/specs/,https://www.apple.com/th/shop/buy-ipad/ipad-mini
TH-IPADMINIA17-PURPLE-512GBCEL-8950,ipad,iPad mini,ipad-mini-a17,,iPad mini (A17 Pro),"8.3""",,,ม่วง,Purple,#D1CDDA,35900,,195.4 x 134.8 x 6.3 มม.,293 กรัม (Wi-Fi) / 297 กรัม (Cellular),"จอภาพ Liquid Retina ขนาด 8.3 นิ้ว, ความละเอียด 2266 x 1488 พิกเซลที่ 326 ppi, ความสว่าง 500 นิต, รองรับ Apple Pencil Pro",กล้องหลังไวด์ 12MP (ƒ/1.8) + กล้องหน้า Ultra Wide 12MP,ดูวิดีโอนานสูงสุด 10 ชั่วโมง,"iPad mini, สายชาร์จ USB-C (1 ม.), อะแดปเตอร์แปลงไฟ USB-C 20W",data/images_transparent/ipad/ipad-mini/purple.png,https://store.storeimages.cdn-apple.com/1/as-images.apple.com/is/ipad-mini-finish-purple-202410?wid=2560&hei=2560&fmt=jpeg&qlt=95,https://www.apple.com/th/ipad-mini/specs/,https://www.apple.com/th/shop/buy-ipad/ipad-mini
TH-IPADMINIA17-STARLIGHT-128GBWIF-A4E1,ipad,iPad mini,ipad-mini-a17,,iPad mini (A17 Pro),"8.3""",,,สตาร์ไลท์,Starlight,#F0ECE1,17900,,195.4 x 134.8 x 6.3 มม.,293 กรัม (Wi-Fi) / 297 กรัม (Cellular),"จอภาพ Liquid Retina ขนาด 8.3 นิ้ว, ความละเอียด 2266 x 1488 พิกเซลที่ 326 ppi, ความสว่าง 500 นิต, รองรับ Apple Pencil Pro",กล้องหลังไวด์ 12MP (ƒ/1.8) + กล้องหน้า Ultra Wide 12MP,ดูวิดีโอนานสูงสุด 10 ชั่วโมง,"iPad mini, สายชาร์จ USB-C (1 ม.), อะแดปเตอร์แปลงไฟ USB-C 20W",data/images_transparent/ipad/ipad-mini/starlight.png,https://store.storeimages.cdn-apple.com/1/as-images.apple.com/is/ipad-mini-finish-starlight-202410?wid=2560&hei=2560&fmt=jpeg&qlt=95,https://www.apple.com/th/ipad-mini/specs/,https://www.apple.com/th/shop/buy-ipad/ipad-mini
TH-IPADMINIA17-STARLIGHT-256GBWIF-FC99,ipad,iPad mini,ipad-mini-a17,,iPad mini (A17 Pro),"8.3""",,,สตาร์ไลท์,Starlight,#F0ECE1,21900,,195.4 x 134.8 x 6.3 มม.,293 กรัม (Wi-Fi) / 297 กรัม (Cellular),"จอภาพ Liquid Retina ขนาด 8.3 นิ้ว, ความละเอียด 2266 x 1488 พิกเซลที่ 326 ppi, ความสว่าง 500 นิต, รองรับ Apple Pencil Pro",กล้องหลังไวด์ 12MP (ƒ/1.8) + กล้องหน้า Ultra Wide 12MP,ดูวิดีโอนานสูงสุด 10 ชั่วโมง,"iPad mini, สายชาร์จ USB-C (1 ม.), อะแดปเตอร์แปลงไฟ USB-C 20W",data/images_transparent/ipad/ipad-mini/starlight.png,https://store.storeimages.cdn-apple.com/1/as-images.apple.com/is/ipad-mini-finish-starlight-202410?wid=2560&hei=2560&fmt=jpeg&qlt=95,https://www.apple.com/th/ipad-mini/specs/,https://www.apple.com/th/shop/buy-ipad/ipad-mini
TH-IPADMINIA17-STARLIGHT-512GBWIF-82B5,ipad,iPad mini,ipad-mini-a17,,iPad mini (A17 Pro),"8.3""",,,สตาร์ไลท์,Starlight,#F0ECE1,29900,,195.4 x 134.8 x 6.3 มม.,293 กรัม (Wi-Fi) / 297 กรัม (Cellular),"จอภาพ Liquid Retina ขนาด 8.3 นิ้ว, ความละเอียด 2266 x 1488 พิกเซลที่ 326 ppi, ความสว่าง 500 นิต, รองรับ Apple Pencil Pro",กล้องหลังไวด์ 12MP (ƒ/1.8) + กล้องหน้า Ultra Wide 12MP,ดูวิดีโอนานสูงสุด 10 ชั่วโมง,"iPad mini, สายชาร์จ USB-C (1 ม.), อะแดปเตอร์แปลงไฟ USB-C 20W",data/images_transparent/ipad/ipad-mini/starlight.png,https://store.storeimages.cdn-apple.com/1/as-images.apple.com/is/ipad-mini-finish-starlight-202410?wid=2560&hei=2560&fmt=jpeg&qlt=95,https://www.apple.com/th/ipad-mini/specs/,https://www.apple.com/th/shop/buy-ipad/ipad-mini
TH-IPADMINIA17-STARLIGHT-128GBCEL-CCD6,ipad,iPad mini,ipad-mini-a17,,iPad mini (A17 Pro),"8.3""",,,สตาร์ไลท์,Starlight,#F0ECE1,23900,,195.4 x 134.8 x 6.3 มม.,293 กรัม (Wi-Fi) / 297 กรัม (Cellular),"จอภาพ Liquid Retina ขนาด 8.3 นิ้ว, ความละเอียด 2266 x 1488 พิกเซลที่ 326 ppi, ความสว่าง 500 นิต, รองรับ Apple Pencil Pro",กล้องหลังไวด์ 12MP (ƒ/1.8) + กล้องหน้า Ultra Wide 12MP,ดูวิดีโอนานสูงสุด 10 ชั่วโมง,"iPad mini, สายชาร์จ USB-C (1 ม.), อะแดปเตอร์แปลงไฟ USB-C 20W",data/images_transparent/ipad/ipad-mini/starlight.png,https://store.storeimages.cdn-apple.com/1/as-images.apple.com/is/ipad-mini-finish-starlight-202410?wid=2560&hei=2560&fmt=jpeg&qlt=95,https://www.apple.com/th/ipad-mini/specs/,https://www.apple.com/th/shop/buy-ipad/ipad-mini
TH-IPADMINIA17-STARLIGHT-256GBCEL-A64C,ipad,iPad mini,ipad-mini-a17,,iPad mini (A17 Pro),"8.3""",,,สตาร์ไลท์,Starlight,#F0ECE1,27900,,195.4 x 134.8 x 6.3 มม.,293 กรัม (Wi-Fi) / 297 กรัม (Cellular),"จอภาพ Liquid Retina ขนาด 8.3 นิ้ว, ความละเอียด 2266 x 1488 พิกเซลที่ 326 ppi, ความสว่าง 500 นิต, รองรับ Apple Pencil Pro",กล้องหลังไวด์ 12MP (ƒ/1.8) + กล้องหน้า Ultra Wide 12MP,ดูวิดีโอนานสูงสุด 10 ชั่วโมง,"iPad mini, สายชาร์จ USB-C (1 ม.), อะแดปเตอร์แปลงไฟ USB-C 20W",data/images_transparent/ipad/ipad-mini/starlight.png,https://store.storeimages.cdn-apple.com/1/as-images.apple.com/is/ipad-mini-finish-starlight-202410?wid=2560&hei=2560&fmt=jpeg&qlt=95,https://www.apple.com/th/ipad-mini/specs/,https://www.apple.com/th/shop/buy-ipad/ipad-mini
TH-IPADMINIA17-STARLIGHT-512GBCEL-70F9,ipad,iPad mini,ipad-mini-a17,,iPad mini (A17 Pro),"8.3""",,,สตาร์ไลท์,Starlight,#F0ECE1,35900,,195.4 x 134.8 x 6.3 มม.,293 กรัม (Wi-Fi) / 297 กรัม (Cellular),"จอภาพ Liquid Retina ขนาด 8.3 นิ้ว, ความละเอียด 2266 x 1488 พิกเซลที่ 326 ppi, ความสว่าง 500 นิต, รองรับ Apple Pencil Pro",กล้องหลังไวด์ 12MP (ƒ/1.8) + กล้องหน้า Ultra Wide 12MP,ดูวิดีโอนานสูงสุด 10 ชั่วโมง,"iPad mini, สายชาร์จ USB-C (1 ม.), อะแดปเตอร์แปลงไฟ USB-C 20W",data/images_transparent/ipad/ipad-mini/starlight.png,https://store.storeimages.cdn-apple.com/1/as-images.apple.com/is/ipad-mini-finish-starlight-202410?wid=2560&hei=2560&fmt=jpeg&qlt=95,https://www.apple.com/th/ipad-mini/specs/,https://www.apple.com/th/shop/buy-ipad/ipad-mini
TH-MACBOOKPRO14-SPACEBLACK-M416GB51-FBCD,mac,MacBook Pro,macbook-pro-14,,MacBook Pro 14-inch (M4 / M4 Pro / M4 Max),"14.2""",,,ดำสเปซแบล็ค,Space Black,#2E2C2F,54900,,312.6 x 221.2 x 15.5 มม.,"1,550 กรัม (M4) / 1,600 กรัม (M4 Pro/Max)","จอภาพ Liquid Retina XDR ขนาด 14.2 นิ้ว, ความละเอียด 3024 x 1964 พิกเซลที่ 254 ppi, ProMotion 120Hz, ความสว่าง SDR สูงสุด 1,000 นิต, XDR สูงสุด 1,600 นิต, ตัวเลือกกระจก Nano-texture","กล้อง 12MP Center Stage รองรับ Desk View และวิดีโอ 1080p HD, ระบบเสียง 6 ลำโพงพร้อมวูฟเฟอร์ตัดแรงสั่นสะเทือน","เล่นวิดีโอนานสูงสุด 24 ชั่วโมง (M4) / สูงสุด 22 ชั่วโมง (M4 Pro/Max), ท่องเว็บแบบไร้สายสูงสุด 16 ชั่วโมง, ชาร์จเร็วผ่านอะแดปเตอร์ 70W หรือ 96W","MacBook Pro 14 นิ้ว, สาย USB-C เป็น MagSafe 3 (2 ม.), อะแดปเตอร์แปลงไฟ USB-C ขนาด 70W (สำหรับ M4) หรือ 96W (สำหรับ M4 Pro)",data/images_transparent/mac/macbook-pro/space-black.png,https://store.storeimages.cdn-apple.com/1/as-images.apple.com/is/mbp14-spaceblack-select-202410?wid=2560&hei=2560&fmt=jpeg&qlt=95,https://www.apple.com/th/macbook-pro/specs/,https://www.apple.com/th/shop/buy-mac/macbook-pro
TH-MACBOOKPRO14-SPACEBLACK-M416GB1T-B6DF,mac,MacBook Pro,macbook-pro-14,,MacBook Pro 14-inch (M4 / M4 Pro / M4 Max),"14.2""",,,ดำสเปซแบล็ค,Space Black,#2E2C2F,61900,,312.6 x 221.2 x 15.5 มม.,"1,550 กรัม (M4) / 1,600 กรัม (M4 Pro/Max)","จอภาพ Liquid Retina XDR ขนาด 14.2 นิ้ว, ความละเอียด 3024 x 1964 พิกเซลที่ 254 ppi, ProMotion 120Hz, ความสว่าง SDR สูงสุด 1,000 นิต, XDR สูงสุด 1,600 นิต, ตัวเลือกกระจก Nano-texture","กล้อง 12MP Center Stage รองรับ Desk View และวิดีโอ 1080p HD, ระบบเสียง 6 ลำโพงพร้อมวูฟเฟอร์ตัดแรงสั่นสะเทือน","เล่นวิดีโอนานสูงสุด 24 ชั่วโมง (M4) / สูงสุด 22 ชั่วโมง (M4 Pro/Max), ท่องเว็บแบบไร้สายสูงสุด 16 ชั่วโมง, ชาร์จเร็วผ่านอะแดปเตอร์ 70W หรือ 96W","MacBook Pro 14 นิ้ว, สาย USB-C เป็น MagSafe 3 (2 ม.), อะแดปเตอร์แปลงไฟ USB-C ขนาด 70W (สำหรับ M4) หรือ 96W (สำหรับ M4 Pro)",data/images_transparent/mac/macbook-pro/space-black.png,https://store.storeimages.cdn-apple.com/1/as-images.apple.com/is/mbp14-spaceblack-select-202410?wid=2560&hei=2560&fmt=jpeg&qlt=95,https://www.apple.com/th/macbook-pro/specs/,https://www.apple.com/th/shop/buy-mac/macbook-pro
TH-MACBOOKPRO14-SPACEBLACK-M424GB1T-C8BA,mac,MacBook Pro,macbook-pro-14,,MacBook Pro 14-inch (M4 / M4 Pro / M4 Max),"14.2""",,,ดำสเปซแบล็ค,Space Black,#2E2C2F,68900,,312.6 x 221.2 x 15.5 มม.,"1,550 กรัม (M4) / 1,600 กรัม (M4 Pro/Max)","จอภาพ Liquid Retina XDR ขนาด 14.2 นิ้ว, ความละเอียด 3024 x 1964 พิกเซลที่ 254 ppi, ProMotion 120Hz, ความสว่าง SDR สูงสุด 1,000 นิต, XDR สูงสุด 1,600 นิต, ตัวเลือกกระจก Nano-texture","กล้อง 12MP Center Stage รองรับ Desk View และวิดีโอ 1080p HD, ระบบเสียง 6 ลำโพงพร้อมวูฟเฟอร์ตัดแรงสั่นสะเทือน","เล่นวิดีโอนานสูงสุด 24 ชั่วโมง (M4) / สูงสุด 22 ชั่วโมง (M4 Pro/Max), ท่องเว็บแบบไร้สายสูงสุด 16 ชั่วโมง, ชาร์จเร็วผ่านอะแดปเตอร์ 70W หรือ 96W","MacBook Pro 14 นิ้ว, สาย USB-C เป็น MagSafe 3 (2 ม.), อะแดปเตอร์แปลงไฟ USB-C ขนาด 70W (สำหรับ M4) หรือ 96W (สำหรับ M4 Pro)",data/images_transparent/mac/macbook-pro/space-black.png,https://store.storeimages.cdn-apple.com/1/as-images.apple.com/is/mbp14-spaceblack-select-202410?wid=2560&hei=2560&fmt=jpeg&qlt=95,https://www.apple.com/th/macbook-pro/specs/,https://www.apple.com/th/shop/buy-mac/macbook-pro
TH-MACBOOKPRO14-SPACEBLACK-M4PRO24G-B696,mac,MacBook Pro,macbook-pro-14,,MacBook Pro 14-inch (M4 / M4 Pro / M4 Max),"14.2""",,,ดำสเปซแบล็ค,Space Black,#2E2C2F,69900,,312.6 x 221.2 x 15.5 มม.,"1,550 กรัม (M4) / 1,600 กรัม (M4 Pro/Max)","จอภาพ Liquid Retina XDR ขนาด 14.2 นิ้ว, ความละเอียด 3024 x 1964 พิกเซลที่ 254 ppi, ProMotion 120Hz, ความสว่าง SDR สูงสุด 1,000 นิต, XDR สูงสุด 1,600 นิต, ตัวเลือกกระจก Nano-texture","กล้อง 12MP Center Stage รองรับ Desk View และวิดีโอ 1080p HD, ระบบเสียง 6 ลำโพงพร้อมวูฟเฟอร์ตัดแรงสั่นสะเทือน","เล่นวิดีโอนานสูงสุด 24 ชั่วโมง (M4) / สูงสุด 22 ชั่วโมง (M4 Pro/Max), ท่องเว็บแบบไร้สายสูงสุด 16 ชั่วโมง, ชาร์จเร็วผ่านอะแดปเตอร์ 70W หรือ 96W","MacBook Pro 14 นิ้ว, สาย USB-C เป็น MagSafe 3 (2 ม.), อะแดปเตอร์แปลงไฟ USB-C ขนาด 70W (สำหรับ M4) หรือ 96W (สำหรับ M4 Pro)",data/images_transparent/mac/macbook-pro/space-black.png,https://store.storeimages.cdn-apple.com/1/as-images.apple.com/is/mbp14-spaceblack-select-202410?wid=2560&hei=2560&fmt=jpeg&qlt=95,https://www.apple.com/th/macbook-pro/specs/,https://www.apple.com/th/shop/buy-mac/macbook-pro
TH-MACBOOKPRO14-SPACEBLACK-M4PRO24G-BA90,mac,MacBook Pro,macbook-pro-14,,MacBook Pro 14-inch (M4 / M4 Pro / M4 Max),"14.2""",,,ดำสเปซแบล็ค,Space Black,#2E2C2F,76900,,312.6 x 221.2 x 15.5 มม.,"1,550 กรัม (M4) / 1,600 กรัม (M4 Pro/Max)","จอภาพ Liquid Retina XDR ขนาด 14.2 นิ้ว, ความละเอียด 3024 x 1964 พิกเซลที่ 254 ppi, ProMotion 120Hz, ความสว่าง SDR สูงสุด 1,000 นิต, XDR สูงสุด 1,600 นิต, ตัวเลือกกระจก Nano-texture","กล้อง 12MP Center Stage รองรับ Desk View และวิดีโอ 1080p HD, ระบบเสียง 6 ลำโพงพร้อมวูฟเฟอร์ตัดแรงสั่นสะเทือน","เล่นวิดีโอนานสูงสุด 24 ชั่วโมง (M4) / สูงสุด 22 ชั่วโมง (M4 Pro/Max), ท่องเว็บแบบไร้สายสูงสุด 16 ชั่วโมง, ชาร์จเร็วผ่านอะแดปเตอร์ 70W หรือ 96W","MacBook Pro 14 นิ้ว, สาย USB-C เป็น MagSafe 3 (2 ม.), อะแดปเตอร์แปลงไฟ USB-C ขนาด 70W (สำหรับ M4) หรือ 96W (สำหรับ M4 Pro)",data/images_transparent/mac/macbook-pro/space-black.png,https://store.storeimages.cdn-apple.com/1/as-images.apple.com/is/mbp14-spaceblack-select-202410?wid=2560&hei=2560&fmt=jpeg&qlt=95,https://www.apple.com/th/macbook-pro/specs/,https://www.apple.com/th/shop/buy-mac/macbook-pro
TH-MACBOOKPRO14-SPACEBLACK-M4MAX36G-8706,mac,MacBook Pro,macbook-pro-14,,MacBook Pro 14-inch (M4 / M4 Pro / M4 Max),"14.2""",,,ดำสเปซแบล็ค,Space Black,#2E2C2F,112900,,312.6 x 221.2 x 15.5 มม.,"1,550 กรัม (M4) / 1,600 กรัม (M4 Pro/Max)","จอภาพ Liquid Retina XDR ขนาด 14.2 นิ้ว, ความละเอียด 3024 x 1964 พิกเซลที่ 254 ppi, ProMotion 120Hz, ความสว่าง SDR สูงสุด 1,000 นิต, XDR สูงสุด 1,600 นิต, ตัวเลือกกระจก Nano-texture","กล้อง 12MP Center Stage รองรับ Desk View และวิดีโอ 1080p HD, ระบบเสียง 6 ลำโพงพร้อมวูฟเฟอร์ตัดแรงสั่นสะเทือน","เล่นวิดีโอนานสูงสุด 24 ชั่วโมง (M4) / สูงสุด 22 ชั่วโมง (M4 Pro/Max), ท่องเว็บแบบไร้สายสูงสุด 16 ชั่วโมง, ชาร์จเร็วผ่านอะแดปเตอร์ 70W หรือ 96W","MacBook Pro 14 นิ้ว, สาย USB-C เป็น MagSafe 3 (2 ม.), อะแดปเตอร์แปลงไฟ USB-C ขนาด 70W (สำหรับ M4) หรือ 96W (สำหรับ M4 Pro)",data/images_transparent/mac/macbook-pro/space-black.png,https://store.storeimages.cdn-apple.com/1/as-images.apple.com/is/mbp14-spaceblack-select-202410?wid=2560&hei=2560&fmt=jpeg&qlt=95,https://www.apple.com/th/macbook-pro/specs/,https://www.apple.com/th/shop/buy-mac/macbook-pro
TH-MACBOOKPRO14-SILVER-M416GB51-DC9A,mac,MacBook Pro,macbook-pro-14,,MacBook Pro 14-inch (M4 / M4 Pro / M4 Max),"14.2""",,,เงิน,Silver,#E3E4E5,54900,,312.6 x 221.2 x 15.5 มม.,"1,550 กรัม (M4) / 1,600 กรัม (M4 Pro/Max)","จอภาพ Liquid Retina XDR ขนาด 14.2 นิ้ว, ความละเอียด 3024 x 1964 พิกเซลที่ 254 ppi, ProMotion 120Hz, ความสว่าง SDR สูงสุด 1,000 นิต, XDR สูงสุด 1,600 นิต, ตัวเลือกกระจก Nano-texture","กล้อง 12MP Center Stage รองรับ Desk View และวิดีโอ 1080p HD, ระบบเสียง 6 ลำโพงพร้อมวูฟเฟอร์ตัดแรงสั่นสะเทือน","เล่นวิดีโอนานสูงสุด 24 ชั่วโมง (M4) / สูงสุด 22 ชั่วโมง (M4 Pro/Max), ท่องเว็บแบบไร้สายสูงสุด 16 ชั่วโมง, ชาร์จเร็วผ่านอะแดปเตอร์ 70W หรือ 96W","MacBook Pro 14 นิ้ว, สาย USB-C เป็น MagSafe 3 (2 ม.), อะแดปเตอร์แปลงไฟ USB-C ขนาด 70W (สำหรับ M4) หรือ 96W (สำหรับ M4 Pro)",data/images_transparent/mac/macbook-pro/silver.png,https://store.storeimages.cdn-apple.com/1/as-images.apple.com/is/mbp14-silver-select-202410?wid=2560&hei=2560&fmt=jpeg&qlt=95,https://www.apple.com/th/macbook-pro/specs/,https://www.apple.com/th/shop/buy-mac/macbook-pro
TH-MACBOOKPRO14-SILVER-M416GB1T-AE03,mac,MacBook Pro,macbook-pro-14,,MacBook Pro 14-inch (M4 / M4 Pro / M4 Max),"14.2""",,,เงิน,Silver,#E3E4E5,61900,,312.6 x 221.2 x 15.5 มม.,"1,550 กรัม (M4) / 1,600 กรัม (M4 Pro/Max)","จอภาพ Liquid Retina XDR ขนาด 14.2 นิ้ว, ความละเอียด 3024 x 1964 พิกเซลที่ 254 ppi, ProMotion 120Hz, ความสว่าง SDR สูงสุด 1,000 นิต, XDR สูงสุด 1,600 นิต, ตัวเลือกกระจก Nano-texture","กล้อง 12MP Center Stage รองรับ Desk View และวิดีโอ 1080p HD, ระบบเสียง 6 ลำโพงพร้อมวูฟเฟอร์ตัดแรงสั่นสะเทือน","เล่นวิดีโอนานสูงสุด 24 ชั่วโมง (M4) / สูงสุด 22 ชั่วโมง (M4 Pro/Max), ท่องเว็บแบบไร้สายสูงสุด 16 ชั่วโมง, ชาร์จเร็วผ่านอะแดปเตอร์ 70W หรือ 96W","MacBook Pro 14 นิ้ว, สาย USB-C เป็น MagSafe 3 (2 ม.), อะแดปเตอร์แปลงไฟ USB-C ขนาด 70W (สำหรับ M4) หรือ 96W (สำหรับ M4 Pro)",data/images_transparent/mac/macbook-pro/silver.png,https://store.storeimages.cdn-apple.com/1/as-images.apple.com/is/mbp14-silver-select-202410?wid=2560&hei=2560&fmt=jpeg&qlt=95,https://www.apple.com/th/macbook-pro/specs/,https://www.apple.com/th/shop/buy-mac/macbook-pro
TH-MACBOOKPRO14-SILVER-M424GB1T-C0BD,mac,MacBook Pro,macbook-pro-14,,MacBook Pro 14-inch (M4 / M4 Pro / M4 Max),"14.2""",,,เงิน,Silver,#E3E4E5,68900,,312.6 x 221.2 x 15.5 มม.,"1,550 กรัม (M4) / 1,600 กรัม (M4 Pro/Max)","จอภาพ Liquid Retina XDR ขนาด 14.2 นิ้ว, ความละเอียด 3024 x 1964 พิกเซลที่ 254 ppi, ProMotion 120Hz, ความสว่าง SDR สูงสุด 1,000 นิต, XDR สูงสุด 1,600 นิต, ตัวเลือกกระจก Nano-texture","กล้อง 12MP Center Stage รองรับ Desk View และวิดีโอ 1080p HD, ระบบเสียง 6 ลำโพงพร้อมวูฟเฟอร์ตัดแรงสั่นสะเทือน","เล่นวิดีโอนานสูงสุด 24 ชั่วโมง (M4) / สูงสุด 22 ชั่วโมง (M4 Pro/Max), ท่องเว็บแบบไร้สายสูงสุด 16 ชั่วโมง, ชาร์จเร็วผ่านอะแดปเตอร์ 70W หรือ 96W","MacBook Pro 14 นิ้ว, สาย USB-C เป็น MagSafe 3 (2 ม.), อะแดปเตอร์แปลงไฟ USB-C ขนาด 70W (สำหรับ M4) หรือ 96W (สำหรับ M4 Pro)",data/images_transparent/mac/macbook-pro/silver.png,https://store.storeimages.cdn-apple.com/1/as-images.apple.com/is/mbp14-silver-select-202410?wid=2560&hei=2560&fmt=jpeg&qlt=95,https://www.apple.com/th/macbook-pro/specs/,https://www.apple.com/th/shop/buy-mac/macbook-pro
TH-MACBOOKPRO14-SILVER-M4PRO24G-D9B9,mac,MacBook Pro,macbook-pro-14,,MacBook Pro 14-inch (M4 / M4 Pro / M4 Max),"14.2""",,,เงิน,Silver,#E3E4E5,69900,,312.6 x 221.2 x 15.5 มม.,"1,550 กรัม (M4) / 1,600 กรัม (M4 Pro/Max)","จอภาพ Liquid Retina XDR ขนาด 14.2 นิ้ว, ความละเอียด 3024 x 1964 พิกเซลที่ 254 ppi, ProMotion 120Hz, ความสว่าง SDR สูงสุด 1,000 นิต, XDR สูงสุด 1,600 นิต, ตัวเลือกกระจก Nano-texture","กล้อง 12MP Center Stage รองรับ Desk View และวิดีโอ 1080p HD, ระบบเสียง 6 ลำโพงพร้อมวูฟเฟอร์ตัดแรงสั่นสะเทือน","เล่นวิดีโอนานสูงสุด 24 ชั่วโมง (M4) / สูงสุด 22 ชั่วโมง (M4 Pro/Max), ท่องเว็บแบบไร้สายสูงสุด 16 ชั่วโมง, ชาร์จเร็วผ่านอะแดปเตอร์ 70W หรือ 96W","MacBook Pro 14 นิ้ว, สาย USB-C เป็น MagSafe 3 (2 ม.), อะแดปเตอร์แปลงไฟ USB-C ขนาด 70W (สำหรับ M4) หรือ 96W (สำหรับ M4 Pro)",data/images_transparent/mac/macbook-pro/silver.png,https://store.storeimages.cdn-apple.com/1/as-images.apple.com/is/mbp14-silver-select-202410?wid=2560&hei=2560&fmt=jpeg&qlt=95,https://www.apple.com/th/macbook-pro/specs/,https://www.apple.com/th/shop/buy-mac/macbook-pro
TH-MACBOOKPRO14-SILVER-M4PRO24G-AB08,mac,MacBook Pro,macbook-pro-14,,MacBook Pro 14-inch (M4 / M4 Pro / M4 Max),"14.2""",,,เงิน,Silver,#E3E4E5,76900,,312.6 x 221.2 x 15.5 มม.,"1,550 กรัม (M4) / 1,600 กรัม (M4 Pro/Max)","จอภาพ Liquid Retina XDR ขนาด 14.2 นิ้ว, ความละเอียด 3024 x 1964 พิกเซลที่ 254 ppi, ProMotion 120Hz, ความสว่าง SDR สูงสุด 1,000 นิต, XDR สูงสุด 1,600 นิต, ตัวเลือกกระจก Nano-texture","กล้อง 12MP Center Stage รองรับ Desk View และวิดีโอ 1080p HD, ระบบเสียง 6 ลำโพงพร้อมวูฟเฟอร์ตัดแรงสั่นสะเทือน","เล่นวิดีโอนานสูงสุด 24 ชั่วโมง (M4) / สูงสุด 22 ชั่วโมง (M4 Pro/Max), ท่องเว็บแบบไร้สายสูงสุด 16 ชั่วโมง, ชาร์จเร็วผ่านอะแดปเตอร์ 70W หรือ 96W","MacBook Pro 14 นิ้ว, สาย USB-C เป็น MagSafe 3 (2 ม.), อะแดปเตอร์แปลงไฟ USB-C ขนาด 70W (สำหรับ M4) หรือ 96W (สำหรับ M4 Pro)",data/images_transparent/mac/macbook-pro/silver.png,https://store.storeimages.cdn-apple.com/1/as-images.apple.com/is/mbp14-silver-select-202410?wid=2560&hei=2560&fmt=jpeg&qlt=95,https://www.apple.com/th/macbook-pro/specs/,https://www.apple.com/th/shop/buy-mac/macbook-pro
TH-MACBOOKPRO14-SILVER-M4MAX36G-8B2F,mac,MacBook Pro,macbook-pro-14,,MacBook Pro 14-inch (M4 / M4 Pro / M4 Max),"14.2""",,,เงิน,Silver,#E3E4E5,112900,,312.6 x 221.2 x 15.5 มม.,"1,550 กรัม (M4) / 1,600 กรัม (M4 Pro/Max)","จอภาพ Liquid Retina XDR ขนาด 14.2 นิ้ว, ความละเอียด 3024 x 1964 พิกเซลที่ 254 ppi, ProMotion 120Hz, ความสว่าง SDR สูงสุด 1,000 นิต, XDR สูงสุด 1,600 นิต, ตัวเลือกกระจก Nano-texture","กล้อง 12MP Center Stage รองรับ Desk View และวิดีโอ 1080p HD, ระบบเสียง 6 ลำโพงพร้อมวูฟเฟอร์ตัดแรงสั่นสะเทือน","เล่นวิดีโอนานสูงสุด 24 ชั่วโมง (M4) / สูงสุด 22 ชั่วโมง (M4 Pro/Max), ท่องเว็บแบบไร้สายสูงสุด 16 ชั่วโมง, ชาร์จเร็วผ่านอะแดปเตอร์ 70W หรือ 96W","MacBook Pro 14 นิ้ว, สาย USB-C เป็น MagSafe 3 (2 ม.), อะแดปเตอร์แปลงไฟ USB-C ขนาด 70W (สำหรับ M4) หรือ 96W (สำหรับ M4 Pro)",data/images_transparent/mac/macbook-pro/silver.png,https://store.storeimages.cdn-apple.com/1/as-images.apple.com/is/mbp14-silver-select-202410?wid=2560&hei=2560&fmt=jpeg&qlt=95,https://www.apple.com/th/macbook-pro/specs/,https://www.apple.com/th/shop/buy-mac/macbook-pro
TH-MACBOOKPRO16-SPACEBLACK-M4PRO24G-A29B,mac,MacBook Pro,macbook-pro-16,,MacBook Pro 16-inch (M4 Pro / M4 Max),"16.2""",,,ดำสเปซแบล็ค,Space Black,#2E2C2F,89900,,355.7 x 248.1 x 16.8 มม.,"2,140 กรัม (M4 Pro) / 2,150 กรัม (M4 Max)","จอภาพ Liquid Retina XDR ขนาด 16.2 นิ้ว, ความละเอียด 3456 x 2234 พิกเซลที่ 254 ppi, ProMotion 120Hz, ความสว่าง XDR 1,600 นิต, ตัวเลือกกระจก Nano-texture","กล้อง 12MP Center Stage พร้อม Desk View, ระบบเสียง 6 ลำโพงความเที่ยงตรงสูงระดับสตูดิโอ","เล่นวิดีโอนานสูงสุด 24 ชั่วโมง (แบตเตอรี่ที่ยาวนานที่สุดใน Mac ทุกรุ่น), รองรับอะแดปเตอร์แปลงไฟ USB-C 140W","MacBook Pro 16 นิ้ว, สาย USB-C เป็น MagSafe 3 (2 ม.), อะแดปเตอร์แปลงไฟ USB-C 140W",data/images_transparent/mac/macbook-pro/space-black.png,https://store.storeimages.cdn-apple.com/1/as-images.apple.com/is/mbp14-spaceblack-select-202410?wid=2560&hei=2560&fmt=jpeg&qlt=95,https://www.apple.com/th/macbook-pro/specs/,https://www.apple.com/th/shop/buy-mac/macbook-pro
TH-MACBOOKPRO16-SPACEBLACK-M4PRO48G-8403,mac,MacBook Pro,macbook-pro-16,,MacBook Pro 16-inch (M4 Pro / M4 Max),"16.2""",,,ดำสเปซแบล็ค,Space Black,#2E2C2F,103900,,355.7 x 248.1 x 16.8 มม.,"2,140 กรัม (M4 Pro) / 2,150 กรัม (M4 Max)","จอภาพ Liquid Retina XDR ขนาด 16.2 นิ้ว, ความละเอียด 3456 x 2234 พิกเซลที่ 254 ppi, ProMotion 120Hz, ความสว่าง XDR 1,600 นิต, ตัวเลือกกระจก Nano-texture","กล้อง 12MP Center Stage พร้อม Desk View, ระบบเสียง 6 ลำโพงความเที่ยงตรงสูงระดับสตูดิโอ","เล่นวิดีโอนานสูงสุด 24 ชั่วโมง (แบตเตอรี่ที่ยาวนานที่สุดใน Mac ทุกรุ่น), รองรับอะแดปเตอร์แปลงไฟ USB-C 140W","MacBook Pro 16 นิ้ว, สาย USB-C เป็น MagSafe 3 (2 ม.), อะแดปเตอร์แปลงไฟ USB-C 140W",data/images_transparent/mac/macbook-pro/space-black.png,https://store.storeimages.cdn-apple.com/1/as-images.apple.com/is/mbp14-spaceblack-select-202410?wid=2560&hei=2560&fmt=jpeg&qlt=95,https://www.apple.com/th/macbook-pro/specs/,https://www.apple.com/th/shop/buy-mac/macbook-pro
TH-MACBOOKPRO16-SPACEBLACK-M4MAX36G-E8B0,mac,MacBook Pro,macbook-pro-16,,MacBook Pro 16-inch (M4 Pro / M4 Max),"16.2""",,,ดำสเปซแบล็ค,Space Black,#2E2C2F,124900,,355.7 x 248.1 x 16.8 มม.,"2,140 กรัม (M4 Pro) / 2,150 กรัม (M4 Max)","จอภาพ Liquid Retina XDR ขนาด 16.2 นิ้ว, ความละเอียด 3456 x 2234 พิกเซลที่ 254 ppi, ProMotion 120Hz, ความสว่าง XDR 1,600 นิต, ตัวเลือกกระจก Nano-texture","กล้อง 12MP Center Stage พร้อม Desk View, ระบบเสียง 6 ลำโพงความเที่ยงตรงสูงระดับสตูดิโอ","เล่นวิดีโอนานสูงสุด 24 ชั่วโมง (แบตเตอรี่ที่ยาวนานที่สุดใน Mac ทุกรุ่น), รองรับอะแดปเตอร์แปลงไฟ USB-C 140W","MacBook Pro 16 นิ้ว, สาย USB-C เป็น MagSafe 3 (2 ม.), อะแดปเตอร์แปลงไฟ USB-C 140W",data/images_transparent/mac/macbook-pro/space-black.png,https://store.storeimages.cdn-apple.com/1/as-images.apple.com/is/mbp14-spaceblack-select-202410?wid=2560&hei=2560&fmt=jpeg&qlt=95,https://www.apple.com/th/macbook-pro/specs/,https://www.apple.com/th/shop/buy-mac/macbook-pro
TH-MACBOOKPRO16-SPACEBLACK-M4MAX48G-8F7F,mac,MacBook Pro,macbook-pro-16,,MacBook Pro 16-inch (M4 Pro / M4 Max),"16.2""",,,ดำสเปซแบล็ค,Space Black,#2E2C2F,138900,,355.7 x 248.1 x 16.8 มม.,"2,140 กรัม (M4 Pro) / 2,150 กรัม (M4 Max)","จอภาพ Liquid Retina XDR ขนาด 16.2 นิ้ว, ความละเอียด 3456 x 2234 พิกเซลที่ 254 ppi, ProMotion 120Hz, ความสว่าง XDR 1,600 นิต, ตัวเลือกกระจก Nano-texture","กล้อง 12MP Center Stage พร้อม Desk View, ระบบเสียง 6 ลำโพงความเที่ยงตรงสูงระดับสตูดิโอ","เล่นวิดีโอนานสูงสุด 24 ชั่วโมง (แบตเตอรี่ที่ยาวนานที่สุดใน Mac ทุกรุ่น), รองรับอะแดปเตอร์แปลงไฟ USB-C 140W","MacBook Pro 16 นิ้ว, สาย USB-C เป็น MagSafe 3 (2 ม.), อะแดปเตอร์แปลงไฟ USB-C 140W",data/images_transparent/mac/macbook-pro/space-black.png,https://store.storeimages.cdn-apple.com/1/as-images.apple.com/is/mbp14-spaceblack-select-202410?wid=2560&hei=2560&fmt=jpeg&qlt=95,https://www.apple.com/th/macbook-pro/specs/,https://www.apple.com/th/shop/buy-mac/macbook-pro
TH-MACBOOKPRO16-SILVER-M4PRO24G-97BB,mac,MacBook Pro,macbook-pro-16,,MacBook Pro 16-inch (M4 Pro / M4 Max),"16.2""",,,เงิน,Silver,#E3E4E5,89900,,355.7 x 248.1 x 16.8 มม.,"2,140 กรัม (M4 Pro) / 2,150 กรัม (M4 Max)","จอภาพ Liquid Retina XDR ขนาด 16.2 นิ้ว, ความละเอียด 3456 x 2234 พิกเซลที่ 254 ppi, ProMotion 120Hz, ความสว่าง XDR 1,600 นิต, ตัวเลือกกระจก Nano-texture","กล้อง 12MP Center Stage พร้อม Desk View, ระบบเสียง 6 ลำโพงความเที่ยงตรงสูงระดับสตูดิโอ","เล่นวิดีโอนานสูงสุด 24 ชั่วโมง (แบตเตอรี่ที่ยาวนานที่สุดใน Mac ทุกรุ่น), รองรับอะแดปเตอร์แปลงไฟ USB-C 140W","MacBook Pro 16 นิ้ว, สาย USB-C เป็น MagSafe 3 (2 ม.), อะแดปเตอร์แปลงไฟ USB-C 140W",data/images_transparent/mac/macbook-pro/silver.png,https://store.storeimages.cdn-apple.com/1/as-images.apple.com/is/mbp14-silver-select-202410?wid=2560&hei=2560&fmt=jpeg&qlt=95,https://www.apple.com/th/macbook-pro/specs/,https://www.apple.com/th/shop/buy-mac/macbook-pro
TH-MACBOOKPRO16-SILVER-M4PRO48G-7D17,mac,MacBook Pro,macbook-pro-16,,MacBook Pro 16-inch (M4 Pro / M4 Max),"16.2""",,,เงิน,Silver,#E3E4E5,103900,,355.7 x 248.1 x 16.8 มม.,"2,140 กรัม (M4 Pro) / 2,150 กรัม (M4 Max)","จอภาพ Liquid Retina XDR ขนาด 16.2 นิ้ว, ความละเอียด 3456 x 2234 พิกเซลที่ 254 ppi, ProMotion 120Hz, ความสว่าง XDR 1,600 นิต, ตัวเลือกกระจก Nano-texture","กล้อง 12MP Center Stage พร้อม Desk View, ระบบเสียง 6 ลำโพงความเที่ยงตรงสูงระดับสตูดิโอ","เล่นวิดีโอนานสูงสุด 24 ชั่วโมง (แบตเตอรี่ที่ยาวนานที่สุดใน Mac ทุกรุ่น), รองรับอะแดปเตอร์แปลงไฟ USB-C 140W","MacBook Pro 16 นิ้ว, สาย USB-C เป็น MagSafe 3 (2 ม.), อะแดปเตอร์แปลงไฟ USB-C 140W",data/images_transparent/mac/macbook-pro/silver.png,https://store.storeimages.cdn-apple.com/1/as-images.apple.com/is/mbp14-silver-select-202410?wid=2560&hei=2560&fmt=jpeg&qlt=95,https://www.apple.com/th/macbook-pro/specs/,https://www.apple.com/th/shop/buy-mac/macbook-pro
TH-MACBOOKPRO16-SILVER-M4MAX36G-8844,mac,MacBook Pro,macbook-pro-16,,MacBook Pro 16-inch (M4 Pro / M4 Max),"16.2""",,,เงิน,Silver,#E3E4E5,124900,,355.7 x 248.1 x 16.8 มม.,"2,140 กรัม (M4 Pro) / 2,150 กรัม (M4 Max)","จอภาพ Liquid Retina XDR ขนาด 16.2 นิ้ว, ความละเอียด 3456 x 2234 พิกเซลที่ 254 ppi, ProMotion 120Hz, ความสว่าง XDR 1,600 นิต, ตัวเลือกกระจก Nano-texture","กล้อง 12MP Center Stage พร้อม Desk View, ระบบเสียง 6 ลำโพงความเที่ยงตรงสูงระดับสตูดิโอ","เล่นวิดีโอนานสูงสุด 24 ชั่วโมง (แบตเตอรี่ที่ยาวนานที่สุดใน Mac ทุกรุ่น), รองรับอะแดปเตอร์แปลงไฟ USB-C 140W","MacBook Pro 16 นิ้ว, สาย USB-C เป็น MagSafe 3 (2 ม.), อะแดปเตอร์แปลงไฟ USB-C 140W",data/images_transparent/mac/macbook-pro/silver.png,https://store.storeimages.cdn-apple.com/1/as-images.apple.com/is/mbp14-silver-select-202410?wid=2560&hei=2560&fmt=jpeg&qlt=95,https://www.apple.com/th/macbook-pro/specs/,https://www.apple.com/th/shop/buy-mac/macbook-pro
TH-MACBOOKPRO16-SILVER-M4MAX48G-E9A0,mac,MacBook Pro,macbook-pro-16,,MacBook Pro 16-inch (M4 Pro / M4 Max),"16.2""",,,เงิน,Silver,#E3E4E5,138900,,355.7 x 248.1 x 16.8 มม.,"2,140 กรัม (M4 Pro) / 2,150 กรัม (M4 Max)","จอภาพ Liquid Retina XDR ขนาด 16.2 นิ้ว, ความละเอียด 3456 x 2234 พิกเซลที่ 254 ppi, ProMotion 120Hz, ความสว่าง XDR 1,600 นิต, ตัวเลือกกระจก Nano-texture","กล้อง 12MP Center Stage พร้อม Desk View, ระบบเสียง 6 ลำโพงความเที่ยงตรงสูงระดับสตูดิโอ","เล่นวิดีโอนานสูงสุด 24 ชั่วโมง (แบตเตอรี่ที่ยาวนานที่สุดใน Mac ทุกรุ่น), รองรับอะแดปเตอร์แปลงไฟ USB-C 140W","MacBook Pro 16 นิ้ว, สาย USB-C เป็น MagSafe 3 (2 ม.), อะแดปเตอร์แปลงไฟ USB-C 140W",data/images_transparent/mac/macbook-pro/silver.png,https://store.storeimages.cdn-apple.com/1/as-images.apple.com/is/mbp14-silver-select-202410?wid=2560&hei=2560&fmt=jpeg&qlt=95,https://www.apple.com/th/macbook-pro/specs/,https://www.apple.com/th/shop/buy-mac/macbook-pro
TH-MACBOOKAIR13-MIDNIGHT-16GB256G-90A1,mac,MacBook Air,macbook-air-13,,MacBook Air 13-inch (M3),"13.6""",,,มิดไนท์,Midnight,#1E222A,39900,,304.1 x 215.0 x 11.3 มม.,"1,240 กรัม","จอภาพ Liquid Retina ขนาด 13.6 นิ้ว, ความละเอียด 2560 x 1664 พิกเซลที่ 224 ppi, ความสว่าง 500 นิต, ขอบเขตสีกว้าง P3, รองรับจอภาพภายนอกสูงสุด 2 จอ (เมื่อปิดฝาพับ)","กล้อง FaceTime HD 1080p, ระบบเสียง 4 ลำโพงพร้อมระบบเสียงตามตำแหน่ง Spatial Audio","เล่นวิดีโอนานสูงสุด 18 ชั่วโมง, ท่องเว็บไร้สายนานสูงสุด 15 ชั่วโมง","MacBook Air 13 นิ้ว, สาย USB-C เป็น MagSafe 3 (2 ม.), อะแดปเตอร์แปลงไฟ USB-C ขนาด 30W หรือพอร์ตคู่ 35W",data/images_transparent/mac/macbook-air/midnight.png,https://store.storeimages.cdn-apple.com/1/as-images.apple.com/is/mba13-midnight-select-202402?wid=2560&hei=2560&fmt=jpeg&qlt=95,https://www.apple.com/th/macbook-air/specs/,https://www.apple.com/th/shop/buy-mac/macbook-air
TH-MACBOOKAIR13-MIDNIGHT-16GB512G-4EB4,mac,MacBook Air,macbook-air-13,,MacBook Air 13-inch (M3),"13.6""",,,มิดไนท์,Midnight,#1E222A,46900,,304.1 x 215.0 x 11.3 มม.,"1,240 กรัม","จอภาพ Liquid Retina ขนาด 13.6 นิ้ว, ความละเอียด 2560 x 1664 พิกเซลที่ 224 ppi, ความสว่าง 500 นิต, ขอบเขตสีกว้าง P3, รองรับจอภาพภายนอกสูงสุด 2 จอ (เมื่อปิดฝาพับ)","กล้อง FaceTime HD 1080p, ระบบเสียง 4 ลำโพงพร้อมระบบเสียงตามตำแหน่ง Spatial Audio","เล่นวิดีโอนานสูงสุด 18 ชั่วโมง, ท่องเว็บไร้สายนานสูงสุด 15 ชั่วโมง","MacBook Air 13 นิ้ว, สาย USB-C เป็น MagSafe 3 (2 ม.), อะแดปเตอร์แปลงไฟ USB-C ขนาด 30W หรือพอร์ตคู่ 35W",data/images_transparent/mac/macbook-air/midnight.png,https://store.storeimages.cdn-apple.com/1/as-images.apple.com/is/mba13-midnight-select-202402?wid=2560&hei=2560&fmt=jpeg&qlt=95,https://www.apple.com/th/macbook-air/specs/,https://www.apple.com/th/shop/buy-mac/macbook-air
TH-MACBOOKAIR13-MIDNIGHT-24GB512G-8A26,mac,MacBook Air,macbook-air-13,,MacBook Air 13-inch (M3),"13.6""",,,มิดไนท์,Midnight,#1E222A,53900,,304.1 x 215.0 x 11.3 มม.,"1,240 กรัม","จอภาพ Liquid Retina ขนาด 13.6 นิ้ว, ความละเอียด 2560 x 1664 พิกเซลที่ 224 ppi, ความสว่าง 500 นิต, ขอบเขตสีกว้าง P3, รองรับจอภาพภายนอกสูงสุด 2 จอ (เมื่อปิดฝาพับ)","กล้อง FaceTime HD 1080p, ระบบเสียง 4 ลำโพงพร้อมระบบเสียงตามตำแหน่ง Spatial Audio","เล่นวิดีโอนานสูงสุด 18 ชั่วโมง, ท่องเว็บไร้สายนานสูงสุด 15 ชั่วโมง","MacBook Air 13 นิ้ว, สาย USB-C เป็น MagSafe 3 (2 ม.), อะแดปเตอร์แปลงไฟ USB-C ขนาด 30W หรือพอร์ตคู่ 35W",data/images_transparent/mac/macbook-air/midnight.png,https://store.storeimages.cdn-apple.com/1/as-images.apple.com/is/mba13-midnight-select-202402?wid=2560&hei=2560&fmt=jpeg&qlt=95,https://www.apple.com/th/macbook-air/specs/,https://www.apple.com/th/shop/buy-mac/macbook-air
TH-MACBOOKAIR13-STARLIGHT-16GB256G-7DB9,mac,MacBook Air,macbook-air-13,,MacBook Air 13-inch (M3),"13.6""",,,สตาร์ไลท์,Starlight,#F0ECE1,39900,,304.1 x 215.0 x 11.3 มม.,"1,240 กรัม","จอภาพ Liquid Retina ขนาด 13.6 นิ้ว, ความละเอียด 2560 x 1664 พิกเซลที่ 224 ppi, ความสว่าง 500 นิต, ขอบเขตสีกว้าง P3, รองรับจอภาพภายนอกสูงสุด 2 จอ (เมื่อปิดฝาพับ)","กล้อง FaceTime HD 1080p, ระบบเสียง 4 ลำโพงพร้อมระบบเสียงตามตำแหน่ง Spatial Audio","เล่นวิดีโอนานสูงสุด 18 ชั่วโมง, ท่องเว็บไร้สายนานสูงสุด 15 ชั่วโมง","MacBook Air 13 นิ้ว, สาย USB-C เป็น MagSafe 3 (2 ม.), อะแดปเตอร์แปลงไฟ USB-C ขนาด 30W หรือพอร์ตคู่ 35W",data/images_transparent/mac/macbook-air/starlight.png,https://store.storeimages.cdn-apple.com/1/as-images.apple.com/is/mba13-starlight-select-202402?wid=2560&hei=2560&fmt=jpeg&qlt=95,https://www.apple.com/th/macbook-air/specs/,https://www.apple.com/th/shop/buy-mac/macbook-air
TH-MACBOOKAIR13-STARLIGHT-16GB512G-7BD8,mac,MacBook Air,macbook-air-13,,MacBook Air 13-inch (M3),"13.6""",,,สตาร์ไลท์,Starlight,#F0ECE1,46900,,304.1 x 215.0 x 11.3 มม.,"1,240 กรัม","จอภาพ Liquid Retina ขนาด 13.6 นิ้ว, ความละเอียด 2560 x 1664 พิกเซลที่ 224 ppi, ความสว่าง 500 นิต, ขอบเขตสีกว้าง P3, รองรับจอภาพภายนอกสูงสุด 2 จอ (เมื่อปิดฝาพับ)","กล้อง FaceTime HD 1080p, ระบบเสียง 4 ลำโพงพร้อมระบบเสียงตามตำแหน่ง Spatial Audio","เล่นวิดีโอนานสูงสุด 18 ชั่วโมง, ท่องเว็บไร้สายนานสูงสุด 15 ชั่วโมง","MacBook Air 13 นิ้ว, สาย USB-C เป็น MagSafe 3 (2 ม.), อะแดปเตอร์แปลงไฟ USB-C ขนาด 30W หรือพอร์ตคู่ 35W",data/images_transparent/mac/macbook-air/starlight.png,https://store.storeimages.cdn-apple.com/1/as-images.apple.com/is/mba13-starlight-select-202402?wid=2560&hei=2560&fmt=jpeg&qlt=95,https://www.apple.com/th/macbook-air/specs/,https://www.apple.com/th/shop/buy-mac/macbook-air
TH-MACBOOKAIR13-STARLIGHT-24GB512G-FDF6,mac,MacBook Air,macbook-air-13,,MacBook Air 13-inch (M3),"13.6""",,,สตาร์ไลท์,Starlight,#F0ECE1,53900,,304.1 x 215.0 x 11.3 มม.,"1,240 กรัม","จอภาพ Liquid Retina ขนาด 13.6 นิ้ว, ความละเอียด 2560 x 1664 พิกเซลที่ 224 ppi, ความสว่าง 500 นิต, ขอบเขตสีกว้าง P3, รองรับจอภาพภายนอกสูงสุด 2 จอ (เมื่อปิดฝาพับ)","กล้อง FaceTime HD 1080p, ระบบเสียง 4 ลำโพงพร้อมระบบเสียงตามตำแหน่ง Spatial Audio","เล่นวิดีโอนานสูงสุด 18 ชั่วโมง, ท่องเว็บไร้สายนานสูงสุด 15 ชั่วโมง","MacBook Air 13 นิ้ว, สาย USB-C เป็น MagSafe 3 (2 ม.), อะแดปเตอร์แปลงไฟ USB-C ขนาด 30W หรือพอร์ตคู่ 35W",data/images_transparent/mac/macbook-air/starlight.png,https://store.storeimages.cdn-apple.com/1/as-images.apple.com/is/mba13-starlight-select-202402?wid=2560&hei=2560&fmt=jpeg&qlt=95,https://www.apple.com/th/macbook-air/specs/,https://www.apple.com/th/shop/buy-mac/macbook-air
TH-MACBOOKAIR13-SPACEGRAY-16GB256G-E100,mac,MacBook Air,macbook-air-13,,MacBook Air 13-inch (M3),"13.6""",,,สเปซเกรย์,Space Gray,#68696E,39900,,304.1 x 215.0 x 11.3 มม.,"1,240 กรัม","จอภาพ Liquid Retina ขนาด 13.6 นิ้ว, ความละเอียด 2560 x 1664 พิกเซลที่ 224 ppi, ความสว่าง 500 นิต, ขอบเขตสีกว้าง P3, รองรับจอภาพภายนอกสูงสุด 2 จอ (เมื่อปิดฝาพับ)","กล้อง FaceTime HD 1080p, ระบบเสียง 4 ลำโพงพร้อมระบบเสียงตามตำแหน่ง Spatial Audio","เล่นวิดีโอนานสูงสุด 18 ชั่วโมง, ท่องเว็บไร้สายนานสูงสุด 15 ชั่วโมง","MacBook Air 13 นิ้ว, สาย USB-C เป็น MagSafe 3 (2 ม.), อะแดปเตอร์แปลงไฟ USB-C ขนาด 30W หรือพอร์ตคู่ 35W",data/images_transparent/mac/macbook-air/space-gray.png,https://store.storeimages.cdn-apple.com/1/as-images.apple.com/is/mba13-spacegray-select-202402?wid=2560&hei=2560&fmt=jpeg&qlt=95,https://www.apple.com/th/macbook-air/specs/,https://www.apple.com/th/shop/buy-mac/macbook-air
TH-MACBOOKAIR13-SPACEGRAY-16GB512G-A856,mac,MacBook Air,macbook-air-13,,MacBook Air 13-inch (M3),"13.6""",,,สเปซเกรย์,Space Gray,#68696E,46900,,304.1 x 215.0 x 11.3 มม.,"1,240 กรัม","จอภาพ Liquid Retina ขนาด 13.6 นิ้ว, ความละเอียด 2560 x 1664 พิกเซลที่ 224 ppi, ความสว่าง 500 นิต, ขอบเขตสีกว้าง P3, รองรับจอภาพภายนอกสูงสุด 2 จอ (เมื่อปิดฝาพับ)","กล้อง FaceTime HD 1080p, ระบบเสียง 4 ลำโพงพร้อมระบบเสียงตามตำแหน่ง Spatial Audio","เล่นวิดีโอนานสูงสุด 18 ชั่วโมง, ท่องเว็บไร้สายนานสูงสุด 15 ชั่วโมง","MacBook Air 13 นิ้ว, สาย USB-C เป็น MagSafe 3 (2 ม.), อะแดปเตอร์แปลงไฟ USB-C ขนาด 30W หรือพอร์ตคู่ 35W",data/images_transparent/mac/macbook-air/space-gray.png,https://store.storeimages.cdn-apple.com/1/as-images.apple.com/is/mba13-spacegray-select-202402?wid=2560&hei=2560&fmt=jpeg&qlt=95,https://www.apple.com/th/macbook-air/specs/,https://www.apple.com/th/shop/buy-mac/macbook-air
TH-MACBOOKAIR13-SPACEGRAY-24GB512G-1C50,mac,MacBook Air,macbook-air-13,,MacBook Air 13-inch (M3),"13.6""",,,สเปซเกรย์,Space Gray,#68696E,53900,,304.1 x 215.0 x 11.3 มม.,"1,240 กรัม","จอภาพ Liquid Retina ขนาด 13.6 นิ้ว, ความละเอียด 2560 x 1664 พิกเซลที่ 224 ppi, ความสว่าง 500 นิต, ขอบเขตสีกว้าง P3, รองรับจอภาพภายนอกสูงสุด 2 จอ (เมื่อปิดฝาพับ)","กล้อง FaceTime HD 1080p, ระบบเสียง 4 ลำโพงพร้อมระบบเสียงตามตำแหน่ง Spatial Audio","เล่นวิดีโอนานสูงสุด 18 ชั่วโมง, ท่องเว็บไร้สายนานสูงสุด 15 ชั่วโมง","MacBook Air 13 นิ้ว, สาย USB-C เป็น MagSafe 3 (2 ม.), อะแดปเตอร์แปลงไฟ USB-C ขนาด 30W หรือพอร์ตคู่ 35W",data/images_transparent/mac/macbook-air/space-gray.png,https://store.storeimages.cdn-apple.com/1/as-images.apple.com/is/mba13-spacegray-select-202402?wid=2560&hei=2560&fmt=jpeg&qlt=95,https://www.apple.com/th/macbook-air/specs/,https://www.apple.com/th/shop/buy-mac/macbook-air
TH-MACBOOKAIR13-SILVER-16GB256G-C9EA,mac,MacBook Air,macbook-air-13,,MacBook Air 13-inch (M3),"13.6""",,,เงิน,Silver,#E3E4E5,39900,,304.1 x 215.0 x 11.3 มม.,"1,240 กรัม","จอภาพ Liquid Retina ขนาด 13.6 นิ้ว, ความละเอียด 2560 x 1664 พิกเซลที่ 224 ppi, ความสว่าง 500 นิต, ขอบเขตสีกว้าง P3, รองรับจอภาพภายนอกสูงสุด 2 จอ (เมื่อปิดฝาพับ)","กล้อง FaceTime HD 1080p, ระบบเสียง 4 ลำโพงพร้อมระบบเสียงตามตำแหน่ง Spatial Audio","เล่นวิดีโอนานสูงสุด 18 ชั่วโมง, ท่องเว็บไร้สายนานสูงสุด 15 ชั่วโมง","MacBook Air 13 นิ้ว, สาย USB-C เป็น MagSafe 3 (2 ม.), อะแดปเตอร์แปลงไฟ USB-C ขนาด 30W หรือพอร์ตคู่ 35W",data/images_transparent/mac/macbook-air/silver.png,https://store.storeimages.cdn-apple.com/1/as-images.apple.com/is/mba13-silver-select-202402?wid=2560&hei=2560&fmt=jpeg&qlt=95,https://www.apple.com/th/macbook-air/specs/,https://www.apple.com/th/shop/buy-mac/macbook-air
TH-MACBOOKAIR13-SILVER-16GB512G-DB75,mac,MacBook Air,macbook-air-13,,MacBook Air 13-inch (M3),"13.6""",,,เงิน,Silver,#E3E4E5,46900,,304.1 x 215.0 x 11.3 มม.,"1,240 กรัม","จอภาพ Liquid Retina ขนาด 13.6 นิ้ว, ความละเอียด 2560 x 1664 พิกเซลที่ 224 ppi, ความสว่าง 500 นิต, ขอบเขตสีกว้าง P3, รองรับจอภาพภายนอกสูงสุด 2 จอ (เมื่อปิดฝาพับ)","กล้อง FaceTime HD 1080p, ระบบเสียง 4 ลำโพงพร้อมระบบเสียงตามตำแหน่ง Spatial Audio","เล่นวิดีโอนานสูงสุด 18 ชั่วโมง, ท่องเว็บไร้สายนานสูงสุด 15 ชั่วโมง","MacBook Air 13 นิ้ว, สาย USB-C เป็น MagSafe 3 (2 ม.), อะแดปเตอร์แปลงไฟ USB-C ขนาด 30W หรือพอร์ตคู่ 35W",data/images_transparent/mac/macbook-air/silver.png,https://store.storeimages.cdn-apple.com/1/as-images.apple.com/is/mba13-silver-select-202402?wid=2560&hei=2560&fmt=jpeg&qlt=95,https://www.apple.com/th/macbook-air/specs/,https://www.apple.com/th/shop/buy-mac/macbook-air
TH-MACBOOKAIR13-SILVER-24GB512G-F552,mac,MacBook Air,macbook-air-13,,MacBook Air 13-inch (M3),"13.6""",,,เงิน,Silver,#E3E4E5,53900,,304.1 x 215.0 x 11.3 มม.,"1,240 กรัม","จอภาพ Liquid Retina ขนาด 13.6 นิ้ว, ความละเอียด 2560 x 1664 พิกเซลที่ 224 ppi, ความสว่าง 500 นิต, ขอบเขตสีกว้าง P3, รองรับจอภาพภายนอกสูงสุด 2 จอ (เมื่อปิดฝาพับ)","กล้อง FaceTime HD 1080p, ระบบเสียง 4 ลำโพงพร้อมระบบเสียงตามตำแหน่ง Spatial Audio","เล่นวิดีโอนานสูงสุด 18 ชั่วโมง, ท่องเว็บไร้สายนานสูงสุด 15 ชั่วโมง","MacBook Air 13 นิ้ว, สาย USB-C เป็น MagSafe 3 (2 ม.), อะแดปเตอร์แปลงไฟ USB-C ขนาด 30W หรือพอร์ตคู่ 35W",data/images_transparent/mac/macbook-air/silver.png,https://store.storeimages.cdn-apple.com/1/as-images.apple.com/is/mba13-silver-select-202402?wid=2560&hei=2560&fmt=jpeg&qlt=95,https://www.apple.com/th/macbook-air/specs/,https://www.apple.com/th/shop/buy-mac/macbook-air
TH-MACBOOKAIR15-MIDNIGHT-16GB256G-0A31,mac,MacBook Air,macbook-air-15,,MacBook Air 15-inch (M3),"15.3""",,,มิดไนท์,Midnight,#1E222A,47900,,340.4 x 237.6 x 11.5 มม.,"1,510 กรัม","จอภาพ Liquid Retina ขนาด 15.3 นิ้ว, ความละเอียด 2880 x 1864 พิกเซลที่ 224 ppi, ความสว่าง 500 นิต","กล้อง FaceTime HD 1080p, ระบบเสียง 6 ลำโพงพร้อมวูฟเฟอร์ตัดแรงสั่นสะเทือน",เล่นวิดีโอนานสูงสุด 18 ชั่วโมง,"MacBook Air 15 นิ้ว, สาย USB-C เป็น MagSafe 3 (2 ม.), อะแดปเตอร์แปลงไฟ USB-C ขนาดกะทัดรัดแบบพอร์ตคู่ 35W",data/images_transparent/mac/macbook-air/midnight.png,https://store.storeimages.cdn-apple.com/1/as-images.apple.com/is/mba13-midnight-select-202402?wid=2560&hei=2560&fmt=jpeg&qlt=95,https://www.apple.com/th/macbook-air/specs/,https://www.apple.com/th/shop/buy-mac/macbook-air
TH-MACBOOKAIR15-MIDNIGHT-16GB512G-42F8,mac,MacBook Air,macbook-air-15,,MacBook Air 15-inch (M3),"15.3""",,,มิดไนท์,Midnight,#1E222A,54900,,340.4 x 237.6 x 11.5 มม.,"1,510 กรัม","จอภาพ Liquid Retina ขนาด 15.3 นิ้ว, ความละเอียด 2880 x 1864 พิกเซลที่ 224 ppi, ความสว่าง 500 นิต","กล้อง FaceTime HD 1080p, ระบบเสียง 6 ลำโพงพร้อมวูฟเฟอร์ตัดแรงสั่นสะเทือน",เล่นวิดีโอนานสูงสุด 18 ชั่วโมง,"MacBook Air 15 นิ้ว, สาย USB-C เป็น MagSafe 3 (2 ม.), อะแดปเตอร์แปลงไฟ USB-C ขนาดกะทัดรัดแบบพอร์ตคู่ 35W",data/images_transparent/mac/macbook-air/midnight.png,https://store.storeimages.cdn-apple.com/1/as-images.apple.com/is/mba13-midnight-select-202402?wid=2560&hei=2560&fmt=jpeg&qlt=95,https://www.apple.com/th/macbook-air/specs/,https://www.apple.com/th/shop/buy-mac/macbook-air
TH-MACBOOKAIR15-MIDNIGHT-24GB512G-0689,mac,MacBook Air,macbook-air-15,,MacBook Air 15-inch (M3),"15.3""",,,มิดไนท์,Midnight,#1E222A,61900,,340.4 x 237.6 x 11.5 มม.,"1,510 กรัม","จอภาพ Liquid Retina ขนาด 15.3 นิ้ว, ความละเอียด 2880 x 1864 พิกเซลที่ 224 ppi, ความสว่าง 500 นิต","กล้อง FaceTime HD 1080p, ระบบเสียง 6 ลำโพงพร้อมวูฟเฟอร์ตัดแรงสั่นสะเทือน",เล่นวิดีโอนานสูงสุด 18 ชั่วโมง,"MacBook Air 15 นิ้ว, สาย USB-C เป็น MagSafe 3 (2 ม.), อะแดปเตอร์แปลงไฟ USB-C ขนาดกะทัดรัดแบบพอร์ตคู่ 35W",data/images_transparent/mac/macbook-air/midnight.png,https://store.storeimages.cdn-apple.com/1/as-images.apple.com/is/mba13-midnight-select-202402?wid=2560&hei=2560&fmt=jpeg&qlt=95,https://www.apple.com/th/macbook-air/specs/,https://www.apple.com/th/shop/buy-mac/macbook-air
TH-MACBOOKAIR15-STARLIGHT-16GB256G-61A6,mac,MacBook Air,macbook-air-15,,MacBook Air 15-inch (M3),"15.3""",,,สตาร์ไลท์,Starlight,#F0ECE1,47900,,340.4 x 237.6 x 11.5 มม.,"1,510 กรัม","จอภาพ Liquid Retina ขนาด 15.3 นิ้ว, ความละเอียด 2880 x 1864 พิกเซลที่ 224 ppi, ความสว่าง 500 นิต","กล้อง FaceTime HD 1080p, ระบบเสียง 6 ลำโพงพร้อมวูฟเฟอร์ตัดแรงสั่นสะเทือน",เล่นวิดีโอนานสูงสุด 18 ชั่วโมง,"MacBook Air 15 นิ้ว, สาย USB-C เป็น MagSafe 3 (2 ม.), อะแดปเตอร์แปลงไฟ USB-C ขนาดกะทัดรัดแบบพอร์ตคู่ 35W",data/images_transparent/mac/macbook-air/starlight.png,https://store.storeimages.cdn-apple.com/1/as-images.apple.com/is/mba13-starlight-select-202402?wid=2560&hei=2560&fmt=jpeg&qlt=95,https://www.apple.com/th/macbook-air/specs/,https://www.apple.com/th/shop/buy-mac/macbook-air
TH-MACBOOKAIR15-STARLIGHT-16GB512G-68EE,mac,MacBook Air,macbook-air-15,,MacBook Air 15-inch (M3),"15.3""",,,สตาร์ไลท์,Starlight,#F0ECE1,54900,,340.4 x 237.6 x 11.5 มม.,"1,510 กรัม","จอภาพ Liquid Retina ขนาด 15.3 นิ้ว, ความละเอียด 2880 x 1864 พิกเซลที่ 224 ppi, ความสว่าง 500 นิต","กล้อง FaceTime HD 1080p, ระบบเสียง 6 ลำโพงพร้อมวูฟเฟอร์ตัดแรงสั่นสะเทือน",เล่นวิดีโอนานสูงสุด 18 ชั่วโมง,"MacBook Air 15 นิ้ว, สาย USB-C เป็น MagSafe 3 (2 ม.), อะแดปเตอร์แปลงไฟ USB-C ขนาดกะทัดรัดแบบพอร์ตคู่ 35W",data/images_transparent/mac/macbook-air/starlight.png,https://store.storeimages.cdn-apple.com/1/as-images.apple.com/is/mba13-starlight-select-202402?wid=2560&hei=2560&fmt=jpeg&qlt=95,https://www.apple.com/th/macbook-air/specs/,https://www.apple.com/th/shop/buy-mac/macbook-air
TH-MACBOOKAIR15-STARLIGHT-24GB512G-ECB6,mac,MacBook Air,macbook-air-15,,MacBook Air 15-inch (M3),"15.3""",,,สตาร์ไลท์,Starlight,#F0ECE1,61900,,340.4 x 237.6 x 11.5 มม.,"1,510 กรัม","จอภาพ Liquid Retina ขนาด 15.3 นิ้ว, ความละเอียด 2880 x 1864 พิกเซลที่ 224 ppi, ความสว่าง 500 นิต","กล้อง FaceTime HD 1080p, ระบบเสียง 6 ลำโพงพร้อมวูฟเฟอร์ตัดแรงสั่นสะเทือน",เล่นวิดีโอนานสูงสุด 18 ชั่วโมง,"MacBook Air 15 นิ้ว, สาย USB-C เป็น MagSafe 3 (2 ม.), อะแดปเตอร์แปลงไฟ USB-C ขนาดกะทัดรัดแบบพอร์ตคู่ 35W",data/images_transparent/mac/macbook-air/starlight.png,https://store.storeimages.cdn-apple.com/1/as-images.apple.com/is/mba13-starlight-select-202402?wid=2560&hei=2560&fmt=jpeg&qlt=95,https://www.apple.com/th/macbook-air/specs/,https://www.apple.com/th/shop/buy-mac/macbook-air
TH-MACBOOKAIR15-SPACEGRAY-16GB256G-CB29,mac,MacBook Air,macbook-air-15,,MacBook Air 15-inch (M3),"15.3""",,,สเปซเกรย์,Space Gray,#68696E,47900,,340.4 x 237.6 x 11.5 มม.,"1,510 กรัม","จอภาพ Liquid Retina ขนาด 15.3 นิ้ว, ความละเอียด 2880 x 1864 พิกเซลที่ 224 ppi, ความสว่าง 500 นิต","กล้อง FaceTime HD 1080p, ระบบเสียง 6 ลำโพงพร้อมวูฟเฟอร์ตัดแรงสั่นสะเทือน",เล่นวิดีโอนานสูงสุด 18 ชั่วโมง,"MacBook Air 15 นิ้ว, สาย USB-C เป็น MagSafe 3 (2 ม.), อะแดปเตอร์แปลงไฟ USB-C ขนาดกะทัดรัดแบบพอร์ตคู่ 35W",data/images_transparent/mac/macbook-air/space-gray.png,https://store.storeimages.cdn-apple.com/1/as-images.apple.com/is/mba13-spacegray-select-202402?wid=2560&hei=2560&fmt=jpeg&qlt=95,https://www.apple.com/th/macbook-air/specs/,https://www.apple.com/th/shop/buy-mac/macbook-air
TH-MACBOOKAIR15-SPACEGRAY-16GB512G-D076,mac,MacBook Air,macbook-air-15,,MacBook Air 15-inch (M3),"15.3""",,,สเปซเกรย์,Space Gray,#68696E,54900,,340.4 x 237.6 x 11.5 มม.,"1,510 กรัม","จอภาพ Liquid Retina ขนาด 15.3 นิ้ว, ความละเอียด 2880 x 1864 พิกเซลที่ 224 ppi, ความสว่าง 500 นิต","กล้อง FaceTime HD 1080p, ระบบเสียง 6 ลำโพงพร้อมวูฟเฟอร์ตัดแรงสั่นสะเทือน",เล่นวิดีโอนานสูงสุด 18 ชั่วโมง,"MacBook Air 15 นิ้ว, สาย USB-C เป็น MagSafe 3 (2 ม.), อะแดปเตอร์แปลงไฟ USB-C ขนาดกะทัดรัดแบบพอร์ตคู่ 35W",data/images_transparent/mac/macbook-air/space-gray.png,https://store.storeimages.cdn-apple.com/1/as-images.apple.com/is/mba13-spacegray-select-202402?wid=2560&hei=2560&fmt=jpeg&qlt=95,https://www.apple.com/th/macbook-air/specs/,https://www.apple.com/th/shop/buy-mac/macbook-air
TH-MACBOOKAIR15-SPACEGRAY-24GB512G-F645,mac,MacBook Air,macbook-air-15,,MacBook Air 15-inch (M3),"15.3""",,,สเปซเกรย์,Space Gray,#68696E,61900,,340.4 x 237.6 x 11.5 มม.,"1,510 กรัม","จอภาพ Liquid Retina ขนาด 15.3 นิ้ว, ความละเอียด 2880 x 1864 พิกเซลที่ 224 ppi, ความสว่าง 500 นิต","กล้อง FaceTime HD 1080p, ระบบเสียง 6 ลำโพงพร้อมวูฟเฟอร์ตัดแรงสั่นสะเทือน",เล่นวิดีโอนานสูงสุด 18 ชั่วโมง,"MacBook Air 15 นิ้ว, สาย USB-C เป็น MagSafe 3 (2 ม.), อะแดปเตอร์แปลงไฟ USB-C ขนาดกะทัดรัดแบบพอร์ตคู่ 35W",data/images_transparent/mac/macbook-air/space-gray.png,https://store.storeimages.cdn-apple.com/1/as-images.apple.com/is/mba13-spacegray-select-202402?wid=2560&hei=2560&fmt=jpeg&qlt=95,https://www.apple.com/th/macbook-air/specs/,https://www.apple.com/th/shop/buy-mac/macbook-air
TH-MACBOOKAIR15-SILVER-16GB256G-C1E9,mac,MacBook Air,macbook-air-15,,MacBook Air 15-inch (M3),"15.3""",,,เงิน,Silver,#E3E4E5,47900,,340.4 x 237.6 x 11.5 มม.,"1,510 กรัม","จอภาพ Liquid Retina ขนาด 15.3 นิ้ว, ความละเอียด 2880 x 1864 พิกเซลที่ 224 ppi, ความสว่าง 500 นิต","กล้อง FaceTime HD 1080p, ระบบเสียง 6 ลำโพงพร้อมวูฟเฟอร์ตัดแรงสั่นสะเทือน",เล่นวิดีโอนานสูงสุด 18 ชั่วโมง,"MacBook Air 15 นิ้ว, สาย USB-C เป็น MagSafe 3 (2 ม.), อะแดปเตอร์แปลงไฟ USB-C ขนาดกะทัดรัดแบบพอร์ตคู่ 35W",data/images_transparent/mac/macbook-air/silver.png,https://store.storeimages.cdn-apple.com/1/as-images.apple.com/is/mba13-silver-select-202402?wid=2560&hei=2560&fmt=jpeg&qlt=95,https://www.apple.com/th/macbook-air/specs/,https://www.apple.com/th/shop/buy-mac/macbook-air
TH-MACBOOKAIR15-SILVER-16GB512G-24A4,mac,MacBook Air,macbook-air-15,,MacBook Air 15-inch (M3),"15.3""",,,เงิน,Silver,#E3E4E5,54900,,340.4 x 237.6 x 11.5 มม.,"1,510 กรัม","จอภาพ Liquid Retina ขนาด 15.3 นิ้ว, ความละเอียด 2880 x 1864 พิกเซลที่ 224 ppi, ความสว่าง 500 นิต","กล้อง FaceTime HD 1080p, ระบบเสียง 6 ลำโพงพร้อมวูฟเฟอร์ตัดแรงสั่นสะเทือน",เล่นวิดีโอนานสูงสุด 18 ชั่วโมง,"MacBook Air 15 นิ้ว, สาย USB-C เป็น MagSafe 3 (2 ม.), อะแดปเตอร์แปลงไฟ USB-C ขนาดกะทัดรัดแบบพอร์ตคู่ 35W",data/images_transparent/mac/macbook-air/silver.png,https://store.storeimages.cdn-apple.com/1/as-images.apple.com/is/mba13-silver-select-202402?wid=2560&hei=2560&fmt=jpeg&qlt=95,https://www.apple.com/th/macbook-air/specs/,https://www.apple.com/th/shop/buy-mac/macbook-air
TH-MACBOOKAIR15-SILVER-24GB512G-6F5A,mac,MacBook Air,macbook-air-15,,MacBook Air 15-inch (M3),"15.3""",,,เงิน,Silver,#E3E4E5,61900,,340.4 x 237.6 x 11.5 มม.,"1,510 กรัม","จอภาพ Liquid Retina ขนาด 15.3 นิ้ว, ความละเอียด 2880 x 1864 พิกเซลที่ 224 ppi, ความสว่าง 500 นิต","กล้อง FaceTime HD 1080p, ระบบเสียง 6 ลำโพงพร้อมวูฟเฟอร์ตัดแรงสั่นสะเทือน",เล่นวิดีโอนานสูงสุด 18 ชั่วโมง,"MacBook Air 15 นิ้ว, สาย USB-C เป็น MagSafe 3 (2 ม.), อะแดปเตอร์แปลงไฟ USB-C ขนาดกะทัดรัดแบบพอร์ตคู่ 35W",data/images_transparent/mac/macbook-air/silver.png,https://store.storeimages.cdn-apple.com/1/as-images.apple.com/is/mba13-silver-select-202402?wid=2560&hei=2560&fmt=jpeg&qlt=95,https://www.apple.com/th/macbook-air/specs/,https://www.apple.com/th/shop/buy-mac/macbook-air
TH-IMAC24M4-BLUE-M48CORE1-BEC3,mac,iMac,imac-24-m4,,iMac 24-inch (M4),"24""",,,ฟ้า,Blue,#3E536B,44900,,547 x 461 x 147 มม.,"4,420 กรัม (รุ่น 2 พอร์ต) / 4,440 กรัม (รุ่น 4 พอร์ต)","จอภาพ 4.5K Retina ขนาด 24 นิ้ว, ความละเอียด 4480 x 2520 พิกเซลที่ 218 ppi, ความสว่าง 500 นิต, แสดงผลได้กว่า 1 พันล้านสี, มีตัวเลือกกระจก Nano-texture","กล้อง 12MP Center Stage รองรับ Desk View และวิดีโอ 1080p HD, ระบบเสียง 6 ลำโพงพร้อมระบบตัดเสียงสะท้อนระดับสตูดิโอ",ใช้ไฟกระแสสลับ 100-240V AC ผ่านอะแดปเตอร์แปลงไฟ 143W พร้อมพอร์ต Gigabit Ethernet,"iMac 24 นิ้ว, Magic Keyboard พร้อม Touch ID (ตามรุ่น), Magic Mouse, อะแดปเตอร์แปลงไฟ 143W, สายไฟ (2 ม.), สาย USB-C เป็น USB-C",data/images_transparent/mac/imac/blue.png,https://store.storeimages.cdn-apple.com/1/as-images.apple.com/is/imac-touch-id-blue-selection-hero-202410?wid=2560&hei=2560&fmt=jpeg&qlt=95,https://www.apple.com/th/imac/specs/,https://www.apple.com/th/shop/buy-mac/imac
TH-IMAC24M4-BLUE-M410CORE-3E23,mac,iMac,imac-24-m4,,iMac 24-inch (M4),"24""",,,ฟ้า,Blue,#3E536B,51900,,547 x 461 x 147 มม.,"4,420 กรัม (รุ่น 2 พอร์ต) / 4,440 กรัม (รุ่น 4 พอร์ต)","จอภาพ 4.5K Retina ขนาด 24 นิ้ว, ความละเอียด 4480 x 2520 พิกเซลที่ 218 ppi, ความสว่าง 500 นิต, แสดงผลได้กว่า 1 พันล้านสี, มีตัวเลือกกระจก Nano-texture","กล้อง 12MP Center Stage รองรับ Desk View และวิดีโอ 1080p HD, ระบบเสียง 6 ลำโพงพร้อมระบบตัดเสียงสะท้อนระดับสตูดิโอ",ใช้ไฟกระแสสลับ 100-240V AC ผ่านอะแดปเตอร์แปลงไฟ 143W พร้อมพอร์ต Gigabit Ethernet,"iMac 24 นิ้ว, Magic Keyboard พร้อม Touch ID (ตามรุ่น), Magic Mouse, อะแดปเตอร์แปลงไฟ 143W, สายไฟ (2 ม.), สาย USB-C เป็น USB-C",data/images_transparent/mac/imac/blue.png,https://store.storeimages.cdn-apple.com/1/as-images.apple.com/is/imac-touch-id-blue-selection-hero-202410?wid=2560&hei=2560&fmt=jpeg&qlt=95,https://www.apple.com/th/imac/specs/,https://www.apple.com/th/shop/buy-mac/imac
TH-IMAC24M4-BLUE-M410CORE-EBD5,mac,iMac,imac-24-m4,,iMac 24-inch (M4),"24""",,,ฟ้า,Blue,#3E536B,58900,,547 x 461 x 147 มม.,"4,420 กรัม (รุ่น 2 พอร์ต) / 4,440 กรัม (รุ่น 4 พอร์ต)","จอภาพ 4.5K Retina ขนาด 24 นิ้ว, ความละเอียด 4480 x 2520 พิกเซลที่ 218 ppi, ความสว่าง 500 นิต, แสดงผลได้กว่า 1 พันล้านสี, มีตัวเลือกกระจก Nano-texture","กล้อง 12MP Center Stage รองรับ Desk View และวิดีโอ 1080p HD, ระบบเสียง 6 ลำโพงพร้อมระบบตัดเสียงสะท้อนระดับสตูดิโอ",ใช้ไฟกระแสสลับ 100-240V AC ผ่านอะแดปเตอร์แปลงไฟ 143W พร้อมพอร์ต Gigabit Ethernet,"iMac 24 นิ้ว, Magic Keyboard พร้อม Touch ID (ตามรุ่น), Magic Mouse, อะแดปเตอร์แปลงไฟ 143W, สายไฟ (2 ม.), สาย USB-C เป็น USB-C",data/images_transparent/mac/imac/blue.png,https://store.storeimages.cdn-apple.com/1/as-images.apple.com/is/imac-touch-id-blue-selection-hero-202410?wid=2560&hei=2560&fmt=jpeg&qlt=95,https://www.apple.com/th/imac/specs/,https://www.apple.com/th/shop/buy-mac/imac
TH-IMAC24M4-BLUE-M410CORE-7258,mac,iMac,imac-24-m4,,iMac 24-inch (M4),"24""",,,ฟ้า,Blue,#3E536B,65900,,547 x 461 x 147 มม.,"4,420 กรัม (รุ่น 2 พอร์ต) / 4,440 กรัม (รุ่น 4 พอร์ต)","จอภาพ 4.5K Retina ขนาด 24 นิ้ว, ความละเอียด 4480 x 2520 พิกเซลที่ 218 ppi, ความสว่าง 500 นิต, แสดงผลได้กว่า 1 พันล้านสี, มีตัวเลือกกระจก Nano-texture","กล้อง 12MP Center Stage รองรับ Desk View และวิดีโอ 1080p HD, ระบบเสียง 6 ลำโพงพร้อมระบบตัดเสียงสะท้อนระดับสตูดิโอ",ใช้ไฟกระแสสลับ 100-240V AC ผ่านอะแดปเตอร์แปลงไฟ 143W พร้อมพอร์ต Gigabit Ethernet,"iMac 24 นิ้ว, Magic Keyboard พร้อม Touch ID (ตามรุ่น), Magic Mouse, อะแดปเตอร์แปลงไฟ 143W, สายไฟ (2 ม.), สาย USB-C เป็น USB-C",data/images_transparent/mac/imac/blue.png,https://store.storeimages.cdn-apple.com/1/as-images.apple.com/is/imac-touch-id-blue-selection-hero-202410?wid=2560&hei=2560&fmt=jpeg&qlt=95,https://www.apple.com/th/imac/specs/,https://www.apple.com/th/shop/buy-mac/imac
TH-IMAC24M4-PURPLE-M48CORE1-0D07,mac,iMac,imac-24-m4,,iMac 24-inch (M4),"24""",,,ม่วง,Purple,#D1CDDA,44900,,547 x 461 x 147 มม.,"4,420 กรัม (รุ่น 2 พอร์ต) / 4,440 กรัม (รุ่น 4 พอร์ต)","จอภาพ 4.5K Retina ขนาด 24 นิ้ว, ความละเอียด 4480 x 2520 พิกเซลที่ 218 ppi, ความสว่าง 500 นิต, แสดงผลได้กว่า 1 พันล้านสี, มีตัวเลือกกระจก Nano-texture","กล้อง 12MP Center Stage รองรับ Desk View และวิดีโอ 1080p HD, ระบบเสียง 6 ลำโพงพร้อมระบบตัดเสียงสะท้อนระดับสตูดิโอ",ใช้ไฟกระแสสลับ 100-240V AC ผ่านอะแดปเตอร์แปลงไฟ 143W พร้อมพอร์ต Gigabit Ethernet,"iMac 24 นิ้ว, Magic Keyboard พร้อม Touch ID (ตามรุ่น), Magic Mouse, อะแดปเตอร์แปลงไฟ 143W, สายไฟ (2 ม.), สาย USB-C เป็น USB-C",data/images_transparent/mac/imac/purple.png,https://store.storeimages.cdn-apple.com/1/as-images.apple.com/is/imac-touch-id-purple-selection-hero-202410?wid=2560&hei=2560&fmt=jpeg&qlt=95,https://www.apple.com/th/imac/specs/,https://www.apple.com/th/shop/buy-mac/imac
TH-IMAC24M4-PURPLE-M410CORE-DBD1,mac,iMac,imac-24-m4,,iMac 24-inch (M4),"24""",,,ม่วง,Purple,#D1CDDA,51900,,547 x 461 x 147 มม.,"4,420 กรัม (รุ่น 2 พอร์ต) / 4,440 กรัม (รุ่น 4 พอร์ต)","จอภาพ 4.5K Retina ขนาด 24 นิ้ว, ความละเอียด 4480 x 2520 พิกเซลที่ 218 ppi, ความสว่าง 500 นิต, แสดงผลได้กว่า 1 พันล้านสี, มีตัวเลือกกระจก Nano-texture","กล้อง 12MP Center Stage รองรับ Desk View และวิดีโอ 1080p HD, ระบบเสียง 6 ลำโพงพร้อมระบบตัดเสียงสะท้อนระดับสตูดิโอ",ใช้ไฟกระแสสลับ 100-240V AC ผ่านอะแดปเตอร์แปลงไฟ 143W พร้อมพอร์ต Gigabit Ethernet,"iMac 24 นิ้ว, Magic Keyboard พร้อม Touch ID (ตามรุ่น), Magic Mouse, อะแดปเตอร์แปลงไฟ 143W, สายไฟ (2 ม.), สาย USB-C เป็น USB-C",data/images_transparent/mac/imac/purple.png,https://store.storeimages.cdn-apple.com/1/as-images.apple.com/is/imac-touch-id-purple-selection-hero-202410?wid=2560&hei=2560&fmt=jpeg&qlt=95,https://www.apple.com/th/imac/specs/,https://www.apple.com/th/shop/buy-mac/imac
TH-IMAC24M4-PURPLE-M410CORE-D14D,mac,iMac,imac-24-m4,,iMac 24-inch (M4),"24""",,,ม่วง,Purple,#D1CDDA,58900,,547 x 461 x 147 มม.,"4,420 กรัม (รุ่น 2 พอร์ต) / 4,440 กรัม (รุ่น 4 พอร์ต)","จอภาพ 4.5K Retina ขนาด 24 นิ้ว, ความละเอียด 4480 x 2520 พิกเซลที่ 218 ppi, ความสว่าง 500 นิต, แสดงผลได้กว่า 1 พันล้านสี, มีตัวเลือกกระจก Nano-texture","กล้อง 12MP Center Stage รองรับ Desk View และวิดีโอ 1080p HD, ระบบเสียง 6 ลำโพงพร้อมระบบตัดเสียงสะท้อนระดับสตูดิโอ",ใช้ไฟกระแสสลับ 100-240V AC ผ่านอะแดปเตอร์แปลงไฟ 143W พร้อมพอร์ต Gigabit Ethernet,"iMac 24 นิ้ว, Magic Keyboard พร้อม Touch ID (ตามรุ่น), Magic Mouse, อะแดปเตอร์แปลงไฟ 143W, สายไฟ (2 ม.), สาย USB-C เป็น USB-C",data/images_transparent/mac/imac/purple.png,https://store.storeimages.cdn-apple.com/1/as-images.apple.com/is/imac-touch-id-purple-selection-hero-202410?wid=2560&hei=2560&fmt=jpeg&qlt=95,https://www.apple.com/th/imac/specs/,https://www.apple.com/th/shop/buy-mac/imac
TH-IMAC24M4-PURPLE-M410CORE-55E8,mac,iMac,imac-24-m4,,iMac 24-inch (M4),"24""",,,ม่วง,Purple,#D1CDDA,65900,,547 x 461 x 147 มม.,"4,420 กรัม (รุ่น 2 พอร์ต) / 4,440 กรัม (รุ่น 4 พอร์ต)","จอภาพ 4.5K Retina ขนาด 24 นิ้ว, ความละเอียด 4480 x 2520 พิกเซลที่ 218 ppi, ความสว่าง 500 นิต, แสดงผลได้กว่า 1 พันล้านสี, มีตัวเลือกกระจก Nano-texture","กล้อง 12MP Center Stage รองรับ Desk View และวิดีโอ 1080p HD, ระบบเสียง 6 ลำโพงพร้อมระบบตัดเสียงสะท้อนระดับสตูดิโอ",ใช้ไฟกระแสสลับ 100-240V AC ผ่านอะแดปเตอร์แปลงไฟ 143W พร้อมพอร์ต Gigabit Ethernet,"iMac 24 นิ้ว, Magic Keyboard พร้อม Touch ID (ตามรุ่น), Magic Mouse, อะแดปเตอร์แปลงไฟ 143W, สายไฟ (2 ม.), สาย USB-C เป็น USB-C",data/images_transparent/mac/imac/purple.png,https://store.storeimages.cdn-apple.com/1/as-images.apple.com/is/imac-touch-id-purple-selection-hero-202410?wid=2560&hei=2560&fmt=jpeg&qlt=95,https://www.apple.com/th/imac/specs/,https://www.apple.com/th/shop/buy-mac/imac
TH-IMAC24M4-PINK-M48CORE1-D859,mac,iMac,imac-24-m4,,iMac 24-inch (M4),"24""",,,ชมพู,Pink,#E3A3B1,44900,,547 x 461 x 147 มม.,"4,420 กรัม (รุ่น 2 พอร์ต) / 4,440 กรัม (รุ่น 4 พอร์ต)","จอภาพ 4.5K Retina ขนาด 24 นิ้ว, ความละเอียด 4480 x 2520 พิกเซลที่ 218 ppi, ความสว่าง 500 นิต, แสดงผลได้กว่า 1 พันล้านสี, มีตัวเลือกกระจก Nano-texture","กล้อง 12MP Center Stage รองรับ Desk View และวิดีโอ 1080p HD, ระบบเสียง 6 ลำโพงพร้อมระบบตัดเสียงสะท้อนระดับสตูดิโอ",ใช้ไฟกระแสสลับ 100-240V AC ผ่านอะแดปเตอร์แปลงไฟ 143W พร้อมพอร์ต Gigabit Ethernet,"iMac 24 นิ้ว, Magic Keyboard พร้อม Touch ID (ตามรุ่น), Magic Mouse, อะแดปเตอร์แปลงไฟ 143W, สายไฟ (2 ม.), สาย USB-C เป็น USB-C",data/images_transparent/mac/imac/pink.png,https://store.storeimages.cdn-apple.com/1/as-images.apple.com/is/imac-touch-id-pink-selection-hero-202410?wid=2560&hei=2560&fmt=jpeg&qlt=95,https://www.apple.com/th/imac/specs/,https://www.apple.com/th/shop/buy-mac/imac
TH-IMAC24M4-PINK-M410CORE-2395,mac,iMac,imac-24-m4,,iMac 24-inch (M4),"24""",,,ชมพู,Pink,#E3A3B1,51900,,547 x 461 x 147 มม.,"4,420 กรัม (รุ่น 2 พอร์ต) / 4,440 กรัม (รุ่น 4 พอร์ต)","จอภาพ 4.5K Retina ขนาด 24 นิ้ว, ความละเอียด 4480 x 2520 พิกเซลที่ 218 ppi, ความสว่าง 500 นิต, แสดงผลได้กว่า 1 พันล้านสี, มีตัวเลือกกระจก Nano-texture","กล้อง 12MP Center Stage รองรับ Desk View และวิดีโอ 1080p HD, ระบบเสียง 6 ลำโพงพร้อมระบบตัดเสียงสะท้อนระดับสตูดิโอ",ใช้ไฟกระแสสลับ 100-240V AC ผ่านอะแดปเตอร์แปลงไฟ 143W พร้อมพอร์ต Gigabit Ethernet,"iMac 24 นิ้ว, Magic Keyboard พร้อม Touch ID (ตามรุ่น), Magic Mouse, อะแดปเตอร์แปลงไฟ 143W, สายไฟ (2 ม.), สาย USB-C เป็น USB-C",data/images_transparent/mac/imac/pink.png,https://store.storeimages.cdn-apple.com/1/as-images.apple.com/is/imac-touch-id-pink-selection-hero-202410?wid=2560&hei=2560&fmt=jpeg&qlt=95,https://www.apple.com/th/imac/specs/,https://www.apple.com/th/shop/buy-mac/imac
TH-IMAC24M4-PINK-M410CORE-2EDF,mac,iMac,imac-24-m4,,iMac 24-inch (M4),"24""",,,ชมพู,Pink,#E3A3B1,58900,,547 x 461 x 147 มม.,"4,420 กรัม (รุ่น 2 พอร์ต) / 4,440 กรัม (รุ่น 4 พอร์ต)","จอภาพ 4.5K Retina ขนาด 24 นิ้ว, ความละเอียด 4480 x 2520 พิกเซลที่ 218 ppi, ความสว่าง 500 นิต, แสดงผลได้กว่า 1 พันล้านสี, มีตัวเลือกกระจก Nano-texture","กล้อง 12MP Center Stage รองรับ Desk View และวิดีโอ 1080p HD, ระบบเสียง 6 ลำโพงพร้อมระบบตัดเสียงสะท้อนระดับสตูดิโอ",ใช้ไฟกระแสสลับ 100-240V AC ผ่านอะแดปเตอร์แปลงไฟ 143W พร้อมพอร์ต Gigabit Ethernet,"iMac 24 นิ้ว, Magic Keyboard พร้อม Touch ID (ตามรุ่น), Magic Mouse, อะแดปเตอร์แปลงไฟ 143W, สายไฟ (2 ม.), สาย USB-C เป็น USB-C",data/images_transparent/mac/imac/pink.png,https://store.storeimages.cdn-apple.com/1/as-images.apple.com/is/imac-touch-id-pink-selection-hero-202410?wid=2560&hei=2560&fmt=jpeg&qlt=95,https://www.apple.com/th/imac/specs/,https://www.apple.com/th/shop/buy-mac/imac
TH-IMAC24M4-PINK-M410CORE-340D,mac,iMac,imac-24-m4,,iMac 24-inch (M4),"24""",,,ชมพู,Pink,#E3A3B1,65900,,547 x 461 x 147 มม.,"4,420 กรัม (รุ่น 2 พอร์ต) / 4,440 กรัม (รุ่น 4 พอร์ต)","จอภาพ 4.5K Retina ขนาด 24 นิ้ว, ความละเอียด 4480 x 2520 พิกเซลที่ 218 ppi, ความสว่าง 500 นิต, แสดงผลได้กว่า 1 พันล้านสี, มีตัวเลือกกระจก Nano-texture","กล้อง 12MP Center Stage รองรับ Desk View และวิดีโอ 1080p HD, ระบบเสียง 6 ลำโพงพร้อมระบบตัดเสียงสะท้อนระดับสตูดิโอ",ใช้ไฟกระแสสลับ 100-240V AC ผ่านอะแดปเตอร์แปลงไฟ 143W พร้อมพอร์ต Gigabit Ethernet,"iMac 24 นิ้ว, Magic Keyboard พร้อม Touch ID (ตามรุ่น), Magic Mouse, อะแดปเตอร์แปลงไฟ 143W, สายไฟ (2 ม.), สาย USB-C เป็น USB-C",data/images_transparent/mac/imac/pink.png,https://store.storeimages.cdn-apple.com/1/as-images.apple.com/is/imac-touch-id-pink-selection-hero-202410?wid=2560&hei=2560&fmt=jpeg&qlt=95,https://www.apple.com/th/imac/specs/,https://www.apple.com/th/shop/buy-mac/imac
TH-IMAC24M4-ORANGE-M48CORE1-A1D5,mac,iMac,imac-24-m4,,iMac 24-inch (M4),"24""",,,ส้ม,Orange,#E7643E,44900,,547 x 461 x 147 มม.,"4,420 กรัม (รุ่น 2 พอร์ต) / 4,440 กรัม (รุ่น 4 พอร์ต)","จอภาพ 4.5K Retina ขนาด 24 นิ้ว, ความละเอียด 4480 x 2520 พิกเซลที่ 218 ppi, ความสว่าง 500 นิต, แสดงผลได้กว่า 1 พันล้านสี, มีตัวเลือกกระจก Nano-texture","กล้อง 12MP Center Stage รองรับ Desk View และวิดีโอ 1080p HD, ระบบเสียง 6 ลำโพงพร้อมระบบตัดเสียงสะท้อนระดับสตูดิโอ",ใช้ไฟกระแสสลับ 100-240V AC ผ่านอะแดปเตอร์แปลงไฟ 143W พร้อมพอร์ต Gigabit Ethernet,"iMac 24 นิ้ว, Magic Keyboard พร้อม Touch ID (ตามรุ่น), Magic Mouse, อะแดปเตอร์แปลงไฟ 143W, สายไฟ (2 ม.), สาย USB-C เป็น USB-C",data/images_transparent/mac/imac/orange.png,https://store.storeimages.cdn-apple.com/1/as-images.apple.com/is/imac-touch-id-orange-selection-hero-202410?wid=2560&hei=2560&fmt=jpeg&qlt=95,https://www.apple.com/th/imac/specs/,https://www.apple.com/th/shop/buy-mac/imac
TH-IMAC24M4-ORANGE-M410CORE-487A,mac,iMac,imac-24-m4,,iMac 24-inch (M4),"24""",,,ส้ม,Orange,#E7643E,51900,,547 x 461 x 147 มม.,"4,420 กรัม (รุ่น 2 พอร์ต) / 4,440 กรัม (รุ่น 4 พอร์ต)","จอภาพ 4.5K Retina ขนาด 24 นิ้ว, ความละเอียด 4480 x 2520 พิกเซลที่ 218 ppi, ความสว่าง 500 นิต, แสดงผลได้กว่า 1 พันล้านสี, มีตัวเลือกกระจก Nano-texture","กล้อง 12MP Center Stage รองรับ Desk View และวิดีโอ 1080p HD, ระบบเสียง 6 ลำโพงพร้อมระบบตัดเสียงสะท้อนระดับสตูดิโอ",ใช้ไฟกระแสสลับ 100-240V AC ผ่านอะแดปเตอร์แปลงไฟ 143W พร้อมพอร์ต Gigabit Ethernet,"iMac 24 นิ้ว, Magic Keyboard พร้อม Touch ID (ตามรุ่น), Magic Mouse, อะแดปเตอร์แปลงไฟ 143W, สายไฟ (2 ม.), สาย USB-C เป็น USB-C",data/images_transparent/mac/imac/orange.png,https://store.storeimages.cdn-apple.com/1/as-images.apple.com/is/imac-touch-id-orange-selection-hero-202410?wid=2560&hei=2560&fmt=jpeg&qlt=95,https://www.apple.com/th/imac/specs/,https://www.apple.com/th/shop/buy-mac/imac
TH-IMAC24M4-ORANGE-M410CORE-266C,mac,iMac,imac-24-m4,,iMac 24-inch (M4),"24""",,,ส้ม,Orange,#E7643E,58900,,547 x 461 x 147 มม.,"4,420 กรัม (รุ่น 2 พอร์ต) / 4,440 กรัม (รุ่น 4 พอร์ต)","จอภาพ 4.5K Retina ขนาด 24 นิ้ว, ความละเอียด 4480 x 2520 พิกเซลที่ 218 ppi, ความสว่าง 500 นิต, แสดงผลได้กว่า 1 พันล้านสี, มีตัวเลือกกระจก Nano-texture","กล้อง 12MP Center Stage รองรับ Desk View และวิดีโอ 1080p HD, ระบบเสียง 6 ลำโพงพร้อมระบบตัดเสียงสะท้อนระดับสตูดิโอ",ใช้ไฟกระแสสลับ 100-240V AC ผ่านอะแดปเตอร์แปลงไฟ 143W พร้อมพอร์ต Gigabit Ethernet,"iMac 24 นิ้ว, Magic Keyboard พร้อม Touch ID (ตามรุ่น), Magic Mouse, อะแดปเตอร์แปลงไฟ 143W, สายไฟ (2 ม.), สาย USB-C เป็น USB-C",data/images_transparent/mac/imac/orange.png,https://store.storeimages.cdn-apple.com/1/as-images.apple.com/is/imac-touch-id-orange-selection-hero-202410?wid=2560&hei=2560&fmt=jpeg&qlt=95,https://www.apple.com/th/imac/specs/,https://www.apple.com/th/shop/buy-mac/imac
TH-IMAC24M4-ORANGE-M410CORE-A76D,mac,iMac,imac-24-m4,,iMac 24-inch (M4),"24""",,,ส้ม,Orange,#E7643E,65900,,547 x 461 x 147 มม.,"4,420 กรัม (รุ่น 2 พอร์ต) / 4,440 กรัม (รุ่น 4 พอร์ต)","จอภาพ 4.5K Retina ขนาด 24 นิ้ว, ความละเอียด 4480 x 2520 พิกเซลที่ 218 ppi, ความสว่าง 500 นิต, แสดงผลได้กว่า 1 พันล้านสี, มีตัวเลือกกระจก Nano-texture","กล้อง 12MP Center Stage รองรับ Desk View และวิดีโอ 1080p HD, ระบบเสียง 6 ลำโพงพร้อมระบบตัดเสียงสะท้อนระดับสตูดิโอ",ใช้ไฟกระแสสลับ 100-240V AC ผ่านอะแดปเตอร์แปลงไฟ 143W พร้อมพอร์ต Gigabit Ethernet,"iMac 24 นิ้ว, Magic Keyboard พร้อม Touch ID (ตามรุ่น), Magic Mouse, อะแดปเตอร์แปลงไฟ 143W, สายไฟ (2 ม.), สาย USB-C เป็น USB-C",data/images_transparent/mac/imac/orange.png,https://store.storeimages.cdn-apple.com/1/as-images.apple.com/is/imac-touch-id-orange-selection-hero-202410?wid=2560&hei=2560&fmt=jpeg&qlt=95,https://www.apple.com/th/imac/specs/,https://www.apple.com/th/shop/buy-mac/imac
TH-IMAC24M4-YELLOW-M48CORE1-03F6,mac,iMac,imac-24-m4,,iMac 24-inch (M4),"24""",,,เหลือง,Yellow,#FBE27D,44900,,547 x 461 x 147 มม.,"4,420 กรัม (รุ่น 2 พอร์ต) / 4,440 กรัม (รุ่น 4 พอร์ต)","จอภาพ 4.5K Retina ขนาด 24 นิ้ว, ความละเอียด 4480 x 2520 พิกเซลที่ 218 ppi, ความสว่าง 500 นิต, แสดงผลได้กว่า 1 พันล้านสี, มีตัวเลือกกระจก Nano-texture","กล้อง 12MP Center Stage รองรับ Desk View และวิดีโอ 1080p HD, ระบบเสียง 6 ลำโพงพร้อมระบบตัดเสียงสะท้อนระดับสตูดิโอ",ใช้ไฟกระแสสลับ 100-240V AC ผ่านอะแดปเตอร์แปลงไฟ 143W พร้อมพอร์ต Gigabit Ethernet,"iMac 24 นิ้ว, Magic Keyboard พร้อม Touch ID (ตามรุ่น), Magic Mouse, อะแดปเตอร์แปลงไฟ 143W, สายไฟ (2 ม.), สาย USB-C เป็น USB-C",data/images_transparent/mac/imac/yellow.png,https://store.storeimages.cdn-apple.com/1/as-images.apple.com/is/imac-vesa-yellow-selection-hero-202410?wid=2560&hei=2560&fmt=jpeg&qlt=95,https://www.apple.com/th/imac/specs/,https://www.apple.com/th/shop/buy-mac/imac
TH-IMAC24M4-YELLOW-M410CORE-AC62,mac,iMac,imac-24-m4,,iMac 24-inch (M4),"24""",,,เหลือง,Yellow,#FBE27D,51900,,547 x 461 x 147 มม.,"4,420 กรัม (รุ่น 2 พอร์ต) / 4,440 กรัม (รุ่น 4 พอร์ต)","จอภาพ 4.5K Retina ขนาด 24 นิ้ว, ความละเอียด 4480 x 2520 พิกเซลที่ 218 ppi, ความสว่าง 500 นิต, แสดงผลได้กว่า 1 พันล้านสี, มีตัวเลือกกระจก Nano-texture","กล้อง 12MP Center Stage รองรับ Desk View และวิดีโอ 1080p HD, ระบบเสียง 6 ลำโพงพร้อมระบบตัดเสียงสะท้อนระดับสตูดิโอ",ใช้ไฟกระแสสลับ 100-240V AC ผ่านอะแดปเตอร์แปลงไฟ 143W พร้อมพอร์ต Gigabit Ethernet,"iMac 24 นิ้ว, Magic Keyboard พร้อม Touch ID (ตามรุ่น), Magic Mouse, อะแดปเตอร์แปลงไฟ 143W, สายไฟ (2 ม.), สาย USB-C เป็น USB-C",data/images_transparent/mac/imac/yellow.png,https://store.storeimages.cdn-apple.com/1/as-images.apple.com/is/imac-vesa-yellow-selection-hero-202410?wid=2560&hei=2560&fmt=jpeg&qlt=95,https://www.apple.com/th/imac/specs/,https://www.apple.com/th/shop/buy-mac/imac
TH-IMAC24M4-YELLOW-M410CORE-7D3A,mac,iMac,imac-24-m4,,iMac 24-inch (M4),"24""",,,เหลือง,Yellow,#FBE27D,58900,,547 x 461 x 147 มม.,"4,420 กรัม (รุ่น 2 พอร์ต) / 4,440 กรัม (รุ่น 4 พอร์ต)","จอภาพ 4.5K Retina ขนาด 24 นิ้ว, ความละเอียด 4480 x 2520 พิกเซลที่ 218 ppi, ความสว่าง 500 นิต, แสดงผลได้กว่า 1 พันล้านสี, มีตัวเลือกกระจก Nano-texture","กล้อง 12MP Center Stage รองรับ Desk View และวิดีโอ 1080p HD, ระบบเสียง 6 ลำโพงพร้อมระบบตัดเสียงสะท้อนระดับสตูดิโอ",ใช้ไฟกระแสสลับ 100-240V AC ผ่านอะแดปเตอร์แปลงไฟ 143W พร้อมพอร์ต Gigabit Ethernet,"iMac 24 นิ้ว, Magic Keyboard พร้อม Touch ID (ตามรุ่น), Magic Mouse, อะแดปเตอร์แปลงไฟ 143W, สายไฟ (2 ม.), สาย USB-C เป็น USB-C",data/images_transparent/mac/imac/yellow.png,https://store.storeimages.cdn-apple.com/1/as-images.apple.com/is/imac-vesa-yellow-selection-hero-202410?wid=2560&hei=2560&fmt=jpeg&qlt=95,https://www.apple.com/th/imac/specs/,https://www.apple.com/th/shop/buy-mac/imac
TH-IMAC24M4-YELLOW-M410CORE-D01D,mac,iMac,imac-24-m4,,iMac 24-inch (M4),"24""",,,เหลือง,Yellow,#FBE27D,65900,,547 x 461 x 147 มม.,"4,420 กรัม (รุ่น 2 พอร์ต) / 4,440 กรัม (รุ่น 4 พอร์ต)","จอภาพ 4.5K Retina ขนาด 24 นิ้ว, ความละเอียด 4480 x 2520 พิกเซลที่ 218 ppi, ความสว่าง 500 นิต, แสดงผลได้กว่า 1 พันล้านสี, มีตัวเลือกกระจก Nano-texture","กล้อง 12MP Center Stage รองรับ Desk View และวิดีโอ 1080p HD, ระบบเสียง 6 ลำโพงพร้อมระบบตัดเสียงสะท้อนระดับสตูดิโอ",ใช้ไฟกระแสสลับ 100-240V AC ผ่านอะแดปเตอร์แปลงไฟ 143W พร้อมพอร์ต Gigabit Ethernet,"iMac 24 นิ้ว, Magic Keyboard พร้อม Touch ID (ตามรุ่น), Magic Mouse, อะแดปเตอร์แปลงไฟ 143W, สายไฟ (2 ม.), สาย USB-C เป็น USB-C",data/images_transparent/mac/imac/yellow.png,https://store.storeimages.cdn-apple.com/1/as-images.apple.com/is/imac-vesa-yellow-selection-hero-202410?wid=2560&hei=2560&fmt=jpeg&qlt=95,https://www.apple.com/th/imac/specs/,https://www.apple.com/th/shop/buy-mac/imac
TH-IMAC24M4-GREEN-M48CORE1-3F95,mac,iMac,imac-24-m4,,iMac 24-inch (M4),"24""",,,เขียว,Green,#43594B,44900,,547 x 461 x 147 มม.,"4,420 กรัม (รุ่น 2 พอร์ต) / 4,440 กรัม (รุ่น 4 พอร์ต)","จอภาพ 4.5K Retina ขนาด 24 นิ้ว, ความละเอียด 4480 x 2520 พิกเซลที่ 218 ppi, ความสว่าง 500 นิต, แสดงผลได้กว่า 1 พันล้านสี, มีตัวเลือกกระจก Nano-texture","กล้อง 12MP Center Stage รองรับ Desk View และวิดีโอ 1080p HD, ระบบเสียง 6 ลำโพงพร้อมระบบตัดเสียงสะท้อนระดับสตูดิโอ",ใช้ไฟกระแสสลับ 100-240V AC ผ่านอะแดปเตอร์แปลงไฟ 143W พร้อมพอร์ต Gigabit Ethernet,"iMac 24 นิ้ว, Magic Keyboard พร้อม Touch ID (ตามรุ่น), Magic Mouse, อะแดปเตอร์แปลงไฟ 143W, สายไฟ (2 ม.), สาย USB-C เป็น USB-C",data/images_transparent/mac/imac/green.png,https://store.storeimages.cdn-apple.com/1/as-images.apple.com/is/imac-vesa-green-selection-hero-202410?wid=2560&hei=2560&fmt=jpeg&qlt=95,https://www.apple.com/th/imac/specs/,https://www.apple.com/th/shop/buy-mac/imac
TH-IMAC24M4-GREEN-M410CORE-B73C,mac,iMac,imac-24-m4,,iMac 24-inch (M4),"24""",,,เขียว,Green,#43594B,51900,,547 x 461 x 147 มม.,"4,420 กรัม (รุ่น 2 พอร์ต) / 4,440 กรัม (รุ่น 4 พอร์ต)","จอภาพ 4.5K Retina ขนาด 24 นิ้ว, ความละเอียด 4480 x 2520 พิกเซลที่ 218 ppi, ความสว่าง 500 นิต, แสดงผลได้กว่า 1 พันล้านสี, มีตัวเลือกกระจก Nano-texture","กล้อง 12MP Center Stage รองรับ Desk View และวิดีโอ 1080p HD, ระบบเสียง 6 ลำโพงพร้อมระบบตัดเสียงสะท้อนระดับสตูดิโอ",ใช้ไฟกระแสสลับ 100-240V AC ผ่านอะแดปเตอร์แปลงไฟ 143W พร้อมพอร์ต Gigabit Ethernet,"iMac 24 นิ้ว, Magic Keyboard พร้อม Touch ID (ตามรุ่น), Magic Mouse, อะแดปเตอร์แปลงไฟ 143W, สายไฟ (2 ม.), สาย USB-C เป็น USB-C",data/images_transparent/mac/imac/green.png,https://store.storeimages.cdn-apple.com/1/as-images.apple.com/is/imac-vesa-green-selection-hero-202410?wid=2560&hei=2560&fmt=jpeg&qlt=95,https://www.apple.com/th/imac/specs/,https://www.apple.com/th/shop/buy-mac/imac
TH-IMAC24M4-GREEN-M410CORE-53EF,mac,iMac,imac-24-m4,,iMac 24-inch (M4),"24""",,,เขียว,Green,#43594B,58900,,547 x 461 x 147 มม.,"4,420 กรัม (รุ่น 2 พอร์ต) / 4,440 กรัม (รุ่น 4 พอร์ต)","จอภาพ 4.5K Retina ขนาด 24 นิ้ว, ความละเอียด 4480 x 2520 พิกเซลที่ 218 ppi, ความสว่าง 500 นิต, แสดงผลได้กว่า 1 พันล้านสี, มีตัวเลือกกระจก Nano-texture","กล้อง 12MP Center Stage รองรับ Desk View และวิดีโอ 1080p HD, ระบบเสียง 6 ลำโพงพร้อมระบบตัดเสียงสะท้อนระดับสตูดิโอ",ใช้ไฟกระแสสลับ 100-240V AC ผ่านอะแดปเตอร์แปลงไฟ 143W พร้อมพอร์ต Gigabit Ethernet,"iMac 24 นิ้ว, Magic Keyboard พร้อม Touch ID (ตามรุ่น), Magic Mouse, อะแดปเตอร์แปลงไฟ 143W, สายไฟ (2 ม.), สาย USB-C เป็น USB-C",data/images_transparent/mac/imac/green.png,https://store.storeimages.cdn-apple.com/1/as-images.apple.com/is/imac-vesa-green-selection-hero-202410?wid=2560&hei=2560&fmt=jpeg&qlt=95,https://www.apple.com/th/imac/specs/,https://www.apple.com/th/shop/buy-mac/imac
TH-IMAC24M4-GREEN-M410CORE-8A65,mac,iMac,imac-24-m4,,iMac 24-inch (M4),"24""",,,เขียว,Green,#43594B,65900,,547 x 461 x 147 มม.,"4,420 กรัม (รุ่น 2 พอร์ต) / 4,440 กรัม (รุ่น 4 พอร์ต)","จอภาพ 4.5K Retina ขนาด 24 นิ้ว, ความละเอียด 4480 x 2520 พิกเซลที่ 218 ppi, ความสว่าง 500 นิต, แสดงผลได้กว่า 1 พันล้านสี, มีตัวเลือกกระจก Nano-texture","กล้อง 12MP Center Stage รองรับ Desk View และวิดีโอ 1080p HD, ระบบเสียง 6 ลำโพงพร้อมระบบตัดเสียงสะท้อนระดับสตูดิโอ",ใช้ไฟกระแสสลับ 100-240V AC ผ่านอะแดปเตอร์แปลงไฟ 143W พร้อมพอร์ต Gigabit Ethernet,"iMac 24 นิ้ว, Magic Keyboard พร้อม Touch ID (ตามรุ่น), Magic Mouse, อะแดปเตอร์แปลงไฟ 143W, สายไฟ (2 ม.), สาย USB-C เป็น USB-C",data/images_transparent/mac/imac/green.png,https://store.storeimages.cdn-apple.com/1/as-images.apple.com/is/imac-vesa-green-selection-hero-202410?wid=2560&hei=2560&fmt=jpeg&qlt=95,https://www.apple.com/th/imac/specs/,https://www.apple.com/th/shop/buy-mac/imac
TH-IMAC24M4-SILVER-M48CORE1-2919,mac,iMac,imac-24-m4,,iMac 24-inch (M4),"24""",,,เงิน,Silver,#E3E4E5,44900,,547 x 461 x 147 มม.,"4,420 กรัม (รุ่น 2 พอร์ต) / 4,440 กรัม (รุ่น 4 พอร์ต)","จอภาพ 4.5K Retina ขนาด 24 นิ้ว, ความละเอียด 4480 x 2520 พิกเซลที่ 218 ppi, ความสว่าง 500 นิต, แสดงผลได้กว่า 1 พันล้านสี, มีตัวเลือกกระจก Nano-texture","กล้อง 12MP Center Stage รองรับ Desk View และวิดีโอ 1080p HD, ระบบเสียง 6 ลำโพงพร้อมระบบตัดเสียงสะท้อนระดับสตูดิโอ",ใช้ไฟกระแสสลับ 100-240V AC ผ่านอะแดปเตอร์แปลงไฟ 143W พร้อมพอร์ต Gigabit Ethernet,"iMac 24 นิ้ว, Magic Keyboard พร้อม Touch ID (ตามรุ่น), Magic Mouse, อะแดปเตอร์แปลงไฟ 143W, สายไฟ (2 ม.), สาย USB-C เป็น USB-C",data/images_transparent/mac/imac/silver.png,https://store.storeimages.cdn-apple.com/1/as-images.apple.com/is/imac-vesa-silver-selection-hero-202410?wid=2560&hei=2560&fmt=jpeg&qlt=95,https://www.apple.com/th/imac/specs/,https://www.apple.com/th/shop/buy-mac/imac
TH-IMAC24M4-SILVER-M410CORE-3CF9,mac,iMac,imac-24-m4,,iMac 24-inch (M4),"24""",,,เงิน,Silver,#E3E4E5,51900,,547 x 461 x 147 มม.,"4,420 กรัม (รุ่น 2 พอร์ต) / 4,440 กรัม (รุ่น 4 พอร์ต)","จอภาพ 4.5K Retina ขนาด 24 นิ้ว, ความละเอียด 4480 x 2520 พิกเซลที่ 218 ppi, ความสว่าง 500 นิต, แสดงผลได้กว่า 1 พันล้านสี, มีตัวเลือกกระจก Nano-texture","กล้อง 12MP Center Stage รองรับ Desk View และวิดีโอ 1080p HD, ระบบเสียง 6 ลำโพงพร้อมระบบตัดเสียงสะท้อนระดับสตูดิโอ",ใช้ไฟกระแสสลับ 100-240V AC ผ่านอะแดปเตอร์แปลงไฟ 143W พร้อมพอร์ต Gigabit Ethernet,"iMac 24 นิ้ว, Magic Keyboard พร้อม Touch ID (ตามรุ่น), Magic Mouse, อะแดปเตอร์แปลงไฟ 143W, สายไฟ (2 ม.), สาย USB-C เป็น USB-C",data/images_transparent/mac/imac/silver.png,https://store.storeimages.cdn-apple.com/1/as-images.apple.com/is/imac-vesa-silver-selection-hero-202410?wid=2560&hei=2560&fmt=jpeg&qlt=95,https://www.apple.com/th/imac/specs/,https://www.apple.com/th/shop/buy-mac/imac
TH-IMAC24M4-SILVER-M410CORE-2F7D,mac,iMac,imac-24-m4,,iMac 24-inch (M4),"24""",,,เงิน,Silver,#E3E4E5,58900,,547 x 461 x 147 มม.,"4,420 กรัม (รุ่น 2 พอร์ต) / 4,440 กรัม (รุ่น 4 พอร์ต)","จอภาพ 4.5K Retina ขนาด 24 นิ้ว, ความละเอียด 4480 x 2520 พิกเซลที่ 218 ppi, ความสว่าง 500 นิต, แสดงผลได้กว่า 1 พันล้านสี, มีตัวเลือกกระจก Nano-texture","กล้อง 12MP Center Stage รองรับ Desk View และวิดีโอ 1080p HD, ระบบเสียง 6 ลำโพงพร้อมระบบตัดเสียงสะท้อนระดับสตูดิโอ",ใช้ไฟกระแสสลับ 100-240V AC ผ่านอะแดปเตอร์แปลงไฟ 143W พร้อมพอร์ต Gigabit Ethernet,"iMac 24 นิ้ว, Magic Keyboard พร้อม Touch ID (ตามรุ่น), Magic Mouse, อะแดปเตอร์แปลงไฟ 143W, สายไฟ (2 ม.), สาย USB-C เป็น USB-C",data/images_transparent/mac/imac/silver.png,https://store.storeimages.cdn-apple.com/1/as-images.apple.com/is/imac-vesa-silver-selection-hero-202410?wid=2560&hei=2560&fmt=jpeg&qlt=95,https://www.apple.com/th/imac/specs/,https://www.apple.com/th/shop/buy-mac/imac
TH-IMAC24M4-SILVER-M410CORE-5086,mac,iMac,imac-24-m4,,iMac 24-inch (M4),"24""",,,เงิน,Silver,#E3E4E5,65900,,547 x 461 x 147 มม.,"4,420 กรัม (รุ่น 2 พอร์ต) / 4,440 กรัม (รุ่น 4 พอร์ต)","จอภาพ 4.5K Retina ขนาด 24 นิ้ว, ความละเอียด 4480 x 2520 พิกเซลที่ 218 ppi, ความสว่าง 500 นิต, แสดงผลได้กว่า 1 พันล้านสี, มีตัวเลือกกระจก Nano-texture","กล้อง 12MP Center Stage รองรับ Desk View และวิดีโอ 1080p HD, ระบบเสียง 6 ลำโพงพร้อมระบบตัดเสียงสะท้อนระดับสตูดิโอ",ใช้ไฟกระแสสลับ 100-240V AC ผ่านอะแดปเตอร์แปลงไฟ 143W พร้อมพอร์ต Gigabit Ethernet,"iMac 24 นิ้ว, Magic Keyboard พร้อม Touch ID (ตามรุ่น), Magic Mouse, อะแดปเตอร์แปลงไฟ 143W, สายไฟ (2 ม.), สาย USB-C เป็น USB-C",data/images_transparent/mac/imac/silver.png,https://store.storeimages.cdn-apple.com/1/as-images.apple.com/is/imac-vesa-silver-selection-hero-202410?wid=2560&hei=2560&fmt=jpeg&qlt=95,https://www.apple.com/th/imac/specs/,https://www.apple.com/th/shop/buy-mac/imac
TH-MACMINIM4-SILVER-M416GB25-4943,mac,Mac mini,mac-mini-m4,,Mac mini (M4 / M4 Pro),Desktop,,,เงิน,Silver,#E3E4E5,20900,,127.0 x 127.0 x 50.0 มม.,670 กรัม (M4) / 730 กรัม (M4 Pro),รองรับจอภาพภายนอกสูงสุด 3 จอ (สูงสุดความละเอียด 8K 60Hz หรือ 4K 240Hz ผ่าน HDMI),ไม่มีในตัว (รองรับ Continuity Camera ผ่าน iPhone หรือกล้องเว็บแคม USB),ใช้ไฟบ้านผ่านสายไฟ AC โดยตรง กำลังไฟสูงสุด 150W ต่อเนื่อง,"Mac mini, สายไฟ AC (1.8 ม.)",data/images_transparent/mac/mac-mini/silver.png,https://store.storeimages.cdn-apple.com/1/as-images.apple.com/is/mac-mini-select-202410?wid=2560&hei=2560&fmt=jpeg&qlt=95,https://www.apple.com/th/mac-mini/specs/,https://www.apple.com/th/shop/buy-mac/mac-mini
TH-MACMINIM4-SILVER-M416GB51-53DC,mac,Mac mini,mac-mini-m4,,Mac mini (M4 / M4 Pro),Desktop,,,เงิน,Silver,#E3E4E5,27900,,127.0 x 127.0 x 50.0 มม.,670 กรัม (M4) / 730 กรัม (M4 Pro),รองรับจอภาพภายนอกสูงสุด 3 จอ (สูงสุดความละเอียด 8K 60Hz หรือ 4K 240Hz ผ่าน HDMI),ไม่มีในตัว (รองรับ Continuity Camera ผ่าน iPhone หรือกล้องเว็บแคม USB),ใช้ไฟบ้านผ่านสายไฟ AC โดยตรง กำลังไฟสูงสุด 150W ต่อเนื่อง,"Mac mini, สายไฟ AC (1.8 ม.)",data/images_transparent/mac/mac-mini/silver.png,https://store.storeimages.cdn-apple.com/1/as-images.apple.com/is/mac-mini-select-202410?wid=2560&hei=2560&fmt=jpeg&qlt=95,https://www.apple.com/th/mac-mini/specs/,https://www.apple.com/th/shop/buy-mac/mac-mini
TH-MACMINIM4-SILVER-M424GB51-C0D4,mac,Mac mini,mac-mini-m4,,Mac mini (M4 / M4 Pro),Desktop,,,เงิน,Silver,#E3E4E5,34900,,127.0 x 127.0 x 50.0 มม.,670 กรัม (M4) / 730 กรัม (M4 Pro),รองรับจอภาพภายนอกสูงสุด 3 จอ (สูงสุดความละเอียด 8K 60Hz หรือ 4K 240Hz ผ่าน HDMI),ไม่มีในตัว (รองรับ Continuity Camera ผ่าน iPhone หรือกล้องเว็บแคม USB),ใช้ไฟบ้านผ่านสายไฟ AC โดยตรง กำลังไฟสูงสุด 150W ต่อเนื่อง,"Mac mini, สายไฟ AC (1.8 ม.)",data/images_transparent/mac/mac-mini/silver.png,https://store.storeimages.cdn-apple.com/1/as-images.apple.com/is/mac-mini-select-202410?wid=2560&hei=2560&fmt=jpeg&qlt=95,https://www.apple.com/th/mac-mini/specs/,https://www.apple.com/th/shop/buy-mac/mac-mini
TH-MACMINIM4-SILVER-M4PRO24G-4C2C,mac,Mac mini,mac-mini-m4,,Mac mini (M4 / M4 Pro),Desktop,,,เงิน,Silver,#E3E4E5,49900,,127.0 x 127.0 x 50.0 มม.,670 กรัม (M4) / 730 กรัม (M4 Pro),รองรับจอภาพภายนอกสูงสุด 3 จอ (สูงสุดความละเอียด 8K 60Hz หรือ 4K 240Hz ผ่าน HDMI),ไม่มีในตัว (รองรับ Continuity Camera ผ่าน iPhone หรือกล้องเว็บแคม USB),ใช้ไฟบ้านผ่านสายไฟ AC โดยตรง กำลังไฟสูงสุด 150W ต่อเนื่อง,"Mac mini, สายไฟ AC (1.8 ม.)",data/images_transparent/mac/mac-mini/silver.png,https://store.storeimages.cdn-apple.com/1/as-images.apple.com/is/mac-mini-select-202410?wid=2560&hei=2560&fmt=jpeg&qlt=95,https://www.apple.com/th/mac-mini/specs/,https://www.apple.com/th/shop/buy-mac/mac-mini
TH-MACSTUDIOM2-SILVER-M2MAX32G-20CC,mac,Mac Studio,mac-studio-m2,,Mac Studio (M2 Max / M2 Ultra),Desktop,,,เงิน,Silver,#E3E4E5,74900,,197.0 x 197.0 x 95.0 มม.,"2,700 กรัม (M2 Max) / 3,600 กรัม (M2 Ultra)",รองรับจอภาพภายนอกสูงสุด 8 จอภาพพร้อมกัน,ไม่มีในตัว (รองรับกล้องสตูดิโอและ Continuity Camera),ใช้ไฟบ้าน กำลังไฟสูงสุด 370W,"Mac Studio, สายไฟ AC",data/images_transparent/mac/mac-studio/silver.png,https://store.storeimages.cdn-apple.com/1/as-images.apple.com/is/mac-studio-select-202306?wid=2560&hei=2560&fmt=jpeg&qlt=95,https://www.apple.com/th/mac-studio/specs/,https://www.apple.com/th/shop/buy-mac/mac-studio
TH-MACSTUDIOM2-SILVER-M2ULTRA6-3C08,mac,Mac Studio,mac-studio-m2,,Mac Studio (M2 Max / M2 Ultra),Desktop,,,เงิน,Silver,#E3E4E5,149900,,197.0 x 197.0 x 95.0 มม.,"2,700 กรัม (M2 Max) / 3,600 กรัม (M2 Ultra)",รองรับจอภาพภายนอกสูงสุด 8 จอภาพพร้อมกัน,ไม่มีในตัว (รองรับกล้องสตูดิโอและ Continuity Camera),ใช้ไฟบ้าน กำลังไฟสูงสุด 370W,"Mac Studio, สายไฟ AC",data/images_transparent/mac/mac-studio/silver.png,https://store.storeimages.cdn-apple.com/1/as-images.apple.com/is/mac-studio-select-202306?wid=2560&hei=2560&fmt=jpeg&qlt=95,https://www.apple.com/th/mac-studio/specs/,https://www.apple.com/th/shop/buy-mac/mac-studio
TH-APPLEWATCHS1042-JETBLACK-ALUGPS-F86B,watch,Apple Watch Series 10,apple-watch-s10-42,,Apple Watch Series 10 (42mm),42mm,,,ดำเจ็ทแบล็ค,Jet Black,#0F0F10,14900,,42.0 x 36.0 x 9.7 มม.,30.0 กรัม (อะลูมิเนียม) / 34.4 กรัม (ไทเทเนียม),"จอภาพ OLED แบบ Wide-angle ที่มุมมองกว้างขึ้น สว่างขึ้นเมื่อมองจากมุมเฉียงสูงสุด 40%, ความสว่างสูงสุด 2,000 นิต, หนาเพียง 9.7 มม. (บางลง 10%)",ไม่มีในตัว (รองรับรีโมทควบคุมกล้อง iPhone),"ใช้งานได้นานสูงสุด 18 ชั่วโมง (โหมดประหยัดพลังงานสูงสุด 36 ชั่วโมง), ชาร์จเร็ว 80% ได้ในเวลาเพียง 30 นาที","ตัวเรือน Apple Watch Series 10 (42 มม.), สายนาฬิกาตามแบบที่เลือก, สายชาร์จเร็วแบบแม่เหล็กเป็น USB-C (1 ม.)",data/images_transparent/watch/apple-watch-series-10/jet-black.png,https://store.storeimages.cdn-apple.com/1/as-images.apple.com/is/watch-case-42-aluminum-jetblack-nc-s10?wid=2560&hei=2560&fmt=jpeg&qlt=95,https://www.apple.com/th/apple-watch-series-10/specs/,https://www.apple.com/th/shop/buy-watch/apple-watch
TH-APPLEWATCHS1042-JETBLACK-ALUGPSCE-2AA5,watch,Apple Watch Series 10,apple-watch-s10-42,,Apple Watch Series 10 (42mm),42mm,,,ดำเจ็ทแบล็ค,Jet Black,#0F0F10,18900,,42.0 x 36.0 x 9.7 มม.,30.0 กรัม (อะลูมิเนียม) / 34.4 กรัม (ไทเทเนียม),"จอภาพ OLED แบบ Wide-angle ที่มุมมองกว้างขึ้น สว่างขึ้นเมื่อมองจากมุมเฉียงสูงสุด 40%, ความสว่างสูงสุด 2,000 นิต, หนาเพียง 9.7 มม. (บางลง 10%)",ไม่มีในตัว (รองรับรีโมทควบคุมกล้อง iPhone),"ใช้งานได้นานสูงสุด 18 ชั่วโมง (โหมดประหยัดพลังงานสูงสุด 36 ชั่วโมง), ชาร์จเร็ว 80% ได้ในเวลาเพียง 30 นาที","ตัวเรือน Apple Watch Series 10 (42 มม.), สายนาฬิกาตามแบบที่เลือก, สายชาร์จเร็วแบบแม่เหล็กเป็น USB-C (1 ม.)",data/images_transparent/watch/apple-watch-series-10/jet-black.png,https://store.storeimages.cdn-apple.com/1/as-images.apple.com/is/watch-case-42-aluminum-jetblack-nc-s10?wid=2560&hei=2560&fmt=jpeg&qlt=95,https://www.apple.com/th/apple-watch-series-10/specs/,https://www.apple.com/th/shop/buy-watch/apple-watch
TH-APPLEWATCHS1042-JETBLACK-TIGPSCEL-F100,watch,Apple Watch Series 10,apple-watch-s10-42,,Apple Watch Series 10 (42mm),42mm,,,ดำเจ็ทแบล็ค,Jet Black,#0F0F10,25900,,42.0 x 36.0 x 9.7 มม.,30.0 กรัม (อะลูมิเนียม) / 34.4 กรัม (ไทเทเนียม),"จอภาพ OLED แบบ Wide-angle ที่มุมมองกว้างขึ้น สว่างขึ้นเมื่อมองจากมุมเฉียงสูงสุด 40%, ความสว่างสูงสุด 2,000 นิต, หนาเพียง 9.7 มม. (บางลง 10%)",ไม่มีในตัว (รองรับรีโมทควบคุมกล้อง iPhone),"ใช้งานได้นานสูงสุด 18 ชั่วโมง (โหมดประหยัดพลังงานสูงสุด 36 ชั่วโมง), ชาร์จเร็ว 80% ได้ในเวลาเพียง 30 นาที","ตัวเรือน Apple Watch Series 10 (42 มม.), สายนาฬิกาตามแบบที่เลือก, สายชาร์จเร็วแบบแม่เหล็กเป็น USB-C (1 ม.)",data/images_transparent/watch/apple-watch-series-10/jet-black.png,https://store.storeimages.cdn-apple.com/1/as-images.apple.com/is/watch-case-42-aluminum-jetblack-nc-s10?wid=2560&hei=2560&fmt=jpeg&qlt=95,https://www.apple.com/th/apple-watch-series-10/specs/,https://www.apple.com/th/shop/buy-watch/apple-watch
TH-APPLEWATCHS1042-ROSEGOLD-ALUGPS-E93E,watch,Apple Watch Series 10,apple-watch-s10-42,,Apple Watch Series 10 (42mm),42mm,,,โรสโกลด์,Rose Gold,#E0A39A,14900,,42.0 x 36.0 x 9.7 มม.,30.0 กรัม (อะลูมิเนียม) / 34.4 กรัม (ไทเทเนียม),"จอภาพ OLED แบบ Wide-angle ที่มุมมองกว้างขึ้น สว่างขึ้นเมื่อมองจากมุมเฉียงสูงสุด 40%, ความสว่างสูงสุด 2,000 นิต, หนาเพียง 9.7 มม. (บางลง 10%)",ไม่มีในตัว (รองรับรีโมทควบคุมกล้อง iPhone),"ใช้งานได้นานสูงสุด 18 ชั่วโมง (โหมดประหยัดพลังงานสูงสุด 36 ชั่วโมง), ชาร์จเร็ว 80% ได้ในเวลาเพียง 30 นาที","ตัวเรือน Apple Watch Series 10 (42 มม.), สายนาฬิกาตามแบบที่เลือก, สายชาร์จเร็วแบบแม่เหล็กเป็น USB-C (1 ม.)",data/images_transparent/watch/apple-watch-series-10/rose-gold.png,https://store.storeimages.cdn-apple.com/1/as-images.apple.com/is/watch-case-42-aluminum-rosegold-nc-s10?wid=2560&hei=2560&fmt=jpeg&qlt=95,https://www.apple.com/th/apple-watch-series-10/specs/,https://www.apple.com/th/shop/buy-watch/apple-watch
TH-APPLEWATCHS1042-ROSEGOLD-ALUGPSCE-58A5,watch,Apple Watch Series 10,apple-watch-s10-42,,Apple Watch Series 10 (42mm),42mm,,,โรสโกลด์,Rose Gold,#E0A39A,18900,,42.0 x 36.0 x 9.7 มม.,30.0 กรัม (อะลูมิเนียม) / 34.4 กรัม (ไทเทเนียม),"จอภาพ OLED แบบ Wide-angle ที่มุมมองกว้างขึ้น สว่างขึ้นเมื่อมองจากมุมเฉียงสูงสุด 40%, ความสว่างสูงสุด 2,000 นิต, หนาเพียง 9.7 มม. (บางลง 10%)",ไม่มีในตัว (รองรับรีโมทควบคุมกล้อง iPhone),"ใช้งานได้นานสูงสุด 18 ชั่วโมง (โหมดประหยัดพลังงานสูงสุด 36 ชั่วโมง), ชาร์จเร็ว 80% ได้ในเวลาเพียง 30 นาที","ตัวเรือน Apple Watch Series 10 (42 มม.), สายนาฬิกาตามแบบที่เลือก, สายชาร์จเร็วแบบแม่เหล็กเป็น USB-C (1 ม.)",data/images_transparent/watch/apple-watch-series-10/rose-gold.png,https://store.storeimages.cdn-apple.com/1/as-images.apple.com/is/watch-case-42-aluminum-rosegold-nc-s10?wid=2560&hei=2560&fmt=jpeg&qlt=95,https://www.apple.com/th/apple-watch-series-10/specs/,https://www.apple.com/th/shop/buy-watch/apple-watch
TH-APPLEWATCHS1042-ROSEGOLD-TIGPSCEL-E6EB,watch,Apple Watch Series 10,apple-watch-s10-42,,Apple Watch Series 10 (42mm),42mm,,,โรสโกลด์,Rose Gold,#E0A39A,25900,,42.0 x 36.0 x 9.7 มม.,30.0 กรัม (อะลูมิเนียม) / 34.4 กรัม (ไทเทเนียม),"จอภาพ OLED แบบ Wide-angle ที่มุมมองกว้างขึ้น สว่างขึ้นเมื่อมองจากมุมเฉียงสูงสุด 40%, ความสว่างสูงสุด 2,000 นิต, หนาเพียง 9.7 มม. (บางลง 10%)",ไม่มีในตัว (รองรับรีโมทควบคุมกล้อง iPhone),"ใช้งานได้นานสูงสุด 18 ชั่วโมง (โหมดประหยัดพลังงานสูงสุด 36 ชั่วโมง), ชาร์จเร็ว 80% ได้ในเวลาเพียง 30 นาที","ตัวเรือน Apple Watch Series 10 (42 มม.), สายนาฬิกาตามแบบที่เลือก, สายชาร์จเร็วแบบแม่เหล็กเป็น USB-C (1 ม.)",data/images_transparent/watch/apple-watch-series-10/rose-gold.png,https://store.storeimages.cdn-apple.com/1/as-images.apple.com/is/watch-case-42-aluminum-rosegold-nc-s10?wid=2560&hei=2560&fmt=jpeg&qlt=95,https://www.apple.com/th/apple-watch-series-10/specs/,https://www.apple.com/th/shop/buy-watch/apple-watch
TH-APPLEWATCHS1042-SILVER-ALUGPS-BEAE,watch,Apple Watch Series 10,apple-watch-s10-42,,Apple Watch Series 10 (42mm),42mm,,,เงิน,Silver,#E3E4E5,14900,,42.0 x 36.0 x 9.7 มม.,30.0 กรัม (อะลูมิเนียม) / 34.4 กรัม (ไทเทเนียม),"จอภาพ OLED แบบ Wide-angle ที่มุมมองกว้างขึ้น สว่างขึ้นเมื่อมองจากมุมเฉียงสูงสุด 40%, ความสว่างสูงสุด 2,000 นิต, หนาเพียง 9.7 มม. (บางลง 10%)",ไม่มีในตัว (รองรับรีโมทควบคุมกล้อง iPhone),"ใช้งานได้นานสูงสุด 18 ชั่วโมง (โหมดประหยัดพลังงานสูงสุด 36 ชั่วโมง), ชาร์จเร็ว 80% ได้ในเวลาเพียง 30 นาที","ตัวเรือน Apple Watch Series 10 (42 มม.), สายนาฬิกาตามแบบที่เลือก, สายชาร์จเร็วแบบแม่เหล็กเป็น USB-C (1 ม.)",data/images_transparent/watch/apple-watch-series-10/silver.png,https://store.storeimages.cdn-apple.com/1/as-images.apple.com/is/watch-case-42-aluminum-silver-nc-s10?wid=2560&hei=2560&fmt=jpeg&qlt=95,https://www.apple.com/th/apple-watch-series-10/specs/,https://www.apple.com/th/shop/buy-watch/apple-watch
TH-APPLEWATCHS1042-SILVER-ALUGPSCE-311D,watch,Apple Watch Series 10,apple-watch-s10-42,,Apple Watch Series 10 (42mm),42mm,,,เงิน,Silver,#E3E4E5,18900,,42.0 x 36.0 x 9.7 มม.,30.0 กรัม (อะลูมิเนียม) / 34.4 กรัม (ไทเทเนียม),"จอภาพ OLED แบบ Wide-angle ที่มุมมองกว้างขึ้น สว่างขึ้นเมื่อมองจากมุมเฉียงสูงสุด 40%, ความสว่างสูงสุด 2,000 นิต, หนาเพียง 9.7 มม. (บางลง 10%)",ไม่มีในตัว (รองรับรีโมทควบคุมกล้อง iPhone),"ใช้งานได้นานสูงสุด 18 ชั่วโมง (โหมดประหยัดพลังงานสูงสุด 36 ชั่วโมง), ชาร์จเร็ว 80% ได้ในเวลาเพียง 30 นาที","ตัวเรือน Apple Watch Series 10 (42 มม.), สายนาฬิกาตามแบบที่เลือก, สายชาร์จเร็วแบบแม่เหล็กเป็น USB-C (1 ม.)",data/images_transparent/watch/apple-watch-series-10/silver.png,https://store.storeimages.cdn-apple.com/1/as-images.apple.com/is/watch-case-42-aluminum-silver-nc-s10?wid=2560&hei=2560&fmt=jpeg&qlt=95,https://www.apple.com/th/apple-watch-series-10/specs/,https://www.apple.com/th/shop/buy-watch/apple-watch
TH-APPLEWATCHS1042-SILVER-TIGPSCEL-00D6,watch,Apple Watch Series 10,apple-watch-s10-42,,Apple Watch Series 10 (42mm),42mm,,,เงิน,Silver,#E3E4E5,25900,,42.0 x 36.0 x 9.7 มม.,30.0 กรัม (อะลูมิเนียม) / 34.4 กรัม (ไทเทเนียม),"จอภาพ OLED แบบ Wide-angle ที่มุมมองกว้างขึ้น สว่างขึ้นเมื่อมองจากมุมเฉียงสูงสุด 40%, ความสว่างสูงสุด 2,000 นิต, หนาเพียง 9.7 มม. (บางลง 10%)",ไม่มีในตัว (รองรับรีโมทควบคุมกล้อง iPhone),"ใช้งานได้นานสูงสุด 18 ชั่วโมง (โหมดประหยัดพลังงานสูงสุด 36 ชั่วโมง), ชาร์จเร็ว 80% ได้ในเวลาเพียง 30 นาที","ตัวเรือน Apple Watch Series 10 (42 มม.), สายนาฬิกาตามแบบที่เลือก, สายชาร์จเร็วแบบแม่เหล็กเป็น USB-C (1 ม.)",data/images_transparent/watch/apple-watch-series-10/silver.png,https://store.storeimages.cdn-apple.com/1/as-images.apple.com/is/watch-case-42-aluminum-silver-nc-s10?wid=2560&hei=2560&fmt=jpeg&qlt=95,https://www.apple.com/th/apple-watch-series-10/specs/,https://www.apple.com/th/shop/buy-watch/apple-watch
TH-APPLEWATCHS1042-NATURALTITANIUM-ALUGPS-D1FD,watch,Apple Watch Series 10,apple-watch-s10-42,,Apple Watch Series 10 (42mm),42mm,,,ไทเทเนียมธรรมชาติ,Natural Titanium,#9A958E,14900,,42.0 x 36.0 x 9.7 มม.,30.0 กรัม (อะลูมิเนียม) / 34.4 กรัม (ไทเทเนียม),"จอภาพ OLED แบบ Wide-angle ที่มุมมองกว้างขึ้น สว่างขึ้นเมื่อมองจากมุมเฉียงสูงสุด 40%, ความสว่างสูงสุด 2,000 นิต, หนาเพียง 9.7 มม. (บางลง 10%)",ไม่มีในตัว (รองรับรีโมทควบคุมกล้อง iPhone),"ใช้งานได้นานสูงสุด 18 ชั่วโมง (โหมดประหยัดพลังงานสูงสุด 36 ชั่วโมง), ชาร์จเร็ว 80% ได้ในเวลาเพียง 30 นาที","ตัวเรือน Apple Watch Series 10 (42 มม.), สายนาฬิกาตามแบบที่เลือก, สายชาร์จเร็วแบบแม่เหล็กเป็น USB-C (1 ม.)",data/images_transparent/watch/apple-watch-series-10/natural-titanium.png,https://store.storeimages.cdn-apple.com/1/as-images.apple.com/is/watch-case-42-titanium-natural-cell-s10?wid=2560&hei=2560&fmt=jpeg&qlt=95,https://www.apple.com/th/apple-watch-series-10/specs/,https://www.apple.com/th/shop/buy-watch/apple-watch
TH-APPLEWATCHS1042-NATURALTITANIUM-ALUGPSCE-88E2,watch,Apple Watch Series 10,apple-watch-s10-42,,Apple Watch Series 10 (42mm),42mm,,,ไทเทเนียมธรรมชาติ,Natural Titanium,#9A958E,18900,,42.0 x 36.0 x 9.7 มม.,30.0 กรัม (อะลูมิเนียม) / 34.4 กรัม (ไทเทเนียม),"จอภาพ OLED แบบ Wide-angle ที่มุมมองกว้างขึ้น สว่างขึ้นเมื่อมองจากมุมเฉียงสูงสุด 40%, ความสว่างสูงสุด 2,000 นิต, หนาเพียง 9.7 มม. (บางลง 10%)",ไม่มีในตัว (รองรับรีโมทควบคุมกล้อง iPhone),"ใช้งานได้นานสูงสุด 18 ชั่วโมง (โหมดประหยัดพลังงานสูงสุด 36 ชั่วโมง), ชาร์จเร็ว 80% ได้ในเวลาเพียง 30 นาที","ตัวเรือน Apple Watch Series 10 (42 มม.), สายนาฬิกาตามแบบที่เลือก, สายชาร์จเร็วแบบแม่เหล็กเป็น USB-C (1 ม.)",data/images_transparent/watch/apple-watch-series-10/natural-titanium.png,https://store.storeimages.cdn-apple.com/1/as-images.apple.com/is/watch-case-42-titanium-natural-cell-s10?wid=2560&hei=2560&fmt=jpeg&qlt=95,https://www.apple.com/th/apple-watch-series-10/specs/,https://www.apple.com/th/shop/buy-watch/apple-watch
TH-APPLEWATCHS1042-NATURALTITANIUM-TIGPSCEL-7973,watch,Apple Watch Series 10,apple-watch-s10-42,,Apple Watch Series 10 (42mm),42mm,,,ไทเทเนียมธรรมชาติ,Natural Titanium,#9A958E,25900,,42.0 x 36.0 x 9.7 มม.,30.0 กรัม (อะลูมิเนียม) / 34.4 กรัม (ไทเทเนียม),"จอภาพ OLED แบบ Wide-angle ที่มุมมองกว้างขึ้น สว่างขึ้นเมื่อมองจากมุมเฉียงสูงสุด 40%, ความสว่างสูงสุด 2,000 นิต, หนาเพียง 9.7 มม. (บางลง 10%)",ไม่มีในตัว (รองรับรีโมทควบคุมกล้อง iPhone),"ใช้งานได้นานสูงสุด 18 ชั่วโมง (โหมดประหยัดพลังงานสูงสุด 36 ชั่วโมง), ชาร์จเร็ว 80% ได้ในเวลาเพียง 30 นาที","ตัวเรือน Apple Watch Series 10 (42 มม.), สายนาฬิกาตามแบบที่เลือก, สายชาร์จเร็วแบบแม่เหล็กเป็น USB-C (1 ม.)",data/images_transparent/watch/apple-watch-series-10/natural-titanium.png,https://store.storeimages.cdn-apple.com/1/as-images.apple.com/is/watch-case-42-titanium-natural-cell-s10?wid=2560&hei=2560&fmt=jpeg&qlt=95,https://www.apple.com/th/apple-watch-series-10/specs/,https://www.apple.com/th/shop/buy-watch/apple-watch
TH-APPLEWATCHS1042-GOLD-ALUGPS-F73E,watch,Apple Watch Series 10,apple-watch-s10-42,,Apple Watch Series 10 (42mm),42mm,,,ทองไทเทเนียม,Gold Titanium,#E2D2B4,14900,,42.0 x 36.0 x 9.7 มม.,30.0 กรัม (อะลูมิเนียม) / 34.4 กรัม (ไทเทเนียม),"จอภาพ OLED แบบ Wide-angle ที่มุมมองกว้างขึ้น สว่างขึ้นเมื่อมองจากมุมเฉียงสูงสุด 40%, ความสว่างสูงสุด 2,000 นิต, หนาเพียง 9.7 มม. (บางลง 10%)",ไม่มีในตัว (รองรับรีโมทควบคุมกล้อง iPhone),"ใช้งานได้นานสูงสุด 18 ชั่วโมง (โหมดประหยัดพลังงานสูงสุด 36 ชั่วโมง), ชาร์จเร็ว 80% ได้ในเวลาเพียง 30 นาที","ตัวเรือน Apple Watch Series 10 (42 มม.), สายนาฬิกาตามแบบที่เลือก, สายชาร์จเร็วแบบแม่เหล็กเป็น USB-C (1 ม.)",data/images_transparent/watch/apple-watch-series-10/gold.png,https://store.storeimages.cdn-apple.com/1/as-images.apple.com/is/watch-case-42-titanium-gold-cell-s10?wid=2560&hei=2560&fmt=jpeg&qlt=95,https://www.apple.com/th/apple-watch-series-10/specs/,https://www.apple.com/th/shop/buy-watch/apple-watch
TH-APPLEWATCHS1042-GOLD-ALUGPSCE-8B1A,watch,Apple Watch Series 10,apple-watch-s10-42,,Apple Watch Series 10 (42mm),42mm,,,ทองไทเทเนียม,Gold Titanium,#E2D2B4,18900,,42.0 x 36.0 x 9.7 มม.,30.0 กรัม (อะลูมิเนียม) / 34.4 กรัม (ไทเทเนียม),"จอภาพ OLED แบบ Wide-angle ที่มุมมองกว้างขึ้น สว่างขึ้นเมื่อมองจากมุมเฉียงสูงสุด 40%, ความสว่างสูงสุด 2,000 นิต, หนาเพียง 9.7 มม. (บางลง 10%)",ไม่มีในตัว (รองรับรีโมทควบคุมกล้อง iPhone),"ใช้งานได้นานสูงสุด 18 ชั่วโมง (โหมดประหยัดพลังงานสูงสุด 36 ชั่วโมง), ชาร์จเร็ว 80% ได้ในเวลาเพียง 30 นาที","ตัวเรือน Apple Watch Series 10 (42 มม.), สายนาฬิกาตามแบบที่เลือก, สายชาร์จเร็วแบบแม่เหล็กเป็น USB-C (1 ม.)",data/images_transparent/watch/apple-watch-series-10/gold.png,https://store.storeimages.cdn-apple.com/1/as-images.apple.com/is/watch-case-42-titanium-gold-cell-s10?wid=2560&hei=2560&fmt=jpeg&qlt=95,https://www.apple.com/th/apple-watch-series-10/specs/,https://www.apple.com/th/shop/buy-watch/apple-watch
TH-APPLEWATCHS1042-GOLD-TIGPSCEL-935E,watch,Apple Watch Series 10,apple-watch-s10-42,,Apple Watch Series 10 (42mm),42mm,,,ทองไทเทเนียม,Gold Titanium,#E2D2B4,25900,,42.0 x 36.0 x 9.7 มม.,30.0 กรัม (อะลูมิเนียม) / 34.4 กรัม (ไทเทเนียม),"จอภาพ OLED แบบ Wide-angle ที่มุมมองกว้างขึ้น สว่างขึ้นเมื่อมองจากมุมเฉียงสูงสุด 40%, ความสว่างสูงสุด 2,000 นิต, หนาเพียง 9.7 มม. (บางลง 10%)",ไม่มีในตัว (รองรับรีโมทควบคุมกล้อง iPhone),"ใช้งานได้นานสูงสุด 18 ชั่วโมง (โหมดประหยัดพลังงานสูงสุด 36 ชั่วโมง), ชาร์จเร็ว 80% ได้ในเวลาเพียง 30 นาที","ตัวเรือน Apple Watch Series 10 (42 มม.), สายนาฬิกาตามแบบที่เลือก, สายชาร์จเร็วแบบแม่เหล็กเป็น USB-C (1 ม.)",data/images_transparent/watch/apple-watch-series-10/gold.png,https://store.storeimages.cdn-apple.com/1/as-images.apple.com/is/watch-case-42-titanium-gold-cell-s10?wid=2560&hei=2560&fmt=jpeg&qlt=95,https://www.apple.com/th/apple-watch-series-10/specs/,https://www.apple.com/th/shop/buy-watch/apple-watch
TH-APPLEWATCHS1042-SLATE-ALUGPS-C97D,watch,Apple Watch Series 10,apple-watch-s10-42,,Apple Watch Series 10 (42mm),42mm,,,เทาสเลทไทเทเนียม,Slate Titanium,#43464B,14900,,42.0 x 36.0 x 9.7 มม.,30.0 กรัม (อะลูมิเนียม) / 34.4 กรัม (ไทเทเนียม),"จอภาพ OLED แบบ Wide-angle ที่มุมมองกว้างขึ้น สว่างขึ้นเมื่อมองจากมุมเฉียงสูงสุด 40%, ความสว่างสูงสุด 2,000 นิต, หนาเพียง 9.7 มม. (บางลง 10%)",ไม่มีในตัว (รองรับรีโมทควบคุมกล้อง iPhone),"ใช้งานได้นานสูงสุด 18 ชั่วโมง (โหมดประหยัดพลังงานสูงสุด 36 ชั่วโมง), ชาร์จเร็ว 80% ได้ในเวลาเพียง 30 นาที","ตัวเรือน Apple Watch Series 10 (42 มม.), สายนาฬิกาตามแบบที่เลือก, สายชาร์จเร็วแบบแม่เหล็กเป็น USB-C (1 ม.)",data/images_transparent/watch/apple-watch-series-10/slate.png,https://store.storeimages.cdn-apple.com/1/as-images.apple.com/is/watch-case-42-titanium-slate-cell-s10?wid=2560&hei=2560&fmt=jpeg&qlt=95,https://www.apple.com/th/apple-watch-series-10/specs/,https://www.apple.com/th/shop/buy-watch/apple-watch
TH-APPLEWATCHS1042-SLATE-ALUGPSCE-1EB4,watch,Apple Watch Series 10,apple-watch-s10-42,,Apple Watch Series 10 (42mm),42mm,,,เทาสเลทไทเทเนียม,Slate Titanium,#43464B,18900,,42.0 x 36.0 x 9.7 มม.,30.0 กรัม (อะลูมิเนียม) / 34.4 กรัม (ไทเทเนียม),"จอภาพ OLED แบบ Wide-angle ที่มุมมองกว้างขึ้น สว่างขึ้นเมื่อมองจากมุมเฉียงสูงสุด 40%, ความสว่างสูงสุด 2,000 นิต, หนาเพียง 9.7 มม. (บางลง 10%)",ไม่มีในตัว (รองรับรีโมทควบคุมกล้อง iPhone),"ใช้งานได้นานสูงสุด 18 ชั่วโมง (โหมดประหยัดพลังงานสูงสุด 36 ชั่วโมง), ชาร์จเร็ว 80% ได้ในเวลาเพียง 30 นาที","ตัวเรือน Apple Watch Series 10 (42 มม.), สายนาฬิกาตามแบบที่เลือก, สายชาร์จเร็วแบบแม่เหล็กเป็น USB-C (1 ม.)",data/images_transparent/watch/apple-watch-series-10/slate.png,https://store.storeimages.cdn-apple.com/1/as-images.apple.com/is/watch-case-42-titanium-slate-cell-s10?wid=2560&hei=2560&fmt=jpeg&qlt=95,https://www.apple.com/th/apple-watch-series-10/specs/,https://www.apple.com/th/shop/buy-watch/apple-watch
TH-APPLEWATCHS1042-SLATE-TIGPSCEL-51BE,watch,Apple Watch Series 10,apple-watch-s10-42,,Apple Watch Series 10 (42mm),42mm,,,เทาสเลทไทเทเนียม,Slate Titanium,#43464B,25900,,42.0 x 36.0 x 9.7 มม.,30.0 กรัม (อะลูมิเนียม) / 34.4 กรัม (ไทเทเนียม),"จอภาพ OLED แบบ Wide-angle ที่มุมมองกว้างขึ้น สว่างขึ้นเมื่อมองจากมุมเฉียงสูงสุด 40%, ความสว่างสูงสุด 2,000 นิต, หนาเพียง 9.7 มม. (บางลง 10%)",ไม่มีในตัว (รองรับรีโมทควบคุมกล้อง iPhone),"ใช้งานได้นานสูงสุด 18 ชั่วโมง (โหมดประหยัดพลังงานสูงสุด 36 ชั่วโมง), ชาร์จเร็ว 80% ได้ในเวลาเพียง 30 นาที","ตัวเรือน Apple Watch Series 10 (42 มม.), สายนาฬิกาตามแบบที่เลือก, สายชาร์จเร็วแบบแม่เหล็กเป็น USB-C (1 ม.)",data/images_transparent/watch/apple-watch-series-10/slate.png,https://store.storeimages.cdn-apple.com/1/as-images.apple.com/is/watch-case-42-titanium-slate-cell-s10?wid=2560&hei=2560&fmt=jpeg&qlt=95,https://www.apple.com/th/apple-watch-series-10/specs/,https://www.apple.com/th/shop/buy-watch/apple-watch
TH-APPLEWATCHS1046-JETBLACK-ALUGPS-2B6B,watch,Apple Watch Series 10,apple-watch-s10-46,,Apple Watch Series 10 (46mm),46mm,,,ดำเจ็ทแบล็ค,Jet Black,#0F0F10,15900,,46.0 x 39.0 x 9.7 มม.,36.4 กรัม (อะลูมิเนียม) / 41.7 กรัม (ไทเทเนียม),"จอภาพ OLED แบบ Wide-angle พื้นที่หน้าจอใหญ่กว่า Series 6 ถึงเกือบ 30%, ความสว่างสูงสุด 2,000 นิต",ไม่มีในตัว (รองรับรีโมทควบคุมกล้อง iPhone),"ใช้งานปกติสูงสุด 18 ชั่วโมง (โหมดประหยัดพลังงานสูงสุด 36 ชั่วโมง), ชาร์จเร็ว 80% ใน 30 นาที","ตัวเรือน Apple Watch Series 10 (46 มม.), สายนาฬิกา, สายชาร์จเร็วแบบแม่เหล็กเป็น USB-C (1 ม.)",data/images_transparent/watch/apple-watch-series-10/jet-black.png,https://store.storeimages.cdn-apple.com/1/as-images.apple.com/is/watch-case-42-aluminum-jetblack-nc-s10?wid=2560&hei=2560&fmt=jpeg&qlt=95,https://www.apple.com/th/apple-watch-series-10/specs/,https://www.apple.com/th/shop/buy-watch/apple-watch
TH-APPLEWATCHS1046-JETBLACK-ALUGPSCE-008C,watch,Apple Watch Series 10,apple-watch-s10-46,,Apple Watch Series 10 (46mm),46mm,,,ดำเจ็ทแบล็ค,Jet Black,#0F0F10,19900,,46.0 x 39.0 x 9.7 มม.,36.4 กรัม (อะลูมิเนียม) / 41.7 กรัม (ไทเทเนียม),"จอภาพ OLED แบบ Wide-angle พื้นที่หน้าจอใหญ่กว่า Series 6 ถึงเกือบ 30%, ความสว่างสูงสุด 2,000 นิต",ไม่มีในตัว (รองรับรีโมทควบคุมกล้อง iPhone),"ใช้งานปกติสูงสุด 18 ชั่วโมง (โหมดประหยัดพลังงานสูงสุด 36 ชั่วโมง), ชาร์จเร็ว 80% ใน 30 นาที","ตัวเรือน Apple Watch Series 10 (46 มม.), สายนาฬิกา, สายชาร์จเร็วแบบแม่เหล็กเป็น USB-C (1 ม.)",data/images_transparent/watch/apple-watch-series-10/jet-black.png,https://store.storeimages.cdn-apple.com/1/as-images.apple.com/is/watch-case-42-aluminum-jetblack-nc-s10?wid=2560&hei=2560&fmt=jpeg&qlt=95,https://www.apple.com/th/apple-watch-series-10/specs/,https://www.apple.com/th/shop/buy-watch/apple-watch
TH-APPLEWATCHS1046-JETBLACK-TIGPSCEL-FA52,watch,Apple Watch Series 10,apple-watch-s10-46,,Apple Watch Series 10 (46mm),46mm,,,ดำเจ็ทแบล็ค,Jet Black,#0F0F10,27900,,46.0 x 39.0 x 9.7 มม.,36.4 กรัม (อะลูมิเนียม) / 41.7 กรัม (ไทเทเนียม),"จอภาพ OLED แบบ Wide-angle พื้นที่หน้าจอใหญ่กว่า Series 6 ถึงเกือบ 30%, ความสว่างสูงสุด 2,000 นิต",ไม่มีในตัว (รองรับรีโมทควบคุมกล้อง iPhone),"ใช้งานปกติสูงสุด 18 ชั่วโมง (โหมดประหยัดพลังงานสูงสุด 36 ชั่วโมง), ชาร์จเร็ว 80% ใน 30 นาที","ตัวเรือน Apple Watch Series 10 (46 มม.), สายนาฬิกา, สายชาร์จเร็วแบบแม่เหล็กเป็น USB-C (1 ม.)",data/images_transparent/watch/apple-watch-series-10/jet-black.png,https://store.storeimages.cdn-apple.com/1/as-images.apple.com/is/watch-case-42-aluminum-jetblack-nc-s10?wid=2560&hei=2560&fmt=jpeg&qlt=95,https://www.apple.com/th/apple-watch-series-10/specs/,https://www.apple.com/th/shop/buy-watch/apple-watch
TH-APPLEWATCHS1046-ROSEGOLD-ALUGPS-714F,watch,Apple Watch Series 10,apple-watch-s10-46,,Apple Watch Series 10 (46mm),46mm,,,โรสโกลด์,Rose Gold,#E0A39A,15900,,46.0 x 39.0 x 9.7 มม.,36.4 กรัม (อะลูมิเนียม) / 41.7 กรัม (ไทเทเนียม),"จอภาพ OLED แบบ Wide-angle พื้นที่หน้าจอใหญ่กว่า Series 6 ถึงเกือบ 30%, ความสว่างสูงสุด 2,000 นิต",ไม่มีในตัว (รองรับรีโมทควบคุมกล้อง iPhone),"ใช้งานปกติสูงสุด 18 ชั่วโมง (โหมดประหยัดพลังงานสูงสุด 36 ชั่วโมง), ชาร์จเร็ว 80% ใน 30 นาที","ตัวเรือน Apple Watch Series 10 (46 มม.), สายนาฬิกา, สายชาร์จเร็วแบบแม่เหล็กเป็น USB-C (1 ม.)",data/images_transparent/watch/apple-watch-series-10/rose-gold.png,https://store.storeimages.cdn-apple.com/1/as-images.apple.com/is/watch-case-42-aluminum-rosegold-nc-s10?wid=2560&hei=2560&fmt=jpeg&qlt=95,https://www.apple.com/th/apple-watch-series-10/specs/,https://www.apple.com/th/shop/buy-watch/apple-watch
TH-APPLEWATCHS1046-ROSEGOLD-ALUGPSCE-2B94,watch,Apple Watch Series 10,apple-watch-s10-46,,Apple Watch Series 10 (46mm),46mm,,,โรสโกลด์,Rose Gold,#E0A39A,19900,,46.0 x 39.0 x 9.7 มม.,36.4 กรัม (อะลูมิเนียม) / 41.7 กรัม (ไทเทเนียม),"จอภาพ OLED แบบ Wide-angle พื้นที่หน้าจอใหญ่กว่า Series 6 ถึงเกือบ 30%, ความสว่างสูงสุด 2,000 นิต",ไม่มีในตัว (รองรับรีโมทควบคุมกล้อง iPhone),"ใช้งานปกติสูงสุด 18 ชั่วโมง (โหมดประหยัดพลังงานสูงสุด 36 ชั่วโมง), ชาร์จเร็ว 80% ใน 30 นาที","ตัวเรือน Apple Watch Series 10 (46 มม.), สายนาฬิกา, สายชาร์จเร็วแบบแม่เหล็กเป็น USB-C (1 ม.)",data/images_transparent/watch/apple-watch-series-10/rose-gold.png,https://store.storeimages.cdn-apple.com/1/as-images.apple.com/is/watch-case-42-aluminum-rosegold-nc-s10?wid=2560&hei=2560&fmt=jpeg&qlt=95,https://www.apple.com/th/apple-watch-series-10/specs/,https://www.apple.com/th/shop/buy-watch/apple-watch
TH-APPLEWATCHS1046-ROSEGOLD-TIGPSCEL-001E,watch,Apple Watch Series 10,apple-watch-s10-46,,Apple Watch Series 10 (46mm),46mm,,,โรสโกลด์,Rose Gold,#E0A39A,27900,,46.0 x 39.0 x 9.7 มม.,36.4 กรัม (อะลูมิเนียม) / 41.7 กรัม (ไทเทเนียม),"จอภาพ OLED แบบ Wide-angle พื้นที่หน้าจอใหญ่กว่า Series 6 ถึงเกือบ 30%, ความสว่างสูงสุด 2,000 นิต",ไม่มีในตัว (รองรับรีโมทควบคุมกล้อง iPhone),"ใช้งานปกติสูงสุด 18 ชั่วโมง (โหมดประหยัดพลังงานสูงสุด 36 ชั่วโมง), ชาร์จเร็ว 80% ใน 30 นาที","ตัวเรือน Apple Watch Series 10 (46 มม.), สายนาฬิกา, สายชาร์จเร็วแบบแม่เหล็กเป็น USB-C (1 ม.)",data/images_transparent/watch/apple-watch-series-10/rose-gold.png,https://store.storeimages.cdn-apple.com/1/as-images.apple.com/is/watch-case-42-aluminum-rosegold-nc-s10?wid=2560&hei=2560&fmt=jpeg&qlt=95,https://www.apple.com/th/apple-watch-series-10/specs/,https://www.apple.com/th/shop/buy-watch/apple-watch
TH-APPLEWATCHS1046-SILVER-ALUGPS-2E08,watch,Apple Watch Series 10,apple-watch-s10-46,,Apple Watch Series 10 (46mm),46mm,,,เงิน,Silver,#E3E4E5,15900,,46.0 x 39.0 x 9.7 มม.,36.4 กรัม (อะลูมิเนียม) / 41.7 กรัม (ไทเทเนียม),"จอภาพ OLED แบบ Wide-angle พื้นที่หน้าจอใหญ่กว่า Series 6 ถึงเกือบ 30%, ความสว่างสูงสุด 2,000 นิต",ไม่มีในตัว (รองรับรีโมทควบคุมกล้อง iPhone),"ใช้งานปกติสูงสุด 18 ชั่วโมง (โหมดประหยัดพลังงานสูงสุด 36 ชั่วโมง), ชาร์จเร็ว 80% ใน 30 นาที","ตัวเรือน Apple Watch Series 10 (46 มม.), สายนาฬิกา, สายชาร์จเร็วแบบแม่เหล็กเป็น USB-C (1 ม.)",data/images_transparent/watch/apple-watch-series-10/silver.png,https://store.storeimages.cdn-apple.com/1/as-images.apple.com/is/watch-case-42-aluminum-silver-nc-s10?wid=2560&hei=2560&fmt=jpeg&qlt=95,https://www.apple.com/th/apple-watch-series-10/specs/,https://www.apple.com/th/shop/buy-watch/apple-watch
TH-APPLEWATCHS1046-SILVER-ALUGPSCE-8FB4,watch,Apple Watch Series 10,apple-watch-s10-46,,Apple Watch Series 10 (46mm),46mm,,,เงิน,Silver,#E3E4E5,19900,,46.0 x 39.0 x 9.7 มม.,36.4 กรัม (อะลูมิเนียม) / 41.7 กรัม (ไทเทเนียม),"จอภาพ OLED แบบ Wide-angle พื้นที่หน้าจอใหญ่กว่า Series 6 ถึงเกือบ 30%, ความสว่างสูงสุด 2,000 นิต",ไม่มีในตัว (รองรับรีโมทควบคุมกล้อง iPhone),"ใช้งานปกติสูงสุด 18 ชั่วโมง (โหมดประหยัดพลังงานสูงสุด 36 ชั่วโมง), ชาร์จเร็ว 80% ใน 30 นาที","ตัวเรือน Apple Watch Series 10 (46 มม.), สายนาฬิกา, สายชาร์จเร็วแบบแม่เหล็กเป็น USB-C (1 ม.)",data/images_transparent/watch/apple-watch-series-10/silver.png,https://store.storeimages.cdn-apple.com/1/as-images.apple.com/is/watch-case-42-aluminum-silver-nc-s10?wid=2560&hei=2560&fmt=jpeg&qlt=95,https://www.apple.com/th/apple-watch-series-10/specs/,https://www.apple.com/th/shop/buy-watch/apple-watch
TH-APPLEWATCHS1046-SILVER-TIGPSCEL-B5E6,watch,Apple Watch Series 10,apple-watch-s10-46,,Apple Watch Series 10 (46mm),46mm,,,เงิน,Silver,#E3E4E5,27900,,46.0 x 39.0 x 9.7 มม.,36.4 กรัม (อะลูมิเนียม) / 41.7 กรัม (ไทเทเนียม),"จอภาพ OLED แบบ Wide-angle พื้นที่หน้าจอใหญ่กว่า Series 6 ถึงเกือบ 30%, ความสว่างสูงสุด 2,000 นิต",ไม่มีในตัว (รองรับรีโมทควบคุมกล้อง iPhone),"ใช้งานปกติสูงสุด 18 ชั่วโมง (โหมดประหยัดพลังงานสูงสุด 36 ชั่วโมง), ชาร์จเร็ว 80% ใน 30 นาที","ตัวเรือน Apple Watch Series 10 (46 มม.), สายนาฬิกา, สายชาร์จเร็วแบบแม่เหล็กเป็น USB-C (1 ม.)",data/images_transparent/watch/apple-watch-series-10/silver.png,https://store.storeimages.cdn-apple.com/1/as-images.apple.com/is/watch-case-42-aluminum-silver-nc-s10?wid=2560&hei=2560&fmt=jpeg&qlt=95,https://www.apple.com/th/apple-watch-series-10/specs/,https://www.apple.com/th/shop/buy-watch/apple-watch
TH-APPLEWATCHS1046-NATURALTITANIUM-ALUGPS-8183,watch,Apple Watch Series 10,apple-watch-s10-46,,Apple Watch Series 10 (46mm),46mm,,,ไทเทเนียมธรรมชาติ,Natural Titanium,#9A958E,15900,,46.0 x 39.0 x 9.7 มม.,36.4 กรัม (อะลูมิเนียม) / 41.7 กรัม (ไทเทเนียม),"จอภาพ OLED แบบ Wide-angle พื้นที่หน้าจอใหญ่กว่า Series 6 ถึงเกือบ 30%, ความสว่างสูงสุด 2,000 นิต",ไม่มีในตัว (รองรับรีโมทควบคุมกล้อง iPhone),"ใช้งานปกติสูงสุด 18 ชั่วโมง (โหมดประหยัดพลังงานสูงสุด 36 ชั่วโมง), ชาร์จเร็ว 80% ใน 30 นาที","ตัวเรือน Apple Watch Series 10 (46 มม.), สายนาฬิกา, สายชาร์จเร็วแบบแม่เหล็กเป็น USB-C (1 ม.)",data/images_transparent/watch/apple-watch-series-10/natural-titanium.png,https://store.storeimages.cdn-apple.com/1/as-images.apple.com/is/watch-case-42-titanium-natural-cell-s10?wid=2560&hei=2560&fmt=jpeg&qlt=95,https://www.apple.com/th/apple-watch-series-10/specs/,https://www.apple.com/th/shop/buy-watch/apple-watch
TH-APPLEWATCHS1046-NATURALTITANIUM-ALUGPSCE-1C27,watch,Apple Watch Series 10,apple-watch-s10-46,,Apple Watch Series 10 (46mm),46mm,,,ไทเทเนียมธรรมชาติ,Natural Titanium,#9A958E,19900,,46.0 x 39.0 x 9.7 มม.,36.4 กรัม (อะลูมิเนียม) / 41.7 กรัม (ไทเทเนียม),"จอภาพ OLED แบบ Wide-angle พื้นที่หน้าจอใหญ่กว่า Series 6 ถึงเกือบ 30%, ความสว่างสูงสุด 2,000 นิต",ไม่มีในตัว (รองรับรีโมทควบคุมกล้อง iPhone),"ใช้งานปกติสูงสุด 18 ชั่วโมง (โหมดประหยัดพลังงานสูงสุด 36 ชั่วโมง), ชาร์จเร็ว 80% ใน 30 นาที","ตัวเรือน Apple Watch Series 10 (46 มม.), สายนาฬิกา, สายชาร์จเร็วแบบแม่เหล็กเป็น USB-C (1 ม.)",data/images_transparent/watch/apple-watch-series-10/natural-titanium.png,https://store.storeimages.cdn-apple.com/1/as-images.apple.com/is/watch-case-42-titanium-natural-cell-s10?wid=2560&hei=2560&fmt=jpeg&qlt=95,https://www.apple.com/th/apple-watch-series-10/specs/,https://www.apple.com/th/shop/buy-watch/apple-watch
TH-APPLEWATCHS1046-NATURALTITANIUM-TIGPSCEL-84DF,watch,Apple Watch Series 10,apple-watch-s10-46,,Apple Watch Series 10 (46mm),46mm,,,ไทเทเนียมธรรมชาติ,Natural Titanium,#9A958E,27900,,46.0 x 39.0 x 9.7 มม.,36.4 กรัม (อะลูมิเนียม) / 41.7 กรัม (ไทเทเนียม),"จอภาพ OLED แบบ Wide-angle พื้นที่หน้าจอใหญ่กว่า Series 6 ถึงเกือบ 30%, ความสว่างสูงสุด 2,000 นิต",ไม่มีในตัว (รองรับรีโมทควบคุมกล้อง iPhone),"ใช้งานปกติสูงสุด 18 ชั่วโมง (โหมดประหยัดพลังงานสูงสุด 36 ชั่วโมง), ชาร์จเร็ว 80% ใน 30 นาที","ตัวเรือน Apple Watch Series 10 (46 มม.), สายนาฬิกา, สายชาร์จเร็วแบบแม่เหล็กเป็น USB-C (1 ม.)",data/images_transparent/watch/apple-watch-series-10/natural-titanium.png,https://store.storeimages.cdn-apple.com/1/as-images.apple.com/is/watch-case-42-titanium-natural-cell-s10?wid=2560&hei=2560&fmt=jpeg&qlt=95,https://www.apple.com/th/apple-watch-series-10/specs/,https://www.apple.com/th/shop/buy-watch/apple-watch
TH-APPLEWATCHS1046-GOLD-ALUGPS-6BA2,watch,Apple Watch Series 10,apple-watch-s10-46,,Apple Watch Series 10 (46mm),46mm,,,ทองไทเทเนียม,Gold Titanium,#E2D2B4,15900,,46.0 x 39.0 x 9.7 มม.,36.4 กรัม (อะลูมิเนียม) / 41.7 กรัม (ไทเทเนียม),"จอภาพ OLED แบบ Wide-angle พื้นที่หน้าจอใหญ่กว่า Series 6 ถึงเกือบ 30%, ความสว่างสูงสุด 2,000 นิต",ไม่มีในตัว (รองรับรีโมทควบคุมกล้อง iPhone),"ใช้งานปกติสูงสุด 18 ชั่วโมง (โหมดประหยัดพลังงานสูงสุด 36 ชั่วโมง), ชาร์จเร็ว 80% ใน 30 นาที","ตัวเรือน Apple Watch Series 10 (46 มม.), สายนาฬิกา, สายชาร์จเร็วแบบแม่เหล็กเป็น USB-C (1 ม.)",data/images_transparent/watch/apple-watch-series-10/gold.png,https://store.storeimages.cdn-apple.com/1/as-images.apple.com/is/watch-case-42-titanium-gold-cell-s10?wid=2560&hei=2560&fmt=jpeg&qlt=95,https://www.apple.com/th/apple-watch-series-10/specs/,https://www.apple.com/th/shop/buy-watch/apple-watch
TH-APPLEWATCHS1046-GOLD-ALUGPSCE-39F6,watch,Apple Watch Series 10,apple-watch-s10-46,,Apple Watch Series 10 (46mm),46mm,,,ทองไทเทเนียม,Gold Titanium,#E2D2B4,19900,,46.0 x 39.0 x 9.7 มม.,36.4 กรัม (อะลูมิเนียม) / 41.7 กรัม (ไทเทเนียม),"จอภาพ OLED แบบ Wide-angle พื้นที่หน้าจอใหญ่กว่า Series 6 ถึงเกือบ 30%, ความสว่างสูงสุด 2,000 นิต",ไม่มีในตัว (รองรับรีโมทควบคุมกล้อง iPhone),"ใช้งานปกติสูงสุด 18 ชั่วโมง (โหมดประหยัดพลังงานสูงสุด 36 ชั่วโมง), ชาร์จเร็ว 80% ใน 30 นาที","ตัวเรือน Apple Watch Series 10 (46 มม.), สายนาฬิกา, สายชาร์จเร็วแบบแม่เหล็กเป็น USB-C (1 ม.)",data/images_transparent/watch/apple-watch-series-10/gold.png,https://store.storeimages.cdn-apple.com/1/as-images.apple.com/is/watch-case-42-titanium-gold-cell-s10?wid=2560&hei=2560&fmt=jpeg&qlt=95,https://www.apple.com/th/apple-watch-series-10/specs/,https://www.apple.com/th/shop/buy-watch/apple-watch
TH-APPLEWATCHS1046-GOLD-TIGPSCEL-6660,watch,Apple Watch Series 10,apple-watch-s10-46,,Apple Watch Series 10 (46mm),46mm,,,ทองไทเทเนียม,Gold Titanium,#E2D2B4,27900,,46.0 x 39.0 x 9.7 มม.,36.4 กรัม (อะลูมิเนียม) / 41.7 กรัม (ไทเทเนียม),"จอภาพ OLED แบบ Wide-angle พื้นที่หน้าจอใหญ่กว่า Series 6 ถึงเกือบ 30%, ความสว่างสูงสุด 2,000 นิต",ไม่มีในตัว (รองรับรีโมทควบคุมกล้อง iPhone),"ใช้งานปกติสูงสุด 18 ชั่วโมง (โหมดประหยัดพลังงานสูงสุด 36 ชั่วโมง), ชาร์จเร็ว 80% ใน 30 นาที","ตัวเรือน Apple Watch Series 10 (46 มม.), สายนาฬิกา, สายชาร์จเร็วแบบแม่เหล็กเป็น USB-C (1 ม.)",data/images_transparent/watch/apple-watch-series-10/gold.png,https://store.storeimages.cdn-apple.com/1/as-images.apple.com/is/watch-case-42-titanium-gold-cell-s10?wid=2560&hei=2560&fmt=jpeg&qlt=95,https://www.apple.com/th/apple-watch-series-10/specs/,https://www.apple.com/th/shop/buy-watch/apple-watch
TH-APPLEWATCHS1046-SLATE-ALUGPS-1BFC,watch,Apple Watch Series 10,apple-watch-s10-46,,Apple Watch Series 10 (46mm),46mm,,,เทาสเลทไทเทเนียม,Slate Titanium,#43464B,15900,,46.0 x 39.0 x 9.7 มม.,36.4 กรัม (อะลูมิเนียม) / 41.7 กรัม (ไทเทเนียม),"จอภาพ OLED แบบ Wide-angle พื้นที่หน้าจอใหญ่กว่า Series 6 ถึงเกือบ 30%, ความสว่างสูงสุด 2,000 นิต",ไม่มีในตัว (รองรับรีโมทควบคุมกล้อง iPhone),"ใช้งานปกติสูงสุด 18 ชั่วโมง (โหมดประหยัดพลังงานสูงสุด 36 ชั่วโมง), ชาร์จเร็ว 80% ใน 30 นาที","ตัวเรือน Apple Watch Series 10 (46 มม.), สายนาฬิกา, สายชาร์จเร็วแบบแม่เหล็กเป็น USB-C (1 ม.)",data/images_transparent/watch/apple-watch-series-10/slate.png,https://store.storeimages.cdn-apple.com/1/as-images.apple.com/is/watch-case-42-titanium-slate-cell-s10?wid=2560&hei=2560&fmt=jpeg&qlt=95,https://www.apple.com/th/apple-watch-series-10/specs/,https://www.apple.com/th/shop/buy-watch/apple-watch
TH-APPLEWATCHS1046-SLATE-ALUGPSCE-0918,watch,Apple Watch Series 10,apple-watch-s10-46,,Apple Watch Series 10 (46mm),46mm,,,เทาสเลทไทเทเนียม,Slate Titanium,#43464B,19900,,46.0 x 39.0 x 9.7 มม.,36.4 กรัม (อะลูมิเนียม) / 41.7 กรัม (ไทเทเนียม),"จอภาพ OLED แบบ Wide-angle พื้นที่หน้าจอใหญ่กว่า Series 6 ถึงเกือบ 30%, ความสว่างสูงสุด 2,000 นิต",ไม่มีในตัว (รองรับรีโมทควบคุมกล้อง iPhone),"ใช้งานปกติสูงสุด 18 ชั่วโมง (โหมดประหยัดพลังงานสูงสุด 36 ชั่วโมง), ชาร์จเร็ว 80% ใน 30 นาที","ตัวเรือน Apple Watch Series 10 (46 มม.), สายนาฬิกา, สายชาร์จเร็วแบบแม่เหล็กเป็น USB-C (1 ม.)",data/images_transparent/watch/apple-watch-series-10/slate.png,https://store.storeimages.cdn-apple.com/1/as-images.apple.com/is/watch-case-42-titanium-slate-cell-s10?wid=2560&hei=2560&fmt=jpeg&qlt=95,https://www.apple.com/th/apple-watch-series-10/specs/,https://www.apple.com/th/shop/buy-watch/apple-watch
TH-APPLEWATCHS1046-SLATE-TIGPSCEL-FE54,watch,Apple Watch Series 10,apple-watch-s10-46,,Apple Watch Series 10 (46mm),46mm,,,เทาสเลทไทเทเนียม,Slate Titanium,#43464B,27900,,46.0 x 39.0 x 9.7 มม.,36.4 กรัม (อะลูมิเนียม) / 41.7 กรัม (ไทเทเนียม),"จอภาพ OLED แบบ Wide-angle พื้นที่หน้าจอใหญ่กว่า Series 6 ถึงเกือบ 30%, ความสว่างสูงสุด 2,000 นิต",ไม่มีในตัว (รองรับรีโมทควบคุมกล้อง iPhone),"ใช้งานปกติสูงสุด 18 ชั่วโมง (โหมดประหยัดพลังงานสูงสุด 36 ชั่วโมง), ชาร์จเร็ว 80% ใน 30 นาที","ตัวเรือน Apple Watch Series 10 (46 มม.), สายนาฬิกา, สายชาร์จเร็วแบบแม่เหล็กเป็น USB-C (1 ม.)",data/images_transparent/watch/apple-watch-series-10/slate.png,https://store.storeimages.cdn-apple.com/1/as-images.apple.com/is/watch-case-42-titanium-slate-cell-s10?wid=2560&hei=2560&fmt=jpeg&qlt=95,https://www.apple.com/th/apple-watch-series-10/specs/,https://www.apple.com/th/shop/buy-watch/apple-watch
TH-APPLEWATCHULTRA2-NATURALTITANIUM-TIGPSCEL-7334,watch,Apple Watch Ultra 2,apple-watch-ultra-2,,Apple Watch Ultra 2 (49mm),49mm,,,ไทเทเนียมธรรมชาติ,Natural Titanium,#9A958E,29900,,49.0 x 44.0 x 14.4 มม.,61.4 กรัม (ไทเทเนียมธรรมชาติ) / 61.8 กรัม (ไทเทเนียมดำ),"จอภาพ Always-On Retina LTPO OLED ความสว่างสูงสุดถึง 3,000 นิต (สว่างที่สุดในบรรดาอุปกรณ์พกพา Apple ทั้งหมด), ความสว่างต่ำสุด 1 นิตในที่มืด, ผลึกแซฟไฟร์แบนเรียบพร้อมขอบยกสูงป้องกันแรงกระแทก",ไม่มีในตัว (รองรับรีโมทควบคุมกล้อง iPhone),"การใช้งานปกติสูงสุด 36 ชั่วโมง, ในโหมดประหยัดพลังงานสูงสุด 72 ชั่วโมง, ใช้งานกิจกรรมกลางแจ้งพร้อม GPS และวัดอัตราการเต้นของหัวใจสูงสุด 17 ชั่วโมง","Apple Watch Ultra 2, สายนาฬิกา (Trail Loop, Alpine Loop, หรือ Ocean Band), สายชาร์จเร็วแบบแม่เหล็กเป็น USB-C แบบถัก (1 ม.)",data/images_transparent/watch/apple-watch-ultra-2/natural-titanium.png,https://store.storeimages.cdn-apple.com/1/as-images.apple.com/is/watch-case-49-titanium-natural-ultra2?wid=2560&hei=2560&fmt=jpeg&qlt=95,https://www.apple.com/th/apple-watch-ultra-2/specs/,https://www.apple.com/th/shop/buy-watch/apple-watch-ultra
TH-APPLEWATCHULTRA2-NATURALTITANIUM-TIGPSCEL-7C85,watch,Apple Watch Ultra 2,apple-watch-ultra-2,,Apple Watch Ultra 2 (49mm),49mm,,,ไทเทเนียมธรรมชาติ,Natural Titanium,#9A958E,29900,,49.0 x 44.0 x 14.4 มม.,61.4 กรัม (ไทเทเนียมธรรมชาติ) / 61.8 กรัม (ไทเทเนียมดำ),"จอภาพ Always-On Retina LTPO OLED ความสว่างสูงสุดถึง 3,000 นิต (สว่างที่สุดในบรรดาอุปกรณ์พกพา Apple ทั้งหมด), ความสว่างต่ำสุด 1 นิตในที่มืด, ผลึกแซฟไฟร์แบนเรียบพร้อมขอบยกสูงป้องกันแรงกระแทก",ไม่มีในตัว (รองรับรีโมทควบคุมกล้อง iPhone),"การใช้งานปกติสูงสุด 36 ชั่วโมง, ในโหมดประหยัดพลังงานสูงสุด 72 ชั่วโมง, ใช้งานกิจกรรมกลางแจ้งพร้อม GPS และวัดอัตราการเต้นของหัวใจสูงสุด 17 ชั่วโมง","Apple Watch Ultra 2, สายนาฬิกา (Trail Loop, Alpine Loop, หรือ Ocean Band), สายชาร์จเร็วแบบแม่เหล็กเป็น USB-C แบบถัก (1 ม.)",data/images_transparent/watch/apple-watch-ultra-2/natural-titanium.png,https://store.storeimages.cdn-apple.com/1/as-images.apple.com/is/watch-case-49-titanium-natural-ultra2?wid=2560&hei=2560&fmt=jpeg&qlt=95,https://www.apple.com/th/apple-watch-ultra-2/specs/,https://www.apple.com/th/shop/buy-watch/apple-watch-ultra
TH-APPLEWATCHULTRA2-NATURALTITANIUM-TIGPSCEL-5811,watch,Apple Watch Ultra 2,apple-watch-ultra-2,,Apple Watch Ultra 2 (49mm),49mm,,,ไทเทเนียมธรรมชาติ,Natural Titanium,#9A958E,29900,,49.0 x 44.0 x 14.4 มม.,61.4 กรัม (ไทเทเนียมธรรมชาติ) / 61.8 กรัม (ไทเทเนียมดำ),"จอภาพ Always-On Retina LTPO OLED ความสว่างสูงสุดถึง 3,000 นิต (สว่างที่สุดในบรรดาอุปกรณ์พกพา Apple ทั้งหมด), ความสว่างต่ำสุด 1 นิตในที่มืด, ผลึกแซฟไฟร์แบนเรียบพร้อมขอบยกสูงป้องกันแรงกระแทก",ไม่มีในตัว (รองรับรีโมทควบคุมกล้อง iPhone),"การใช้งานปกติสูงสุด 36 ชั่วโมง, ในโหมดประหยัดพลังงานสูงสุด 72 ชั่วโมง, ใช้งานกิจกรรมกลางแจ้งพร้อม GPS และวัดอัตราการเต้นของหัวใจสูงสุด 17 ชั่วโมง","Apple Watch Ultra 2, สายนาฬิกา (Trail Loop, Alpine Loop, หรือ Ocean Band), สายชาร์จเร็วแบบแม่เหล็กเป็น USB-C แบบถัก (1 ม.)",data/images_transparent/watch/apple-watch-ultra-2/natural-titanium.png,https://store.storeimages.cdn-apple.com/1/as-images.apple.com/is/watch-case-49-titanium-natural-ultra2?wid=2560&hei=2560&fmt=jpeg&qlt=95,https://www.apple.com/th/apple-watch-ultra-2/specs/,https://www.apple.com/th/shop/buy-watch/apple-watch-ultra
TH-APPLEWATCHULTRA2-NATURALTITANIUM-TIGPSCEL-1F2B,watch,Apple Watch Ultra 2,apple-watch-ultra-2,,Apple Watch Ultra 2 (49mm),49mm,,,ไทเทเนียมธรรมชาติ,Natural Titanium,#9A958E,33900,,49.0 x 44.0 x 14.4 มม.,61.4 กรัม (ไทเทเนียมธรรมชาติ) / 61.8 กรัม (ไทเทเนียมดำ),"จอภาพ Always-On Retina LTPO OLED ความสว่างสูงสุดถึง 3,000 นิต (สว่างที่สุดในบรรดาอุปกรณ์พกพา Apple ทั้งหมด), ความสว่างต่ำสุด 1 นิตในที่มืด, ผลึกแซฟไฟร์แบนเรียบพร้อมขอบยกสูงป้องกันแรงกระแทก",ไม่มีในตัว (รองรับรีโมทควบคุมกล้อง iPhone),"การใช้งานปกติสูงสุด 36 ชั่วโมง, ในโหมดประหยัดพลังงานสูงสุด 72 ชั่วโมง, ใช้งานกิจกรรมกลางแจ้งพร้อม GPS และวัดอัตราการเต้นของหัวใจสูงสุด 17 ชั่วโมง","Apple Watch Ultra 2, สายนาฬิกา (Trail Loop, Alpine Loop, หรือ Ocean Band), สายชาร์จเร็วแบบแม่เหล็กเป็น USB-C แบบถัก (1 ม.)",data/images_transparent/watch/apple-watch-ultra-2/natural-titanium.png,https://store.storeimages.cdn-apple.com/1/as-images.apple.com/is/watch-case-49-titanium-natural-ultra2?wid=2560&hei=2560&fmt=jpeg&qlt=95,https://www.apple.com/th/apple-watch-ultra-2/specs/,https://www.apple.com/th/shop/buy-watch/apple-watch-ultra
TH-APPLEWATCHULTRA2-BLACKTITANIUM-TIGPSCEL-AE02,watch,Apple Watch Ultra 2,apple-watch-ultra-2,,Apple Watch Ultra 2 (49mm),49mm,,,ไทเทเนียมดำ,Black Titanium,#3A393E,29900,,49.0 x 44.0 x 14.4 มม.,61.4 กรัม (ไทเทเนียมธรรมชาติ) / 61.8 กรัม (ไทเทเนียมดำ),"จอภาพ Always-On Retina LTPO OLED ความสว่างสูงสุดถึง 3,000 นิต (สว่างที่สุดในบรรดาอุปกรณ์พกพา Apple ทั้งหมด), ความสว่างต่ำสุด 1 นิตในที่มืด, ผลึกแซฟไฟร์แบนเรียบพร้อมขอบยกสูงป้องกันแรงกระแทก",ไม่มีในตัว (รองรับรีโมทควบคุมกล้อง iPhone),"การใช้งานปกติสูงสุด 36 ชั่วโมง, ในโหมดประหยัดพลังงานสูงสุด 72 ชั่วโมง, ใช้งานกิจกรรมกลางแจ้งพร้อม GPS และวัดอัตราการเต้นของหัวใจสูงสุด 17 ชั่วโมง","Apple Watch Ultra 2, สายนาฬิกา (Trail Loop, Alpine Loop, หรือ Ocean Band), สายชาร์จเร็วแบบแม่เหล็กเป็น USB-C แบบถัก (1 ม.)",data/images_transparent/watch/apple-watch-ultra-2/black-titanium.png,https://store.storeimages.cdn-apple.com/1/as-images.apple.com/is/watch-case-49-titanium-black-ultra2?wid=2560&hei=2560&fmt=jpeg&qlt=95,https://www.apple.com/th/apple-watch-ultra-2/specs/,https://www.apple.com/th/shop/buy-watch/apple-watch-ultra
TH-APPLEWATCHULTRA2-BLACKTITANIUM-TIGPSCEL-9F9E,watch,Apple Watch Ultra 2,apple-watch-ultra-2,,Apple Watch Ultra 2 (49mm),49mm,,,ไทเทเนียมดำ,Black Titanium,#3A393E,29900,,49.0 x 44.0 x 14.4 มม.,61.4 กรัม (ไทเทเนียมธรรมชาติ) / 61.8 กรัม (ไทเทเนียมดำ),"จอภาพ Always-On Retina LTPO OLED ความสว่างสูงสุดถึง 3,000 นิต (สว่างที่สุดในบรรดาอุปกรณ์พกพา Apple ทั้งหมด), ความสว่างต่ำสุด 1 นิตในที่มืด, ผลึกแซฟไฟร์แบนเรียบพร้อมขอบยกสูงป้องกันแรงกระแทก",ไม่มีในตัว (รองรับรีโมทควบคุมกล้อง iPhone),"การใช้งานปกติสูงสุด 36 ชั่วโมง, ในโหมดประหยัดพลังงานสูงสุด 72 ชั่วโมง, ใช้งานกิจกรรมกลางแจ้งพร้อม GPS และวัดอัตราการเต้นของหัวใจสูงสุด 17 ชั่วโมง","Apple Watch Ultra 2, สายนาฬิกา (Trail Loop, Alpine Loop, หรือ Ocean Band), สายชาร์จเร็วแบบแม่เหล็กเป็น USB-C แบบถัก (1 ม.)",data/images_transparent/watch/apple-watch-ultra-2/black-titanium.png,https://store.storeimages.cdn-apple.com/1/as-images.apple.com/is/watch-case-49-titanium-black-ultra2?wid=2560&hei=2560&fmt=jpeg&qlt=95,https://www.apple.com/th/apple-watch-ultra-2/specs/,https://www.apple.com/th/shop/buy-watch/apple-watch-ultra
TH-APPLEWATCHULTRA2-BLACKTITANIUM-TIGPSCEL-52FF,watch,Apple Watch Ultra 2,apple-watch-ultra-2,,Apple Watch Ultra 2 (49mm),49mm,,,ไทเทเนียมดำ,Black Titanium,#3A393E,29900,,49.0 x 44.0 x 14.4 มม.,61.4 กรัม (ไทเทเนียมธรรมชาติ) / 61.8 กรัม (ไทเทเนียมดำ),"จอภาพ Always-On Retina LTPO OLED ความสว่างสูงสุดถึง 3,000 นิต (สว่างที่สุดในบรรดาอุปกรณ์พกพา Apple ทั้งหมด), ความสว่างต่ำสุด 1 นิตในที่มืด, ผลึกแซฟไฟร์แบนเรียบพร้อมขอบยกสูงป้องกันแรงกระแทก",ไม่มีในตัว (รองรับรีโมทควบคุมกล้อง iPhone),"การใช้งานปกติสูงสุด 36 ชั่วโมง, ในโหมดประหยัดพลังงานสูงสุด 72 ชั่วโมง, ใช้งานกิจกรรมกลางแจ้งพร้อม GPS และวัดอัตราการเต้นของหัวใจสูงสุด 17 ชั่วโมง","Apple Watch Ultra 2, สายนาฬิกา (Trail Loop, Alpine Loop, หรือ Ocean Band), สายชาร์จเร็วแบบแม่เหล็กเป็น USB-C แบบถัก (1 ม.)",data/images_transparent/watch/apple-watch-ultra-2/black-titanium.png,https://store.storeimages.cdn-apple.com/1/as-images.apple.com/is/watch-case-49-titanium-black-ultra2?wid=2560&hei=2560&fmt=jpeg&qlt=95,https://www.apple.com/th/apple-watch-ultra-2/specs/,https://www.apple.com/th/shop/buy-watch/apple-watch-ultra
TH-APPLEWATCHULTRA2-BLACKTITANIUM-TIGPSCEL-B9B8,watch,Apple Watch Ultra 2,apple-watch-ultra-2,,Apple Watch Ultra 2 (49mm),49mm,,,ไทเทเนียมดำ,Black Titanium,#3A393E,33900,,49.0 x 44.0 x 14.4 มม.,61.4 กรัม (ไทเทเนียมธรรมชาติ) / 61.8 กรัม (ไทเทเนียมดำ),"จอภาพ Always-On Retina LTPO OLED ความสว่างสูงสุดถึง 3,000 นิต (สว่างที่สุดในบรรดาอุปกรณ์พกพา Apple ทั้งหมด), ความสว่างต่ำสุด 1 นิตในที่มืด, ผลึกแซฟไฟร์แบนเรียบพร้อมขอบยกสูงป้องกันแรงกระแทก",ไม่มีในตัว (รองรับรีโมทควบคุมกล้อง iPhone),"การใช้งานปกติสูงสุด 36 ชั่วโมง, ในโหมดประหยัดพลังงานสูงสุด 72 ชั่วโมง, ใช้งานกิจกรรมกลางแจ้งพร้อม GPS และวัดอัตราการเต้นของหัวใจสูงสุด 17 ชั่วโมง","Apple Watch Ultra 2, สายนาฬิกา (Trail Loop, Alpine Loop, หรือ Ocean Band), สายชาร์จเร็วแบบแม่เหล็กเป็น USB-C แบบถัก (1 ม.)",data/images_transparent/watch/apple-watch-ultra-2/black-titanium.png,https://store.storeimages.cdn-apple.com/1/as-images.apple.com/is/watch-case-49-titanium-black-ultra2?wid=2560&hei=2560&fmt=jpeg&qlt=95,https://www.apple.com/th/apple-watch-ultra-2/specs/,https://www.apple.com/th/shop/buy-watch/apple-watch-ultra
TH-APPLEWATCHSE40-MIDNIGHT-40MMGPS-A421,watch,Apple Watch SE,apple-watch-se-40,,Apple Watch SE (40mm / 44mm),40mm,,,มิดไนท์,Midnight,#1E222A,7900,,40.0 x 34.0 x 10.7 มม. (40mm) / 44.0 x 38.0 x 10.7 มม. (44mm),26.4 กรัม (40mm GPS) / 32.9 กรัม (44mm GPS),"จอภาพ Retina LTPO OLED ความสว่างสูงสุด 1,000 นิต, กระจกหน้าจอ Ion-X",ไม่มีในตัว (รองรับรีโมทควบคุมกล้อง iPhone),แบตเตอรี่ใช้งานได้นานสูงสุด 18 ชั่วโมง,"Apple Watch SE, สายนาฬิกา, สายชาร์จแบบแม่เหล็กเป็น USB-C (1 ม.)",data/images_transparent/watch/apple-watch-se/midnight.png,https://store.storeimages.cdn-apple.com/1/as-images.apple.com/is/watch-case-40-aluminum-midnight-nc-se?wid=2560&hei=2560&fmt=jpeg&qlt=95,https://www.apple.com/th/apple-watch-se/specs/,https://www.apple.com/th/shop/buy-watch/apple-watch-se
TH-APPLEWATCHSE40-MIDNIGHT-40MMGPSC-977F,watch,Apple Watch SE,apple-watch-se-40,,Apple Watch SE (40mm / 44mm),40mm,,,มิดไนท์,Midnight,#1E222A,9900,,40.0 x 34.0 x 10.7 มม. (40mm) / 44.0 x 38.0 x 10.7 มม. (44mm),26.4 กรัม (40mm GPS) / 32.9 กรัม (44mm GPS),"จอภาพ Retina LTPO OLED ความสว่างสูงสุด 1,000 นิต, กระจกหน้าจอ Ion-X",ไม่มีในตัว (รองรับรีโมทควบคุมกล้อง iPhone),แบตเตอรี่ใช้งานได้นานสูงสุด 18 ชั่วโมง,"Apple Watch SE, สายนาฬิกา, สายชาร์จแบบแม่เหล็กเป็น USB-C (1 ม.)",data/images_transparent/watch/apple-watch-se/midnight.png,https://store.storeimages.cdn-apple.com/1/as-images.apple.com/is/watch-case-40-aluminum-midnight-nc-se?wid=2560&hei=2560&fmt=jpeg&qlt=95,https://www.apple.com/th/apple-watch-se/specs/,https://www.apple.com/th/shop/buy-watch/apple-watch-se
TH-APPLEWATCHSE40-MIDNIGHT-44MMGPS-F9EC,watch,Apple Watch SE,apple-watch-se-40,,Apple Watch SE (40mm / 44mm),40mm,,,มิดไนท์,Midnight,#1E222A,8900,,40.0 x 34.0 x 10.7 มม. (40mm) / 44.0 x 38.0 x 10.7 มม. (44mm),26.4 กรัม (40mm GPS) / 32.9 กรัม (44mm GPS),"จอภาพ Retina LTPO OLED ความสว่างสูงสุด 1,000 นิต, กระจกหน้าจอ Ion-X",ไม่มีในตัว (รองรับรีโมทควบคุมกล้อง iPhone),แบตเตอรี่ใช้งานได้นานสูงสุด 18 ชั่วโมง,"Apple Watch SE, สายนาฬิกา, สายชาร์จแบบแม่เหล็กเป็น USB-C (1 ม.)",data/images_transparent/watch/apple-watch-se/midnight.png,https://store.storeimages.cdn-apple.com/1/as-images.apple.com/is/watch-case-40-aluminum-midnight-nc-se?wid=2560&hei=2560&fmt=jpeg&qlt=95,https://www.apple.com/th/apple-watch-se/specs/,https://www.apple.com/th/shop/buy-watch/apple-watch-se
TH-APPLEWATCHSE40-MIDNIGHT-44MMGPSC-0ED7,watch,Apple Watch SE,apple-watch-se-40,,Apple Watch SE (40mm / 44mm),40mm,,,มิดไนท์,Midnight,#1E222A,10900,,40.0 x 34.0 x 10.7 มม. (40mm) / 44.0 x 38.0 x 10.7 มม. (44mm),26.4 กรัม (40mm GPS) / 32.9 กรัม (44mm GPS),"จอภาพ Retina LTPO OLED ความสว่างสูงสุด 1,000 นิต, กระจกหน้าจอ Ion-X",ไม่มีในตัว (รองรับรีโมทควบคุมกล้อง iPhone),แบตเตอรี่ใช้งานได้นานสูงสุด 18 ชั่วโมง,"Apple Watch SE, สายนาฬิกา, สายชาร์จแบบแม่เหล็กเป็น USB-C (1 ม.)",data/images_transparent/watch/apple-watch-se/midnight.png,https://store.storeimages.cdn-apple.com/1/as-images.apple.com/is/watch-case-40-aluminum-midnight-nc-se?wid=2560&hei=2560&fmt=jpeg&qlt=95,https://www.apple.com/th/apple-watch-se/specs/,https://www.apple.com/th/shop/buy-watch/apple-watch-se
TH-APPLEWATCHSE40-STARLIGHT-40MMGPS-648A,watch,Apple Watch SE,apple-watch-se-40,,Apple Watch SE (40mm / 44mm),40mm,,,สตาร์ไลท์,Starlight,#F0ECE1,7900,,40.0 x 34.0 x 10.7 มม. (40mm) / 44.0 x 38.0 x 10.7 มม. (44mm),26.4 กรัม (40mm GPS) / 32.9 กรัม (44mm GPS),"จอภาพ Retina LTPO OLED ความสว่างสูงสุด 1,000 นิต, กระจกหน้าจอ Ion-X",ไม่มีในตัว (รองรับรีโมทควบคุมกล้อง iPhone),แบตเตอรี่ใช้งานได้นานสูงสุด 18 ชั่วโมง,"Apple Watch SE, สายนาฬิกา, สายชาร์จแบบแม่เหล็กเป็น USB-C (1 ม.)",data/images_transparent/watch/apple-watch-se/starlight.png,https://store.storeimages.cdn-apple.com/1/as-images.apple.com/is/watch-case-40-aluminum-starlight-nc-se?wid=2560&hei=2560&fmt=jpeg&qlt=95,https://www.apple.com/th/apple-watch-se/specs/,https://www.apple.com/th/shop/buy-watch/apple-watch-se
TH-APPLEWATCHSE40-STARLIGHT-40MMGPSC-5DD1,watch,Apple Watch SE,apple-watch-se-40,,Apple Watch SE (40mm / 44mm),40mm,,,สตาร์ไลท์,Starlight,#F0ECE1,9900,,40.0 x 34.0 x 10.7 มม. (40mm) / 44.0 x 38.0 x 10.7 มม. (44mm),26.4 กรัม (40mm GPS) / 32.9 กรัม (44mm GPS),"จอภาพ Retina LTPO OLED ความสว่างสูงสุด 1,000 นิต, กระจกหน้าจอ Ion-X",ไม่มีในตัว (รองรับรีโมทควบคุมกล้อง iPhone),แบตเตอรี่ใช้งานได้นานสูงสุด 18 ชั่วโมง,"Apple Watch SE, สายนาฬิกา, สายชาร์จแบบแม่เหล็กเป็น USB-C (1 ม.)",data/images_transparent/watch/apple-watch-se/starlight.png,https://store.storeimages.cdn-apple.com/1/as-images.apple.com/is/watch-case-40-aluminum-starlight-nc-se?wid=2560&hei=2560&fmt=jpeg&qlt=95,https://www.apple.com/th/apple-watch-se/specs/,https://www.apple.com/th/shop/buy-watch/apple-watch-se
TH-APPLEWATCHSE40-STARLIGHT-44MMGPS-9CE3,watch,Apple Watch SE,apple-watch-se-40,,Apple Watch SE (40mm / 44mm),40mm,,,สตาร์ไลท์,Starlight,#F0ECE1,8900,,40.0 x 34.0 x 10.7 มม. (40mm) / 44.0 x 38.0 x 10.7 มม. (44mm),26.4 กรัม (40mm GPS) / 32.9 กรัม (44mm GPS),"จอภาพ Retina LTPO OLED ความสว่างสูงสุด 1,000 นิต, กระจกหน้าจอ Ion-X",ไม่มีในตัว (รองรับรีโมทควบคุมกล้อง iPhone),แบตเตอรี่ใช้งานได้นานสูงสุด 18 ชั่วโมง,"Apple Watch SE, สายนาฬิกา, สายชาร์จแบบแม่เหล็กเป็น USB-C (1 ม.)",data/images_transparent/watch/apple-watch-se/starlight.png,https://store.storeimages.cdn-apple.com/1/as-images.apple.com/is/watch-case-40-aluminum-starlight-nc-se?wid=2560&hei=2560&fmt=jpeg&qlt=95,https://www.apple.com/th/apple-watch-se/specs/,https://www.apple.com/th/shop/buy-watch/apple-watch-se
TH-APPLEWATCHSE40-STARLIGHT-44MMGPSC-4C75,watch,Apple Watch SE,apple-watch-se-40,,Apple Watch SE (40mm / 44mm),40mm,,,สตาร์ไลท์,Starlight,#F0ECE1,10900,,40.0 x 34.0 x 10.7 มม. (40mm) / 44.0 x 38.0 x 10.7 มม. (44mm),26.4 กรัม (40mm GPS) / 32.9 กรัม (44mm GPS),"จอภาพ Retina LTPO OLED ความสว่างสูงสุด 1,000 นิต, กระจกหน้าจอ Ion-X",ไม่มีในตัว (รองรับรีโมทควบคุมกล้อง iPhone),แบตเตอรี่ใช้งานได้นานสูงสุด 18 ชั่วโมง,"Apple Watch SE, สายนาฬิกา, สายชาร์จแบบแม่เหล็กเป็น USB-C (1 ม.)",data/images_transparent/watch/apple-watch-se/starlight.png,https://store.storeimages.cdn-apple.com/1/as-images.apple.com/is/watch-case-40-aluminum-starlight-nc-se?wid=2560&hei=2560&fmt=jpeg&qlt=95,https://www.apple.com/th/apple-watch-se/specs/,https://www.apple.com/th/shop/buy-watch/apple-watch-se
TH-APPLEWATCHSE40-SILVER-40MMGPS-1EF7,watch,Apple Watch SE,apple-watch-se-40,,Apple Watch SE (40mm / 44mm),40mm,,,เงิน,Silver,#E3E4E5,7900,,40.0 x 34.0 x 10.7 มม. (40mm) / 44.0 x 38.0 x 10.7 มม. (44mm),26.4 กรัม (40mm GPS) / 32.9 กรัม (44mm GPS),"จอภาพ Retina LTPO OLED ความสว่างสูงสุด 1,000 นิต, กระจกหน้าจอ Ion-X",ไม่มีในตัว (รองรับรีโมทควบคุมกล้อง iPhone),แบตเตอรี่ใช้งานได้นานสูงสุด 18 ชั่วโมง,"Apple Watch SE, สายนาฬิกา, สายชาร์จแบบแม่เหล็กเป็น USB-C (1 ม.)",data/images_transparent/watch/apple-watch-se/silver.png,https://store.storeimages.cdn-apple.com/1/as-images.apple.com/is/watch-case-40-aluminum-silver-nc-se?wid=2560&hei=2560&fmt=jpeg&qlt=95,https://www.apple.com/th/apple-watch-se/specs/,https://www.apple.com/th/shop/buy-watch/apple-watch-se
TH-APPLEWATCHSE40-SILVER-40MMGPSC-9257,watch,Apple Watch SE,apple-watch-se-40,,Apple Watch SE (40mm / 44mm),40mm,,,เงิน,Silver,#E3E4E5,9900,,40.0 x 34.0 x 10.7 มม. (40mm) / 44.0 x 38.0 x 10.7 มม. (44mm),26.4 กรัม (40mm GPS) / 32.9 กรัม (44mm GPS),"จอภาพ Retina LTPO OLED ความสว่างสูงสุด 1,000 นิต, กระจกหน้าจอ Ion-X",ไม่มีในตัว (รองรับรีโมทควบคุมกล้อง iPhone),แบตเตอรี่ใช้งานได้นานสูงสุด 18 ชั่วโมง,"Apple Watch SE, สายนาฬิกา, สายชาร์จแบบแม่เหล็กเป็น USB-C (1 ม.)",data/images_transparent/watch/apple-watch-se/silver.png,https://store.storeimages.cdn-apple.com/1/as-images.apple.com/is/watch-case-40-aluminum-silver-nc-se?wid=2560&hei=2560&fmt=jpeg&qlt=95,https://www.apple.com/th/apple-watch-se/specs/,https://www.apple.com/th/shop/buy-watch/apple-watch-se
TH-APPLEWATCHSE40-SILVER-44MMGPS-0D89,watch,Apple Watch SE,apple-watch-se-40,,Apple Watch SE (40mm / 44mm),40mm,,,เงิน,Silver,#E3E4E5,8900,,40.0 x 34.0 x 10.7 มม. (40mm) / 44.0 x 38.0 x 10.7 มม. (44mm),26.4 กรัม (40mm GPS) / 32.9 กรัม (44mm GPS),"จอภาพ Retina LTPO OLED ความสว่างสูงสุด 1,000 นิต, กระจกหน้าจอ Ion-X",ไม่มีในตัว (รองรับรีโมทควบคุมกล้อง iPhone),แบตเตอรี่ใช้งานได้นานสูงสุด 18 ชั่วโมง,"Apple Watch SE, สายนาฬิกา, สายชาร์จแบบแม่เหล็กเป็น USB-C (1 ม.)",data/images_transparent/watch/apple-watch-se/silver.png,https://store.storeimages.cdn-apple.com/1/as-images.apple.com/is/watch-case-40-aluminum-silver-nc-se?wid=2560&hei=2560&fmt=jpeg&qlt=95,https://www.apple.com/th/apple-watch-se/specs/,https://www.apple.com/th/shop/buy-watch/apple-watch-se
TH-APPLEWATCHSE40-SILVER-44MMGPSC-3D3C,watch,Apple Watch SE,apple-watch-se-40,,Apple Watch SE (40mm / 44mm),40mm,,,เงิน,Silver,#E3E4E5,10900,,40.0 x 34.0 x 10.7 มม. (40mm) / 44.0 x 38.0 x 10.7 มม. (44mm),26.4 กรัม (40mm GPS) / 32.9 กรัม (44mm GPS),"จอภาพ Retina LTPO OLED ความสว่างสูงสุด 1,000 นิต, กระจกหน้าจอ Ion-X",ไม่มีในตัว (รองรับรีโมทควบคุมกล้อง iPhone),แบตเตอรี่ใช้งานได้นานสูงสุด 18 ชั่วโมง,"Apple Watch SE, สายนาฬิกา, สายชาร์จแบบแม่เหล็กเป็น USB-C (1 ม.)",data/images_transparent/watch/apple-watch-se/silver.png,https://store.storeimages.cdn-apple.com/1/as-images.apple.com/is/watch-case-40-aluminum-silver-nc-se?wid=2560&hei=2560&fmt=jpeg&qlt=95,https://www.apple.com/th/apple-watch-se/specs/,https://www.apple.com/th/shop/buy-watch/apple-watch-se
