product_id,product_title,color,storage,grade,price_thb,original_price_thb,accessories,warranty,url
1,iPhone 13 Pro Max,Graphite,128GB,ดีเยี่ยม,17100,42900,สินค้าจะบรรจุในกล่องของคอมพ์เอเชีย (ไม่ใช่กล่องเดิมของเครื่อง) | *ไม่มีอะแดปเตอร์-หัวชาร์จ และสายชาร์จแถมให้ค่ะ | *ไม่มีติดฟิล์ม ไม่มีเคสแถมให้,รับประกันสินค้า 1 เดือน,https://compasia.co.th/collections/all-smartphones/products/iphone-13-pro-max
1,iPhone 13 Pro Max,Graphite,128GB,ดี,16600,42900,สินค้าจะบรรจุในกล่องของคอมพ์เอเชีย (ไม่ใช่กล่องเดิมของเครื่อง) | *ไม่มีอะแดปเตอร์-หัวชาร์จ และสายชาร์จแถมให้ค่ะ | *ไม่มีติดฟิล์ม ไม่มีเคสแถมให้,รับประกันสินค้า 1 เดือน,https://compasia.co.th/collections/all-smartphones/products/iphone-13-pro-max
1,iPhone 13 Pro Max,Graphite,128GB,พอใช้,16100,42900,สินค้าจะบรรจุในกล่องของคอมพ์เอเชีย (ไม่ใช่กล่องเดิมของเครื่อง) | *ไม่มีอะแดปเตอร์-หัวชาร์จ และสายชาร์จแถมให้ค่ะ | *ไม่มีติดฟิล์ม ไม่มีเคสแถมให้,รับประกันสินค้า 1 เดือน,https://compasia.co.th/collections/all-smartphones/products/iphone-13-pro-max
1,iPhone 13 Pro Max,Graphite,256GB,ดีเยี่ยม,18100,46900,สินค้าจะบรรจุในกล่องของคอมพ์เอเชีย (ไม่ใช่กล่องเดิมของเครื่อง) | *ไม่มีอะแดปเตอร์-หัวชาร์จ และสายชาร์จแถมให้ค่ะ | *ไม่มีติดฟิล์ม ไม่มีเคสแถมให้,รับประกันสินค้า 1 เดือน,https://compasia.co.th/collections/all-smartphones/products/iphone-13-pro-max
1,iPhone 13 Pro Max,Graphite,256GB,ดี,17600,42900,สินค้าจะบรรจุในกล่องของคอมพ์เอเชีย (ไม่ใช่กล่องเดิมของเครื่อง) | *ไม่มีอะแดปเตอร์-หัวชาร์จ และสายชาร์จแถมให้ค่ะ | *ไม่มีติดฟิล์ม ไม่มีเคสแถมให้,รับประกันสินค้า 1 เดือน,https://compasia.co.th/collections/all-smartphones/products/iphone-13-pro-max
1,iPhone 13 Pro Max,Graphite,256GB,พอใช้,17100,42900,สินค้าจะบรรจุในกล่องของคอมพ์เอเชีย (ไม่ใช่กล่องเดิมของเครื่อง) | *ไม่มีอะแดปเตอร์-หัวชาร์จ และสายชาร์จแถมให้ค่ะ | *ไม่มีติดฟิล์ม ไม่มีเคสแถมให้,รับประกันสินค้า 1 เดือน,https://compasia.co.th/collections/all-smartphones/products/iphone-13-pro-max
1,iPhone 13 Pro Max,Graphite,512GB,ดีเยี่ยม,19100,54900,สินค้าจะบรรจุในกล่องของคอมพ์เอเชีย (ไม่ใช่กล่องเดิมของเครื่อง) | *ไม่มีอะแดปเตอร์-หัวชาร์จ และสายชาร์จแถมให้ค่ะ | *ไม่มีติดฟิล์ม ไม่มีเคสแถมให้,รับประกันสินค้า 1 เดือน,https://compasia.co.th/collections/all-smartphones/products/iphone-13-pro-max
1,iPhone 13 Pro Max,Graphite,512GB,ดี,18600,42900,สินค้าจะบรรจุในกล่องของคอมพ์เอเชีย (ไม่ใช่กล่องเดิมของเครื่อง) | *ไม่มีอะแดปเตอร์-หัวชาร์จ และสายชาร์จแถมให้ค่ะ | *ไม่มีติดฟิล์ม ไม่มีเคสแถมให้,รับประกันสินค้า 1 เดือน,https://compasia.co.th/collections/all-smartphones/products/iphone-13-pro-max
1,iPhone 13 Pro Max,Graphite,512GB,พอใช้,18100,42900,สินค้าจะบรรจุในกล่องของคอมพ์เอเชีย (ไม่ใช่กล่องเดิมของเครื่อง) | *ไม่มีอะแดปเตอร์-หัวชาร์จ และสายชาร์จแถมให้ค่ะ | *ไม่มีติดฟิล์ม ไม่มีเคสแถมให้,รับประกันสินค้า 1 เดือน,https://compasia.co.th/collections/all-smartphones/products/iphone-13-pro-max
1,iPhone 13 Pro Max,Graphite,1TB,ดีเยี่ยม,20100,42900,สินค้าจะบรรจุในกล่องของคอมพ์เอเชีย (ไม่ใช่กล่องเดิมของเครื่อง) | *ไม่มีอะแดปเตอร์-หัวชาร์จ และสายชาร์จแถมให้ค่ะ | *ไม่มีติดฟิล์ม ไม่มีเคสแถมให้,รับประกันสินค้า 1 เดือน,https://compasia.co.th/collections/all-smartphones/products/iphone-13-pro-max
1,iPhone 13 Pro Max,Graphite,1TB,ดี,19600,42900,สินค้าจะบรรจุในกล่องของคอมพ์เอเชีย (ไม่ใช่กล่องเดิมของเครื่อง) | *ไม่มีอะแดปเตอร์-หัวชาร์จ และสายชาร์จแถมให้ค่ะ | *ไม่มีติดฟิล์ม ไม่มีเคสแถมให้,รับประกันสินค้า 1 เดือน,https://compasia.co.th/collections/all-smartphones/products/iphone-13-pro-max
1,iPhone 13 Pro Max,Graphite,1TB,พอใช้,19100,42900,สินค้าจะบรรจุในกล่องของคอมพ์เอเชีย (ไม่ใช่กล่องเดิมของเครื่อง) | *ไม่มีอะแดปเตอร์-หัวชาร์จ และสายชาร์จแถมให้ค่ะ | *ไม่มีติดฟิล์ม ไม่มีเคสแถมให้,รับประกันสินค้า 1 เดือน,https://compasia.co.th/collections/all-smartphones/products/iphone-13-pro-max
1,iPhone 13 Pro Max,Sierra Blue,128GB,ดีเยี่ยม,17100,42900,สินค้าจะบรรจุในกล่องของคอมพ์เอเชีย (ไม่ใช่กล่องเดิมของเครื่อง) | *ไม่มีอะแดปเตอร์-หัวชาร์จ และสายชาร์จแถมให้ค่ะ | *ไม่มีติดฟิล์ม ไม่มีเคสแถมให้,รับประกันสินค้า 1 เดือน,https://compasia.co.th/collections/all-smartphones/products/iphone-13-pro-max
1,iPhone 13 Pro Max,Sierra Blue,128GB,ดี,16600,42900,สินค้าจะบรรจุในกล่องของคอมพ์เอเชีย (ไม่ใช่กล่องเดิมของเครื่อง) | *ไม่มีอะแดปเตอร์-หัวชาร์จ และสายชาร์จแถมให้ค่ะ | *ไม่มีติดฟิล์ม ไม่มีเคสแถมให้,รับประกันสินค้า 1 เดือน,https://compasia.co.th/collections/all-smartphones/products/iphone-13-pro-max
1,iPhone 13 Pro Max,Sierra Blue,128GB,พอใช้,16100,42900,สินค้าจะบรรจุในกล่องของคอมพ์เอเชีย (ไม่ใช่กล่องเดิมของเครื่อง) | *ไม่มีอะแดปเตอร์-หัวชาร์จ และสายชาร์จแถมให้ค่ะ | *ไม่มีติดฟิล์ม ไม่มีเคสแถมให้,รับประกันสินค้า 1 เดือน,https://compasia.co.th/collections/all-smartphones/products/iphone-13-pro-max
1,iPhone 13 Pro Max,Sierra Blue,256GB,ดีเยี่ยม,18100,46900,สินค้าจะบรรจุในกล่องของคอมพ์เอเชีย (ไม่ใช่กล่องเดิมของเครื่อง) | *ไม่มีอะแดปเตอร์-หัวชาร์จ และสายชาร์จแถมให้ค่ะ | *ไม่มีติดฟิล์ม ไม่มีเคสแถมให้,รับประกันสินค้า 1 เดือน,https://compasia.co.th/collections/all-smartphones/products/iphone-13-pro-max
1,iPhone 13 Pro Max,Sierra Blue,256GB,ดี,17600,42900,สินค้าจะบรรจุในกล่องของคอมพ์เอเชีย (ไม่ใช่กล่องเดิมของเครื่อง) | *ไม่มีอะแดปเตอร์-หัวชาร์จ และสายชาร์จแถมให้ค่ะ | *ไม่มีติดฟิล์ม ไม่มีเคสแถมให้,รับประกันสินค้า 1 เดือน,https://compasia.co.th/collections/all-smartphones/products/iphone-13-pro-max
1,iPhone 13 Pro Max,Sierra Blue,256GB,พอใช้,17100,42900,สินค้าจะบรรจุในกล่องของคอมพ์เอเชีย (ไม่ใช่กล่องเดิมของเครื่อง) | *ไม่มีอะแดปเตอร์-หัวชาร์จ และสายชาร์จแถมให้ค่ะ | *ไม่มีติดฟิล์ม ไม่มีเคสแถมให้,รับประกันสินค้า 1 เดือน,https://compasia.co.th/collections/all-smartphones/products/iphone-13-pro-max
1,iPhone 13 Pro Max,Sierra Blue,512GB,ดีเยี่ยม,19100,54900,สินค้าจะบรรจุในกล่องของคอมพ์เอเชีย (ไม่ใช่กล่องเดิมของเครื่อง) | *ไม่มีอะแดปเตอร์-หัวชาร์จ และสายชาร์จแถมให้ค่ะ | *ไม่มีติดฟิล์ม ไม่มีเคสแถมให้,รับประกันสินค้า 1 เดือน,https://compasia.co.th/collections/all-smartphones/products/iphone-13-pro-max
1,iPhone 13 Pro Max,Sierra Blue,512GB,ดี,18600,42900,สินค้าจะบรรจุในกล่องของคอมพ์เอเชีย (ไม่ใช่กล่องเดิมของเครื่อง) | *ไม่มีอะแดปเตอร์-หัวชาร์จ และสายชาร์จแถมให้ค่ะ | *ไม่มีติดฟิล์ม ไม่มีเคสแถมให้,รับประกันสินค้า 1 เดือน,https://compasia.co.th/collections/all-smartphones/products/iphone-13-pro-max
1,iPhone 13 Pro Max,Sierra Blue,512GB,พอใช้,18100,42900,สินค้าจะบรรจุในกล่องของคอมพ์เอเชีย (ไม่ใช่กล่องเดิมของเครื่อง) | *ไม่มีอะแดปเตอร์-หัวชาร์จ และสายชาร์จแถมให้ค่ะ | *ไม่มีติดฟิล์ม ไม่มีเคสแถมให้,รับประกันสินค้า 1 เดือน,https://compasia.co.th/collections/all-smartphones/products/iphone-13-pro-max
1,iPhone 13 Pro Max,Sierra Blue,1TB,ดีเยี่ยม,20100,42900,สินค้าจะบรรจุในกล่องของคอมพ์เอเชีย (ไม่ใช่กล่องเดิมของเครื่อง) | *ไม่มีอะแดปเตอร์-หัวชาร์จ และสายชาร์จแถมให้ค่ะ | *ไม่มีติดฟิล์ม ไม่มีเคสแถมให้,รับประกันสินค้า 1 เดือน,https://compasia.co.th/collections/all-smartphones/products/iphone-13-pro-max
1,iPhone 13 Pro Max,Sierra Blue,1TB,ดี,19600,42900,สินค้าจะบรรจุในกล่องของคอมพ์เอเชีย (ไม่ใช่กล่องเดิมของเครื่อง) | *ไม่มีอะแดปเตอร์-หัวชาร์จ และสายชาร์จแถมให้ค่ะ | *ไม่มีติดฟิล์ม ไม่มีเคสแถมให้,รับประกันสินค้า 1 เดือน,https://compasia.co.th/collections/all-smartphones/products/iphone-13-pro-max
1,iPhone 13 Pro Max,Sierra Blue,1TB,พอใช้,19100,42900,สินค้าจะบรรจุในกล่องของคอมพ์เอเชีย (ไม่ใช่กล่องเดิมของเครื่อง) | *ไม่มีอะแดปเตอร์-หัวชาร์จ และสายชาร์จแถมให้ค่ะ | *ไม่มีติดฟิล์ม ไม่มีเคสแถมให้,รับประกันสินค้า 1 เดือน,https://compasia.co.th/collections/all-smartphones/products/iphone-13-pro-max
1,iPhone 13 Pro Max,Gold,128GB,ดีเยี่ยม,17100,42900,สินค้าจะบรรจุในกล่องของคอมพ์เอเชีย (ไม่ใช่กล่องเดิมของเครื่อง) | *ไม่มีอะแดปเตอร์-หัวชาร์จ และสายชาร์จแถมให้ค่ะ | *ไม่มีติดฟิล์ม ไม่มีเคสแถมให้,รับประกันสินค้า 1 เดือน,https://compasia.co.th/collections/all-smartphones/products/iphone-13-pro-max
1,iPhone 13 Pro Max,Gold,128GB,ดี,16600,42900,สินค้าจะบรรจุในกล่องของคอมพ์เอเชีย (ไม่ใช่กล่องเดิมของเครื่อง) | *ไม่มีอะแดปเตอร์-หัวชาร์จ และสายชาร์จแถมให้ค่ะ | *ไม่มีติดฟิล์ม ไม่มีเคสแถมให้,รับประกันสินค้า 1 เดือน,https://compasia.co.th/collections/all-smartphones/products/iphone-13-pro-max
1,iPhone 13 Pro Max,Gold,128GB,พอใช้,16100,42900,สินค้าจะบรรจุในกล่องของคอมพ์เอเชีย (ไม่ใช่กล่องเดิมของเครื่อง) | *ไม่มีอะแดปเตอร์-หัวชาร์จ และสายชาร์จแถมให้ค่ะ | *ไม่มีติดฟิล์ม ไม่มีเคสแถมให้,รับประกันสินค้า 1 เดือน,https://compasia.co.th/collections/all-smartphones/products/iphone-13-pro-max
1,iPhone 13 Pro Max,Gold,256GB,ดีเยี่ยม,18100,46900,สินค้าจะบรรจุในกล่องของคอมพ์เอเชีย (ไม่ใช่กล่องเดิมของเครื่อง) | *ไม่มีอะแดปเตอร์-หัวชาร์จ และสายชาร์จแถมให้ค่ะ | *ไม่มีติดฟิล์ม ไม่มีเคสแถมให้,รับประกันสินค้า 1 เดือน,https://compasia.co.th/collections/all-smartphones/products/iphone-13-pro-max
1,iPhone 13 Pro Max,Gold,256GB,ดี,17600,42900,สินค้าจะบรรจุในกล่องของคอมพ์เอเชีย (ไม่ใช่กล่องเดิมของเครื่อง) | *ไม่มีอะแดปเตอร์-หัวชาร์จ และสายชาร์จแถมให้ค่ะ | *ไม่มีติดฟิล์ม ไม่มีเคสแถมให้,รับประกันสินค้า 1 เดือน,https://compasia.co.th/collections/all-smartphones/products/iphone-13-pro-max
1,iPhone 13 Pro Max,Gold,256GB,พอใช้,17100,42900,สินค้าจะบรรจุในกล่องของคอมพ์เอเชีย (ไม่ใช่กล่องเดิมของเครื่อง) | *ไม่มีอะแดปเตอร์-หัวชาร์จ และสายชาร์จแถมให้ค่ะ | *ไม่มีติดฟิล์ม ไม่มีเคสแถมให้,รับประกันสินค้า 1 เดือน,https://compasia.co.th/collections/all-smartphones/products/iphone-13-pro-max
1,iPhone 13 Pro Max,Gold,512GB,ดีเยี่ยม,19100,54900,สินค้าจะบรรจุในกล่องของคอมพ์เอเชีย (ไม่ใช่กล่องเดิมของเครื่อง) | *ไม่มีอะแดปเตอร์-หัวชาร์จ และสายชาร์จแถมให้ค่ะ | *ไม่มีติดฟิล์ม ไม่มีเคสแถมให้,รับประกันสินค้า 1 เดือน,https://compasia.co.th/collections/all-smartphones/products/iphone-13-pro-max
1,iPhone 13 Pro Max,Gold,512GB,ดี,18600,42900,สินค้าจะบรรจุในกล่องของคอมพ์เอเชีย (ไม่ใช่กล่องเดิมของเครื่อง) | *ไม่มีอะแดปเตอร์-หัวชาร์จ และสายชาร์จแถมให้ค่ะ | *ไม่มีติดฟิล์ม ไม่มีเคสแถมให้,รับประกันสินค้า 1 เดือน,https://compasia.co.th/collections/all-smartphones/products/iphone-13-pro-max
1,iPhone 13 Pro Max,Gold,512GB,พอใช้,18100,42900,สินค้าจะบรรจุในกล่องของคอมพ์เอเชีย (ไม่ใช่กล่องเดิมของเครื่อง) | *ไม่มีอะแดปเตอร์-หัวชาร์จ และสายชาร์จแถมให้ค่ะ | *ไม่มีติดฟิล์ม ไม่มีเคสแถมให้,รับประกันสินค้า 1 เดือน,https://compasia.co.th/collections/all-smartphones/products/iphone-13-pro-max
1,iPhone 13 Pro Max,Gold,1TB,ดีเยี่ยม,20100,42900,สินค้าจะบรรจุในกล่องของคอมพ์เอเชีย (ไม่ใช่กล่องเดิมของเครื่อง) | *ไม่มีอะแดปเตอร์-หัวชาร์จ และสายชาร์จแถมให้ค่ะ | *ไม่มีติดฟิล์ม ไม่มีเคสแถมให้,รับประกันสินค้า 1 เดือน,https://compasia.co.th/collections/all-smartphones/products/iphone-13-pro-max
1,iPhone 13 Pro Max,Gold,1TB,ดี,19600,42900,สินค้าจะบรรจุในกล่องของคอมพ์เอเชีย (ไม่ใช่กล่องเดิมของเครื่อง) | *ไม่มีอะแดปเตอร์-หัวชาร์จ และสายชาร์จแถมให้ค่ะ | *ไม่มีติดฟิล์ม ไม่มีเคสแถมให้,รับประกันสินค้า 1 เดือน,https://compasia.co.th/collections/all-smartphones/products/iphone-13-pro-max
1,iPhone 13 Pro Max,Gold,1TB,พอใช้,19100,42900,สินค้าจะบรรจุในกล่องของคอมพ์เอเชีย (ไม่ใช่กล่องเดิมของเครื่อง) | *ไม่มีอะแดปเตอร์-หัวชาร์จ และสายชาร์จแถมให้ค่ะ | *ไม่มีติดฟิล์ม ไม่มีเคสแถมให้,รับประกันสินค้า 1 เดือน,https://compasia.co.th/collections/all-smartphones/products/iphone-13-pro-max
1,iPhone 13 Pro Max,Silver,128GB,ดีเยี่ยม,17100,42900,สินค้าจะบรรจุในกล่องของคอมพ์เอเชีย (ไม่ใช่กล่องเดิมของเครื่อง) | *ไม่มีอะแดปเตอร์-หัวชาร์จ และสายชาร์จแถมให้ค่ะ | *ไม่มีติดฟิล์ม ไม่มีเคสแถมให้,รับประกันสินค้า 1 เดือน,https://compasia.co.th/collections/all-smartphones/products/iphone-13-pro-max
1,iPhone 13 Pro Max,Silver,128GB,ดี,16600,42900,สินค้าจะบรรจุในกล่องของคอมพ์เอเชีย (ไม่ใช่กล่องเดิมของเครื่อง) | *ไม่มีอะแดปเตอร์-หัวชาร์จ และสายชาร์จแถมให้ค่ะ | *ไม่มีติดฟิล์ม ไม่มีเคสแถมให้,รับประกันสินค้า 1 เดือน,https://compasia.co.th/collections/all-smartphones/products/iphone-13-pro-max
1,iPhone 13 Pro Max,Silver,128GB,พอใช้,16100,42900,สินค้าจะบรรจุในกล่องของคอมพ์เอเชีย (ไม่ใช่กล่องเดิมของเครื่อง) | *ไม่มีอะแดปเตอร์-หัวชาร์จ และสายชาร์จแถมให้ค่ะ | *ไม่มีติดฟิล์ม ไม่มีเคสแถมให้,รับประกันสินค้า 1 เดือน,https://compasia.co.th/collections/all-smartphones/products/iphone-13-pro-max
1,iPhone 13 Pro Max,Silver,256GB,ดีเยี่ยม,18100,46900,สินค้าจะบรรจุในกล่องของคอมพ์เอเชีย (ไม่ใช่กล่องเดิมของเครื่อง) | *ไม่มีอะแดปเตอร์-หัวชาร์จ และสายชาร์จแถมให้ค่ะ | *ไม่มีติดฟิล์ม ไม่มีเคสแถมให้,รับประกันสินค้า 1 เดือน,https://compasia.co.th/collections/all-smartphones/products/iphone-13-pro-max
1,iPhone 13 Pro Max,Silver,256GB,ดี,17600,42900,สินค้าจะบรรจุในกล่องของคอมพ์เอเชีย (ไม่ใช่กล่องเดิมของเครื่อง) | *ไม่มีอะแดปเตอร์-หัวชาร์จ และสายชาร์จแถมให้ค่ะ | *ไม่มีติดฟิล์ม ไม่มีเคสแถมให้,รับประกันสินค้า 1 เดือน,https://compasia.co.th/collections/all-smartphones/products/iphone-13-pro-max
1,iPhone 13 Pro Max,Silver,256GB,พอใช้,17100,42900,สินค้าจะบรรจุในกล่องของคอมพ์เอเชีย (ไม่ใช่กล่องเดิมของเครื่อง) | *ไม่มีอะแดปเตอร์-หัวชาร์จ และสายชาร์จแถมให้ค่ะ | *ไม่มีติดฟิล์ม ไม่มีเคสแถมให้,รับประกันสินค้า 1 เดือน,https://compasia.co.th/collections/all-smartphones/products/iphone-13-pro-max
1,iPhone 13 Pro Max,Silver,512GB,ดีเยี่ยม,19100,54900,สินค้าจะบรรจุในกล่องของคอมพ์เอเชีย (ไม่ใช่กล่องเดิมของเครื่อง) | *ไม่มีอะแดปเตอร์-หัวชาร์จ และสายชาร์จแถมให้ค่ะ | *ไม่มีติดฟิล์ม ไม่มีเคสแถมให้,รับประกันสินค้า 1 เดือน,https://compasia.co.th/collections/all-smartphones/products/iphone-13-pro-max
1,iPhone 13 Pro Max,Silver,512GB,ดี,18600,42900,สินค้าจะบรรจุในกล่องของคอมพ์เอเชีย (ไม่ใช่กล่องเดิมของเครื่อง) | *ไม่มีอะแดปเตอร์-หัวชาร์จ และสายชาร์จแถมให้ค่ะ | *ไม่มีติดฟิล์ม ไม่มีเคสแถมให้,รับประกันสินค้า 1 เดือน,https://compasia.co.th/collections/all-smartphones/products/iphone-13-pro-max
1,iPhone 13 Pro Max,Silver,512GB,พอใช้,18100,42900,สินค้าจะบรรจุในกล่องของคอมพ์เอเชีย (ไม่ใช่กล่องเดิมของเครื่อง) | *ไม่มีอะแดปเตอร์-หัวชาร์จ และสายชาร์จแถมให้ค่ะ | *ไม่มีติดฟิล์ม ไม่มีเคสแถมให้,รับประกันสินค้า 1 เดือน,https://compasia.co.th/collections/all-smartphones/products/iphone-13-pro-max
1,iPhone 13 Pro Max,Silver,1TB,ดีเยี่ยม,20100,42900,สินค้าจะบรรจุในกล่องของคอมพ์เอเชีย (ไม่ใช่กล่องเดิมของเครื่อง) | *ไม่มีอะแดปเตอร์-หัวชาร์จ และสายชาร์จแถมให้ค่ะ | *ไม่มีติดฟิล์ม ไม่มีเคสแถมให้,รับประกันสินค้า 1 เดือน,https://compasia.co.th/collections/all-smartphones/products/iphone-13-pro-max
1,iPhone 13 Pro Max,Silver,1TB,ดี,19600,42900,สินค้าจะบรรจุในกล่องของคอมพ์เอเชีย (ไม่ใช่กล่องเดิมของเครื่อง) | *ไม่มีอะแดปเตอร์-หัวชาร์จ และสายชาร์จแถมให้ค่ะ | *ไม่มีติดฟิล์ม ไม่มีเคสแถมให้,รับประกันสินค้า 1 เดือน,https://compasia.co.th/collections/all-smartphones/products/iphone-13-pro-max
1,iPhone 13 Pro Max,Silver,1TB,พอใช้,19100,42900,สินค้าจะบรรจุในกล่องของคอมพ์เอเชีย (ไม่ใช่กล่องเดิมของเครื่อง) | *ไม่มีอะแดปเตอร์-หัวชาร์จ และสายชาร์จแถมให้ค่ะ | *ไม่มีติดฟิล์ม ไม่มีเคสแถมให้,รับประกันสินค้า 1 เดือน,https://compasia.co.th/collections/all-smartphones/products/iphone-13-pro-max
1,iPhone 13 Pro Max,Alpine Green,128GB,ดีเยี่ยม,17100,42900,สินค้าจะบรรจุในกล่องของคอมพ์เอเชีย (ไม่ใช่กล่องเดิมของเครื่อง) | *ไม่มีอะแดปเตอร์-หัวชาร์จ และสายชาร์จแถมให้ค่ะ | *ไม่มีติดฟิล์ม ไม่มีเคสแถมให้,รับประกันสินค้า 1 เดือน,https://compasia.co.th/collections/all-smartphones/products/iphone-13-pro-max
1,iPhone 13 Pro Max,Alpine Green,128GB,ดี,16600,42900,สินค้าจะบรรจุในกล่องของคอมพ์เอเชีย (ไม่ใช่กล่องเดิมของเครื่อง) | *ไม่มีอะแดปเตอร์-หัวชาร์จ และสายชาร์จแถมให้ค่ะ | *ไม่มีติดฟิล์ม ไม่มีเคสแถมให้,รับประกันสินค้า 1 เดือน,https://compasia.co.th/collections/all-smartphones/products/iphone-13-pro-max
1,iPhone 13 Pro Max,Alpine Green,128GB,พอใช้,16100,42900,สินค้าจะบรรจุในกล่องของคอมพ์เอเชีย (ไม่ใช่กล่องเดิมของเครื่อง) | *ไม่มีอะแดปเตอร์-หัวชาร์จ และสายชาร์จแถมให้ค่ะ | *ไม่มีติดฟิล์ม ไม่มีเคสแถมให้,รับประกันสินค้า 1 เดือน,https://compasia.co.th/collections/all-smartphones/products/iphone-13-pro-max
1,iPhone 13 Pro Max,Alpine Green,256GB,ดีเยี่ยม,18100,42900,สินค้าจะบรรจุในกล่องของคอมพ์เอเชีย (ไม่ใช่กล่องเดิมของเครื่อง) | *ไม่มีอะแดปเตอร์-หัวชาร์จ และสายชาร์จแถมให้ค่ะ | *ไม่มีติดฟิล์ม ไม่มีเคสแถมให้,รับประกันสินค้า 1 เดือน,https://compasia.co.th/collections/all-smartphones/products/iphone-13-pro-max
1,iPhone 13 Pro Max,Alpine Green,256GB,ดี,17600,42900,สินค้าจะบรรจุในกล่องของคอมพ์เอเชีย (ไม่ใช่กล่องเดิมของเครื่อง) | *ไม่มีอะแดปเตอร์-หัวชาร์จ และสายชาร์จแถมให้ค่ะ | *ไม่มีติดฟิล์ม ไม่มีเคสแถมให้,รับประกันสินค้า 1 เดือน,https://compasia.co.th/collections/all-smartphones/products/iphone-13-pro-max
1,iPhone 13 Pro Max,Alpine Green,256GB,พอใช้,17100,42900,สินค้าจะบรรจุในกล่องของคอมพ์เอเชีย (ไม่ใช่กล่องเดิมของเครื่อง) | *ไม่มีอะแดปเตอร์-หัวชาร์จ และสายชาร์จแถมให้ค่ะ | *ไม่มีติดฟิล์ม ไม่มีเคสแถมให้,รับประกันสินค้า 1 เดือน,https://compasia.co.th/collections/all-smartphones/products/iphone-13-pro-max
1,iPhone 13 Pro Max,Alpine Green,512GB,ดีเยี่ยม,19100,42900,สินค้าจะบรรจุในกล่องของคอมพ์เอเชีย (ไม่ใช่กล่องเดิมของเครื่อง) | *ไม่มีอะแดปเตอร์-หัวชาร์จ และสายชาร์จแถมให้ค่ะ | *ไม่มีติดฟิล์ม ไม่มีเคสแถมให้,รับประกันสินค้า 1 เดือน,https://compasia.co.th/collections/all-smartphones/products/iphone-13-pro-max
1,iPhone 13 Pro Max,Alpine Green,512GB,ดี,18600,42900,สินค้าจะบรรจุในกล่องของคอมพ์เอเชีย (ไม่ใช่กล่องเดิมของเครื่อง) | *ไม่มีอะแดปเตอร์-หัวชาร์จ และสายชาร์จแถมให้ค่ะ | *ไม่มีติดฟิล์ม ไม่มีเคสแถมให้,รับประกันสินค้า 1 เดือน,https://compasia.co.th/collections/all-smartphones/products/iphone-13-pro-max
1,iPhone 13 Pro Max,Alpine Green,512GB,พอใช้,18100,42900,สินค้าจะบรรจุในกล่องของคอมพ์เอเชีย (ไม่ใช่กล่องเดิมของเครื่อง) | *ไม่มีอะแดปเตอร์-หัวชาร์จ และสายชาร์จแถมให้ค่ะ | *ไม่มีติดฟิล์ม ไม่มีเคสแถมให้,รับประกันสินค้า 1 เดือน,https://compasia.co.th/collections/all-smartphones/products/iphone-13-pro-max
1,iPhone 13 Pro Max,Alpine Green,1TB,ดีเยี่ยม,20100,42900,สินค้าจะบรรจุในกล่องของคอมพ์เอเชีย (ไม่ใช่กล่องเดิมของเครื่อง) | *ไม่มีอะแดปเตอร์-หัวชาร์จ และสายชาร์จแถมให้ค่ะ | *ไม่มีติดฟิล์ม ไม่มีเคสแถมให้,รับประกันสินค้า 1 เดือน,https://compasia.co.th/collections/all-smartphones/products/iphone-13-pro-max
1,iPhone 13 Pro Max,Alpine Green,1TB,ดี,19600,42900,สินค้าจะบรรจุในกล่องของคอมพ์เอเชีย (ไม่ใช่กล่องเดิมของเครื่อง) | *ไม่มีอะแดปเตอร์-หัวชาร์จ และสายชาร์จแถมให้ค่ะ | *ไม่มีติดฟิล์ม ไม่มีเคสแถมให้,รับประกันสินค้า 1 เดือน,https://compasia.co.th/collections/all-smartphones/products/iphone-13-pro-max
1,iPhone 13 Pro Max,Alpine Green,1TB,พอใช้,19100,42900,สินค้าจะบรรจุในกล่องของคอมพ์เอเชีย (ไม่ใช่กล่องเดิมของเครื่อง) | *ไม่มีอะแดปเตอร์-หัวชาร์จ และสายชาร์จแถมให้ค่ะ | *ไม่มีติดฟิล์ม ไม่มีเคสแถมให้,รับประกันสินค้า 1 เดือน,https://compasia.co.th/collections/all-smartphones/products/iphone-13-pro-max
2,iPhone 14 Pro Max,Space Black,128GB,ดีเยี่ยม,21400,49990,สินค้าจะบรรจุในกล่องของคอมพ์เอเชีย (ไม่ใช่กล่องเดิมของเครื่อง) | *ไม่มีอะแดปเตอร์-หัวชาร์จ และสายชาร์จแถมให้ค่ะ | *ไม่มีติดฟิล์ม ไม่มีเคสแถมให้,รับประกันสินค้า 1 เดือน,https://compasia.co.th/collections/all-smartphones/products/iphone-14-pro-max
2,iPhone 14 Pro Max,Space Black,128GB,ดี,20900,49990,สินค้าจะบรรจุในกล่องของคอมพ์เอเชีย (ไม่ใช่กล่องเดิมของเครื่อง) | *ไม่มีอะแดปเตอร์-หัวชาร์จ และสายชาร์จแถมให้ค่ะ | *ไม่มีติดฟิล์ม ไม่มีเคสแถมให้,รับประกันสินค้า 1 เดือน,https://compasia.co.th/collections/all-smartphones/products/iphone-14-pro-max
2,iPhone 14 Pro Max,Space Black,128GB,พอใช้,20400,49990,สินค้าจะบรรจุในกล่องของคอมพ์เอเชีย (ไม่ใช่กล่องเดิมของเครื่อง) | *ไม่มีอะแดปเตอร์-หัวชาร์จ และสายชาร์จแถมให้ค่ะ | *ไม่มีติดฟิล์ม ไม่มีเคสแถมให้,รับประกันสินค้า 1 เดือน,https://compasia.co.th/collections/all-smartphones/products/iphone-14-pro-max
2,iPhone 14 Pro Max,Space Black,256GB,ดีเยี่ยม,22400,54990,สินค้าจะบรรจุในกล่องของคอมพ์เอเชีย (ไม่ใช่กล่องเดิมของเครื่อง) | *ไม่มีอะแดปเตอร์-หัวชาร์จ และสายชาร์จแถมให้ค่ะ | *ไม่มีติดฟิล์ม ไม่มีเคสแถมให้,รับประกันสินค้า 1 เดือน,https://compasia.co.th/collections/all-smartphones/products/iphone-14-pro-max
2,iPhone 14 Pro Max,Space Black,256GB,ดี,21900,54990,สินค้าจะบรรจุในกล่องของคอมพ์เอเชีย (ไม่ใช่กล่องเดิมของเครื่อง) | *ไม่มีอะแดปเตอร์-หัวชาร์จ และสายชาร์จแถมให้ค่ะ | *ไม่มีติดฟิล์ม ไม่มีเคสแถมให้,รับประกันสินค้า 1 เดือน,https://compasia.co.th/collections/all-smartphones/products/iphone-14-pro-max
2,iPhone 14 Pro Max,Space Black,256GB,พอใช้,21400,49990,สินค้าจะบรรจุในกล่องของคอมพ์เอเชีย (ไม่ใช่กล่องเดิมของเครื่อง) | *ไม่มีอะแดปเตอร์-หัวชาร์จ และสายชาร์จแถมให้ค่ะ | *ไม่มีติดฟิล์ม ไม่มีเคสแถมให้,รับประกันสินค้า 1 เดือน,https://compasia.co.th/collections/all-smartphones/products/iphone-14-pro-max
2,iPhone 14 Pro Max,Space Black,512GB,ดีเยี่ยม,23400,64990,สินค้าจะบรรจุในกล่องของคอมพ์เอเชีย (ไม่ใช่กล่องเดิมของเครื่อง) | *ไม่มีอะแดปเตอร์-หัวชาร์จ และสายชาร์จแถมให้ค่ะ | *ไม่มีติดฟิล์ม ไม่มีเคสแถมให้,รับประกันสินค้า 1 เดือน,https://compasia.co.th/collections/all-smartphones/products/iphone-14-pro-max
2,iPhone 14 Pro Max,Space Black,512GB,ดี,22900,64990,สินค้าจะบรรจุในกล่องของคอมพ์เอเชีย (ไม่ใช่กล่องเดิมของเครื่อง) | *ไม่มีอะแดปเตอร์-หัวชาร์จ และสายชาร์จแถมให้ค่ะ | *ไม่มีติดฟิล์ม ไม่มีเคสแถมให้,รับประกันสินค้า 1 เดือน,https://compasia.co.th/collections/all-smartphones/products/iphone-14-pro-max
2,iPhone 14 Pro Max,Space Black,512GB,พอใช้,22400,49990,สินค้าจะบรรจุในกล่องของคอมพ์เอเชีย (ไม่ใช่กล่องเดิมของเครื่อง) | *ไม่มีอะแดปเตอร์-หัวชาร์จ และสายชาร์จแถมให้ค่ะ | *ไม่มีติดฟิล์ม ไม่มีเคสแถมให้,รับประกันสินค้า 1 เดือน,https://compasia.co.th/collections/all-smartphones/products/iphone-14-pro-max
2,iPhone 14 Pro Max,Space Black,1TB,ดีเยี่ยม,24400,66900,สินค้าจะบรรจุในกล่องของคอมพ์เอเชีย (ไม่ใช่กล่องเดิมของเครื่อง) | *ไม่มีอะแดปเตอร์-หัวชาร์จ และสายชาร์จแถมให้ค่ะ | *ไม่มีติดฟิล์ม ไม่มีเคสแถมให้,รับประกันสินค้า 1 เดือน,https://compasia.co.th/collections/all-smartphones/products/iphone-14-pro-max
2,iPhone 14 Pro Max,Space Black,1TB,ดี,23900,44900,สินค้าจะบรรจุในกล่องของคอมพ์เอเชีย (ไม่ใช่กล่องเดิมของเครื่อง) | *ไม่มีอะแดปเตอร์-หัวชาร์จ และสายชาร์จแถมให้ค่ะ | *ไม่มีติดฟิล์ม ไม่มีเคสแถมให้,รับประกันสินค้า 1 เดือน,https://compasia.co.th/collections/all-smartphones/products/iphone-14-pro-max
2,iPhone 14 Pro Max,Space Black,1TB,พอใช้,23400,49990,สินค้าจะบรรจุในกล่องของคอมพ์เอเชีย (ไม่ใช่กล่องเดิมของเครื่อง) | *ไม่มีอะแดปเตอร์-หัวชาร์จ และสายชาร์จแถมให้ค่ะ | *ไม่มีติดฟิล์ม ไม่มีเคสแถมให้,รับประกันสินค้า 1 เดือน,https://compasia.co.th/collections/all-smartphones/products/iphone-14-pro-max
2,iPhone 14 Pro Max,Silver,128GB,ดีเยี่ยม,21400,49990,สินค้าจะบรรจุในกล่องของคอมพ์เอเชีย (ไม่ใช่กล่องเดิมของเครื่อง) | *ไม่มีอะแดปเตอร์-หัวชาร์จ และสายชาร์จแถมให้ค่ะ | *ไม่มีติดฟิล์ม ไม่มีเคสแถมให้,รับประกันสินค้า 1 เดือน,https://compasia.co.th/collections/all-smartphones/products/iphone-14-pro-max
2,iPhone 14 Pro Max,Silver,128GB,ดี,20900,49990,สินค้าจะบรรจุในกล่องของคอมพ์เอเชีย (ไม่ใช่กล่องเดิมของเครื่อง) | *ไม่มีอะแดปเตอร์-หัวชาร์จ และสายชาร์จแถมให้ค่ะ | *ไม่มีติดฟิล์ม ไม่มีเคสแถมให้,รับประกันสินค้า 1 เดือน,https://compasia.co.th/collections/all-smartphones/products/iphone-14-pro-max
2,iPhone 14 Pro Max,Silver,128GB,พอใช้,20400,49990,สินค้าจะบรรจุในกล่องของคอมพ์เอเชีย (ไม่ใช่กล่องเดิมของเครื่อง) | *ไม่มีอะแดปเตอร์-หัวชาร์จ และสายชาร์จแถมให้ค่ะ | *ไม่มีติดฟิล์ม ไม่มีเคสแถมให้,รับประกันสินค้า 1 เดือน,https://compasia.co.th/collections/all-smartphones/products/iphone-14-pro-max
2,iPhone 14 Pro Max,Silver,256GB,ดีเยี่ยม,22400,54990,สินค้าจะบรรจุในกล่องของคอมพ์เอเชีย (ไม่ใช่กล่องเดิมของเครื่อง) | *ไม่มีอะแดปเตอร์-หัวชาร์จ และสายชาร์จแถมให้ค่ะ | *ไม่มีติดฟิล์ม ไม่มีเคสแถมให้,รับประกันสินค้า 1 เดือน,https://compasia.co.th/collections/all-smartphones/products/iphone-14-pro-max
2,iPhone 14 Pro Max,Silver,256GB,ดี,21900,54990,สินค้าจะบรรจุในกล่องของคอมพ์เอเชีย (ไม่ใช่กล่องเดิมของเครื่อง) | *ไม่มีอะแดปเตอร์-หัวชาร์จ และสายชาร์จแถมให้ค่ะ | *ไม่มีติดฟิล์ม ไม่มีเคสแถมให้,รับประกันสินค้า 1 เดือน,https://compasia.co.th/collections/all-smartphones/products/iphone-14-pro-max
2,iPhone 14 Pro Max,Silver,256GB,พอใช้,21400,49990,สินค้าจะบรรจุในกล่องของคอมพ์เอเชีย (ไม่ใช่กล่องเดิมของเครื่อง) | *ไม่มีอะแดปเตอร์-หัวชาร์จ และสายชาร์จแถมให้ค่ะ | *ไม่มีติดฟิล์ม ไม่มีเคสแถมให้,รับประกันสินค้า 1 เดือน,https://compasia.co.th/collections/all-smartphones/products/iphone-14-pro-max
2,iPhone 14 Pro Max,Silver,512GB,ดีเยี่ยม,23400,64990,สินค้าจะบรรจุในกล่องของคอมพ์เอเชีย (ไม่ใช่กล่องเดิมของเครื่อง) | *ไม่มีอะแดปเตอร์-หัวชาร์จ และสายชาร์จแถมให้ค่ะ | *ไม่มีติดฟิล์ม ไม่มีเคสแถมให้,รับประกันสินค้า 1 เดือน,https://compasia.co.th/collections/all-smartphones/products/iphone-14-pro-max
2,iPhone 14 Pro Max,Silver,512GB,ดี,22900,64990,สินค้าจะบรรจุในกล่องของคอมพ์เอเชีย (ไม่ใช่กล่องเดิมของเครื่อง) | *ไม่มีอะแดปเตอร์-หัวชาร์จ และสายชาร์จแถมให้ค่ะ | *ไม่มีติดฟิล์ม ไม่มีเคสแถมให้,รับประกันสินค้า 1 เดือน,https://compasia.co.th/collections/all-smartphones/products/iphone-14-pro-max
2,iPhone 14 Pro Max,Silver,512GB,พอใช้,22400,49990,สินค้าจะบรรจุในกล่องของคอมพ์เอเชีย (ไม่ใช่กล่องเดิมของเครื่อง) | *ไม่มีอะแดปเตอร์-หัวชาร์จ และสายชาร์จแถมให้ค่ะ | *ไม่มีติดฟิล์ม ไม่มีเคสแถมให้,รับประกันสินค้า 1 เดือน,https://compasia.co.th/collections/all-smartphones/products/iphone-14-pro-max
2,iPhone 14 Pro Max,Silver,1TB,ดีเยี่ยม,24400,66900,สินค้าจะบรรจุในกล่องของคอมพ์เอเชีย (ไม่ใช่กล่องเดิมของเครื่อง) | *ไม่มีอะแดปเตอร์-หัวชาร์จ และสายชาร์จแถมให้ค่ะ | *ไม่มีติดฟิล์ม ไม่มีเคสแถมให้,รับประกันสินค้า 1 เดือน,https://compasia.co.th/collections/all-smartphones/products/iphone-14-pro-max
2,iPhone 14 Pro Max,Silver,1TB,ดี,23900,44900,สินค้าจะบรรจุในกล่องของคอมพ์เอเชีย (ไม่ใช่กล่องเดิมของเครื่อง) | *ไม่มีอะแดปเตอร์-หัวชาร์จ และสายชาร์จแถมให้ค่ะ | *ไม่มีติดฟิล์ม ไม่มีเคสแถมให้,รับประกันสินค้า 1 เดือน,https://compasia.co.th/collections/all-smartphones/products/iphone-14-pro-max
2,iPhone 14 Pro Max,Silver,1TB,พอใช้,23400,49990,สินค้าจะบรรจุในกล่องของคอมพ์เอเชีย (ไม่ใช่กล่องเดิมของเครื่อง) | *ไม่มีอะแดปเตอร์-หัวชาร์จ และสายชาร์จแถมให้ค่ะ | *ไม่มีติดฟิล์ม ไม่มีเคสแถมให้,รับประกันสินค้า 1 เดือน,https://compasia.co.th/collections/all-smartphones/products/iphone-14-pro-max
2,iPhone 14 Pro Max,Gold,128GB,ดีเยี่ยม,21400,49990,สินค้าจะบรรจุในกล่องของคอมพ์เอเชีย (ไม่ใช่กล่องเดิมของเครื่อง) | *ไม่มีอะแดปเตอร์-หัวชาร์จ และสายชาร์จแถมให้ค่ะ | *ไม่มีติดฟิล์ม ไม่มีเคสแถมให้,รับประกันสินค้า 1 เดือน,https://compasia.co.th/collections/all-smartphones/products/iphone-14-pro-max
2,iPhone 14 Pro Max,Gold,128GB,ดี,20900,49990,สินค้าจะบรรจุในกล่องของคอมพ์เอเชีย (ไม่ใช่กล่องเดิมของเครื่อง) | *ไม่มีอะแดปเตอร์-หัวชาร์จ และสายชาร์จแถมให้ค่ะ | *ไม่มีติดฟิล์ม ไม่มีเคสแถมให้,รับประกันสินค้า 1 เดือน,https://compasia.co.th/collections/all-smartphones/products/iphone-14-pro-max
2,iPhone 14 Pro Max,Gold,128GB,พอใช้,20400,49990,สินค้าจะบรรจุในกล่องของคอมพ์เอเชีย (ไม่ใช่กล่องเดิมของเครื่อง) | *ไม่มีอะแดปเตอร์-หัวชาร์จ และสายชาร์จแถมให้ค่ะ | *ไม่มีติดฟิล์ม ไม่มีเคสแถมให้,รับประกันสินค้า 1 เดือน,https://compasia.co.th/collections/all-smartphones/products/iphone-14-pro-max
2,iPhone 14 Pro Max,Gold,256GB,ดีเยี่ยม,22400,54990,สินค้าจะบรรจุในกล่องของคอมพ์เอเชีย (ไม่ใช่กล่องเดิมของเครื่อง) | *ไม่มีอะแดปเตอร์-หัวชาร์จ และสายชาร์จแถมให้ค่ะ | *ไม่มีติดฟิล์ม ไม่มีเคสแถมให้,รับประกันสินค้า 1 เดือน,https://compasia.co.th/collections/all-smartphones/products/iphone-14-pro-max
2,iPhone 14 Pro Max,Gold,256GB,ดี,21900,54990,สินค้าจะบรรจุในกล่องของคอมพ์เอเชีย (ไม่ใช่กล่องเดิมของเครื่อง) | *ไม่มีอะแดปเตอร์-หัวชาร์จ และสายชาร์จแถมให้ค่ะ | *ไม่มีติดฟิล์ม ไม่มีเคสแถมให้,รับประกันสินค้า 1 เดือน,https://compasia.co.th/collections/all-smartphones/products/iphone-14-pro-max
2,iPhone 14 Pro Max,Gold,256GB,พอใช้,21400,49990,สินค้าจะบรรจุในกล่องของคอมพ์เอเชีย (ไม่ใช่กล่องเดิมของเครื่อง) | *ไม่มีอะแดปเตอร์-หัวชาร์จ และสายชาร์จแถมให้ค่ะ | *ไม่มีติดฟิล์ม ไม่มีเคสแถมให้,รับประกันสินค้า 1 เดือน,https://compasia.co.th/collections/all-smartphones/products/iphone-14-pro-max
2,iPhone 14 Pro Max,Gold,512GB,ดีเยี่ยม,23400,64990,สินค้าจะบรรจุในกล่องของคอมพ์เอเชีย (ไม่ใช่กล่องเดิมของเครื่อง) | *ไม่มีอะแดปเตอร์-หัวชาร์จ และสายชาร์จแถมให้ค่ะ | *ไม่มีติดฟิล์ม ไม่มีเคสแถมให้,รับประกันสินค้า 1 เดือน,https://compasia.co.th/collections/all-smartphones/products/iphone-14-pro-max
2,iPhone 14 Pro Max,Gold,512GB,ดี,22900,64990,สินค้าจะบรรจุในกล่องของคอมพ์เอเชีย (ไม่ใช่กล่องเดิมของเครื่อง) | *ไม่มีอะแดปเตอร์-หัวชาร์จ และสายชาร์จแถมให้ค่ะ | *ไม่มีติดฟิล์ม ไม่มีเคสแถมให้,รับประกันสินค้า 1 เดือน,https://compasia.co.th/collections/all-smartphones/products/iphone-14-pro-max
2,iPhone 14 Pro Max,Gold,512GB,พอใช้,22400,49990,สินค้าจะบรรจุในกล่องของคอมพ์เอเชีย (ไม่ใช่กล่องเดิมของเครื่อง) | *ไม่มีอะแดปเตอร์-หัวชาร์จ และสายชาร์จแถมให้ค่ะ | *ไม่มีติดฟิล์ม ไม่มีเคสแถมให้,รับประกันสินค้า 1 เดือน,https://compasia.co.th/collections/all-smartphones/products/iphone-14-pro-max
2,iPhone 14 Pro Max,Gold,1TB,ดีเยี่ยม,24400,66900,สินค้าจะบรรจุในกล่องของคอมพ์เอเชีย (ไม่ใช่กล่องเดิมของเครื่อง) | *ไม่มีอะแดปเตอร์-หัวชาร์จ และสายชาร์จแถมให้ค่ะ | *ไม่มีติดฟิล์ม ไม่มีเคสแถมให้,รับประกันสินค้า 1 เดือน,https://compasia.co.th/collections/all-smartphones/products/iphone-14-pro-max
2,iPhone 14 Pro Max,Gold,1TB,ดี,23900,44900,สินค้าจะบรรจุในกล่องของคอมพ์เอเชีย (ไม่ใช่กล่องเดิมของเครื่อง) | *ไม่มีอะแดปเตอร์-หัวชาร์จ และสายชาร์จแถมให้ค่ะ | *ไม่มีติดฟิล์ม ไม่มีเคสแถมให้,รับประกันสินค้า 1 เดือน,https://compasia.co.th/collections/all-smartphones/products/iphone-14-pro-max
2,iPhone 14 Pro Max,Gold,1TB,พอใช้,23400,49990,สินค้าจะบรรจุในกล่องของคอมพ์เอเชีย (ไม่ใช่กล่องเดิมของเครื่อง) | *ไม่มีอะแดปเตอร์-หัวชาร์จ และสายชาร์จแถมให้ค่ะ | *ไม่มีติดฟิล์ม ไม่มีเคสแถมให้,รับประกันสินค้า 1 เดือน,https://compasia.co.th/collections/all-smartphones/products/iphone-14-pro-max
2,iPhone 14 Pro Max,Deep Purple,128GB,ดีเยี่ยม,21400,49990,สินค้าจะบรรจุในกล่องของคอมพ์เอเชีย (ไม่ใช่กล่องเดิมของเครื่อง) | *ไม่มีอะแดปเตอร์-หัวชาร์จ และสายชาร์จแถมให้ค่ะ | *ไม่มีติดฟิล์ม ไม่มีเคสแถมให้,รับประกันสินค้า 1 เดือน,https://compasia.co.th/collections/all-smartphones/products/iphone-14-pro-max
2,iPhone 14 Pro Max,Deep Purple,128GB,ดี,20900,49990,สินค้าจะบรรจุในกล่องของคอมพ์เอเชีย (ไม่ใช่กล่องเดิมของเครื่อง) | *ไม่มีอะแดปเตอร์-หัวชาร์จ และสายชาร์จแถมให้ค่ะ | *ไม่มีติดฟิล์ม ไม่มีเคสแถมให้,รับประกันสินค้า 1 เดือน,https://compasia.co.th/collections/all-smartphones/products/iphone-14-pro-max
2,iPhone 14 Pro Max,Deep Purple,128GB,พอใช้,20400,49990,สินค้าจะบรรจุในกล่องของคอมพ์เอเชีย (ไม่ใช่กล่องเดิมของเครื่อง) | *ไม่มีอะแดปเตอร์-หัวชาร์จ และสายชาร์จแถมให้ค่ะ | *ไม่มีติดฟิล์ม ไม่มีเคสแถมให้,รับประกันสินค้า 1 เดือน,https://compasia.co.th/collections/all-smartphones/products/iphone-14-pro-max
2,iPhone 14 Pro Max,Deep Purple,256GB,ดีเยี่ยม,22400,54990,สินค้าจะบรรจุในกล่องของคอมพ์เอเชีย (ไม่ใช่กล่องเดิมของเครื่อง) | *ไม่มีอะแดปเตอร์-หัวชาร์จ และสายชาร์จแถมให้ค่ะ | *ไม่มีติดฟิล์ม ไม่มีเคสแถมให้,รับประกันสินค้า 1 เดือน,https://compasia.co.th/collections/all-smartphones/products/iphone-14-pro-max
2,iPhone 14 Pro Max,Deep Purple,256GB,ดี,21900,54990,สินค้าจะบรรจุในกล่องของคอมพ์เอเชีย (ไม่ใช่กล่องเดิมของเครื่อง) | *ไม่มีอะแดปเตอร์-หัวชาร์จ และสายชาร์จแถมให้ค่ะ | *ไม่มีติดฟิล์ม ไม่มีเคสแถมให้,รับประกันสินค้า 1 เดือน,https://compasia.co.th/collections/all-smartphones/products/iphone-14-pro-max
2,iPhone 14 Pro Max,Deep Purple,256GB,พอใช้,21400,49990,สินค้าจะบรรจุในกล่องของคอมพ์เอเชีย (ไม่ใช่กล่องเดิมของเครื่อง) | *ไม่มีอะแดปเตอร์-หัวชาร์จ และสายชาร์จแถมให้ค่ะ | *ไม่มีติดฟิล์ม ไม่มีเคสแถมให้,รับประกันสินค้า 1 เดือน,https://compasia.co.th/collections/all-smartphones/products/iphone-14-pro-max
2,iPhone 14 Pro Max,Deep Purple,512GB,ดีเยี่ยม,23400,64990,สินค้าจะบรรจุในกล่องของคอมพ์เอเชีย (ไม่ใช่กล่องเดิมของเครื่อง) | *ไม่มีอะแดปเตอร์-หัวชาร์จ และสายชาร์จแถมให้ค่ะ | *ไม่มีติดฟิล์ม ไม่มีเคสแถมให้,รับประกันสินค้า 1 เดือน,https://compasia.co.th/collections/all-smartphones/products/iphone-14-pro-max
2,iPhone 14 Pro Max,Deep Purple,512GB,ดี,22900,64990,สินค้าจะบรรจุในกล่องของคอมพ์เอเชีย (ไม่ใช่กล่องเดิมของเครื่อง) | *ไม่มีอะแดปเตอร์-หัวชาร์จ และสายชาร์จแถมให้ค่ะ | *ไม่มีติดฟิล์ม ไม่มีเคสแถมให้,รับประกันสินค้า 1 เดือน,https://compasia.co.th/collections/all-smartphones/products/iphone-14-pro-max
2,iPhone 14 Pro Max,Deep Purple,512GB,พอใช้,22400,49990,สินค้าจะบรรจุในกล่องของคอมพ์เอเชีย (ไม่ใช่กล่องเดิมของเครื่อง) | *ไม่มีอะแดปเตอร์-หัวชาร์จ และสายชาร์จแถมให้ค่ะ | *ไม่มีติดฟิล์ม ไม่มีเคสแถมให้,รับประกันสินค้า 1 เดือน,https://compasia.co.th/collections/all-smartphones/products/iphone-14-pro-max
2,iPhone 14 Pro Max,Deep Purple,1TB,ดีเยี่ยม,24400,66900,สินค้าจะบรรจุในกล่องของคอมพ์เอเชีย (ไม่ใช่กล่องเดิมของเครื่อง) | *ไม่มีอะแดปเตอร์-หัวชาร์จ และสายชาร์จแถมให้ค่ะ | *ไม่มีติดฟิล์ม ไม่มีเคสแถมให้,รับประกันสินค้า 1 เดือน,https://compasia.co.th/collections/all-smartphones/products/iphone-14-pro-max
2,iPhone 14 Pro Max,Deep Purple,1TB,ดี,23900,44900,สินค้าจะบรรจุในกล่องของคอมพ์เอเชีย (ไม่ใช่กล่องเดิมของเครื่อง) | *ไม่มีอะแดปเตอร์-หัวชาร์จ และสายชาร์จแถมให้ค่ะ | *ไม่มีติดฟิล์ม ไม่มีเคสแถมให้,รับประกันสินค้า 1 เดือน,https://compasia.co.th/collections/all-smartphones/products/iphone-14-pro-max
2,iPhone 14 Pro Max,Deep Purple,1TB,พอใช้,23400,49990,สินค้าจะบรรจุในกล่องของคอมพ์เอเชีย (ไม่ใช่กล่องเดิมของเครื่อง) | *ไม่มีอะแดปเตอร์-หัวชาร์จ และสายชาร์จแถมให้ค่ะ | *ไม่มีติดฟิล์ม ไม่มีเคสแถมให้,รับประกันสินค้า 1 เดือน,https://compasia.co.th/collections/all-smartphones/products/iphone-14-pro-max
3,iPhone 12 Pro Max,Pacific Blue,128GB,ดีเยี่ยม,12500,35990,สินค้าจะบรรจุในกล่องของคอมพ์เอเชีย (ไม่ใช่กล่องเดิมของเครื่อง) | *ไม่มีอะแดปเตอร์-หัวชาร์จ และสายชาร์จแถมให้ค่ะ | *ไม่มีติดฟิล์ม ไม่มีเคสแถมให้,รับประกันสินค้า 1 เดือน,https://compasia.co.th/collections/all-smartphones/products/iphone-12-pro-max
3,iPhone 12 Pro Max,Pacific Blue,128GB,ดี,12000,35990,สินค้าจะบรรจุในกล่องของคอมพ์เอเชีย (ไม่ใช่กล่องเดิมของเครื่อง) | *ไม่มีอะแดปเตอร์-หัวชาร์จ และสายชาร์จแถมให้ค่ะ | *ไม่มีติดฟิล์ม ไม่มีเคสแถมให้,รับประกันสินค้า 1 เดือน,https://compasia.co.th/collections/all-smartphones/products/iphone-12-pro-max
3,iPhone 12 Pro Max,Pacific Blue,128GB,พอใช้,11500,35990,สินค้าจะบรรจุในกล่องของคอมพ์เอเชีย (ไม่ใช่กล่องเดิมของเครื่อง) | *ไม่มีอะแดปเตอร์-หัวชาร์จ และสายชาร์จแถมให้ค่ะ | *ไม่มีติดฟิล์ม ไม่มีเคสแถมให้,รับประกันสินค้า 1 เดือน,https://compasia.co.th/collections/all-smartphones/products/iphone-12-pro-max
3,iPhone 12 Pro Max,Pacific Blue,256GB,ดีเยี่ยม,13500,37990,สินค้าจะบรรจุในกล่องของคอมพ์เอเชีย (ไม่ใช่กล่องเดิมของเครื่อง) | *ไม่มีอะแดปเตอร์-หัวชาร์จ และสายชาร์จแถมให้ค่ะ | *ไม่มีติดฟิล์ม ไม่มีเคสแถมให้,รับประกันสินค้า 1 เดือน,https://compasia.co.th/collections/all-smartphones/products/iphone-12-pro-max
3,iPhone 12 Pro Max,Pacific Blue,256GB,ดี,13000,37990,สินค้าจะบรรจุในกล่องของคอมพ์เอเชีย (ไม่ใช่กล่องเดิมของเครื่อง) | *ไม่มีอะแดปเตอร์-หัวชาร์จ และสายชาร์จแถมให้ค่ะ | *ไม่มีติดฟิล์ม ไม่มีเคสแถมให้,รับประกันสินค้า 1 เดือน,https://compasia.co.th/collections/all-smartphones/products/iphone-12-pro-max
3,iPhone 12 Pro Max,Pacific Blue,256GB,พอใช้,12500,35990,สินค้าจะบรรจุในกล่องของคอมพ์เอเชีย (ไม่ใช่กล่องเดิมของเครื่อง) | *ไม่มีอะแดปเตอร์-หัวชาร์จ และสายชาร์จแถมให้ค่ะ | *ไม่มีติดฟิล์ม ไม่มีเคสแถมให้,รับประกันสินค้า 1 เดือน,https://compasia.co.th/collections/all-smartphones/products/iphone-12-pro-max
3,iPhone 12 Pro Max,Pacific Blue,512GB,ดีเยี่ยม,14500,35990,สินค้าจะบรรจุในกล่องของคอมพ์เอเชีย (ไม่ใช่กล่องเดิมของเครื่อง) | *ไม่มีอะแดปเตอร์-หัวชาร์จ และสายชาร์จแถมให้ค่ะ | *ไม่มีติดฟิล์ม ไม่มีเคสแถมให้,รับประกันสินค้า 1 เดือน,https://compasia.co.th/collections/all-smartphones/products/iphone-12-pro-max
3,iPhone 12 Pro Max,Pacific Blue,512GB,ดี,14000,35990,สินค้าจะบรรจุในกล่องของคอมพ์เอเชีย (ไม่ใช่กล่องเดิมของเครื่อง) | *ไม่มีอะแดปเตอร์-หัวชาร์จ และสายชาร์จแถมให้ค่ะ | *ไม่มีติดฟิล์ม ไม่มีเคสแถมให้,รับประกันสินค้า 1 เดือน,https://compasia.co.th/collections/all-smartphones/products/iphone-12-pro-max
3,iPhone 12 Pro Max,Pacific Blue,512GB,พอใช้,13500,35990,สินค้าจะบรรจุในกล่องของคอมพ์เอเชีย (ไม่ใช่กล่องเดิมของเครื่อง) | *ไม่มีอะแดปเตอร์-หัวชาร์จ และสายชาร์จแถมให้ค่ะ | *ไม่มีติดฟิล์ม ไม่มีเคสแถมให้,รับประกันสินค้า 1 เดือน,https://compasia.co.th/collections/all-smartphones/products/iphone-12-pro-max
3,iPhone 12 Pro Max,Graphite,128GB,ดีเยี่ยม,12500,35990,สินค้าจะบรรจุในกล่องของคอมพ์เอเชีย (ไม่ใช่กล่องเดิมของเครื่อง) | *ไม่มีอะแดปเตอร์-หัวชาร์จ และสายชาร์จแถมให้ค่ะ | *ไม่มีติดฟิล์ม ไม่มีเคสแถมให้,รับประกันสินค้า 1 เดือน,https://compasia.co.th/collections/all-smartphones/products/iphone-12-pro-max
3,iPhone 12 Pro Max,Graphite,128GB,ดี,12000,35990,สินค้าจะบรรจุในกล่องของคอมพ์เอเชีย (ไม่ใช่กล่องเดิมของเครื่อง) | *ไม่มีอะแดปเตอร์-หัวชาร์จ และสายชาร์จแถมให้ค่ะ | *ไม่มีติดฟิล์ม ไม่มีเคสแถมให้,รับประกันสินค้า 1 เดือน,https://compasia.co.th/collections/all-smartphones/products/iphone-12-pro-max
3,iPhone 12 Pro Max,Graphite,128GB,พอใช้,11500,35990,สินค้าจะบรรจุในกล่องของคอมพ์เอเชีย (ไม่ใช่กล่องเดิมของเครื่อง) | *ไม่มีอะแดปเตอร์-หัวชาร์จ และสายชาร์จแถมให้ค่ะ | *ไม่มีติดฟิล์ม ไม่มีเคสแถมให้,รับประกันสินค้า 1 เดือน,https://compasia.co.th/collections/all-smartphones/products/iphone-12-pro-max
3,iPhone 12 Pro Max,Graphite,256GB,ดีเยี่ยม,13500,35990,สินค้าจะบรรจุในกล่องของคอมพ์เอเชีย (ไม่ใช่กล่องเดิมของเครื่อง) | *ไม่มีอะแดปเตอร์-หัวชาร์จ และสายชาร์จแถมให้ค่ะ | *ไม่มีติดฟิล์ม ไม่มีเคสแถมให้,รับประกันสินค้า 1 เดือน,https://compasia.co.th/collections/all-smartphones/products/iphone-12-pro-max
3,iPhone 12 Pro Max,Graphite,256GB,ดี,13000,35990,สินค้าจะบรรจุในกล่องของคอมพ์เอเชีย (ไม่ใช่กล่องเดิมของเครื่อง) | *ไม่มีอะแดปเตอร์-หัวชาร์จ และสายชาร์จแถมให้ค่ะ | *ไม่มีติดฟิล์ม ไม่มีเคสแถมให้,รับประกันสินค้า 1 เดือน,https://compasia.co.th/collections/all-smartphones/products/iphone-12-pro-max
3,iPhone 12 Pro Max,Graphite,256GB,พอใช้,12500,35990,สินค้าจะบรรจุในกล่องของคอมพ์เอเชีย (ไม่ใช่กล่องเดิมของเครื่อง) | *ไม่มีอะแดปเตอร์-หัวชาร์จ และสายชาร์จแถมให้ค่ะ | *ไม่มีติดฟิล์ม ไม่มีเคสแถมให้,รับประกันสินค้า 1 เดือน,https://compasia.co.th/collections/all-smartphones/products/iphone-12-pro-max
3,iPhone 12 Pro Max,Graphite,512GB,ดีเยี่ยม,14500,35990,สินค้าจะบรรจุในกล่องของคอมพ์เอเชีย (ไม่ใช่กล่องเดิมของเครื่อง) | *ไม่มีอะแดปเตอร์-หัวชาร์จ และสายชาร์จแถมให้ค่ะ | *ไม่มีติดฟิล์ม ไม่มีเคสแถมให้,รับประกันสินค้า 1 เดือน,https://compasia.co.th/collections/all-smartphones/products/iphone-12-pro-max
3,iPhone 12 Pro Max,Graphite,512GB,ดี,14000,35990,สินค้าจะบรรจุในกล่องของคอมพ์เอเชีย (ไม่ใช่กล่องเดิมของเครื่อง) | *ไม่มีอะแดปเตอร์-หัวชาร์จ และสายชาร์จแถมให้ค่ะ | *ไม่มีติดฟิล์ม ไม่มีเคสแถมให้,รับประกันสินค้า 1 เดือน,https://compasia.co.th/collections/all-smartphones/products/iphone-12-pro-max
3,iPhone 12 Pro Max,Graphite,512GB,พอใช้,13500,35990,สินค้าจะบรรจุในกล่องของคอมพ์เอเชีย (ไม่ใช่กล่องเดิมของเครื่อง) | *ไม่มีอะแดปเตอร์-หัวชาร์จ และสายชาร์จแถมให้ค่ะ | *ไม่มีติดฟิล์ม ไม่มีเคสแถมให้,รับประกันสินค้า 1 เดือน,https://compasia.co.th/collections/all-smartphones/products/iphone-12-pro-max
3,iPhone 12 Pro Max,Gold,128GB,ดีเยี่ยม,12500,35990,สินค้าจะบรรจุในกล่องของคอมพ์เอเชีย (ไม่ใช่กล่องเดิมของเครื่อง) | *ไม่มีอะแดปเตอร์-หัวชาร์จ และสายชาร์จแถมให้ค่ะ | *ไม่มีติดฟิล์ม ไม่มีเคสแถมให้,รับประกันสินค้า 1 เดือน,https://compasia.co.th/collections/all-smartphones/products/iphone-12-pro-max
3,iPhone 12 Pro Max,Gold,128GB,ดี,12000,35990,สินค้าจะบรรจุในกล่องของคอมพ์เอเชีย (ไม่ใช่กล่องเดิมของเครื่อง) | *ไม่มีอะแดปเตอร์-หัวชาร์จ และสายชาร์จแถมให้ค่ะ | *ไม่มีติดฟิล์ม ไม่มีเคสแถมให้,รับประกันสินค้า 1 เดือน,https://compasia.co.th/collections/all-smartphones/products/iphone-12-pro-max
3,iPhone 12 Pro Max,Gold,128GB,พอใช้,11500,35990,สินค้าจะบรรจุในกล่องของคอมพ์เอเชีย (ไม่ใช่กล่องเดิมของเครื่อง) | *ไม่มีอะแดปเตอร์-หัวชาร์จ และสายชาร์จแถมให้ค่ะ | *ไม่มีติดฟิล์ม ไม่มีเคสแถมให้,รับประกันสินค้า 1 เดือน,https://compasia.co.th/collections/all-smartphones/products/iphone-12-pro-max
3,iPhone 12 Pro Max,Gold,256GB,ดีเยี่ยม,13500,35990,สินค้าจะบรรจุในกล่องของคอมพ์เอเชีย (ไม่ใช่กล่องเดิมของเครื่อง) | *ไม่มีอะแดปเตอร์-หัวชาร์จ และสายชาร์จแถมให้ค่ะ | *ไม่มีติดฟิล์ม ไม่มีเคสแถมให้,รับประกันสินค้า 1 เดือน,https://compasia.co.th/collections/all-smartphones/products/iphone-12-pro-max
3,iPhone 12 Pro Max,Gold,256GB,ดี,13000,35990,สินค้าจะบรรจุในกล่องของคอมพ์เอเชีย (ไม่ใช่กล่องเดิมของเครื่อง) | *ไม่มีอะแดปเตอร์-หัวชาร์จ และสายชาร์จแถมให้ค่ะ | *ไม่มีติดฟิล์ม ไม่มีเคสแถมให้,รับประกันสินค้า 1 เดือน,https://compasia.co.th/collections/all-smartphones/products/iphone-12-pro-max
3,iPhone 12 Pro Max,Gold,256GB,พอใช้,12500,35990,สินค้าจะบรรจุในกล่องของคอมพ์เอเชีย (ไม่ใช่กล่องเดิมของเครื่อง) | *ไม่มีอะแดปเตอร์-หัวชาร์จ และสายชาร์จแถมให้ค่ะ | *ไม่มีติดฟิล์ม ไม่มีเคสแถมให้,รับประกันสินค้า 1 เดือน,https://compasia.co.th/collections/all-smartphones/products/iphone-12-pro-max
3,iPhone 12 Pro Max,Gold,512GB,ดีเยี่ยม,14500,35990,สินค้าจะบรรจุในกล่องของคอมพ์เอเชีย (ไม่ใช่กล่องเดิมของเครื่อง) | *ไม่มีอะแดปเตอร์-หัวชาร์จ และสายชาร์จแถมให้ค่ะ | *ไม่มีติดฟิล์ม ไม่มีเคสแถมให้,รับประกันสินค้า 1 เดือน,https://compasia.co.th/collections/all-smartphones/products/iphone-12-pro-max
3,iPhone 12 Pro Max,Gold,512GB,ดี,14000,35990,สินค้าจะบรรจุในกล่องของคอมพ์เอเชีย (ไม่ใช่กล่องเดิมของเครื่อง) | *ไม่มีอะแดปเตอร์-หัวชาร์จ และสายชาร์จแถมให้ค่ะ | *ไม่มีติดฟิล์ม ไม่มีเคสแถมให้,รับประกันสินค้า 1 เดือน,https://compasia.co.th/collections/all-smartphones/products/iphone-12-pro-max
3,iPhone 12 Pro Max,Gold,512GB,พอใช้,13500,35990,สินค้าจะบรรจุในกล่องของคอมพ์เอเชีย (ไม่ใช่กล่องเดิมของเครื่อง) | *ไม่มีอะแดปเตอร์-หัวชาร์จ และสายชาร์จแถมให้ค่ะ | *ไม่มีติดฟิล์ม ไม่มีเคสแถมให้,รับประกันสินค้า 1 เดือน,https://compasia.co.th/collections/all-smartphones/products/iphone-12-pro-max
3,iPhone 12 Pro Max,Silver,128GB,ดีเยี่ยม,12500,35990,สินค้าจะบรรจุในกล่องของคอมพ์เอเชีย (ไม่ใช่กล่องเดิมของเครื่อง) | *ไม่มีอะแดปเตอร์-หัวชาร์จ และสายชาร์จแถมให้ค่ะ | *ไม่มีติดฟิล์ม ไม่มีเคสแถมให้,รับประกันสินค้า 1 เดือน,https://compasia.co.th/collections/all-smartphones/products/iphone-12-pro-max
3,iPhone 12 Pro Max,Silver,128GB,ดี,12000,35990,สินค้าจะบรรจุในกล่องของคอมพ์เอเชีย (ไม่ใช่กล่องเดิมของเครื่อง) | *ไม่มีอะแดปเตอร์-หัวชาร์จ และสายชาร์จแถมให้ค่ะ | *ไม่มีติดฟิล์ม ไม่มีเคสแถมให้,รับประกันสินค้า 1 เดือน,https://compasia.co.th/collections/all-smartphones/products/iphone-12-pro-max
3,iPhone 12 Pro Max,Silver,128GB,พอใช้,11500,35990,สินค้าจะบรรจุในกล่องของคอมพ์เอเชีย (ไม่ใช่กล่องเดิมของเครื่อง) | *ไม่มีอะแดปเตอร์-หัวชาร์จ และสายชาร์จแถมให้ค่ะ | *ไม่มีติดฟิล์ม ไม่มีเคสแถมให้,รับประกันสินค้า 1 เดือน,https://compasia.co.th/collections/all-smartphones/products/iphone-12-pro-max
3,iPhone 12 Pro Max,Silver,256GB,ดีเยี่ยม,13500,35990,สินค้าจะบรรจุในกล่องของคอมพ์เอเชีย (ไม่ใช่กล่องเดิมของเครื่อง) | *ไม่มีอะแดปเตอร์-หัวชาร์จ และสายชาร์จแถมให้ค่ะ | *ไม่มีติดฟิล์ม ไม่มีเคสแถมให้,รับประกันสินค้า 1 เดือน,https://compasia.co.th/collections/all-smartphones/products/iphone-12-pro-max
3,iPhone 12 Pro Max,Silver,256GB,ดี,13000,35990,สินค้าจะบรรจุในกล่องของคอมพ์เอเชีย (ไม่ใช่กล่องเดิมของเครื่อง) | *ไม่มีอะแดปเตอร์-หัวชาร์จ และสายชาร์จแถมให้ค่ะ | *ไม่มีติดฟิล์ม ไม่มีเคสแถมให้,รับประกันสินค้า 1 เดือน,https://compasia.co.th/collections/all-smartphones/products/iphone-12-pro-max
3,iPhone 12 Pro Max,Silver,256GB,พอใช้,12500,35990,สินค้าจะบรรจุในกล่องของคอมพ์เอเชีย (ไม่ใช่กล่องเดิมของเครื่อง) | *ไม่มีอะแดปเตอร์-หัวชาร์จ และสายชาร์จแถมให้ค่ะ | *ไม่มีติดฟิล์ม ไม่มีเคสแถมให้,รับประกันสินค้า 1 เดือน,https://compasia.co.th/collections/all-smartphones/products/iphone-12-pro-max
3,iPhone 12 Pro Max,Silver,512GB,ดีเยี่ยม,14500,35990,สินค้าจะบรรจุในกล่องของคอมพ์เอเชีย (ไม่ใช่กล่องเดิมของเครื่อง) | *ไม่มีอะแดปเตอร์-หัวชาร์จ และสายชาร์จแถมให้ค่ะ | *ไม่มีติดฟิล์ม ไม่มีเคสแถมให้,รับประกันสินค้า 1 เดือน,https://compasia.co.th/collections/all-smartphones/products/iphone-12-pro-max
3,iPhone 12 Pro Max,Silver,512GB,ดี,14000,35990,สินค้าจะบรรจุในกล่องของคอมพ์เอเชีย (ไม่ใช่กล่องเดิมของเครื่อง) | *ไม่มีอะแดปเตอร์-หัวชาร์จ และสายชาร์จแถมให้ค่ะ | *ไม่มีติดฟิล์ม ไม่มีเคสแถมให้,รับประกันสินค้า 1 เดือน,https://compasia.co.th/collections/all-smartphones/products/iphone-12-pro-max
3,iPhone 12 Pro Max,Silver,512GB,พอใช้,13500,35990,สินค้าจะบรรจุในกล่องของคอมพ์เอเชีย (ไม่ใช่กล่องเดิมของเครื่อง) | *ไม่มีอะแดปเตอร์-หัวชาร์จ และสายชาร์จแถมให้ค่ะ | *ไม่มีติดฟิล์ม ไม่มีเคสแถมให้,รับประกันสินค้า 1 เดือน,https://compasia.co.th/collections/all-smartphones/products/iphone-12-pro-max
4,iPhone 15 Pro Max,Black Titanium,256GB,ดีเยี่ยม,26700,46500,สินค้าจะบรรจุในกล่องของคอมพ์เอเชีย (ไม่ใช่กล่องเดิมของเครื่อง) | *ไม่มีอะแดปเตอร์-หัวชาร์จ และสายชาร์จแถมให้ค่ะ | *ไม่มีติดฟิล์ม ไม่มีเคสแถมให้,รับประกันสินค้า 1 เดือน,https://compasia.co.th/collections/all-smartphones/products/iphone-15-pro-max
4,iPhone 15 Pro Max,Black Titanium,256GB,ดี,26200,46500,สินค้าจะบรรจุในกล่องของคอมพ์เอเชีย (ไม่ใช่กล่องเดิมของเครื่อง) | *ไม่มีอะแดปเตอร์-หัวชาร์จ และสายชาร์จแถมให้ค่ะ | *ไม่มีติดฟิล์ม ไม่มีเคสแถมให้,รับประกันสินค้า 1 เดือน,https://compasia.co.th/collections/all-smartphones/products/iphone-15-pro-max
4,iPhone 15 Pro Max,Black Titanium,256GB,พอใช้,25700,46500,สินค้าจะบรรจุในกล่องของคอมพ์เอเชีย (ไม่ใช่กล่องเดิมของเครื่อง) | *ไม่มีอะแดปเตอร์-หัวชาร์จ และสายชาร์จแถมให้ค่ะ | *ไม่มีติดฟิล์ม ไม่มีเคสแถมให้,รับประกันสินค้า 1 เดือน,https://compasia.co.th/collections/all-smartphones/products/iphone-15-pro-max
4,iPhone 15 Pro Max,Black Titanium,512GB,ดีเยี่ยม,27700,46500,สินค้าจะบรรจุในกล่องของคอมพ์เอเชีย (ไม่ใช่กล่องเดิมของเครื่อง) | *ไม่มีอะแดปเตอร์-หัวชาร์จ และสายชาร์จแถมให้ค่ะ | *ไม่มีติดฟิล์ม ไม่มีเคสแถมให้,รับประกันสินค้า 1 เดือน,https://compasia.co.th/collections/all-smartphones/products/iphone-15-pro-max
4,iPhone 15 Pro Max,Black Titanium,512GB,ดี,27200,46500,สินค้าจะบรรจุในกล่องของคอมพ์เอเชีย (ไม่ใช่กล่องเดิมของเครื่อง) | *ไม่มีอะแดปเตอร์-หัวชาร์จ และสายชาร์จแถมให้ค่ะ | *ไม่มีติดฟิล์ม ไม่มีเคสแถมให้,รับประกันสินค้า 1 เดือน,https://compasia.co.th/collections/all-smartphones/products/iphone-15-pro-max
4,iPhone 15 Pro Max,Black Titanium,512GB,พอใช้,26700,46500,สินค้าจะบรรจุในกล่องของคอมพ์เอเชีย (ไม่ใช่กล่องเดิมของเครื่อง) | *ไม่มีอะแดปเตอร์-หัวชาร์จ และสายชาร์จแถมให้ค่ะ | *ไม่มีติดฟิล์ม ไม่มีเคสแถมให้,รับประกันสินค้า 1 เดือน,https://compasia.co.th/collections/all-smartphones/products/iphone-15-pro-max
4,iPhone 15 Pro Max,Black Titanium,1TB,ดีเยี่ยม,28700,46500,สินค้าจะบรรจุในกล่องของคอมพ์เอเชีย (ไม่ใช่กล่องเดิมของเครื่อง) | *ไม่มีอะแดปเตอร์-หัวชาร์จ และสายชาร์จแถมให้ค่ะ | *ไม่มีติดฟิล์ม ไม่มีเคสแถมให้,รับประกันสินค้า 1 เดือน,https://compasia.co.th/collections/all-smartphones/products/iphone-15-pro-max
4,iPhone 15 Pro Max,Black Titanium,1TB,ดี,28200,46500,สินค้าจะบรรจุในกล่องของคอมพ์เอเชีย (ไม่ใช่กล่องเดิมของเครื่อง) | *ไม่มีอะแดปเตอร์-หัวชาร์จ และสายชาร์จแถมให้ค่ะ | *ไม่มีติดฟิล์ม ไม่มีเคสแถมให้,รับประกันสินค้า 1 เดือน,https://compasia.co.th/collections/all-smartphones/products/iphone-15-pro-max
4,iPhone 15 Pro Max,Black Titanium,1TB,พอใช้,27700,46500,สินค้าจะบรรจุในกล่องของคอมพ์เอเชีย (ไม่ใช่กล่องเดิมของเครื่อง) | *ไม่มีอะแดปเตอร์-หัวชาร์จ และสายชาร์จแถมให้ค่ะ | *ไม่มีติดฟิล์ม ไม่มีเคสแถมให้,รับประกันสินค้า 1 เดือน,https://compasia.co.th/collections/all-smartphones/products/iphone-15-pro-max
4,iPhone 15 Pro Max,White Titanium,256GB,ดีเยี่ยม,26700,46500,สินค้าจะบรรจุในกล่องของคอมพ์เอเชีย (ไม่ใช่กล่องเดิมของเครื่อง) | *ไม่มีอะแดปเตอร์-หัวชาร์จ และสายชาร์จแถมให้ค่ะ | *ไม่มีติดฟิล์ม ไม่มีเคสแถมให้,รับประกันสินค้า 1 เดือน,https://compasia.co.th/collections/all-smartphones/products/iphone-15-pro-max
4,iPhone 15 Pro Max,White Titanium,256GB,ดี,26200,46500,สินค้าจะบรรจุในกล่องของคอมพ์เอเชีย (ไม่ใช่กล่องเดิมของเครื่อง) | *ไม่มีอะแดปเตอร์-หัวชาร์จ และสายชาร์จแถมให้ค่ะ | *ไม่มีติดฟิล์ม ไม่มีเคสแถมให้,รับประกันสินค้า 1 เดือน,https://compasia.co.th/collections/all-smartphones/products/iphone-15-pro-max
4,iPhone 15 Pro Max,White Titanium,256GB,พอใช้,25700,46500,สินค้าจะบรรจุในกล่องของคอมพ์เอเชีย (ไม่ใช่กล่องเดิมของเครื่อง) | *ไม่มีอะแดปเตอร์-หัวชาร์จ และสายชาร์จแถมให้ค่ะ | *ไม่มีติดฟิล์ม ไม่มีเคสแถมให้,รับประกันสินค้า 1 เดือน,https://compasia.co.th/collections/all-smartphones/products/iphone-15-pro-max
4,iPhone 15 Pro Max,White Titanium,512GB,ดีเยี่ยม,27700,46500,สินค้าจะบรรจุในกล่องของคอมพ์เอเชีย (ไม่ใช่กล่องเดิมของเครื่อง) | *ไม่มีอะแดปเตอร์-หัวชาร์จ และสายชาร์จแถมให้ค่ะ | *ไม่มีติดฟิล์ม ไม่มีเคสแถมให้,รับประกันสินค้า 1 เดือน,https://compasia.co.th/collections/all-smartphones/products/iphone-15-pro-max
4,iPhone 15 Pro Max,White Titanium,512GB,ดี,27200,46500,สินค้าจะบรรจุในกล่องของคอมพ์เอเชีย (ไม่ใช่กล่องเดิมของเครื่อง) | *ไม่มีอะแดปเตอร์-หัวชาร์จ และสายชาร์จแถมให้ค่ะ | *ไม่มีติดฟิล์ม ไม่มีเคสแถมให้,รับประกันสินค้า 1 เดือน,https://compasia.co.th/collections/all-smartphones/products/iphone-15-pro-max
4,iPhone 15 Pro Max,White Titanium,512GB,พอใช้,26700,46500,สินค้าจะบรรจุในกล่องของคอมพ์เอเชีย (ไม่ใช่กล่องเดิมของเครื่อง) | *ไม่มีอะแดปเตอร์-หัวชาร์จ และสายชาร์จแถมให้ค่ะ | *ไม่มีติดฟิล์ม ไม่มีเคสแถมให้,รับประกันสินค้า 1 เดือน,https://compasia.co.th/collections/all-smartphones/products/iphone-15-pro-max
4,iPhone 15 Pro Max,White Titanium,1TB,ดีเยี่ยม,28700,46500,สินค้าจะบรรจุในกล่องของคอมพ์เอเชีย (ไม่ใช่กล่องเดิมของเครื่อง) | *ไม่มีอะแดปเตอร์-หัวชาร์จ และสายชาร์จแถมให้ค่ะ | *ไม่มีติดฟิล์ม ไม่มีเคสแถมให้,รับประกันสินค้า 1 เดือน,https://compasia.co.th/collections/all-smartphones/products/iphone-15-pro-max
4,iPhone 15 Pro Max,White Titanium,1TB,ดี,28200,46500,สินค้าจะบรรจุในกล่องของคอมพ์เอเชีย (ไม่ใช่กล่องเดิมของเครื่อง) | *ไม่มีอะแดปเตอร์-หัวชาร์จ และสายชาร์จแถมให้ค่ะ | *ไม่มีติดฟิล์ม ไม่มีเคสแถมให้,รับประกันสินค้า 1 เดือน,https://compasia.co.th/collections/all-smartphones/products/iphone-15-pro-max
4,iPhone 15 Pro Max,White Titanium,1TB,พอใช้,27700,46500,สินค้าจะบรรจุในกล่องของคอมพ์เอเชีย (ไม่ใช่กล่องเดิมของเครื่อง) | *ไม่มีอะแดปเตอร์-หัวชาร์จ และสายชาร์จแถมให้ค่ะ | *ไม่มีติดฟิล์ม ไม่มีเคสแถมให้,รับประกันสินค้า 1 เดือน,https://compasia.co.th/collections/all-smartphones/products/iphone-15-pro-max
4,iPhone 15 Pro Max,Blue Titanium,256GB,ดีเยี่ยม,26700,46500,สินค้าจะบรรจุในกล่องของคอมพ์เอเชีย (ไม่ใช่กล่องเดิมของเครื่อง) | *ไม่มีอะแดปเตอร์-หัวชาร์จ และสายชาร์จแถมให้ค่ะ | *ไม่มีติดฟิล์ม ไม่มีเคสแถมให้,รับประกันสินค้า 1 เดือน,https://compasia.co.th/collections/all-smartphones/products/iphone-15-pro-max
4,iPhone 15 Pro Max,Blue Titanium,256GB,ดี,26200,46500,สินค้าจะบรรจุในกล่องของคอมพ์เอเชีย (ไม่ใช่กล่องเดิมของเครื่อง) | *ไม่มีอะแดปเตอร์-หัวชาร์จ และสายชาร์จแถมให้ค่ะ | *ไม่มีติดฟิล์ม ไม่มีเคสแถมให้,รับประกันสินค้า 1 เดือน,https://compasia.co.th/collections/all-smartphones/products/iphone-15-pro-max
4,iPhone 15 Pro Max,Blue Titanium,256GB,พอใช้,25700,46500,สินค้าจะบรรจุในกล่องของคอมพ์เอเชีย (ไม่ใช่กล่องเดิมของเครื่อง) | *ไม่มีอะแดปเตอร์-หัวชาร์จ และสายชาร์จแถมให้ค่ะ | *ไม่มีติดฟิล์ม ไม่มีเคสแถมให้,รับประกันสินค้า 1 เดือน,https://compasia.co.th/collections/all-smartphones/products/iphone-15-pro-max
4,iPhone 15 Pro Max,Blue Titanium,512GB,ดีเยี่ยม,27700,46500,สินค้าจะบรรจุในกล่องของคอมพ์เอเชีย (ไม่ใช่กล่องเดิมของเครื่อง) | *ไม่มีอะแดปเตอร์-หัวชาร์จ และสายชาร์จแถมให้ค่ะ | *ไม่มีติดฟิล์ม ไม่มีเคสแถมให้,รับประกันสินค้า 1 เดือน,https://compasia.co.th/collections/all-smartphones/products/iphone-15-pro-max
4,iPhone 15 Pro Max,Blue Titanium,512GB,ดี,27200,46500,สินค้าจะบรรจุในกล่องของคอมพ์เอเชีย (ไม่ใช่กล่องเดิมของเครื่อง) | *ไม่มีอะแดปเตอร์-หัวชาร์จ และสายชาร์จแถมให้ค่ะ | *ไม่มีติดฟิล์ม ไม่มีเคสแถมให้,รับประกันสินค้า 1 เดือน,https://compasia.co.th/collections/all-smartphones/products/iphone-15-pro-max
4,iPhone 15 Pro Max,Blue Titanium,512GB,พอใช้,26700,46500,สินค้าจะบรรจุในกล่องของคอมพ์เอเชีย (ไม่ใช่กล่องเดิมของเครื่อง) | *ไม่มีอะแดปเตอร์-หัวชาร์จ และสายชาร์จแถมให้ค่ะ | *ไม่มีติดฟิล์ม ไม่มีเคสแถมให้,รับประกันสินค้า 1 เดือน,https://compasia.co.th/collections/all-smartphones/products/iphone-15-pro-max
4,iPhone 15 Pro Max,Blue Titanium,1TB,ดีเยี่ยม,28700,46500,สินค้าจะบรรจุในกล่องของคอมพ์เอเชีย (ไม่ใช่กล่องเดิมของเครื่อง) | *ไม่มีอะแดปเตอร์-หัวชาร์จ และสายชาร์จแถมให้ค่ะ | *ไม่มีติดฟิล์ม ไม่มีเคสแถมให้,รับประกันสินค้า 1 เดือน,https://compasia.co.th/collections/all-smartphones/products/iphone-15-pro-max
4,iPhone 15 Pro Max,Blue Titanium,1TB,ดี,28200,46500,สินค้าจะบรรจุในกล่องของคอมพ์เอเชีย (ไม่ใช่กล่องเดิมของเครื่อง) | *ไม่มีอะแดปเตอร์-หัวชาร์จ และสายชาร์จแถมให้ค่ะ | *ไม่มีติดฟิล์ม ไม่มีเคสแถมให้,รับประกันสินค้า 1 เดือน,https://compasia.co.th/collections/all-smartphones/products/iphone-15-pro-max
4,iPhone 15 Pro Max,Blue Titanium,1TB,พอใช้,27700,46500,สินค้าจะบรรจุในกล่องของคอมพ์เอเชีย (ไม่ใช่กล่องเดิมของเครื่อง) | *ไม่มีอะแดปเตอร์-หัวชาร์จ และสายชาร์จแถมให้ค่ะ | *ไม่มีติดฟิล์ม ไม่มีเคสแถมให้,รับประกันสินค้า 1 เดือน,https://compasia.co.th/collections/all-smartphones/products/iphone-15-pro-max
4,iPhone 15 Pro Max,Natural Titanium,256GB,ดีเยี่ยม,26700,46500,สินค้าจะบรรจุในกล่องของคอมพ์เอเชีย (ไม่ใช่กล่องเดิมของเครื่อง) | *ไม่มีอะแดปเตอร์-หัวชาร์จ และสายชาร์จแถมให้ค่ะ | *ไม่มีติดฟิล์ม ไม่มีเคสแถมให้,รับประกันสินค้า 1 เดือน,https://compasia.co.th/collections/all-smartphones/products/iphone-15-pro-max
4,iPhone 15 Pro Max,Natural Titanium,256GB,ดี,26200,46500,สินค้าจะบรรจุในกล่องของคอมพ์เอเชีย (ไม่ใช่กล่องเดิมของเครื่อง) | *ไม่มีอะแดปเตอร์-หัวชาร์จ และสายชาร์จแถมให้ค่ะ | *ไม่มีติดฟิล์ม ไม่มีเคสแถมให้,รับประกันสินค้า 1 เดือน,https://compasia.co.th/collections/all-smartphones/products/iphone-15-pro-max
4,iPhone 15 Pro Max,Natural Titanium,256GB,พอใช้,25700,46500,สินค้าจะบรรจุในกล่องของคอมพ์เอเชีย (ไม่ใช่กล่องเดิมของเครื่อง) | *ไม่มีอะแดปเตอร์-หัวชาร์จ และสายชาร์จแถมให้ค่ะ | *ไม่มีติดฟิล์ม ไม่มีเคสแถมให้,รับประกันสินค้า 1 เดือน,https://compasia.co.th/collections/all-smartphones/products/iphone-15-pro-max
4,iPhone 15 Pro Max,Natural Titanium,512GB,ดีเยี่ยม,27700,46500,สินค้าจะบรรจุในกล่องของคอมพ์เอเชีย (ไม่ใช่กล่องเดิมของเครื่อง) | *ไม่มีอะแดปเตอร์-หัวชาร์จ และสายชาร์จแถมให้ค่ะ | *ไม่มีติดฟิล์ม ไม่มีเคสแถมให้,รับประกันสินค้า 1 เดือน,https://compasia.co.th/collections/all-smartphones/products/iphone-15-pro-max
4,iPhone 15 Pro Max,Natural Titanium,512GB,ดี,27200,46500,สินค้าจะบรรจุในกล่องของคอมพ์เอเชีย (ไม่ใช่กล่องเดิมของเครื่อง) | *ไม่มีอะแดปเตอร์-หัวชาร์จ และสายชาร์จแถมให้ค่ะ | *ไม่มีติดฟิล์ม ไม่มีเคสแถมให้,รับประกันสินค้า 1 เดือน,https://compasia.co.th/collections/all-smartphones/products/iphone-15-pro-max
4,iPhone 15 Pro Max,Natural Titanium,512GB,พอใช้,26700,46500,สินค้าจะบรรจุในกล่องของคอมพ์เอเชีย (ไม่ใช่กล่องเดิมของเครื่อง) | *ไม่มีอะแดปเตอร์-หัวชาร์จ และสายชาร์จแถมให้ค่ะ | *ไม่มีติดฟิล์ม ไม่มีเคสแถมให้,รับประกันสินค้า 1 เดือน,https://compasia.co.th/collections/all-smartphones/products/iphone-15-pro-max
4,iPhone 15 Pro Max,Natural Titanium,1TB,ดีเยี่ยม,28700,46500,สินค้าจะบรรจุในกล่องของคอมพ์เอเชีย (ไม่ใช่กล่องเดิมของเครื่อง) | *ไม่มีอะแดปเตอร์-หัวชาร์จ และสายชาร์จแถมให้ค่ะ | *ไม่มีติดฟิล์ม ไม่มีเคสแถมให้,รับประกันสินค้า 1 เดือน,https://compasia.co.th/collections/all-smartphones/products/iphone-15-pro-max
4,iPhone 15 Pro Max,Natural Titanium,1TB,ดี,28200,46500,สินค้าจะบรรจุในกล่องของคอมพ์เอเชีย (ไม่ใช่กล่องเดิมของเครื่อง) | *ไม่มีอะแดปเตอร์-หัวชาร์จ และสายชาร์จแถมให้ค่ะ | *ไม่มีติดฟิล์ม ไม่มีเคสแถมให้,รับประกันสินค้า 1 เดือน,https://compasia.co.th/collections/all-smartphones/products/iphone-15-pro-max
4,iPhone 15 Pro Max,Natural Titanium,1TB,พอใช้,27700,46500,สินค้าจะบรรจุในกล่องของคอมพ์เอเชีย (ไม่ใช่กล่องเดิมของเครื่อง) | *ไม่มีอะแดปเตอร์-หัวชาร์จ และสายชาร์จแถมให้ค่ะ | *ไม่มีติดฟิล์ม ไม่มีเคสแถมให้,รับประกันสินค้า 1 เดือน,https://compasia.co.th/collections/all-smartphones/products/iphone-15-pro-max
5,iPhone 16 pro,Black Titanium,128GB,ดีเยี่ยม,26300,-,สินค้าจะบรรจุในกล่องของคอมพ์เอเชีย (ไม่ใช่กล่องเดิมของเครื่อง) | *ไม่มีอะแดปเตอร์-หัวชาร์จ และสายชาร์จแถมให้ค่ะ,รับประกันสินค้า 1 เดือน,https://compasia.co.th/collections/all-smartphones/products/payday❤️‍🔥-iphone-16-pro
5,iPhone 16 pro,Black Titanium,128GB,ดี,25800,-,สินค้าจะบรรจุในกล่องของคอมพ์เอเชีย (ไม่ใช่กล่องเดิมของเครื่อง) | *ไม่มีอะแดปเตอร์-หัวชาร์จ และสายชาร์จแถมให้ค่ะ,รับประกันสินค้า 1 เดือน,https://compasia.co.th/collections/all-smartphones/products/payday❤️‍🔥-iphone-16-pro
5,iPhone 16 pro,Black Titanium,128GB,พอใช้,25300,-,สินค้าจะบรรจุในกล่องของคอมพ์เอเชีย (ไม่ใช่กล่องเดิมของเครื่อง) | *ไม่มีอะแดปเตอร์-หัวชาร์จ และสายชาร์จแถมให้ค่ะ,รับประกันสินค้า 1 เดือน,https://compasia.co.th/collections/all-smartphones/products/payday❤️‍🔥-iphone-16-pro
5,iPhone 16 pro,Black Titanium,256GB,ดีเยี่ยม,27900,-,สินค้าจะบรรจุในกล่องของคอมพ์เอเชีย (ไม่ใช่กล่องเดิมของเครื่อง) | *ไม่มีอะแดปเตอร์-หัวชาร์จ และสายชาร์จแถมให้ค่ะ,รับประกันสินค้า 1 เดือน,https://compasia.co.th/collections/all-smartphones/products/payday❤️‍🔥-iphone-16-pro
5,iPhone 16 pro,Black Titanium,256GB,ดี,27400,-,สินค้าจะบรรจุในกล่องของคอมพ์เอเชีย (ไม่ใช่กล่องเดิมของเครื่อง) | *ไม่มีอะแดปเตอร์-หัวชาร์จ และสายชาร์จแถมให้ค่ะ,รับประกันสินค้า 1 เดือน,https://compasia.co.th/collections/all-smartphones/products/payday❤️‍🔥-iphone-16-pro
5,iPhone 16 pro,Black Titanium,256GB,พอใช้,26900,-,สินค้าจะบรรจุในกล่องของคอมพ์เอเชีย (ไม่ใช่กล่องเดิมของเครื่อง) | *ไม่มีอะแดปเตอร์-หัวชาร์จ และสายชาร์จแถมให้ค่ะ,รับประกันสินค้า 1 เดือน,https://compasia.co.th/collections/all-smartphones/products/payday❤️‍🔥-iphone-16-pro
5,iPhone 16 pro,Black Titanium,512GB,ดีเยี่ยม,28900,-,สินค้าจะบรรจุในกล่องของคอมพ์เอเชีย (ไม่ใช่กล่องเดิมของเครื่อง) | *ไม่มีอะแดปเตอร์-หัวชาร์จ และสายชาร์จแถมให้ค่ะ,รับประกันสินค้า 1 เดือน,https://compasia.co.th/collections/all-smartphones/products/payday❤️‍🔥-iphone-16-pro
5,iPhone 16 pro,Black Titanium,512GB,ดี,28400,-,สินค้าจะบรรจุในกล่องของคอมพ์เอเชีย (ไม่ใช่กล่องเดิมของเครื่อง) | *ไม่มีอะแดปเตอร์-หัวชาร์จ และสายชาร์จแถมให้ค่ะ,รับประกันสินค้า 1 เดือน,https://compasia.co.th/collections/all-smartphones/products/payday❤️‍🔥-iphone-16-pro
5,iPhone 16 pro,Black Titanium,512GB,พอใช้,27900,-,สินค้าจะบรรจุในกล่องของคอมพ์เอเชีย (ไม่ใช่กล่องเดิมของเครื่อง) | *ไม่มีอะแดปเตอร์-หัวชาร์จ และสายชาร์จแถมให้ค่ะ,รับประกันสินค้า 1 เดือน,https://compasia.co.th/collections/all-smartphones/products/payday❤️‍🔥-iphone-16-pro
5,iPhone 16 pro,Black Titanium,1TB,ดีเยี่ยม,29900,-,สินค้าจะบรรจุในกล่องของคอมพ์เอเชีย (ไม่ใช่กล่องเดิมของเครื่อง) | *ไม่มีอะแดปเตอร์-หัวชาร์จ และสายชาร์จแถมให้ค่ะ,รับประกันสินค้า 1 เดือน,https://compasia.co.th/collections/all-smartphones/products/payday❤️‍🔥-iphone-16-pro
5,iPhone 16 pro,Black Titanium,1TB,ดี,29400,-,สินค้าจะบรรจุในกล่องของคอมพ์เอเชีย (ไม่ใช่กล่องเดิมของเครื่อง) | *ไม่มีอะแดปเตอร์-หัวชาร์จ และสายชาร์จแถมให้ค่ะ,รับประกันสินค้า 1 เดือน,https://compasia.co.th/collections/all-smartphones/products/payday❤️‍🔥-iphone-16-pro
5,iPhone 16 pro,Black Titanium,1TB,พอใช้,28900,-,สินค้าจะบรรจุในกล่องของคอมพ์เอเชีย (ไม่ใช่กล่องเดิมของเครื่อง) | *ไม่มีอะแดปเตอร์-หัวชาร์จ และสายชาร์จแถมให้ค่ะ,รับประกันสินค้า 1 เดือน,https://compasia.co.th/collections/all-smartphones/products/payday❤️‍🔥-iphone-16-pro
5,iPhone 16 pro,Desert Titanium,128GB,ดีเยี่ยม,26300,-,สินค้าจะบรรจุในกล่องของคอมพ์เอเชีย (ไม่ใช่กล่องเดิมของเครื่อง) | *ไม่มีอะแดปเตอร์-หัวชาร์จ และสายชาร์จแถมให้ค่ะ,รับประกันสินค้า 1 เดือน,https://compasia.co.th/collections/all-smartphones/products/payday❤️‍🔥-iphone-16-pro
5,iPhone 16 pro,Desert Titanium,128GB,ดี,25800,-,สินค้าจะบรรจุในกล่องของคอมพ์เอเชีย (ไม่ใช่กล่องเดิมของเครื่อง) | *ไม่มีอะแดปเตอร์-หัวชาร์จ และสายชาร์จแถมให้ค่ะ,รับประกันสินค้า 1 เดือน,https://compasia.co.th/collections/all-smartphones/products/payday❤️‍🔥-iphone-16-pro
5,iPhone 16 pro,Desert Titanium,128GB,พอใช้,25300,-,สินค้าจะบรรจุในกล่องของคอมพ์เอเชีย (ไม่ใช่กล่องเดิมของเครื่อง) | *ไม่มีอะแดปเตอร์-หัวชาร์จ และสายชาร์จแถมให้ค่ะ,รับประกันสินค้า 1 เดือน,https://compasia.co.th/collections/all-smartphones/products/payday❤️‍🔥-iphone-16-pro
5,iPhone 16 pro,Desert Titanium,256GB,ดีเยี่ยม,27900,-,สินค้าจะบรรจุในกล่องของคอมพ์เอเชีย (ไม่ใช่กล่องเดิมของเครื่อง) | *ไม่มีอะแดปเตอร์-หัวชาร์จ และสายชาร์จแถมให้ค่ะ,รับประกันสินค้า 1 เดือน,https://compasia.co.th/collections/all-smartphones/products/payday❤️‍🔥-iphone-16-pro
5,iPhone 16 pro,Desert Titanium,256GB,ดี,27400,-,สินค้าจะบรรจุในกล่องของคอมพ์เอเชีย (ไม่ใช่กล่องเดิมของเครื่อง) | *ไม่มีอะแดปเตอร์-หัวชาร์จ และสายชาร์จแถมให้ค่ะ,รับประกันสินค้า 1 เดือน,https://compasia.co.th/collections/all-smartphones/products/payday❤️‍🔥-iphone-16-pro
5,iPhone 16 pro,Desert Titanium,256GB,พอใช้,26900,-,สินค้าจะบรรจุในกล่องของคอมพ์เอเชีย (ไม่ใช่กล่องเดิมของเครื่อง) | *ไม่มีอะแดปเตอร์-หัวชาร์จ และสายชาร์จแถมให้ค่ะ,รับประกันสินค้า 1 เดือน,https://compasia.co.th/collections/all-smartphones/products/payday❤️‍🔥-iphone-16-pro
5,iPhone 16 pro,Desert Titanium,512GB,ดีเยี่ยม,28900,-,สินค้าจะบรรจุในกล่องของคอมพ์เอเชีย (ไม่ใช่กล่องเดิมของเครื่อง) | *ไม่มีอะแดปเตอร์-หัวชาร์จ และสายชาร์จแถมให้ค่ะ,รับประกันสินค้า 1 เดือน,https://compasia.co.th/collections/all-smartphones/products/payday❤️‍🔥-iphone-16-pro
5,iPhone 16 pro,Desert Titanium,512GB,ดี,28400,-,สินค้าจะบรรจุในกล่องของคอมพ์เอเชีย (ไม่ใช่กล่องเดิมของเครื่อง) | *ไม่มีอะแดปเตอร์-หัวชาร์จ และสายชาร์จแถมให้ค่ะ,รับประกันสินค้า 1 เดือน,https://compasia.co.th/collections/all-smartphones/products/payday❤️‍🔥-iphone-16-pro
5,iPhone 16 pro,Desert Titanium,512GB,พอใช้,27900,-,สินค้าจะบรรจุในกล่องของคอมพ์เอเชีย (ไม่ใช่กล่องเดิมของเครื่อง) | *ไม่มีอะแดปเตอร์-หัวชาร์จ และสายชาร์จแถมให้ค่ะ,รับประกันสินค้า 1 เดือน,https://compasia.co.th/collections/all-smartphones/products/payday❤️‍🔥-iphone-16-pro
5,iPhone 16 pro,Desert Titanium,1TB,ดีเยี่ยม,29900,-,สินค้าจะบรรจุในกล่องของคอมพ์เอเชีย (ไม่ใช่กล่องเดิมของเครื่อง) | *ไม่มีอะแดปเตอร์-หัวชาร์จ และสายชาร์จแถมให้ค่ะ,รับประกันสินค้า 1 เดือน,https://compasia.co.th/collections/all-smartphones/products/payday❤️‍🔥-iphone-16-pro
5,iPhone 16 pro,Desert Titanium,1TB,ดี,29400,-,สินค้าจะบรรจุในกล่องของคอมพ์เอเชีย (ไม่ใช่กล่องเดิมของเครื่อง) | *ไม่มีอะแดปเตอร์-หัวชาร์จ และสายชาร์จแถมให้ค่ะ,รับประกันสินค้า 1 เดือน,https://compasia.co.th/collections/all-smartphones/products/payday❤️‍🔥-iphone-16-pro
5,iPhone 16 pro,Desert Titanium,1TB,พอใช้,28900,-,สินค้าจะบรรจุในกล่องของคอมพ์เอเชีย (ไม่ใช่กล่องเดิมของเครื่อง) | *ไม่มีอะแดปเตอร์-หัวชาร์จ และสายชาร์จแถมให้ค่ะ,รับประกันสินค้า 1 เดือน,https://compasia.co.th/collections/all-smartphones/products/payday❤️‍🔥-iphone-16-pro
5,iPhone 16 pro,White Titanium,128GB,ดีเยี่ยม,26300,-,สินค้าจะบรรจุในกล่องของคอมพ์เอเชีย (ไม่ใช่กล่องเดิมของเครื่อง) | *ไม่มีอะแดปเตอร์-หัวชาร์จ และสายชาร์จแถมให้ค่ะ,รับประกันสินค้า 1 เดือน,https://compasia.co.th/collections/all-smartphones/products/payday❤️‍🔥-iphone-16-pro
5,iPhone 16 pro,White Titanium,128GB,ดี,25800,-,สินค้าจะบรรจุในกล่องของคอมพ์เอเชีย (ไม่ใช่กล่องเดิมของเครื่อง) | *ไม่มีอะแดปเตอร์-หัวชาร์จ และสายชาร์จแถมให้ค่ะ,รับประกันสินค้า 1 เดือน,https://compasia.co.th/collections/all-smartphones/products/payday❤️‍🔥-iphone-16-pro
5,iPhone 16 pro,White Titanium,128GB,พอใช้,25300,-,สินค้าจะบรรจุในกล่องของคอมพ์เอเชีย (ไม่ใช่กล่องเดิมของเครื่อง) | *ไม่มีอะแดปเตอร์-หัวชาร์จ และสายชาร์จแถมให้ค่ะ,รับประกันสินค้า 1 เดือน,https://compasia.co.th/collections/all-smartphones/products/payday❤️‍🔥-iphone-16-pro
5,iPhone 16 pro,White Titanium,256GB,ดีเยี่ยม,27900,-,สินค้าจะบรรจุในกล่องของคอมพ์เอเชีย (ไม่ใช่กล่องเดิมของเครื่อง) | *ไม่มีอะแดปเตอร์-หัวชาร์จ และสายชาร์จแถมให้ค่ะ,รับประกันสินค้า 1 เดือน,https://compasia.co.th/collections/all-smartphones/products/payday❤️‍🔥-iphone-16-pro
5,iPhone 16 pro,White Titanium,256GB,ดี,27400,-,สินค้าจะบรรจุในกล่องของคอมพ์เอเชีย (ไม่ใช่กล่องเดิมของเครื่อง) | *ไม่มีอะแดปเตอร์-หัวชาร์จ และสายชาร์จแถมให้ค่ะ,รับประกันสินค้า 1 เดือน,https://compasia.co.th/collections/all-smartphones/products/payday❤️‍🔥-iphone-16-pro
5,iPhone 16 pro,White Titanium,256GB,พอใช้,26900,-,สินค้าจะบรรจุในกล่องของคอมพ์เอเชีย (ไม่ใช่กล่องเดิมของเครื่อง) | *ไม่มีอะแดปเตอร์-หัวชาร์จ และสายชาร์จแถมให้ค่ะ,รับประกันสินค้า 1 เดือน,https://compasia.co.th/collections/all-smartphones/products/payday❤️‍🔥-iphone-16-pro
5,iPhone 16 pro,White Titanium,512GB,ดีเยี่ยม,28900,-,สินค้าจะบรรจุในกล่องของคอมพ์เอเชีย (ไม่ใช่กล่องเดิมของเครื่อง) | *ไม่มีอะแดปเตอร์-หัวชาร์จ และสายชาร์จแถมให้ค่ะ,รับประกันสินค้า 1 เดือน,https://compasia.co.th/collections/all-smartphones/products/payday❤️‍🔥-iphone-16-pro
5,iPhone 16 pro,White Titanium,512GB,ดี,28400,-,สินค้าจะบรรจุในกล่องของคอมพ์เอเชีย (ไม่ใช่กล่องเดิมของเครื่อง) | *ไม่มีอะแดปเตอร์-หัวชาร์จ และสายชาร์จแถมให้ค่ะ,รับประกันสินค้า 1 เดือน,https://compasia.co.th/collections/all-smartphones/products/payday❤️‍🔥-iphone-16-pro
5,iPhone 16 pro,White Titanium,512GB,พอใช้,27900,-,สินค้าจะบรรจุในกล่องของคอมพ์เอเชีย (ไม่ใช่กล่องเดิมของเครื่อง) | *ไม่มีอะแดปเตอร์-หัวชาร์จ และสายชาร์จแถมให้ค่ะ,รับประกันสินค้า 1 เดือน,https://compasia.co.th/collections/all-smartphones/products/payday❤️‍🔥-iphone-16-pro
5,iPhone 16 pro,White Titanium,1TB,ดีเยี่ยม,29900,-,สินค้าจะบรรจุในกล่องของคอมพ์เอเชีย (ไม่ใช่กล่องเดิมของเครื่อง) | *ไม่มีอะแดปเตอร์-หัวชาร์จ และสายชาร์จแถมให้ค่ะ,รับประกันสินค้า 1 เดือน,https://compasia.co.th/collections/all-smartphones/products/payday❤️‍🔥-iphone-16-pro
5,iPhone 16 pro,White Titanium,1TB,ดี,29400,-,สินค้าจะบรรจุในกล่องของคอมพ์เอเชีย (ไม่ใช่กล่องเดิมของเครื่อง) | *ไม่มีอะแดปเตอร์-หัวชาร์จ และสายชาร์จแถมให้ค่ะ,รับประกันสินค้า 1 เดือน,https://compasia.co.th/collections/all-smartphones/products/payday❤️‍🔥-iphone-16-pro
5,iPhone 16 pro,White Titanium,1TB,พอใช้,28900,-,สินค้าจะบรรจุในกล่องของคอมพ์เอเชีย (ไม่ใช่กล่องเดิมของเครื่อง) | *ไม่มีอะแดปเตอร์-หัวชาร์จ และสายชาร์จแถมให้ค่ะ,รับประกันสินค้า 1 เดือน,https://compasia.co.th/collections/all-smartphones/products/payday❤️‍🔥-iphone-16-pro
5,iPhone 16 pro,Natural Titanium,128GB,ดีเยี่ยม,26300,-,สินค้าจะบรรจุในกล่องของคอมพ์เอเชีย (ไม่ใช่กล่องเดิมของเครื่อง) | *ไม่มีอะแดปเตอร์-หัวชาร์จ และสายชาร์จแถมให้ค่ะ,รับประกันสินค้า 1 เดือน,https://compasia.co.th/collections/all-smartphones/products/payday❤️‍🔥-iphone-16-pro
5,iPhone 16 pro,Natural Titanium,128GB,ดี,25800,-,สินค้าจะบรรจุในกล่องของคอมพ์เอเชีย (ไม่ใช่กล่องเดิมของเครื่อง) | *ไม่มีอะแดปเตอร์-หัวชาร์จ และสายชาร์จแถมให้ค่ะ,รับประกันสินค้า 1 เดือน,https://compasia.co.th/collections/all-smartphones/products/payday❤️‍🔥-iphone-16-pro
5,iPhone 16 pro,Natural Titanium,128GB,พอใช้,25300,-,สินค้าจะบรรจุในกล่องของคอมพ์เอเชีย (ไม่ใช่กล่องเดิมของเครื่อง) | *ไม่มีอะแดปเตอร์-หัวชาร์จ และสายชาร์จแถมให้ค่ะ,รับประกันสินค้า 1 เดือน,https://compasia.co.th/collections/all-smartphones/products/payday❤️‍🔥-iphone-16-pro
5,iPhone 16 pro,Natural Titanium,256GB,ดีเยี่ยม,27900,-,สินค้าจะบรรจุในกล่องของคอมพ์เอเชีย (ไม่ใช่กล่องเดิมของเครื่อง) | *ไม่มีอะแดปเตอร์-หัวชาร์จ และสายชาร์จแถมให้ค่ะ,รับประกันสินค้า 1 เดือน,https://compasia.co.th/collections/all-smartphones/products/payday❤️‍🔥-iphone-16-pro
5,iPhone 16 pro,Natural Titanium,256GB,ดี,27400,-,สินค้าจะบรรจุในกล่องของคอมพ์เอเชีย (ไม่ใช่กล่องเดิมของเครื่อง) | *ไม่มีอะแดปเตอร์-หัวชาร์จ และสายชาร์จแถมให้ค่ะ,รับประกันสินค้า 1 เดือน,https://compasia.co.th/collections/all-smartphones/products/payday❤️‍🔥-iphone-16-pro
5,iPhone 16 pro,Natural Titanium,256GB,พอใช้,26900,-,สินค้าจะบรรจุในกล่องของคอมพ์เอเชีย (ไม่ใช่กล่องเดิมของเครื่อง) | *ไม่มีอะแดปเตอร์-หัวชาร์จ และสายชาร์จแถมให้ค่ะ,รับประกันสินค้า 1 เดือน,https://compasia.co.th/collections/all-smartphones/products/payday❤️‍🔥-iphone-16-pro
5,iPhone 16 pro,Natural Titanium,512GB,ดีเยี่ยม,28900,-,สินค้าจะบรรจุในกล่องของคอมพ์เอเชีย (ไม่ใช่กล่องเดิมของเครื่อง) | *ไม่มีอะแดปเตอร์-หัวชาร์จ และสายชาร์จแถมให้ค่ะ,รับประกันสินค้า 1 เดือน,https://compasia.co.th/collections/all-smartphones/products/payday❤️‍🔥-iphone-16-pro
5,iPhone 16 pro,Natural Titanium,512GB,ดี,28400,-,สินค้าจะบรรจุในกล่องของคอมพ์เอเชีย (ไม่ใช่กล่องเดิมของเครื่อง) | *ไม่มีอะแดปเตอร์-หัวชาร์จ และสายชาร์จแถมให้ค่ะ,รับประกันสินค้า 1 เดือน,https://compasia.co.th/collections/all-smartphones/products/payday❤️‍🔥-iphone-16-pro
5,iPhone 16 pro,Natural Titanium,512GB,พอใช้,27900,-,สินค้าจะบรรจุในกล่องของคอมพ์เอเชีย (ไม่ใช่กล่องเดิมของเครื่อง) | *ไม่มีอะแดปเตอร์-หัวชาร์จ และสายชาร์จแถมให้ค่ะ,รับประกันสินค้า 1 เดือน,https://compasia.co.th/collections/all-smartphones/products/payday❤️‍🔥-iphone-16-pro
5,iPhone 16 pro,Natural Titanium,1TB,ดีเยี่ยม,29900,-,สินค้าจะบรรจุในกล่องของคอมพ์เอเชีย (ไม่ใช่กล่องเดิมของเครื่อง) | *ไม่มีอะแดปเตอร์-หัวชาร์จ และสายชาร์จแถมให้ค่ะ,รับประกันสินค้า 1 เดือน,https://compasia.co.th/collections/all-smartphones/products/payday❤️‍🔥-iphone-16-pro
5,iPhone 16 pro,Natural Titanium,1TB,ดี,29400,-,สินค้าจะบรรจุในกล่องของคอมพ์เอเชีย (ไม่ใช่กล่องเดิมของเครื่อง) | *ไม่มีอะแดปเตอร์-หัวชาร์จ และสายชาร์จแถมให้ค่ะ,รับประกันสินค้า 1 เดือน,https://compasia.co.th/collections/all-smartphones/products/payday❤️‍🔥-iphone-16-pro
5,iPhone 16 pro,Natural Titanium,1TB,พอใช้,28900,-,สินค้าจะบรรจุในกล่องของคอมพ์เอเชีย (ไม่ใช่กล่องเดิมของเครื่อง) | *ไม่มีอะแดปเตอร์-หัวชาร์จ และสายชาร์จแถมให้ค่ะ,รับประกันสินค้า 1 เดือน,https://compasia.co.th/collections/all-smartphones/products/payday❤️‍🔥-iphone-16-pro
6,iPhone 12,Black,64GB,ดีเยี่ยม,8000,30784,สินค้าจะบรรจุในกล่องของคอมพ์เอเชีย (ไม่ใช่กล่องเดิมของเครื่อง) | *ไม่มีอะแดปเตอร์-หัวชาร์จ และสายชาร์จแถมให้ค่ะ | *ไม่มีติดฟิล์ม ไม่มีเคสแถมให้,รับประกันสินค้า 1 เดือน,https://compasia.co.th/collections/all-smartphones/products/iphone-12
6,iPhone 12,Black,64GB,ดี,7500,-,สินค้าจะบรรจุในกล่องของคอมพ์เอเชีย (ไม่ใช่กล่องเดิมของเครื่อง) | *ไม่มีอะแดปเตอร์-หัวชาร์จ และสายชาร์จแถมให้ค่ะ | *ไม่มีติดฟิล์ม ไม่มีเคสแถมให้,รับประกันสินค้า 1 เดือน,https://compasia.co.th/collections/all-smartphones/products/iphone-12
6,iPhone 12,Black,64GB,พอใช้,7000,-,สินค้าจะบรรจุในกล่องของคอมพ์เอเชีย (ไม่ใช่กล่องเดิมของเครื่อง) | *ไม่มีอะแดปเตอร์-หัวชาร์จ และสายชาร์จแถมให้ค่ะ | *ไม่มีติดฟิล์ม ไม่มีเคสแถมให้,รับประกันสินค้า 1 เดือน,https://compasia.co.th/collections/all-smartphones/products/iphone-12
6,iPhone 12,Black,128GB,ดีเยี่ยม,9000,-,สินค้าจะบรรจุในกล่องของคอมพ์เอเชีย (ไม่ใช่กล่องเดิมของเครื่อง) | *ไม่มีอะแดปเตอร์-หัวชาร์จ และสายชาร์จแถมให้ค่ะ | *ไม่มีติดฟิล์ม ไม่มีเคสแถมให้,รับประกันสินค้า 1 เดือน,https://compasia.co.th/collections/all-smartphones/products/iphone-12
6,iPhone 12,Black,128GB,ดี,8500,-,สินค้าจะบรรจุในกล่องของคอมพ์เอเชีย (ไม่ใช่กล่องเดิมของเครื่อง) | *ไม่มีอะแดปเตอร์-หัวชาร์จ และสายชาร์จแถมให้ค่ะ | *ไม่มีติดฟิล์ม ไม่มีเคสแถมให้,รับประกันสินค้า 1 เดือน,https://compasia.co.th/collections/all-smartphones/products/iphone-12
6,iPhone 12,Black,128GB,พอใช้,8000,-,สินค้าจะบรรจุในกล่องของคอมพ์เอเชีย (ไม่ใช่กล่องเดิมของเครื่อง) | *ไม่มีอะแดปเตอร์-หัวชาร์จ และสายชาร์จแถมให้ค่ะ | *ไม่มีติดฟิล์ม ไม่มีเคสแถมให้,รับประกันสินค้า 1 เดือน,https://compasia.co.th/collections/all-smartphones/products/iphone-12
6,iPhone 12,Black,256GB,ดีเยี่ยม,10000,30784,สินค้าจะบรรจุในกล่องของคอมพ์เอเชีย (ไม่ใช่กล่องเดิมของเครื่อง) | *ไม่มีอะแดปเตอร์-หัวชาร์จ และสายชาร์จแถมให้ค่ะ | *ไม่มีติดฟิล์ม ไม่มีเคสแถมให้,รับประกันสินค้า 1 เดือน,https://compasia.co.th/collections/all-smartphones/products/iphone-12
6,iPhone 12,Black,256GB,ดี,9500,30784,สินค้าจะบรรจุในกล่องของคอมพ์เอเชีย (ไม่ใช่กล่องเดิมของเครื่อง) | *ไม่มีอะแดปเตอร์-หัวชาร์จ และสายชาร์จแถมให้ค่ะ | *ไม่มีติดฟิล์ม ไม่มีเคสแถมให้,รับประกันสินค้า 1 เดือน,https://compasia.co.th/collections/all-smartphones/products/iphone-12
6,iPhone 12,Black,256GB,พอใช้,9000,30784,สินค้าจะบรรจุในกล่องของคอมพ์เอเชีย (ไม่ใช่กล่องเดิมของเครื่อง) | *ไม่มีอะแดปเตอร์-หัวชาร์จ และสายชาร์จแถมให้ค่ะ | *ไม่มีติดฟิล์ม ไม่มีเคสแถมให้,รับประกันสินค้า 1 เดือน,https://compasia.co.th/collections/all-smartphones/products/iphone-12
6,iPhone 12,Purple,64GB,ดีเยี่ยม,8000,30784,สินค้าจะบรรจุในกล่องของคอมพ์เอเชีย (ไม่ใช่กล่องเดิมของเครื่อง) | *ไม่มีอะแดปเตอร์-หัวชาร์จ และสายชาร์จแถมให้ค่ะ | *ไม่มีติดฟิล์ม ไม่มีเคสแถมให้,รับประกันสินค้า 1 เดือน,https://compasia.co.th/collections/all-smartphones/products/iphone-12
6,iPhone 12,Purple,64GB,ดี,7500,30784,สินค้าจะบรรจุในกล่องของคอมพ์เอเชีย (ไม่ใช่กล่องเดิมของเครื่อง) | *ไม่มีอะแดปเตอร์-หัวชาร์จ และสายชาร์จแถมให้ค่ะ | *ไม่มีติดฟิล์ม ไม่มีเคสแถมให้,รับประกันสินค้า 1 เดือน,https://compasia.co.th/collections/all-smartphones/products/iphone-12
6,iPhone 12,Purple,64GB,พอใช้,7000,30784,สินค้าจะบรรจุในกล่องของคอมพ์เอเชีย (ไม่ใช่กล่องเดิมของเครื่อง) | *ไม่มีอะแดปเตอร์-หัวชาร์จ และสายชาร์จแถมให้ค่ะ | *ไม่มีติดฟิล์ม ไม่มีเคสแถมให้,รับประกันสินค้า 1 เดือน,https://compasia.co.th/collections/all-smartphones/products/iphone-12
6,iPhone 12,Purple,128GB,ดีเยี่ยม,9000,30784,สินค้าจะบรรจุในกล่องของคอมพ์เอเชีย (ไม่ใช่กล่องเดิมของเครื่อง) | *ไม่มีอะแดปเตอร์-หัวชาร์จ และสายชาร์จแถมให้ค่ะ | *ไม่มีติดฟิล์ม ไม่มีเคสแถมให้,รับประกันสินค้า 1 เดือน,https://compasia.co.th/collections/all-smartphones/products/iphone-12
6,iPhone 12,Purple,128GB,ดี,8500,30784,สินค้าจะบรรจุในกล่องของคอมพ์เอเชีย (ไม่ใช่กล่องเดิมของเครื่อง) | *ไม่มีอะแดปเตอร์-หัวชาร์จ และสายชาร์จแถมให้ค่ะ | *ไม่มีติดฟิล์ม ไม่มีเคสแถมให้,รับประกันสินค้า 1 เดือน,https://compasia.co.th/collections/all-smartphones/products/iphone-12
6,iPhone 12,Purple,128GB,พอใช้,8000,30784,สินค้าจะบรรจุในกล่องของคอมพ์เอเชีย (ไม่ใช่กล่องเดิมของเครื่อง) | *ไม่มีอะแดปเตอร์-หัวชาร์จ และสายชาร์จแถมให้ค่ะ | *ไม่มีติดฟิล์ม ไม่มีเคสแถมให้,รับประกันสินค้า 1 เดือน,https://compasia.co.th/collections/all-smartphones/products/iphone-12
6,iPhone 12,Purple,256GB,ดีเยี่ยม,10000,30784,สินค้าจะบรรจุในกล่องของคอมพ์เอเชีย (ไม่ใช่กล่องเดิมของเครื่อง) | *ไม่มีอะแดปเตอร์-หัวชาร์จ และสายชาร์จแถมให้ค่ะ | *ไม่มีติดฟิล์ม ไม่มีเคสแถมให้,รับประกันสินค้า 1 เดือน,https://compasia.co.th/collections/all-smartphones/products/iphone-12
6,iPhone 12,Purple,256GB,ดี,9500,30784,สินค้าจะบรรจุในกล่องของคอมพ์เอเชีย (ไม่ใช่กล่องเดิมของเครื่อง) | *ไม่มีอะแดปเตอร์-หัวชาร์จ และสายชาร์จแถมให้ค่ะ | *ไม่มีติดฟิล์ม ไม่มีเคสแถมให้,รับประกันสินค้า 1 เดือน,https://compasia.co.th/collections/all-smartphones/products/iphone-12
6,iPhone 12,Purple,256GB,พอใช้,9000,30784,สินค้าจะบรรจุในกล่องของคอมพ์เอเชีย (ไม่ใช่กล่องเดิมของเครื่อง) | *ไม่มีอะแดปเตอร์-หัวชาร์จ และสายชาร์จแถมให้ค่ะ | *ไม่มีติดฟิล์ม ไม่มีเคสแถมให้,รับประกันสินค้า 1 เดือน,https://compasia.co.th/collections/all-smartphones/products/iphone-12
6,iPhone 12,Green,64GB,ดีเยี่ยม,8000,30784,สินค้าจะบรรจุในกล่องของคอมพ์เอเชีย (ไม่ใช่กล่องเดิมของเครื่อง) | *ไม่มีอะแดปเตอร์-หัวชาร์จ และสายชาร์จแถมให้ค่ะ | *ไม่มีติดฟิล์ม ไม่มีเคสแถมให้,รับประกันสินค้า 1 เดือน,https://compasia.co.th/collections/all-smartphones/products/iphone-12
6,iPhone 12,Green,64GB,ดี,7500,30784,สินค้าจะบรรจุในกล่องของคอมพ์เอเชีย (ไม่ใช่กล่องเดิมของเครื่อง) | *ไม่มีอะแดปเตอร์-หัวชาร์จ และสายชาร์จแถมให้ค่ะ | *ไม่มีติดฟิล์ม ไม่มีเคสแถมให้,รับประกันสินค้า 1 เดือน,https://compasia.co.th/collections/all-smartphones/products/iphone-12
6,iPhone 12,Green,64GB,พอใช้,7000,30784,สินค้าจะบรรจุในกล่องของคอมพ์เอเชีย (ไม่ใช่กล่องเดิมของเครื่อง) | *ไม่มีอะแดปเตอร์-หัวชาร์จ และสายชาร์จแถมให้ค่ะ | *ไม่มีติดฟิล์ม ไม่มีเคสแถมให้,รับประกันสินค้า 1 เดือน,https://compasia.co.th/collections/all-smartphones/products/iphone-12
6,iPhone 12,Green,128GB,ดีเยี่ยม,9000,30784,สินค้าจะบรรจุในกล่องของคอมพ์เอเชีย (ไม่ใช่กล่องเดิมของเครื่อง) | *ไม่มีอะแดปเตอร์-หัวชาร์จ และสายชาร์จแถมให้ค่ะ | *ไม่มีติดฟิล์ม ไม่มีเคสแถมให้,รับประกันสินค้า 1 เดือน,https://compasia.co.th/collections/all-smartphones/products/iphone-12
6,iPhone 12,Green,128GB,ดี,8500,30784,สินค้าจะบรรจุในกล่องของคอมพ์เอเชีย (ไม่ใช่กล่องเดิมของเครื่อง) | *ไม่มีอะแดปเตอร์-หัวชาร์จ และสายชาร์จแถมให้ค่ะ | *ไม่มีติดฟิล์ม ไม่มีเคสแถมให้,รับประกันสินค้า 1 เดือน,https://compasia.co.th/collections/all-smartphones/products/iphone-12
6,iPhone 12,Green,128GB,พอใช้,8000,30784,สินค้าจะบรรจุในกล่องของคอมพ์เอเชีย (ไม่ใช่กล่องเดิมของเครื่อง) | *ไม่มีอะแดปเตอร์-หัวชาร์จ และสายชาร์จแถมให้ค่ะ | *ไม่มีติดฟิล์ม ไม่มีเคสแถมให้,รับประกันสินค้า 1 เดือน,https://compasia.co.th/collections/all-smartphones/products/iphone-12
6,iPhone 12,Green,256GB,ดีเยี่ยม,10000,30784,สินค้าจะบรรจุในกล่องของคอมพ์เอเชีย (ไม่ใช่กล่องเดิมของเครื่อง) | *ไม่มีอะแดปเตอร์-หัวชาร์จ และสายชาร์จแถมให้ค่ะ | *ไม่มีติดฟิล์ม ไม่มีเคสแถมให้,รับประกันสินค้า 1 เดือน,https://compasia.co.th/collections/all-smartphones/products/iphone-12
6,iPhone 12,Green,256GB,ดี,9500,30784,สินค้าจะบรรจุในกล่องของคอมพ์เอเชีย (ไม่ใช่กล่องเดิมของเครื่อง) | *ไม่มีอะแดปเตอร์-หัวชาร์จ และสายชาร์จแถมให้ค่ะ | *ไม่มีติดฟิล์ม ไม่มีเคสแถมให้,รับประกันสินค้า 1 เดือน,https://compasia.co.th/collections/all-smartphones/products/iphone-12
6,iPhone 12,Green,256GB,พอใช้,9000,30784,สินค้าจะบรรจุในกล่องของคอมพ์เอเชีย (ไม่ใช่กล่องเดิมของเครื่อง) | *ไม่มีอะแดปเตอร์-หัวชาร์จ และสายชาร์จแถมให้ค่ะ | *ไม่มีติดฟิล์ม ไม่มีเคสแถมให้,รับประกันสินค้า 1 เดือน,https://compasia.co.th/collections/all-smartphones/products/iphone-12
6,iPhone 12,Blue,64GB,ดีเยี่ยม,8000,30784,สินค้าจะบรรจุในกล่องของคอมพ์เอเชีย (ไม่ใช่กล่องเดิมของเครื่อง) | *ไม่มีอะแดปเตอร์-หัวชาร์จ และสายชาร์จแถมให้ค่ะ | *ไม่มีติดฟิล์ม ไม่มีเคสแถมให้,รับประกันสินค้า 1 เดือน,https://compasia.co.th/collections/all-smartphones/products/iphone-12
6,iPhone 12,Blue,64GB,ดี,7500,30784,สินค้าจะบรรจุในกล่องของคอมพ์เอเชีย (ไม่ใช่กล่องเดิมของเครื่อง) | *ไม่มีอะแดปเตอร์-หัวชาร์จ และสายชาร์จแถมให้ค่ะ | *ไม่มีติดฟิล์ม ไม่มีเคสแถมให้,รับประกันสินค้า 1 เดือน,https://compasia.co.th/collections/all-smartphones/products/iphone-12
6,iPhone 12,Blue,64GB,พอใช้,7000,30784,สินค้าจะบรรจุในกล่องของคอมพ์เอเชีย (ไม่ใช่กล่องเดิมของเครื่อง) | *ไม่มีอะแดปเตอร์-หัวชาร์จ และสายชาร์จแถมให้ค่ะ | *ไม่มีติดฟิล์ม ไม่มีเคสแถมให้,รับประกันสินค้า 1 เดือน,https://compasia.co.th/collections/all-smartphones/products/iphone-12
6,iPhone 12,Blue,128GB,ดีเยี่ยม,9000,30784,สินค้าจะบรรจุในกล่องของคอมพ์เอเชีย (ไม่ใช่กล่องเดิมของเครื่อง) | *ไม่มีอะแดปเตอร์-หัวชาร์จ และสายชาร์จแถมให้ค่ะ | *ไม่มีติดฟิล์ม ไม่มีเคสแถมให้,รับประกันสินค้า 1 เดือน,https://compasia.co.th/collections/all-smartphones/products/iphone-12
6,iPhone 12,Blue,128GB,ดี,8500,30784,สินค้าจะบรรจุในกล่องของคอมพ์เอเชีย (ไม่ใช่กล่องเดิมของเครื่อง) | *ไม่มีอะแดปเตอร์-หัวชาร์จ และสายชาร์จแถมให้ค่ะ | *ไม่มีติดฟิล์ม ไม่มีเคสแถมให้,รับประกันสินค้า 1 เดือน,https://compasia.co.th/collections/all-smartphones/products/iphone-12
6,iPhone 12,Blue,128GB,พอใช้,8000,30784,สินค้าจะบรรจุในกล่องของคอมพ์เอเชีย (ไม่ใช่กล่องเดิมของเครื่อง) | *ไม่มีอะแดปเตอร์-หัวชาร์จ และสายชาร์จแถมให้ค่ะ | *ไม่มีติดฟิล์ม ไม่มีเคสแถมให้,รับประกันสินค้า 1 เดือน,https://compasia.co.th/collections/all-smartphones/products/iphone-12
6,iPhone 12,Blue,256GB,ดีเยี่ยม,10000,30784,สินค้าจะบรรจุในกล่องของคอมพ์เอเชีย (ไม่ใช่กล่องเดิมของเครื่อง) | *ไม่มีอะแดปเตอร์-หัวชาร์จ และสายชาร์จแถมให้ค่ะ | *ไม่มีติดฟิล์ม ไม่มีเคสแถมให้,รับประกันสินค้า 1 เดือน,https://compasia.co.th/collections/all-smartphones/products/iphone-12
6,iPhone 12,Blue,256GB,ดี,9500,30784,สินค้าจะบรรจุในกล่องของคอมพ์เอเชีย (ไม่ใช่กล่องเดิมของเครื่อง) | *ไม่มีอะแดปเตอร์-หัวชาร์จ และสายชาร์จแถมให้ค่ะ | *ไม่มีติดฟิล์ม ไม่มีเคสแถมให้,รับประกันสินค้า 1 เดือน,https://compasia.co.th/collections/all-smartphones/products/iphone-12
6,iPhone 12,Blue,256GB,พอใช้,9000,30784,สินค้าจะบรรจุในกล่องของคอมพ์เอเชีย (ไม่ใช่กล่องเดิมของเครื่อง) | *ไม่มีอะแดปเตอร์-หัวชาร์จ และสายชาร์จแถมให้ค่ะ | *ไม่มีติดฟิล์ม ไม่มีเคสแถมให้,รับประกันสินค้า 1 เดือน,https://compasia.co.th/collections/all-smartphones/products/iphone-12
6,iPhone 12,White,64GB,ดีเยี่ยม,8000,30784,สินค้าจะบรรจุในกล่องของคอมพ์เอเชีย (ไม่ใช่กล่องเดิมของเครื่อง) | *ไม่มีอะแดปเตอร์-หัวชาร์จ และสายชาร์จแถมให้ค่ะ | *ไม่มีติดฟิล์ม ไม่มีเคสแถมให้,รับประกันสินค้า 1 เดือน,https://compasia.co.th/collections/all-smartphones/products/iphone-12
6,iPhone 12,White,64GB,ดี,7500,30784,สินค้าจะบรรจุในกล่องของคอมพ์เอเชีย (ไม่ใช่กล่องเดิมของเครื่อง) | *ไม่มีอะแดปเตอร์-หัวชาร์จ และสายชาร์จแถมให้ค่ะ | *ไม่มีติดฟิล์ม ไม่มีเคสแถมให้,รับประกันสินค้า 1 เดือน,https://compasia.co.th/collections/all-smartphones/products/iphone-12
6,iPhone 12,White,64GB,พอใช้,7000,30784,สินค้าจะบรรจุในกล่องของคอมพ์เอเชีย (ไม่ใช่กล่องเดิมของเครื่อง) | *ไม่มีอะแดปเตอร์-หัวชาร์จ และสายชาร์จแถมให้ค่ะ | *ไม่มีติดฟิล์ม ไม่มีเคสแถมให้,รับประกันสินค้า 1 เดือน,https://compasia.co.th/collections/all-smartphones/products/iphone-12
6,iPhone 12,White,128GB,ดีเยี่ยม,9000,30784,สินค้าจะบรรจุในกล่องของคอมพ์เอเชีย (ไม่ใช่กล่องเดิมของเครื่อง) | *ไม่มีอะแดปเตอร์-หัวชาร์จ และสายชาร์จแถมให้ค่ะ | *ไม่มีติดฟิล์ม ไม่มีเคสแถมให้,รับประกันสินค้า 1 เดือน,https://compasia.co.th/collections/all-smartphones/products/iphone-12
6,iPhone 12,White,128GB,ดี,8500,30784,สินค้าจะบรรจุในกล่องของคอมพ์เอเชีย (ไม่ใช่กล่องเดิมของเครื่อง) | *ไม่มีอะแดปเตอร์-หัวชาร์จ และสายชาร์จแถมให้ค่ะ | *ไม่มีติดฟิล์ม ไม่มีเคสแถมให้,รับประกันสินค้า 1 เดือน,https://compasia.co.th/collections/all-smartphones/products/iphone-12
6,iPhone 12,White,128GB,พอใช้,8000,30784,สินค้าจะบรรจุในกล่องของคอมพ์เอเชีย (ไม่ใช่กล่องเดิมของเครื่อง) | *ไม่มีอะแดปเตอร์-หัวชาร์จ และสายชาร์จแถมให้ค่ะ | *ไม่มีติดฟิล์ม ไม่มีเคสแถมให้,รับประกันสินค้า 1 เดือน,https://compasia.co.th/collections/all-smartphones/products/iphone-12
6,iPhone 12,White,256GB,ดีเยี่ยม,10000,30784,สินค้าจะบรรจุในกล่องของคอมพ์เอเชีย (ไม่ใช่กล่องเดิมของเครื่อง) | *ไม่มีอะแดปเตอร์-หัวชาร์จ และสายชาร์จแถมให้ค่ะ | *ไม่มีติดฟิล์ม ไม่มีเคสแถมให้,รับประกันสินค้า 1 เดือน,https://compasia.co.th/collections/all-smartphones/products/iphone-12
6,iPhone 12,White,256GB,ดี,9500,30784,สินค้าจะบรรจุในกล่องของคอมพ์เอเชีย (ไม่ใช่กล่องเดิมของเครื่อง) | *ไม่มีอะแดปเตอร์-หัวชาร์จ และสายชาร์จแถมให้ค่ะ | *ไม่มีติดฟิล์ม ไม่มีเคสแถมให้,รับประกันสินค้า 1 เดือน,https://compasia.co.th/collections/all-smartphones/products/iphone-12
6,iPhone 12,White,256GB,พอใช้,9000,30784,สินค้าจะบรรจุในกล่องของคอมพ์เอเชีย (ไม่ใช่กล่องเดิมของเครื่อง) | *ไม่มีอะแดปเตอร์-หัวชาร์จ และสายชาร์จแถมให้ค่ะ | *ไม่มีติดฟิล์ม ไม่มีเคสแถมให้,รับประกันสินค้า 1 เดือน,https://compasia.co.th/collections/all-smartphones/products/iphone-12
6,iPhone 12,Red,64GB,ดีเยี่ยม,8000,30784,สินค้าจะบรรจุในกล่องของคอมพ์เอเชีย (ไม่ใช่กล่องเดิมของเครื่อง) | *ไม่มีอะแดปเตอร์-หัวชาร์จ และสายชาร์จแถมให้ค่ะ | *ไม่มีติดฟิล์ม ไม่มีเคสแถมให้,รับประกันสินค้า 1 เดือน,https://compasia.co.th/collections/all-smartphones/products/iphone-12
6,iPhone 12,Red,64GB,ดี,7500,30784,สินค้าจะบรรจุในกล่องของคอมพ์เอเชีย (ไม่ใช่กล่องเดิมของเครื่อง) | *ไม่มีอะแดปเตอร์-หัวชาร์จ และสายชาร์จแถมให้ค่ะ | *ไม่มีติดฟิล์ม ไม่มีเคสแถมให้,รับประกันสินค้า 1 เดือน,https://compasia.co.th/collections/all-smartphones/products/iphone-12
6,iPhone 12,Red,64GB,พอใช้,7000,30784,สินค้าจะบรรจุในกล่องของคอมพ์เอเชีย (ไม่ใช่กล่องเดิมของเครื่อง) | *ไม่มีอะแดปเตอร์-หัวชาร์จ และสายชาร์จแถมให้ค่ะ | *ไม่มีติดฟิล์ม ไม่มีเคสแถมให้,รับประกันสินค้า 1 เดือน,https://compasia.co.th/collections/all-smartphones/products/iphone-12
6,iPhone 12,Red,128GB,ดีเยี่ยม,9000,30784,สินค้าจะบรรจุในกล่องของคอมพ์เอเชีย (ไม่ใช่กล่องเดิมของเครื่อง) | *ไม่มีอะแดปเตอร์-หัวชาร์จ และสายชาร์จแถมให้ค่ะ | *ไม่มีติดฟิล์ม ไม่มีเคสแถมให้,รับประกันสินค้า 1 เดือน,https://compasia.co.th/collections/all-smartphones/products/iphone-12
6,iPhone 12,Red,128GB,ดี,8500,30784,สินค้าจะบรรจุในกล่องของคอมพ์เอเชีย (ไม่ใช่กล่องเดิมของเครื่อง) | *ไม่มีอะแดปเตอร์-หัวชาร์จ และสายชาร์จแถมให้ค่ะ | *ไม่มีติดฟิล์ม ไม่มีเคสแถมให้,รับประกันสินค้า 1 เดือน,https://compasia.co.th/collections/all-smartphones/products/iphone-12
6,iPhone 12,Red,128GB,พอใช้,8000,30784,สินค้าจะบรรจุในกล่องของคอมพ์เอเชีย (ไม่ใช่กล่องเดิมของเครื่อง) | *ไม่มีอะแดปเตอร์-หัวชาร์จ และสายชาร์จแถมให้ค่ะ | *ไม่มีติดฟิล์ม ไม่มีเคสแถมให้,รับประกันสินค้า 1 เดือน,https://compasia.co.th/collections/all-smartphones/products/iphone-12
6,iPhone 12,Red,256GB,ดีเยี่ยม,10000,30784,สินค้าจะบรรจุในกล่องของคอมพ์เอเชีย (ไม่ใช่กล่องเดิมของเครื่อง) | *ไม่มีอะแดปเตอร์-หัวชาร์จ และสายชาร์จแถมให้ค่ะ | *ไม่มีติดฟิล์ม ไม่มีเคสแถมให้,รับประกันสินค้า 1 เดือน,https://compasia.co.th/collections/all-smartphones/products/iphone-12
6,iPhone 12,Red,256GB,ดี,9500,30784,สินค้าจะบรรจุในกล่องของคอมพ์เอเชีย (ไม่ใช่กล่องเดิมของเครื่อง) | *ไม่มีอะแดปเตอร์-หัวชาร์จ และสายชาร์จแถมให้ค่ะ | *ไม่มีติดฟิล์ม ไม่มีเคสแถมให้,รับประกันสินค้า 1 เดือน,https://compasia.co.th/collections/all-smartphones/products/iphone-12
6,iPhone 12,Red,256GB,พอใช้,9000,30784,สินค้าจะบรรจุในกล่องของคอมพ์เอเชีย (ไม่ใช่กล่องเดิมของเครื่อง) | *ไม่มีอะแดปเตอร์-หัวชาร์จ และสายชาร์จแถมให้ค่ะ | *ไม่มีติดฟิล์ม ไม่มีเคสแถมให้,รับประกันสินค้า 1 เดือน,https://compasia.co.th/collections/all-smartphones/products/iphone-12
7,iPhone 14,Yellow,128GB,ดีเยี่ยม,13400,32900,สินค้าจะบรรจุในกล่องของคอมพ์เอเชีย (ไม่ใช่กล่องเดิมของเครื่อง) | *ไม่มีอะแดปเตอร์-หัวชาร์จ และสายชาร์จแถมให้ค่ะ | *ไม่มีติดฟิล์ม ไม่มีเคสแถมให้,รับประกันสินค้า 1 เดือน,https://compasia.co.th/collections/all-smartphones/products/iphone-14
7,iPhone 14,Yellow,128GB,ดี,12900,32900,สินค้าจะบรรจุในกล่องของคอมพ์เอเชีย (ไม่ใช่กล่องเดิมของเครื่อง) | *ไม่มีอะแดปเตอร์-หัวชาร์จ และสายชาร์จแถมให้ค่ะ | *ไม่มีติดฟิล์ม ไม่มีเคสแถมให้,รับประกันสินค้า 1 เดือน,https://compasia.co.th/collections/all-smartphones/products/iphone-14
7,iPhone 14,Yellow,128GB,พอใช้,12400,32900,สินค้าจะบรรจุในกล่องของคอมพ์เอเชีย (ไม่ใช่กล่องเดิมของเครื่อง) | *ไม่มีอะแดปเตอร์-หัวชาร์จ และสายชาร์จแถมให้ค่ะ | *ไม่มีติดฟิล์ม ไม่มีเคสแถมให้,รับประกันสินค้า 1 เดือน,https://compasia.co.th/collections/all-smartphones/products/iphone-14
7,iPhone 14,Yellow,256GB,ดีเยี่ยม,14400,32900,สินค้าจะบรรจุในกล่องของคอมพ์เอเชีย (ไม่ใช่กล่องเดิมของเครื่อง) | *ไม่มีอะแดปเตอร์-หัวชาร์จ และสายชาร์จแถมให้ค่ะ | *ไม่มีติดฟิล์ม ไม่มีเคสแถมให้,รับประกันสินค้า 1 เดือน,https://compasia.co.th/collections/all-smartphones/products/iphone-14
7,iPhone 14,Yellow,256GB,ดี,13900,32900,สินค้าจะบรรจุในกล่องของคอมพ์เอเชีย (ไม่ใช่กล่องเดิมของเครื่อง) | *ไม่มีอะแดปเตอร์-หัวชาร์จ และสายชาร์จแถมให้ค่ะ | *ไม่มีติดฟิล์ม ไม่มีเคสแถมให้,รับประกันสินค้า 1 เดือน,https://compasia.co.th/collections/all-smartphones/products/iphone-14
7,iPhone 14,Yellow,256GB,พอใช้,13400,32900,สินค้าจะบรรจุในกล่องของคอมพ์เอเชีย (ไม่ใช่กล่องเดิมของเครื่อง) | *ไม่มีอะแดปเตอร์-หัวชาร์จ และสายชาร์จแถมให้ค่ะ | *ไม่มีติดฟิล์ม ไม่มีเคสแถมให้,รับประกันสินค้า 1 เดือน,https://compasia.co.th/collections/all-smartphones/products/iphone-14
7,iPhone 14,Yellow,512GB,ดีเยี่ยม,15400,32900,สินค้าจะบรรจุในกล่องของคอมพ์เอเชีย (ไม่ใช่กล่องเดิมของเครื่อง) | *ไม่มีอะแดปเตอร์-หัวชาร์จ และสายชาร์จแถมให้ค่ะ | *ไม่มีติดฟิล์ม ไม่มีเคสแถมให้,รับประกันสินค้า 1 เดือน,https://compasia.co.th/collections/all-smartphones/products/iphone-14
7,iPhone 14,Yellow,512GB,ดี,14900,32900,สินค้าจะบรรจุในกล่องของคอมพ์เอเชีย (ไม่ใช่กล่องเดิมของเครื่อง) | *ไม่มีอะแดปเตอร์-หัวชาร์จ และสายชาร์จแถมให้ค่ะ | *ไม่มีติดฟิล์ม ไม่มีเคสแถมให้,รับประกันสินค้า 1 เดือน,https://compasia.co.th/collections/all-smartphones/products/iphone-14
7,iPhone 14,Yellow,512GB,พอใช้,14400,32900,สินค้าจะบรรจุในกล่องของคอมพ์เอเชีย (ไม่ใช่กล่องเดิมของเครื่อง) | *ไม่มีอะแดปเตอร์-หัวชาร์จ และสายชาร์จแถมให้ค่ะ | *ไม่มีติดฟิล์ม ไม่มีเคสแถมให้,รับประกันสินค้า 1 เดือน,https://compasia.co.th/collections/all-smartphones/products/iphone-14
7,iPhone 14,Blue,128GB,ดีเยี่ยม,13400,32900,สินค้าจะบรรจุในกล่องของคอมพ์เอเชีย (ไม่ใช่กล่องเดิมของเครื่อง) | *ไม่มีอะแดปเตอร์-หัวชาร์จ และสายชาร์จแถมให้ค่ะ | *ไม่มีติดฟิล์ม ไม่มีเคสแถมให้,รับประกันสินค้า 1 เดือน,https://compasia.co.th/collections/all-smartphones/products/iphone-14
7,iPhone 14,Blue,128GB,ดี,12900,32900,สินค้าจะบรรจุในกล่องของคอมพ์เอเชีย (ไม่ใช่กล่องเดิมของเครื่อง) | *ไม่มีอะแดปเตอร์-หัวชาร์จ และสายชาร์จแถมให้ค่ะ | *ไม่มีติดฟิล์ม ไม่มีเคสแถมให้,รับประกันสินค้า 1 เดือน,https://compasia.co.th/collections/all-smartphones/products/iphone-14
7,iPhone 14,Blue,128GB,พอใช้,12400,32900,สินค้าจะบรรจุในกล่องของคอมพ์เอเชีย (ไม่ใช่กล่องเดิมของเครื่อง) | *ไม่มีอะแดปเตอร์-หัวชาร์จ และสายชาร์จแถมให้ค่ะ | *ไม่มีติดฟิล์ม ไม่มีเคสแถมให้,รับประกันสินค้า 1 เดือน,https://compasia.co.th/collections/all-smartphones/products/iphone-14
7,iPhone 14,Blue,256GB,ดีเยี่ยม,14400,32900,สินค้าจะบรรจุในกล่องของคอมพ์เอเชีย (ไม่ใช่กล่องเดิมของเครื่อง) | *ไม่มีอะแดปเตอร์-หัวชาร์จ และสายชาร์จแถมให้ค่ะ | *ไม่มีติดฟิล์ม ไม่มีเคสแถมให้,รับประกันสินค้า 1 เดือน,https://compasia.co.th/collections/all-smartphones/products/iphone-14
7,iPhone 14,Blue,256GB,ดี,13900,32900,สินค้าจะบรรจุในกล่องของคอมพ์เอเชีย (ไม่ใช่กล่องเดิมของเครื่อง) | *ไม่มีอะแดปเตอร์-หัวชาร์จ และสายชาร์จแถมให้ค่ะ | *ไม่มีติดฟิล์ม ไม่มีเคสแถมให้,รับประกันสินค้า 1 เดือน,https://compasia.co.th/collections/all-smartphones/products/iphone-14
7,iPhone 14,Blue,256GB,พอใช้,13400,32900,สินค้าจะบรรจุในกล่องของคอมพ์เอเชีย (ไม่ใช่กล่องเดิมของเครื่อง) | *ไม่มีอะแดปเตอร์-หัวชาร์จ และสายชาร์จแถมให้ค่ะ | *ไม่มีติดฟิล์ม ไม่มีเคสแถมให้,รับประกันสินค้า 1 เดือน,https://compasia.co.th/collections/all-smartphones/products/iphone-14
7,iPhone 14,Blue,512GB,ดีเยี่ยม,15400,32900,สินค้าจะบรรจุในกล่องของคอมพ์เอเชีย (ไม่ใช่กล่องเดิมของเครื่อง) | *ไม่มีอะแดปเตอร์-หัวชาร์จ และสายชาร์จแถมให้ค่ะ | *ไม่มีติดฟิล์ม ไม่มีเคสแถมให้,รับประกันสินค้า 1 เดือน,https://compasia.co.th/collections/all-smartphones/products/iphone-14
7,iPhone 14,Blue,512GB,ดี,14900,32900,สินค้าจะบรรจุในกล่องของคอมพ์เอเชีย (ไม่ใช่กล่องเดิมของเครื่อง) | *ไม่มีอะแดปเตอร์-หัวชาร์จ และสายชาร์จแถมให้ค่ะ | *ไม่มีติดฟิล์ม ไม่มีเคสแถมให้,รับประกันสินค้า 1 เดือน,https://compasia.co.th/collections/all-smartphones/products/iphone-14
7,iPhone 14,Blue,512GB,พอใช้,14400,32900,สินค้าจะบรรจุในกล่องของคอมพ์เอเชีย (ไม่ใช่กล่องเดิมของเครื่อง) | *ไม่มีอะแดปเตอร์-หัวชาร์จ และสายชาร์จแถมให้ค่ะ | *ไม่มีติดฟิล์ม ไม่มีเคสแถมให้,รับประกันสินค้า 1 เดือน,https://compasia.co.th/collections/all-smartphones/products/iphone-14
7,iPhone 14,Purple,128GB,ดีเยี่ยม,13400,32900,สินค้าจะบรรจุในกล่องของคอมพ์เอเชีย (ไม่ใช่กล่องเดิมของเครื่อง) | *ไม่มีอะแดปเตอร์-หัวชาร์จ และสายชาร์จแถมให้ค่ะ | *ไม่มีติดฟิล์ม ไม่มีเคสแถมให้,รับประกันสินค้า 1 เดือน,https://compasia.co.th/collections/all-smartphones/products/iphone-14
7,iPhone 14,Purple,128GB,ดี,12900,32900,สินค้าจะบรรจุในกล่องของคอมพ์เอเชีย (ไม่ใช่กล่องเดิมของเครื่อง) | *ไม่มีอะแดปเตอร์-หัวชาร์จ และสายชาร์จแถมให้ค่ะ | *ไม่มีติดฟิล์ม ไม่มีเคสแถมให้,รับประกันสินค้า 1 เดือน,https://compasia.co.th/collections/all-smartphones/products/iphone-14
7,iPhone 14,Purple,128GB,พอใช้,12400,32900,สินค้าจะบรรจุในกล่องของคอมพ์เอเชีย (ไม่ใช่กล่องเดิมของเครื่อง) | *ไม่มีอะแดปเตอร์-หัวชาร์จ และสายชาร์จแถมให้ค่ะ | *ไม่มีติดฟิล์ม ไม่มีเคสแถมให้,รับประกันสินค้า 1 เดือน,https://compasia.co.th/collections/all-smartphones/products/iphone-14
7,iPhone 14,Purple,256GB,ดีเยี่ยม,14400,32900,สินค้าจะบรรจุในกล่องของคอมพ์เอเชีย (ไม่ใช่กล่องเดิมของเครื่อง) | *ไม่มีอะแดปเตอร์-หัวชาร์จ และสายชาร์จแถมให้ค่ะ | *ไม่มีติดฟิล์ม ไม่มีเคสแถมให้,รับประกันสินค้า 1 เดือน,https://compasia.co.th/collections/all-smartphones/products/iphone-14
7,iPhone 14,Purple,256GB,ดี,13900,32900,สินค้าจะบรรจุในกล่องของคอมพ์เอเชีย (ไม่ใช่กล่องเดิมของเครื่อง) | *ไม่มีอะแดปเตอร์-หัวชาร์จ และสายชาร์จแถมให้ค่ะ | *ไม่มีติดฟิล์ม ไม่มีเคสแถมให้,รับประกันสินค้า 1 เดือน,https://compasia.co.th/collections/all-smartphones/products/iphone-14
7,iPhone 14,Purple,256GB,พอใช้,13400,32900,สินค้าจะบรรจุในกล่องของคอมพ์เอเชีย (ไม่ใช่กล่องเดิมของเครื่อง) | *ไม่มีอะแดปเตอร์-หัวชาร์จ และสายชาร์จแถมให้ค่ะ | *ไม่มีติดฟิล์ม ไม่มีเคสแถมให้,รับประกันสินค้า 1 เดือน,https://compasia.co.th/collections/all-smartphones/products/iphone-14
7,iPhone 14,Purple,512GB,ดีเยี่ยม,15400,32900,สินค้าจะบรรจุในกล่องของคอมพ์เอเชีย (ไม่ใช่กล่องเดิมของเครื่อง) | *ไม่มีอะแดปเตอร์-หัวชาร์จ และสายชาร์จแถมให้ค่ะ | *ไม่มีติดฟิล์ม ไม่มีเคสแถมให้,รับประกันสินค้า 1 เดือน,https://compasia.co.th/collections/all-smartphones/products/iphone-14
7,iPhone 14,Purple,512GB,ดี,14900,32900,สินค้าจะบรรจุในกล่องของคอมพ์เอเชีย (ไม่ใช่กล่องเดิมของเครื่อง) | *ไม่มีอะแดปเตอร์-หัวชาร์จ และสายชาร์จแถมให้ค่ะ | *ไม่มีติดฟิล์ม ไม่มีเคสแถมให้,รับประกันสินค้า 1 เดือน,https://compasia.co.th/collections/all-smartphones/products/iphone-14
7,iPhone 14,Purple,512GB,พอใช้,14400,32900,สินค้าจะบรรจุในกล่องของคอมพ์เอเชีย (ไม่ใช่กล่องเดิมของเครื่อง) | *ไม่มีอะแดปเตอร์-หัวชาร์จ และสายชาร์จแถมให้ค่ะ | *ไม่มีติดฟิล์ม ไม่มีเคสแถมให้,รับประกันสินค้า 1 เดือน,https://compasia.co.th/collections/all-smartphones/products/iphone-14
7,iPhone 14,Starlight,128GB,ดีเยี่ยม,13400,32900,สินค้าจะบรรจุในกล่องของคอมพ์เอเชีย (ไม่ใช่กล่องเดิมของเครื่อง) | *ไม่มีอะแดปเตอร์-หัวชาร์จ และสายชาร์จแถมให้ค่ะ | *ไม่มีติดฟิล์ม ไม่มีเคสแถมให้,รับประกันสินค้า 1 เดือน,https://compasia.co.th/collections/all-smartphones/products/iphone-14
7,iPhone 14,Starlight,128GB,ดี,12900,32900,สินค้าจะบรรจุในกล่องของคอมพ์เอเชีย (ไม่ใช่กล่องเดิมของเครื่อง) | *ไม่มีอะแดปเตอร์-หัวชาร์จ และสายชาร์จแถมให้ค่ะ | *ไม่มีติดฟิล์ม ไม่มีเคสแถมให้,รับประกันสินค้า 1 เดือน,https://compasia.co.th/collections/all-smartphones/products/iphone-14
7,iPhone 14,Starlight,128GB,พอใช้,12400,32900,สินค้าจะบรรจุในกล่องของคอมพ์เอเชีย (ไม่ใช่กล่องเดิมของเครื่อง) | *ไม่มีอะแดปเตอร์-หัวชาร์จ และสายชาร์จแถมให้ค่ะ | *ไม่มีติดฟิล์ม ไม่มีเคสแถมให้,รับประกันสินค้า 1 เดือน,https://compasia.co.th/collections/all-smartphones/products/iphone-14
7,iPhone 14,Starlight,256GB,ดีเยี่ยม,14400,32900,สินค้าจะบรรจุในกล่องของคอมพ์เอเชีย (ไม่ใช่กล่องเดิมของเครื่อง) | *ไม่มีอะแดปเตอร์-หัวชาร์จ และสายชาร์จแถมให้ค่ะ | *ไม่มีติดฟิล์ม ไม่มีเคสแถมให้,รับประกันสินค้า 1 เดือน,https://compasia.co.th/collections/all-smartphones/products/iphone-14
7,iPhone 14,Starlight,256GB,ดี,13900,32900,สินค้าจะบรรจุในกล่องของคอมพ์เอเชีย (ไม่ใช่กล่องเดิมของเครื่อง) | *ไม่มีอะแดปเตอร์-หัวชาร์จ และสายชาร์จแถมให้ค่ะ | *ไม่มีติดฟิล์ม ไม่มีเคสแถมให้,รับประกันสินค้า 1 เดือน,https://compasia.co.th/collections/all-smartphones/products/iphone-14
7,iPhone 14,Starlight,256GB,พอใช้,13400,32900,สินค้าจะบรรจุในกล่องของคอมพ์เอเชีย (ไม่ใช่กล่องเดิมของเครื่อง) | *ไม่มีอะแดปเตอร์-หัวชาร์จ และสายชาร์จแถมให้ค่ะ | *ไม่มีติดฟิล์ม ไม่มีเคสแถมให้,รับประกันสินค้า 1 เดือน,https://compasia.co.th/collections/all-smartphones/products/iphone-14
7,iPhone 14,Starlight,512GB,ดีเยี่ยม,15400,32900,สินค้าจะบรรจุในกล่องของคอมพ์เอเชีย (ไม่ใช่กล่องเดิมของเครื่อง) | *ไม่มีอะแดปเตอร์-หัวชาร์จ และสายชาร์จแถมให้ค่ะ | *ไม่มีติดฟิล์ม ไม่มีเคสแถมให้,รับประกันสินค้า 1 เดือน,https://compasia.co.th/collections/all-smartphones/products/iphone-14
7,iPhone 14,Starlight,512GB,ดี,14900,32900,สินค้าจะบรรจุในกล่องของคอมพ์เอเชีย (ไม่ใช่กล่องเดิมของเครื่อง) | *ไม่มีอะแดปเตอร์-หัวชาร์จ และสายชาร์จแถมให้ค่ะ | *ไม่มีติดฟิล์ม ไม่มีเคสแถมให้,รับประกันสินค้า 1 เดือน,https://compasia.co.th/collections/all-smartphones/products/iphone-14
7,iPhone 14,Starlight,512GB,พอใช้,14400,32900,สินค้าจะบรรจุในกล่องของคอมพ์เอเชีย (ไม่ใช่กล่องเดิมของเครื่อง) | *ไม่มีอะแดปเตอร์-หัวชาร์จ และสายชาร์จแถมให้ค่ะ | *ไม่มีติดฟิล์ม ไม่มีเคสแถมให้,รับประกันสินค้า 1 เดือน,https://compasia.co.th/collections/all-smartphones/products/iphone-14
7,iPhone 14,Red,128GB,ดีเยี่ยม,13400,32900,สินค้าจะบรรจุในกล่องของคอมพ์เอเชีย (ไม่ใช่กล่องเดิมของเครื่อง) | *ไม่มีอะแดปเตอร์-หัวชาร์จ และสายชาร์จแถมให้ค่ะ | *ไม่มีติดฟิล์ม ไม่มีเคสแถมให้,รับประกันสินค้า 1 เดือน,https://compasia.co.th/collections/all-smartphones/products/iphone-14
7,iPhone 14,Red,128GB,ดี,12900,32900,สินค้าจะบรรจุในกล่องของคอมพ์เอเชีย (ไม่ใช่กล่องเดิมของเครื่อง) | *ไม่มีอะแดปเตอร์-หัวชาร์จ และสายชาร์จแถมให้ค่ะ | *ไม่มีติดฟิล์ม ไม่มีเคสแถมให้,รับประกันสินค้า 1 เดือน,https://compasia.co.th/collections/all-smartphones/products/iphone-14
7,iPhone 14,Red,128GB,พอใช้,12400,32900,สินค้าจะบรรจุในกล่องของคอมพ์เอเชีย (ไม่ใช่กล่องเดิมของเครื่อง) | *ไม่มีอะแดปเตอร์-หัวชาร์จ และสายชาร์จแถมให้ค่ะ | *ไม่มีติดฟิล์ม ไม่มีเคสแถมให้,รับประกันสินค้า 1 เดือน,https://compasia.co.th/collections/all-smartphones/products/iphone-14
7,iPhone 14,Red,256GB,ดีเยี่ยม,14400,32900,สินค้าจะบรรจุในกล่องของคอมพ์เอเชีย (ไม่ใช่กล่องเดิมของเครื่อง) | *ไม่มีอะแดปเตอร์-หัวชาร์จ และสายชาร์จแถมให้ค่ะ | *ไม่มีติดฟิล์ม ไม่มีเคสแถมให้,รับประกันสินค้า 1 เดือน,https://compasia.co.th/collections/all-smartphones/products/iphone-14
7,iPhone 14,Red,256GB,ดี,13900,32900,สินค้าจะบรรจุในกล่องของคอมพ์เอเชีย (ไม่ใช่กล่องเดิมของเครื่อง) | *ไม่มีอะแดปเตอร์-หัวชาร์จ และสายชาร์จแถมให้ค่ะ | *ไม่มีติดฟิล์ม ไม่มีเคสแถมให้,รับประกันสินค้า 1 เดือน,https://compasia.co.th/collections/all-smartphones/products/iphone-14
7,iPhone 14,Red,256GB,พอใช้,13400,32900,สินค้าจะบรรจุในกล่องของคอมพ์เอเชีย (ไม่ใช่กล่องเดิมของเครื่อง) | *ไม่มีอะแดปเตอร์-หัวชาร์จ และสายชาร์จแถมให้ค่ะ | *ไม่มีติดฟิล์ม ไม่มีเคสแถมให้,รับประกันสินค้า 1 เดือน,https://compasia.co.th/collections/all-smartphones/products/iphone-14
7,iPhone 14,Red,512GB,ดีเยี่ยม,15400,32900,สินค้าจะบรรจุในกล่องของคอมพ์เอเชีย (ไม่ใช่กล่องเดิมของเครื่อง) | *ไม่มีอะแดปเตอร์-หัวชาร์จ และสายชาร์จแถมให้ค่ะ | *ไม่มีติดฟิล์ม ไม่มีเคสแถมให้,รับประกันสินค้า 1 เดือน,https://compasia.co.th/collections/all-smartphones/products/iphone-14
7,iPhone 14,Red,512GB,ดี,14900,32900,สินค้าจะบรรจุในกล่องของคอมพ์เอเชีย (ไม่ใช่กล่องเดิมของเครื่อง) | *ไม่มีอะแดปเตอร์-หัวชาร์จ และสายชาร์จแถมให้ค่ะ | *ไม่มีติดฟิล์ม ไม่มีเคสแถมให้,รับประกันสินค้า 1 เดือน,https://compasia.co.th/collections/all-smartphones/products/iphone-14
7,iPhone 14,Red,512GB,พอใช้,14400,32900,สินค้าจะบรรจุในกล่องของคอมพ์เอเชีย (ไม่ใช่กล่องเดิมของเครื่อง) | *ไม่มีอะแดปเตอร์-หัวชาร์จ และสายชาร์จแถมให้ค่ะ | *ไม่มีติดฟิล์ม ไม่มีเคสแถมให้,รับประกันสินค้า 1 เดือน,https://compasia.co.th/collections/all-smartphones/products/iphone-14
7,iPhone 14,Black,128GB,ดีเยี่ยม,13400,32900,สินค้าจะบรรจุในกล่องของคอมพ์เอเชีย (ไม่ใช่กล่องเดิมของเครื่อง) | *ไม่มีอะแดปเตอร์-หัวชาร์จ และสายชาร์จแถมให้ค่ะ | *ไม่มีติดฟิล์ม ไม่มีเคสแถมให้,รับประกันสินค้า 1 เดือน,https://compasia.co.th/collections/all-smartphones/products/iphone-14
7,iPhone 14,Black,128GB,ดี,12900,32900,สินค้าจะบรรจุในกล่องของคอมพ์เอเชีย (ไม่ใช่กล่องเดิมของเครื่อง) | *ไม่มีอะแดปเตอร์-หัวชาร์จ และสายชาร์จแถมให้ค่ะ | *ไม่มีติดฟิล์ม ไม่มีเคสแถมให้,รับประกันสินค้า 1 เดือน,https://compasia.co.th/collections/all-smartphones/products/iphone-14
7,iPhone 14,Black,128GB,พอใช้,12400,32900,สินค้าจะบรรจุในกล่องของคอมพ์เอเชีย (ไม่ใช่กล่องเดิมของเครื่อง) | *ไม่มีอะแดปเตอร์-หัวชาร์จ และสายชาร์จแถมให้ค่ะ | *ไม่มีติดฟิล์ม ไม่มีเคสแถมให้,รับประกันสินค้า 1 เดือน,https://compasia.co.th/collections/all-smartphones/products/iphone-14
7,iPhone 14,Black,256GB,ดีเยี่ยม,14400,32900,สินค้าจะบรรจุในกล่องของคอมพ์เอเชีย (ไม่ใช่กล่องเดิมของเครื่อง) | *ไม่มีอะแดปเตอร์-หัวชาร์จ และสายชาร์จแถมให้ค่ะ | *ไม่มีติดฟิล์ม ไม่มีเคสแถมให้,รับประกันสินค้า 1 เดือน,https://compasia.co.th/collections/all-smartphones/products/iphone-14
7,iPhone 14,Black,256GB,ดี,13900,32900,สินค้าจะบรรจุในกล่องของคอมพ์เอเชีย (ไม่ใช่กล่องเดิมของเครื่อง) | *ไม่มีอะแดปเตอร์-หัวชาร์จ และสายชาร์จแถมให้ค่ะ | *ไม่มีติดฟิล์ม ไม่มีเคสแถมให้,รับประกันสินค้า 1 เดือน,https://compasia.co.th/collections/all-smartphones/products/iphone-14
7,iPhone 14,Black,256GB,พอใช้,13400,32900,สินค้าจะบรรจุในกล่องของคอมพ์เอเชีย (ไม่ใช่กล่องเดิมของเครื่อง) | *ไม่มีอะแดปเตอร์-หัวชาร์จ และสายชาร์จแถมให้ค่ะ | *ไม่มีติดฟิล์ม ไม่มีเคสแถมให้,รับประกันสินค้า 1 เดือน,https://compasia.co.th/collections/all-smartphones/products/iphone-14
7,iPhone 14,Black,512GB,ดีเยี่ยม,15400,32900,สินค้าจะบรรจุในกล่องของคอมพ์เอเชีย (ไม่ใช่กล่องเดิมของเครื่อง) | *ไม่มีอะแดปเตอร์-หัวชาร์จ และสายชาร์จแถมให้ค่ะ | *ไม่มีติดฟิล์ม ไม่มีเคสแถมให้,รับประกันสินค้า 1 เดือน,https://compasia.co.th/collections/all-smartphones/products/iphone-14
7,iPhone 14,Black,512GB,ดี,14900,32900,สินค้าจะบรรจุในกล่องของคอมพ์เอเชีย (ไม่ใช่กล่องเดิมของเครื่อง) | *ไม่มีอะแดปเตอร์-หัวชาร์จ และสายชาร์จแถมให้ค่ะ | *ไม่มีติดฟิล์ม ไม่มีเคสแถมให้,รับประกันสินค้า 1 เดือน,https://compasia.co.th/collections/all-smartphones/products/iphone-14
7,iPhone 14,Black,512GB,พอใช้,14400,32900,สินค้าจะบรรจุในกล่องของคอมพ์เอเชีย (ไม่ใช่กล่องเดิมของเครื่อง) | *ไม่มีอะแดปเตอร์-หัวชาร์จ และสายชาร์จแถมให้ค่ะ | *ไม่มีติดฟิล์ม ไม่มีเคสแถมให้,รับประกันสินค้า 1 เดือน,https://compasia.co.th/collections/all-smartphones/products/iphone-14
8,iPhone 16 pro max,White Titanium,256GB,ดีเยี่ยม,32800,-,สินค้าจะบรรจุในกล่องของคอมพ์เอเชีย (ไม่ใช่กล่องเดิมของเครื่อง) | *ไม่มีอะแดปเตอร์-หัวชาร์จ และสายชาร์จแถมให้ค่ะ,รับประกันสินค้า 1 เดือน,https://compasia.co.th/collections/all-smartphones/products/iphone-16-pro-max
8,iPhone 16 pro max,White Titanium,256GB,ดี,32300,-,สินค้าจะบรรจุในกล่องของคอมพ์เอเชีย (ไม่ใช่กล่องเดิมของเครื่อง) | *ไม่มีอะแดปเตอร์-หัวชาร์จ และสายชาร์จแถมให้ค่ะ,รับประกันสินค้า 1 เดือน,https://compasia.co.th/collections/all-smartphones/products/iphone-16-pro-max
8,iPhone 16 pro max,White Titanium,256GB,พอใช้,31800,-,สินค้าจะบรรจุในกล่องของคอมพ์เอเชีย (ไม่ใช่กล่องเดิมของเครื่อง) | *ไม่มีอะแดปเตอร์-หัวชาร์จ และสายชาร์จแถมให้ค่ะ,รับประกันสินค้า 1 เดือน,https://compasia.co.th/collections/all-smartphones/products/iphone-16-pro-max
8,iPhone 16 pro max,White Titanium,512GB,ดีเยี่ยม,34800,-,สินค้าจะบรรจุในกล่องของคอมพ์เอเชีย (ไม่ใช่กล่องเดิมของเครื่อง) | *ไม่มีอะแดปเตอร์-หัวชาร์จ และสายชาร์จแถมให้ค่ะ,รับประกันสินค้า 1 เดือน,https://compasia.co.th/collections/all-smartphones/products/iphone-16-pro-max
8,iPhone 16 pro max,White Titanium,512GB,ดี,34300,-,สินค้าจะบรรจุในกล่องของคอมพ์เอเชีย (ไม่ใช่กล่องเดิมของเครื่อง) | *ไม่มีอะแดปเตอร์-หัวชาร์จ และสายชาร์จแถมให้ค่ะ,รับประกันสินค้า 1 เดือน,https://compasia.co.th/collections/all-smartphones/products/iphone-16-pro-max
8,iPhone 16 pro max,White Titanium,512GB,พอใช้,33800,-,สินค้าจะบรรจุในกล่องของคอมพ์เอเชีย (ไม่ใช่กล่องเดิมของเครื่อง) | *ไม่มีอะแดปเตอร์-หัวชาร์จ และสายชาร์จแถมให้ค่ะ,รับประกันสินค้า 1 เดือน,https://compasia.co.th/collections/all-smartphones/products/iphone-16-pro-max
8,iPhone 16 pro max,White Titanium,1TB,ดีเยี่ยม,36800,-,สินค้าจะบรรจุในกล่องของคอมพ์เอเชีย (ไม่ใช่กล่องเดิมของเครื่อง) | *ไม่มีอะแดปเตอร์-หัวชาร์จ และสายชาร์จแถมให้ค่ะ,รับประกันสินค้า 1 เดือน,https://compasia.co.th/collections/all-smartphones/products/iphone-16-pro-max
8,iPhone 16 pro max,White Titanium,1TB,ดี,36300,-,สินค้าจะบรรจุในกล่องของคอมพ์เอเชีย (ไม่ใช่กล่องเดิมของเครื่อง) | *ไม่มีอะแดปเตอร์-หัวชาร์จ และสายชาร์จแถมให้ค่ะ,รับประกันสินค้า 1 เดือน,https://compasia.co.th/collections/all-smartphones/products/iphone-16-pro-max
8,iPhone 16 pro max,White Titanium,1TB,พอใช้,35800,-,สินค้าจะบรรจุในกล่องของคอมพ์เอเชีย (ไม่ใช่กล่องเดิมของเครื่อง) | *ไม่มีอะแดปเตอร์-หัวชาร์จ และสายชาร์จแถมให้ค่ะ,รับประกันสินค้า 1 เดือน,https://compasia.co.th/collections/all-smartphones/products/iphone-16-pro-max
8,iPhone 16 pro max,Black Titanium,256GB,ดีเยี่ยม,32800,-,สินค้าจะบรรจุในกล่องของคอมพ์เอเชีย (ไม่ใช่กล่องเดิมของเครื่อง) | *ไม่มีอะแดปเตอร์-หัวชาร์จ และสายชาร์จแถมให้ค่ะ,รับประกันสินค้า 1 เดือน,https://compasia.co.th/collections/all-smartphones/products/iphone-16-pro-max
8,iPhone 16 pro max,Black Titanium,256GB,ดี,32300,-,สินค้าจะบรรจุในกล่องของคอมพ์เอเชีย (ไม่ใช่กล่องเดิมของเครื่อง) | *ไม่มีอะแดปเตอร์-หัวชาร์จ และสายชาร์จแถมให้ค่ะ,รับประกันสินค้า 1 เดือน,https://compasia.co.th/collections/all-smartphones/products/iphone-16-pro-max
8,iPhone 16 pro max,Black Titanium,256GB,พอใช้,31800,-,สินค้าจะบรรจุในกล่องของคอมพ์เอเชีย (ไม่ใช่กล่องเดิมของเครื่อง) | *ไม่มีอะแดปเตอร์-หัวชาร์จ และสายชาร์จแถมให้ค่ะ,รับประกันสินค้า 1 เดือน,https://compasia.co.th/collections/all-smartphones/products/iphone-16-pro-max
8,iPhone 16 pro max,Black Titanium,512GB,ดีเยี่ยม,34800,-,สินค้าจะบรรจุในกล่องของคอมพ์เอเชีย (ไม่ใช่กล่องเดิมของเครื่อง) | *ไม่มีอะแดปเตอร์-หัวชาร์จ และสายชาร์จแถมให้ค่ะ,รับประกันสินค้า 1 เดือน,https://compasia.co.th/collections/all-smartphones/products/iphone-16-pro-max
8,iPhone 16 pro max,Black Titanium,512GB,ดี,34300,-,สินค้าจะบรรจุในกล่องของคอมพ์เอเชีย (ไม่ใช่กล่องเดิมของเครื่อง) | *ไม่มีอะแดปเตอร์-หัวชาร์จ และสายชาร์จแถมให้ค่ะ,รับประกันสินค้า 1 เดือน,https://compasia.co.th/collections/all-smartphones/products/iphone-16-pro-max
8,iPhone 16 pro max,Black Titanium,512GB,พอใช้,33800,-,สินค้าจะบรรจุในกล่องของคอมพ์เอเชีย (ไม่ใช่กล่องเดิมของเครื่อง) | *ไม่มีอะแดปเตอร์-หัวชาร์จ และสายชาร์จแถมให้ค่ะ,รับประกันสินค้า 1 เดือน,https://compasia.co.th/collections/all-smartphones/products/iphone-16-pro-max
8,iPhone 16 pro max,Black Titanium,1TB,ดีเยี่ยม,36800,-,สินค้าจะบรรจุในกล่องของคอมพ์เอเชีย (ไม่ใช่กล่องเดิมของเครื่อง) | *ไม่มีอะแดปเตอร์-หัวชาร์จ และสายชาร์จแถมให้ค่ะ,รับประกันสินค้า 1 เดือน,https://compasia.co.th/collections/all-smartphones/products/iphone-16-pro-max
8,iPhone 16 pro max,Black Titanium,1TB,ดี,36300,-,สินค้าจะบรรจุในกล่องของคอมพ์เอเชีย (ไม่ใช่กล่องเดิมของเครื่อง) | *ไม่มีอะแดปเตอร์-หัวชาร์จ และสายชาร์จแถมให้ค่ะ,รับประกันสินค้า 1 เดือน,https://compasia.co.th/collections/all-smartphones/products/iphone-16-pro-max
8,iPhone 16 pro max,Black Titanium,1TB,พอใช้,35800,-,สินค้าจะบรรจุในกล่องของคอมพ์เอเชีย (ไม่ใช่กล่องเดิมของเครื่อง) | *ไม่มีอะแดปเตอร์-หัวชาร์จ และสายชาร์จแถมให้ค่ะ,รับประกันสินค้า 1 เดือน,https://compasia.co.th/collections/all-smartphones/products/iphone-16-pro-max
8,iPhone 16 pro max,Desert Titanium,256GB,ดีเยี่ยม,32800,-,สินค้าจะบรรจุในกล่องของคอมพ์เอเชีย (ไม่ใช่กล่องเดิมของเครื่อง) | *ไม่มีอะแดปเตอร์-หัวชาร์จ และสายชาร์จแถมให้ค่ะ,รับประกันสินค้า 1 เดือน,https://compasia.co.th/collections/all-smartphones/products/iphone-16-pro-max
8,iPhone 16 pro max,Desert Titanium,256GB,ดี,32300,-,สินค้าจะบรรจุในกล่องของคอมพ์เอเชีย (ไม่ใช่กล่องเดิมของเครื่อง) | *ไม่มีอะแดปเตอร์-หัวชาร์จ และสายชาร์จแถมให้ค่ะ,รับประกันสินค้า 1 เดือน,https://compasia.co.th/collections/all-smartphones/products/iphone-16-pro-max
8,iPhone 16 pro max,Desert Titanium,256GB,พอใช้,31800,-,สินค้าจะบรรจุในกล่องของคอมพ์เอเชีย (ไม่ใช่กล่องเดิมของเครื่อง) | *ไม่มีอะแดปเตอร์-หัวชาร์จ และสายชาร์จแถมให้ค่ะ,รับประกันสินค้า 1 เดือน,https://compasia.co.th/collections/all-smartphones/products/iphone-16-pro-max
8,iPhone 16 pro max,Desert Titanium,512GB,ดีเยี่ยม,34800,-,สินค้าจะบรรจุในกล่องของคอมพ์เอเชีย (ไม่ใช่กล่องเดิมของเครื่อง) | *ไม่มีอะแดปเตอร์-หัวชาร์จ และสายชาร์จแถมให้ค่ะ,รับประกันสินค้า 1 เดือน,https://compasia.co.th/collections/all-smartphones/products/iphone-16-pro-max
8,iPhone 16 pro max,Desert Titanium,512GB,ดี,34300,-,สินค้าจะบรรจุในกล่องของคอมพ์เอเชีย (ไม่ใช่กล่องเดิมของเครื่อง) | *ไม่มีอะแดปเตอร์-หัวชาร์จ และสายชาร์จแถมให้ค่ะ,รับประกันสินค้า 1 เดือน,https://compasia.co.th/collections/all-smartphones/products/iphone-16-pro-max
8,iPhone 16 pro max,Desert Titanium,512GB,พอใช้,33800,-,สินค้าจะบรรจุในกล่องของคอมพ์เอเชีย (ไม่ใช่กล่องเดิมของเครื่อง) | *ไม่มีอะแดปเตอร์-หัวชาร์จ และสายชาร์จแถมให้ค่ะ,รับประกันสินค้า 1 เดือน,https://compasia.co.th/collections/all-smartphones/products/iphone-16-pro-max
8,iPhone 16 pro max,Desert Titanium,1TB,ดีเยี่ยม,36800,-,สินค้าจะบรรจุในกล่องของคอมพ์เอเชีย (ไม่ใช่กล่องเดิมของเครื่อง) | *ไม่มีอะแดปเตอร์-หัวชาร์จ และสายชาร์จแถมให้ค่ะ,รับประกันสินค้า 1 เดือน,https://compasia.co.th/collections/all-smartphones/products/iphone-16-pro-max
8,iPhone 16 pro max,Desert Titanium,1TB,ดี,36300,-,สินค้าจะบรรจุในกล่องของคอมพ์เอเชีย (ไม่ใช่กล่องเดิมของเครื่อง) | *ไม่มีอะแดปเตอร์-หัวชาร์จ และสายชาร์จแถมให้ค่ะ,รับประกันสินค้า 1 เดือน,https://compasia.co.th/collections/all-smartphones/products/iphone-16-pro-max
8,iPhone 16 pro max,Desert Titanium,1TB,พอใช้,35800,-,สินค้าจะบรรจุในกล่องของคอมพ์เอเชีย (ไม่ใช่กล่องเดิมของเครื่อง) | *ไม่มีอะแดปเตอร์-หัวชาร์จ และสายชาร์จแถมให้ค่ะ,รับประกันสินค้า 1 เดือน,https://compasia.co.th/collections/all-smartphones/products/iphone-16-pro-max
8,iPhone 16 pro max,Natural Titanium,256GB,ดีเยี่ยม,32800,-,สินค้าจะบรรจุในกล่องของคอมพ์เอเชีย (ไม่ใช่กล่องเดิมของเครื่อง) | *ไม่มีอะแดปเตอร์-หัวชาร์จ และสายชาร์จแถมให้ค่ะ,รับประกันสินค้า 1 เดือน,https://compasia.co.th/collections/all-smartphones/products/iphone-16-pro-max
8,iPhone 16 pro max,Natural Titanium,256GB,ดี,32300,-,สินค้าจะบรรจุในกล่องของคอมพ์เอเชีย (ไม่ใช่กล่องเดิมของเครื่อง) | *ไม่มีอะแดปเตอร์-หัวชาร์จ และสายชาร์จแถมให้ค่ะ,รับประกันสินค้า 1 เดือน,https://compasia.co.th/collections/all-smartphones/products/iphone-16-pro-max
8,iPhone 16 pro max,Natural Titanium,256GB,พอใช้,31800,-,สินค้าจะบรรจุในกล่องของคอมพ์เอเชีย (ไม่ใช่กล่องเดิมของเครื่อง) | *ไม่มีอะแดปเตอร์-หัวชาร์จ และสายชาร์จแถมให้ค่ะ,รับประกันสินค้า 1 เดือน,https://compasia.co.th/collections/all-smartphones/products/iphone-16-pro-max
8,iPhone 16 pro max,Natural Titanium,512GB,ดีเยี่ยม,34800,-,สินค้าจะบรรจุในกล่องของคอมพ์เอเชีย (ไม่ใช่กล่องเดิมของเครื่อง) | *ไม่มีอะแดปเตอร์-หัวชาร์จ และสายชาร์จแถมให้ค่ะ,รับประกันสินค้า 1 เดือน,https://compasia.co.th/collections/all-smartphones/products/iphone-16-pro-max
8,iPhone 16 pro max,Natural Titanium,512GB,ดี,34300,-,สินค้าจะบรรจุในกล่องของคอมพ์เอเชีย (ไม่ใช่กล่องเดิมของเครื่อง) | *ไม่มีอะแดปเตอร์-หัวชาร์จ และสายชาร์จแถมให้ค่ะ,รับประกันสินค้า 1 เดือน,https://compasia.co.th/collections/all-smartphones/products/iphone-16-pro-max
8,iPhone 16 pro max,Natural Titanium,512GB,พอใช้,33800,-,สินค้าจะบรรจุในกล่องของคอมพ์เอเชีย (ไม่ใช่กล่องเดิมของเครื่อง) | *ไม่มีอะแดปเตอร์-หัวชาร์จ และสายชาร์จแถมให้ค่ะ,รับประกันสินค้า 1 เดือน,https://compasia.co.th/collections/all-smartphones/products/iphone-16-pro-max
8,iPhone 16 pro max,Natural Titanium,1TB,ดีเยี่ยม,36800,-,สินค้าจะบรรจุในกล่องของคอมพ์เอเชีย (ไม่ใช่กล่องเดิมของเครื่อง) | *ไม่มีอะแดปเตอร์-หัวชาร์จ และสายชาร์จแถมให้ค่ะ,รับประกันสินค้า 1 เดือน,https://compasia.co.th/collections/all-smartphones/products/iphone-16-pro-max
8,iPhone 16 pro max,Natural Titanium,1TB,ดี,36300,-,สินค้าจะบรรจุในกล่องของคอมพ์เอเชีย (ไม่ใช่กล่องเดิมของเครื่อง) | *ไม่มีอะแดปเตอร์-หัวชาร์จ และสายชาร์จแถมให้ค่ะ,รับประกันสินค้า 1 เดือน,https://compasia.co.th/collections/all-smartphones/products/iphone-16-pro-max
8,iPhone 16 pro max,Natural Titanium,1TB,พอใช้,35800,-,สินค้าจะบรรจุในกล่องของคอมพ์เอเชีย (ไม่ใช่กล่องเดิมของเครื่อง) | *ไม่มีอะแดปเตอร์-หัวชาร์จ และสายชาร์จแถมให้ค่ะ,รับประกันสินค้า 1 เดือน,https://compasia.co.th/collections/all-smartphones/products/iphone-16-pro-max
9,ลดพิเศษ Galaxy S24 Ultra,Titanium Gray,256GB,ดีเยี่ยม,19600,44900,สินค้าจะบรรจุในกล่องของคอมพ์เอเชีย (ไม่ใช่กล่องเดิมของเครื่อง) | *ไม่มีอะแดปเตอร์-หัวชาร์จ และสายชาร์จแถมให้ค่ะ | *ไม่มีติดฟิล์ม ไม่มีเคสแถมให้,รับประกันสินค้า 1 เดือน,https://compasia.co.th/collections/all-smartphones/products/ลดพิเศษ-galaxy-s24-ultra
9,ลดพิเศษ Galaxy S24 Ultra,Titanium Gray,256GB,ดี,19100,44900,สินค้าจะบรรจุในกล่องของคอมพ์เอเชีย (ไม่ใช่กล่องเดิมของเครื่อง) | *ไม่มีอะแดปเตอร์-หัวชาร์จ และสายชาร์จแถมให้ค่ะ | *ไม่มีติดฟิล์ม ไม่มีเคสแถมให้,รับประกันสินค้า 1 เดือน,https://compasia.co.th/collections/all-smartphones/products/ลดพิเศษ-galaxy-s24-ultra
9,ลดพิเศษ Galaxy S24 Ultra,Titanium Gray,256GB,พอใช้,18600,44900,สินค้าจะบรรจุในกล่องของคอมพ์เอเชีย (ไม่ใช่กล่องเดิมของเครื่อง) | *ไม่มีอะแดปเตอร์-หัวชาร์จ และสายชาร์จแถมให้ค่ะ | *ไม่มีติดฟิล์ม ไม่มีเคสแถมให้,รับประกันสินค้า 1 เดือน,https://compasia.co.th/collections/all-smartphones/products/ลดพิเศษ-galaxy-s24-ultra
9,ลดพิเศษ Galaxy S24 Ultra,Titanium Gray,512GB,ดีเยี่ยม,20600,44900,สินค้าจะบรรจุในกล่องของคอมพ์เอเชีย (ไม่ใช่กล่องเดิมของเครื่อง) | *ไม่มีอะแดปเตอร์-หัวชาร์จ และสายชาร์จแถมให้ค่ะ | *ไม่มีติดฟิล์ม ไม่มีเคสแถมให้,รับประกันสินค้า 1 เดือน,https://compasia.co.th/collections/all-smartphones/products/ลดพิเศษ-galaxy-s24-ultra
9,ลดพิเศษ Galaxy S24 Ultra,Titanium Gray,512GB,ดี,20100,44900,สินค้าจะบรรจุในกล่องของคอมพ์เอเชีย (ไม่ใช่กล่องเดิมของเครื่อง) | *ไม่มีอะแดปเตอร์-หัวชาร์จ และสายชาร์จแถมให้ค่ะ | *ไม่มีติดฟิล์ม ไม่มีเคสแถมให้,รับประกันสินค้า 1 เดือน,https://compasia.co.th/collections/all-smartphones/products/ลดพิเศษ-galaxy-s24-ultra
9,ลดพิเศษ Galaxy S24 Ultra,Titanium Gray,512GB,พอใช้,19600,44900,สินค้าจะบรรจุในกล่องของคอมพ์เอเชีย (ไม่ใช่กล่องเดิมของเครื่อง) | *ไม่มีอะแดปเตอร์-หัวชาร์จ และสายชาร์จแถมให้ค่ะ | *ไม่มีติดฟิล์ม ไม่มีเคสแถมให้,รับประกันสินค้า 1 เดือน,https://compasia.co.th/collections/all-smartphones/products/ลดพิเศษ-galaxy-s24-ultra
9,ลดพิเศษ Galaxy S24 Ultra,Titanium Gray,1TB,ดีเยี่ยม,21600,44900,สินค้าจะบรรจุในกล่องของคอมพ์เอเชีย (ไม่ใช่กล่องเดิมของเครื่อง) | *ไม่มีอะแดปเตอร์-หัวชาร์จ และสายชาร์จแถมให้ค่ะ | *ไม่มีติดฟิล์ม ไม่มีเคสแถมให้,รับประกันสินค้า 1 เดือน,https://compasia.co.th/collections/all-smartphones/products/ลดพิเศษ-galaxy-s24-ultra
9,ลดพิเศษ Galaxy S24 Ultra,Titanium Gray,1TB,ดี,21100,44900,สินค้าจะบรรจุในกล่องของคอมพ์เอเชีย (ไม่ใช่กล่องเดิมของเครื่อง) | *ไม่มีอะแดปเตอร์-หัวชาร์จ และสายชาร์จแถมให้ค่ะ | *ไม่มีติดฟิล์ม ไม่มีเคสแถมให้,รับประกันสินค้า 1 เดือน,https://compasia.co.th/collections/all-smartphones/products/ลดพิเศษ-galaxy-s24-ultra
9,ลดพิเศษ Galaxy S24 Ultra,Titanium Gray,1TB,พอใช้,20600,44900,สินค้าจะบรรจุในกล่องของคอมพ์เอเชีย (ไม่ใช่กล่องเดิมของเครื่อง) | *ไม่มีอะแดปเตอร์-หัวชาร์จ และสายชาร์จแถมให้ค่ะ | *ไม่มีติดฟิล์ม ไม่มีเคสแถมให้,รับประกันสินค้า 1 เดือน,https://compasia.co.th/collections/all-smartphones/products/ลดพิเศษ-galaxy-s24-ultra
9,ลดพิเศษ Galaxy S24 Ultra,Titanium Purple,256GB,ดีเยี่ยม,19600,44900,สินค้าจะบรรจุในกล่องของคอมพ์เอเชีย (ไม่ใช่กล่องเดิมของเครื่อง) | *ไม่มีอะแดปเตอร์-หัวชาร์จ และสายชาร์จแถมให้ค่ะ | *ไม่มีติดฟิล์ม ไม่มีเคสแถมให้,รับประกันสินค้า 1 เดือน,https://compasia.co.th/collections/all-smartphones/products/ลดพิเศษ-galaxy-s24-ultra
9,ลดพิเศษ Galaxy S24 Ultra,Titanium Purple,256GB,ดี,19100,44900,สินค้าจะบรรจุในกล่องของคอมพ์เอเชีย (ไม่ใช่กล่องเดิมของเครื่อง) | *ไม่มีอะแดปเตอร์-หัวชาร์จ และสายชาร์จแถมให้ค่ะ | *ไม่มีติดฟิล์ม ไม่มีเคสแถมให้,รับประกันสินค้า 1 เดือน,https://compasia.co.th/collections/all-smartphones/products/ลดพิเศษ-galaxy-s24-ultra
9,ลดพิเศษ Galaxy S24 Ultra,Titanium Purple,256GB,พอใช้,18600,44900,สินค้าจะบรรจุในกล่องของคอมพ์เอเชีย (ไม่ใช่กล่องเดิมของเครื่อง) | *ไม่มีอะแดปเตอร์-หัวชาร์จ และสายชาร์จแถมให้ค่ะ | *ไม่มีติดฟิล์ม ไม่มีเคสแถมให้,รับประกันสินค้า 1 เดือน,https://compasia.co.th/collections/all-smartphones/products/ลดพิเศษ-galaxy-s24-ultra
9,ลดพิเศษ Galaxy S24 Ultra,Titanium Purple,512GB,ดีเยี่ยม,20600,50900,สินค้าจะบรรจุในกล่องของคอมพ์เอเชีย (ไม่ใช่กล่องเดิมของเครื่อง) | *ไม่มีอะแดปเตอร์-หัวชาร์จ และสายชาร์จแถมให้ค่ะ | *ไม่มีติดฟิล์ม ไม่มีเคสแถมให้,รับประกันสินค้า 1 เดือน,https://compasia.co.th/collections/all-smartphones/products/ลดพิเศษ-galaxy-s24-ultra
9,ลดพิเศษ Galaxy S24 Ultra,Titanium Purple,512GB,ดี,20100,44900,สินค้าจะบรรจุในกล่องของคอมพ์เอเชีย (ไม่ใช่กล่องเดิมของเครื่อง) | *ไม่มีอะแดปเตอร์-หัวชาร์จ และสายชาร์จแถมให้ค่ะ | *ไม่มีติดฟิล์ม ไม่มีเคสแถมให้,รับประกันสินค้า 1 เดือน,https://compasia.co.th/collections/all-smartphones/products/ลดพิเศษ-galaxy-s24-ultra
9,ลดพิเศษ Galaxy S24 Ultra,Titanium Purple,512GB,พอใช้,19600,44900,สินค้าจะบรรจุในกล่องของคอมพ์เอเชีย (ไม่ใช่กล่องเดิมของเครื่อง) | *ไม่มีอะแดปเตอร์-หัวชาร์จ และสายชาร์จแถมให้ค่ะ | *ไม่มีติดฟิล์ม ไม่มีเคสแถมให้,รับประกันสินค้า 1 เดือน,https://compasia.co.th/collections/all-smartphones/products/ลดพิเศษ-galaxy-s24-ultra
9,ลดพิเศษ Galaxy S24 Ultra,Titanium Purple,1TB,ดีเยี่ยม,21600,44900,สินค้าจะบรรจุในกล่องของคอมพ์เอเชีย (ไม่ใช่กล่องเดิมของเครื่อง) | *ไม่มีอะแดปเตอร์-หัวชาร์จ และสายชาร์จแถมให้ค่ะ | *ไม่มีติดฟิล์ม ไม่มีเคสแถมให้,รับประกันสินค้า 1 เดือน,https://compasia.co.th/collections/all-smartphones/products/ลดพิเศษ-galaxy-s24-ultra
9,ลดพิเศษ Galaxy S24 Ultra,Titanium Purple,1TB,ดี,21100,44900,สินค้าจะบรรจุในกล่องของคอมพ์เอเชีย (ไม่ใช่กล่องเดิมของเครื่อง) | *ไม่มีอะแดปเตอร์-หัวชาร์จ และสายชาร์จแถมให้ค่ะ | *ไม่มีติดฟิล์ม ไม่มีเคสแถมให้,รับประกันสินค้า 1 เดือน,https://compasia.co.th/collections/all-smartphones/products/ลดพิเศษ-galaxy-s24-ultra
9,ลดพิเศษ Galaxy S24 Ultra,Titanium Purple,1TB,พอใช้,20600,44900,สินค้าจะบรรจุในกล่องของคอมพ์เอเชีย (ไม่ใช่กล่องเดิมของเครื่อง) | *ไม่มีอะแดปเตอร์-หัวชาร์จ และสายชาร์จแถมให้ค่ะ | *ไม่มีติดฟิล์ม ไม่มีเคสแถมให้,รับประกันสินค้า 1 เดือน,https://compasia.co.th/collections/all-smartphones/products/ลดพิเศษ-galaxy-s24-ultra
9,ลดพิเศษ Galaxy S24 Ultra,Titanium Black,256GB,ดีเยี่ยม,19600,44900,สินค้าจะบรรจุในกล่องของคอมพ์เอเชีย (ไม่ใช่กล่องเดิมของเครื่อง) | *ไม่มีอะแดปเตอร์-หัวชาร์จ และสายชาร์จแถมให้ค่ะ | *ไม่มีติดฟิล์ม ไม่มีเคสแถมให้,รับประกันสินค้า 1 เดือน,https://compasia.co.th/collections/all-smartphones/products/ลดพิเศษ-galaxy-s24-ultra
9,ลดพิเศษ Galaxy S24 Ultra,Titanium Black,256GB,ดี,19100,44900,สินค้าจะบรรจุในกล่องของคอมพ์เอเชีย (ไม่ใช่กล่องเดิมของเครื่อง) | *ไม่มีอะแดปเตอร์-หัวชาร์จ และสายชาร์จแถมให้ค่ะ | *ไม่มีติดฟิล์ม ไม่มีเคสแถมให้,รับประกันสินค้า 1 เดือน,https://compasia.co.th/collections/all-smartphones/products/ลดพิเศษ-galaxy-s24-ultra
9,ลดพิเศษ Galaxy S24 Ultra,Titanium Black,256GB,พอใช้,18600,44900,สินค้าจะบรรจุในกล่องของคอมพ์เอเชีย (ไม่ใช่กล่องเดิมของเครื่อง) | *ไม่มีอะแดปเตอร์-หัวชาร์จ และสายชาร์จแถมให้ค่ะ | *ไม่มีติดฟิล์ม ไม่มีเคสแถมให้,รับประกันสินค้า 1 เดือน,https://compasia.co.th/collections/all-smartphones/products/ลดพิเศษ-galaxy-s24-ultra
9,ลดพิเศษ Galaxy S24 Ultra,Titanium Black,512GB,ดีเยี่ยม,20600,50900,สินค้าจะบรรจุในกล่องของคอมพ์เอเชีย (ไม่ใช่กล่องเดิมของเครื่อง) | *ไม่มีอะแดปเตอร์-หัวชาร์จ และสายชาร์จแถมให้ค่ะ | *ไม่มีติดฟิล์ม ไม่มีเคสแถมให้,รับประกันสินค้า 1 เดือน,https://compasia.co.th/collections/all-smartphones/products/ลดพิเศษ-galaxy-s24-ultra
9,ลดพิเศษ Galaxy S24 Ultra,Titanium Black,512GB,ดี,20100,44900,สินค้าจะบรรจุในกล่องของคอมพ์เอเชีย (ไม่ใช่กล่องเดิมของเครื่อง) | *ไม่มีอะแดปเตอร์-หัวชาร์จ และสายชาร์จแถมให้ค่ะ | *ไม่มีติดฟิล์ม ไม่มีเคสแถมให้,รับประกันสินค้า 1 เดือน,https://compasia.co.th/collections/all-smartphones/products/ลดพิเศษ-galaxy-s24-ultra
9,ลดพิเศษ Galaxy S24 Ultra,Titanium Black,512GB,พอใช้,19600,44900,สินค้าจะบรรจุในกล่องของคอมพ์เอเชีย (ไม่ใช่กล่องเดิมของเครื่อง) | *ไม่มีอะแดปเตอร์-หัวชาร์จ และสายชาร์จแถมให้ค่ะ | *ไม่มีติดฟิล์ม ไม่มีเคสแถมให้,รับประกันสินค้า 1 เดือน,https://compasia.co.th/collections/all-smartphones/products/ลดพิเศษ-galaxy-s24-ultra
9,ลดพิเศษ Galaxy S24 Ultra,Titanium Black,1TB,ดีเยี่ยม,21600,44900,สินค้าจะบรรจุในกล่องของคอมพ์เอเชีย (ไม่ใช่กล่องเดิมของเครื่อง) | *ไม่มีอะแดปเตอร์-หัวชาร์จ และสายชาร์จแถมให้ค่ะ | *ไม่มีติดฟิล์ม ไม่มีเคสแถมให้,รับประกันสินค้า 1 เดือน,https://compasia.co.th/collections/all-smartphones/products/ลดพิเศษ-galaxy-s24-ultra
9,ลดพิเศษ Galaxy S24 Ultra,Titanium Black,1TB,ดี,21100,44900,สินค้าจะบรรจุในกล่องของคอมพ์เอเชีย (ไม่ใช่กล่องเดิมของเครื่อง) | *ไม่มีอะแดปเตอร์-หัวชาร์จ และสายชาร์จแถมให้ค่ะ | *ไม่มีติดฟิล์ม ไม่มีเคสแถมให้,รับประกันสินค้า 1 เดือน,https://compasia.co.th/collections/all-smartphones/products/ลดพิเศษ-galaxy-s24-ultra
9,ลดพิเศษ Galaxy S24 Ultra,Titanium Black,1TB,พอใช้,20600,44900,สินค้าจะบรรจุในกล่องของคอมพ์เอเชีย (ไม่ใช่กล่องเดิมของเครื่อง) | *ไม่มีอะแดปเตอร์-หัวชาร์จ และสายชาร์จแถมให้ค่ะ | *ไม่มีติดฟิล์ม ไม่มีเคสแถมให้,รับประกันสินค้า 1 เดือน,https://compasia.co.th/collections/all-smartphones/products/ลดพิเศษ-galaxy-s24-ultra
9,ลดพิเศษ Galaxy S24 Ultra,Titanium Yellow,256GB,ดีเยี่ยม,19600,44900,สินค้าจะบรรจุในกล่องของคอมพ์เอเชีย (ไม่ใช่กล่องเดิมของเครื่อง) | *ไม่มีอะแดปเตอร์-หัวชาร์จ และสายชาร์จแถมให้ค่ะ | *ไม่มีติดฟิล์ม ไม่มีเคสแถมให้,รับประกันสินค้า 1 เดือน,https://compasia.co.th/collections/all-smartphones/products/ลดพิเศษ-galaxy-s24-ultra
9,ลดพิเศษ Galaxy S24 Ultra,Titanium Yellow,256GB,ดี,19100,44900,สินค้าจะบรรจุในกล่องของคอมพ์เอเชีย (ไม่ใช่กล่องเดิมของเครื่อง) | *ไม่มีอะแดปเตอร์-หัวชาร์จ และสายชาร์จแถมให้ค่ะ | *ไม่มีติดฟิล์ม ไม่มีเคสแถมให้,รับประกันสินค้า 1 เดือน,https://compasia.co.th/collections/all-smartphones/products/ลดพิเศษ-galaxy-s24-ultra
9,ลดพิเศษ Galaxy S24 Ultra,Titanium Yellow,256GB,พอใช้,18600,44900,สินค้าจะบรรจุในกล่องของคอมพ์เอเชีย (ไม่ใช่กล่องเดิมของเครื่อง) | *ไม่มีอะแดปเตอร์-หัวชาร์จ และสายชาร์จแถมให้ค่ะ | *ไม่มีติดฟิล์ม ไม่มีเคสแถมให้,รับประกันสินค้า 1 เดือน,https://compasia.co.th/collections/all-smartphones/products/ลดพิเศษ-galaxy-s24-ultra
9,ลดพิเศษ Galaxy S24 Ultra,Titanium Yellow,512GB,ดีเยี่ยม,20600,44900,สินค้าจะบรรจุในกล่องของคอมพ์เอเชีย (ไม่ใช่กล่องเดิมของเครื่อง) | *ไม่มีอะแดปเตอร์-หัวชาร์จ และสายชาร์จแถมให้ค่ะ | *ไม่มีติดฟิล์ม ไม่มีเคสแถมให้,รับประกันสินค้า 1 เดือน,https://compasia.co.th/collections/all-smartphones/products/ลดพิเศษ-galaxy-s24-ultra
9,ลดพิเศษ Galaxy S24 Ultra,Titanium Yellow,512GB,ดี,20100,44900,สินค้าจะบรรจุในกล่องของคอมพ์เอเชีย (ไม่ใช่กล่องเดิมของเครื่อง) | *ไม่มีอะแดปเตอร์-หัวชาร์จ และสายชาร์จแถมให้ค่ะ | *ไม่มีติดฟิล์ม ไม่มีเคสแถมให้,รับประกันสินค้า 1 เดือน,https://compasia.co.th/collections/all-smartphones/products/ลดพิเศษ-galaxy-s24-ultra
9,ลดพิเศษ Galaxy S24 Ultra,Titanium Yellow,512GB,พอใช้,19600,44900,สินค้าจะบรรจุในกล่องของคอมพ์เอเชีย (ไม่ใช่กล่องเดิมของเครื่อง) | *ไม่มีอะแดปเตอร์-หัวชาร์จ และสายชาร์จแถมให้ค่ะ | *ไม่มีติดฟิล์ม ไม่มีเคสแถมให้,รับประกันสินค้า 1 เดือน,https://compasia.co.th/collections/all-smartphones/products/ลดพิเศษ-galaxy-s24-ultra
9,ลดพิเศษ Galaxy S24 Ultra,Titanium Yellow,1TB,ดีเยี่ยม,21600,44900,สินค้าจะบรรจุในกล่องของคอมพ์เอเชีย (ไม่ใช่กล่องเดิมของเครื่อง) | *ไม่มีอะแดปเตอร์-หัวชาร์จ และสายชาร์จแถมให้ค่ะ | *ไม่มีติดฟิล์ม ไม่มีเคสแถมให้,รับประกันสินค้า 1 เดือน,https://compasia.co.th/collections/all-smartphones/products/ลดพิเศษ-galaxy-s24-ultra
9,ลดพิเศษ Galaxy S24 Ultra,Titanium Yellow,1TB,ดี,21100,44900,สินค้าจะบรรจุในกล่องของคอมพ์เอเชีย (ไม่ใช่กล่องเดิมของเครื่อง) | *ไม่มีอะแดปเตอร์-หัวชาร์จ และสายชาร์จแถมให้ค่ะ | *ไม่มีติดฟิล์ม ไม่มีเคสแถมให้,รับประกันสินค้า 1 เดือน,https://compasia.co.th/collections/all-smartphones/products/ลดพิเศษ-galaxy-s24-ultra
9,ลดพิเศษ Galaxy S24 Ultra,Titanium Yellow,1TB,พอใช้,20600,44900,สินค้าจะบรรจุในกล่องของคอมพ์เอเชีย (ไม่ใช่กล่องเดิมของเครื่อง) | *ไม่มีอะแดปเตอร์-หัวชาร์จ และสายชาร์จแถมให้ค่ะ | *ไม่มีติดฟิล์ม ไม่มีเคสแถมให้,รับประกันสินค้า 1 เดือน,https://compasia.co.th/collections/all-smartphones/products/ลดพิเศษ-galaxy-s24-ultra
9,ลดพิเศษ Galaxy S24 Ultra,Titanium Blue,256GB,ดีเยี่ยม,19600,44900,สินค้าจะบรรจุในกล่องของคอมพ์เอเชีย (ไม่ใช่กล่องเดิมของเครื่อง) | *ไม่มีอะแดปเตอร์-หัวชาร์จ และสายชาร์จแถมให้ค่ะ | *ไม่มีติดฟิล์ม ไม่มีเคสแถมให้,รับประกันสินค้า 1 เดือน,https://compasia.co.th/collections/all-smartphones/products/ลดพิเศษ-galaxy-s24-ultra
9,ลดพิเศษ Galaxy S24 Ultra,Titanium Blue,256GB,ดี,19100,44900,สินค้าจะบรรจุในกล่องของคอมพ์เอเชีย (ไม่ใช่กล่องเดิมของเครื่อง) | *ไม่มีอะแดปเตอร์-หัวชาร์จ และสายชาร์จแถมให้ค่ะ | *ไม่มีติดฟิล์ม ไม่มีเคสแถมให้,รับประกันสินค้า 1 เดือน,https://compasia.co.th/collections/all-smartphones/products/ลดพิเศษ-galaxy-s24-ultra
9,ลดพิเศษ Galaxy S24 Ultra,Titanium Blue,256GB,พอใช้,18600,44900,สินค้าจะบรรจุในกล่องของคอมพ์เอเชีย (ไม่ใช่กล่องเดิมของเครื่อง) | *ไม่มีอะแดปเตอร์-หัวชาร์จ และสายชาร์จแถมให้ค่ะ | *ไม่มีติดฟิล์ม ไม่มีเคสแถมให้,รับประกันสินค้า 1 เดือน,https://compasia.co.th/collections/all-smartphones/products/ลดพิเศษ-galaxy-s24-ultra
9,ลดพิเศษ Galaxy S24 Ultra,Titanium Blue,512GB,ดีเยี่ยม,20600,44900,สินค้าจะบรรจุในกล่องของคอมพ์เอเชีย (ไม่ใช่กล่องเดิมของเครื่อง) | *ไม่มีอะแดปเตอร์-หัวชาร์จ และสายชาร์จแถมให้ค่ะ | *ไม่มีติดฟิล์ม ไม่มีเคสแถมให้,รับประกันสินค้า 1 เดือน,https://compasia.co.th/collections/all-smartphones/products/ลดพิเศษ-galaxy-s24-ultra
9,ลดพิเศษ Galaxy S24 Ultra,Titanium Blue,512GB,ดี,20100,44900,สินค้าจะบรรจุในกล่องของคอมพ์เอเชีย (ไม่ใช่กล่องเดิมของเครื่อง) | *ไม่มีอะแดปเตอร์-หัวชาร์จ และสายชาร์จแถมให้ค่ะ | *ไม่มีติดฟิล์ม ไม่มีเคสแถมให้,รับประกันสินค้า 1 เดือน,https://compasia.co.th/collections/all-smartphones/products/ลดพิเศษ-galaxy-s24-ultra
9,ลดพิเศษ Galaxy S24 Ultra,Titanium Blue,512GB,พอใช้,19600,44900,สินค้าจะบรรจุในกล่องของคอมพ์เอเชีย (ไม่ใช่กล่องเดิมของเครื่อง) | *ไม่มีอะแดปเตอร์-หัวชาร์จ และสายชาร์จแถมให้ค่ะ | *ไม่มีติดฟิล์ม ไม่มีเคสแถมให้,รับประกันสินค้า 1 เดือน,https://compasia.co.th/collections/all-smartphones/products/ลดพิเศษ-galaxy-s24-ultra
9,ลดพิเศษ Galaxy S24 Ultra,Titanium Blue,1TB,ดีเยี่ยม,21600,44900,สินค้าจะบรรจุในกล่องของคอมพ์เอเชีย (ไม่ใช่กล่องเดิมของเครื่อง) | *ไม่มีอะแดปเตอร์-หัวชาร์จ และสายชาร์จแถมให้ค่ะ | *ไม่มีติดฟิล์ม ไม่มีเคสแถมให้,รับประกันสินค้า 1 เดือน,https://compasia.co.th/collections/all-smartphones/products/ลดพิเศษ-galaxy-s24-ultra
9,ลดพิเศษ Galaxy S24 Ultra,Titanium Blue,1TB,ดี,21100,44900,สินค้าจะบรรจุในกล่องของคอมพ์เอเชีย (ไม่ใช่กล่องเดิมของเครื่อง) | *ไม่มีอะแดปเตอร์-หัวชาร์จ และสายชาร์จแถมให้ค่ะ | *ไม่มีติดฟิล์ม ไม่มีเคสแถมให้,รับประกันสินค้า 1 เดือน,https://compasia.co.th/collections/all-smartphones/products/ลดพิเศษ-galaxy-s24-ultra
9,ลดพิเศษ Galaxy S24 Ultra,Titanium Blue,1TB,พอใช้,20600,44900,สินค้าจะบรรจุในกล่องของคอมพ์เอเชีย (ไม่ใช่กล่องเดิมของเครื่อง) | *ไม่มีอะแดปเตอร์-หัวชาร์จ และสายชาร์จแถมให้ค่ะ | *ไม่มีติดฟิล์ม ไม่มีเคสแถมให้,รับประกันสินค้า 1 เดือน,https://compasia.co.th/collections/all-smartphones/products/ลดพิเศษ-galaxy-s24-ultra
9,ลดพิเศษ Galaxy S24 Ultra,Titanium Green,256GB,ดีเยี่ยม,19600,44900,สินค้าจะบรรจุในกล่องของคอมพ์เอเชีย (ไม่ใช่กล่องเดิมของเครื่อง) | *ไม่มีอะแดปเตอร์-หัวชาร์จ และสายชาร์จแถมให้ค่ะ | *ไม่มีติดฟิล์ม ไม่มีเคสแถมให้,รับประกันสินค้า 1 เดือน,https://compasia.co.th/collections/all-smartphones/products/ลดพิเศษ-galaxy-s24-ultra
9,ลดพิเศษ Galaxy S24 Ultra,Titanium Green,256GB,ดี,19100,44900,สินค้าจะบรรจุในกล่องของคอมพ์เอเชีย (ไม่ใช่กล่องเดิมของเครื่อง) | *ไม่มีอะแดปเตอร์-หัวชาร์จ และสายชาร์จแถมให้ค่ะ | *ไม่มีติดฟิล์ม ไม่มีเคสแถมให้,รับประกันสินค้า 1 เดือน,https://compasia.co.th/collections/all-smartphones/products/ลดพิเศษ-galaxy-s24-ultra
9,ลดพิเศษ Galaxy S24 Ultra,Titanium Green,256GB,พอใช้,18600,44900,สินค้าจะบรรจุในกล่องของคอมพ์เอเชีย (ไม่ใช่กล่องเดิมของเครื่อง) | *ไม่มีอะแดปเตอร์-หัวชาร์จ และสายชาร์จแถมให้ค่ะ | *ไม่มีติดฟิล์ม ไม่มีเคสแถมให้,รับประกันสินค้า 1 เดือน,https://compasia.co.th/collections/all-smartphones/products/ลดพิเศษ-galaxy-s24-ultra
9,ลดพิเศษ Galaxy S24 Ultra,Titanium Green,512GB,ดีเยี่ยม,20600,44900,สินค้าจะบรรจุในกล่องของคอมพ์เอเชีย (ไม่ใช่กล่องเดิมของเครื่อง) | *ไม่มีอะแดปเตอร์-หัวชาร์จ และสายชาร์จแถมให้ค่ะ | *ไม่มีติดฟิล์ม ไม่มีเคสแถมให้,รับประกันสินค้า 1 เดือน,https://compasia.co.th/collections/all-smartphones/products/ลดพิเศษ-galaxy-s24-ultra
9,ลดพิเศษ Galaxy S24 Ultra,Titanium Green,512GB,ดี,20100,44900,สินค้าจะบรรจุในกล่องของคอมพ์เอเชีย (ไม่ใช่กล่องเดิมของเครื่อง) | *ไม่มีอะแดปเตอร์-หัวชาร์จ และสายชาร์จแถมให้ค่ะ | *ไม่มีติดฟิล์ม ไม่มีเคสแถมให้,รับประกันสินค้า 1 เดือน,https://compasia.co.th/collections/all-smartphones/products/ลดพิเศษ-galaxy-s24-ultra
9,ลดพิเศษ Galaxy S24 Ultra,Titanium Green,512GB,พอใช้,19600,44900,สินค้าจะบรรจุในกล่องของคอมพ์เอเชีย (ไม่ใช่กล่องเดิมของเครื่อง) | *ไม่มีอะแดปเตอร์-หัวชาร์จ และสายชาร์จแถมให้ค่ะ | *ไม่มีติดฟิล์ม ไม่มีเคสแถมให้,รับประกันสินค้า 1 เดือน,https://compasia.co.th/collections/all-smartphones/products/ลดพิเศษ-galaxy-s24-ultra
9,ลดพิเศษ Galaxy S24 Ultra,Titanium Green,1TB,ดีเยี่ยม,21600,44900,สินค้าจะบรรจุในกล่องของคอมพ์เอเชีย (ไม่ใช่กล่องเดิมของเครื่อง) | *ไม่มีอะแดปเตอร์-หัวชาร์จ และสายชาร์จแถมให้ค่ะ | *ไม่มีติดฟิล์ม ไม่มีเคสแถมให้,รับประกันสินค้า 1 เดือน,https://compasia.co.th/collections/all-smartphones/products/ลดพิเศษ-galaxy-s24-ultra
9,ลดพิเศษ Galaxy S24 Ultra,Titanium Green,1TB,ดี,21100,44900,สินค้าจะบรรจุในกล่องของคอมพ์เอเชีย (ไม่ใช่กล่องเดิมของเครื่อง) | *ไม่มีอะแดปเตอร์-หัวชาร์จ และสายชาร์จแถมให้ค่ะ | *ไม่มีติดฟิล์ม ไม่มีเคสแถมให้,รับประกันสินค้า 1 เดือน,https://compasia.co.th/collections/all-smartphones/products/ลดพิเศษ-galaxy-s24-ultra
9,ลดพิเศษ Galaxy S24 Ultra,Titanium Green,1TB,พอใช้,20600,44900,สินค้าจะบรรจุในกล่องของคอมพ์เอเชีย (ไม่ใช่กล่องเดิมของเครื่อง) | *ไม่มีอะแดปเตอร์-หัวชาร์จ และสายชาร์จแถมให้ค่ะ | *ไม่มีติดฟิล์ม ไม่มีเคสแถมให้,รับประกันสินค้า 1 เดือน,https://compasia.co.th/collections/all-smartphones/products/ลดพิเศษ-galaxy-s24-ultra
9,ลดพิเศษ Galaxy S24 Ultra,Titanium Orange,256GB,ดีเยี่ยม,19600,44900,สินค้าจะบรรจุในกล่องของคอมพ์เอเชีย (ไม่ใช่กล่องเดิมของเครื่อง) | *ไม่มีอะแดปเตอร์-หัวชาร์จ และสายชาร์จแถมให้ค่ะ | *ไม่มีติดฟิล์ม ไม่มีเคสแถมให้,รับประกันสินค้า 1 เดือน,https://compasia.co.th/collections/all-smartphones/products/ลดพิเศษ-galaxy-s24-ultra
9,ลดพิเศษ Galaxy S24 Ultra,Titanium Orange,256GB,ดี,19100,44900,สินค้าจะบรรจุในกล่องของคอมพ์เอเชีย (ไม่ใช่กล่องเดิมของเครื่อง) | *ไม่มีอะแดปเตอร์-หัวชาร์จ และสายชาร์จแถมให้ค่ะ | *ไม่มีติดฟิล์ม ไม่มีเคสแถมให้,รับประกันสินค้า 1 เดือน,https://compasia.co.th/collections/all-smartphones/products/ลดพิเศษ-galaxy-s24-ultra
9,ลดพิเศษ Galaxy S24 Ultra,Titanium Orange,256GB,พอใช้,18600,44900,สินค้าจะบรรจุในกล่องของคอมพ์เอเชีย (ไม่ใช่กล่องเดิมของเครื่อง) | *ไม่มีอะแดปเตอร์-หัวชาร์จ และสายชาร์จแถมให้ค่ะ | *ไม่มีติดฟิล์ม ไม่มีเคสแถมให้,รับประกันสินค้า 1 เดือน,https://compasia.co.th/collections/all-smartphones/products/ลดพิเศษ-galaxy-s24-ultra
9,ลดพิเศษ Galaxy S24 Ultra,Titanium Orange,512GB,ดีเยี่ยม,20600,44900,สินค้าจะบรรจุในกล่องของคอมพ์เอเชีย (ไม่ใช่กล่องเดิมของเครื่อง) | *ไม่มีอะแดปเตอร์-หัวชาร์จ และสายชาร์จแถมให้ค่ะ | *ไม่มีติดฟิล์ม ไม่มีเคสแถมให้,รับประกันสินค้า 1 เดือน,https://compasia.co.th/collections/all-smartphones/products/ลดพิเศษ-galaxy-s24-ultra
9,ลดพิเศษ Galaxy S24 Ultra,Titanium Orange,512GB,ดี,20100,44900,สินค้าจะบรรจุในกล่องของคอมพ์เอเชีย (ไม่ใช่กล่องเดิมของเครื่อง) | *ไม่มีอะแดปเตอร์-หัวชาร์จ และสายชาร์จแถมให้ค่ะ | *ไม่มีติดฟิล์ม ไม่มีเคสแถมให้,รับประกันสินค้า 1 เดือน,https://compasia.co.th/collections/all-smartphones/products/ลดพิเศษ-galaxy-s24-ultra
9,ลดพิเศษ Galaxy S24 Ultra,Titanium Orange,512GB,พอใช้,19600,44900,สินค้าจะบรรจุในกล่องของคอมพ์เอเชีย (ไม่ใช่กล่องเดิมของเครื่อง) | *ไม่มีอะแดปเตอร์-หัวชาร์จ และสายชาร์จแถมให้ค่ะ | *ไม่มีติดฟิล์ม ไม่มีเคสแถมให้,รับประกันสินค้า 1 เดือน,https://compasia.co.th/collections/all-smartphones/products/ลดพิเศษ-galaxy-s24-ultra
9,ลดพิเศษ Galaxy S24 Ultra,Titanium Orange,1TB,ดีเยี่ยม,21600,44900,สินค้าจะบรรจุในกล่องของคอมพ์เอเชีย (ไม่ใช่กล่องเดิมของเครื่อง) | *ไม่มีอะแดปเตอร์-หัวชาร์จ และสายชาร์จแถมให้ค่ะ | *ไม่มีติดฟิล์ม ไม่มีเคสแถมให้,รับประกันสินค้า 1 เดือน,https://compasia.co.th/collections/all-smartphones/products/ลดพิเศษ-galaxy-s24-ultra
9,ลดพิเศษ Galaxy S24 Ultra,Titanium Orange,1TB,ดี,21100,44900,สินค้าจะบรรจุในกล่องของคอมพ์เอเชีย (ไม่ใช่กล่องเดิมของเครื่อง) | *ไม่มีอะแดปเตอร์-หัวชาร์จ และสายชาร์จแถมให้ค่ะ | *ไม่มีติดฟิล์ม ไม่มีเคสแถมให้,รับประกันสินค้า 1 เดือน,https://compasia.co.th/collections/all-smartphones/products/ลดพิเศษ-galaxy-s24-ultra
9,ลดพิเศษ Galaxy S24 Ultra,Titanium Orange,1TB,พอใช้,20600,44900,สินค้าจะบรรจุในกล่องของคอมพ์เอเชีย (ไม่ใช่กล่องเดิมของเครื่อง) | *ไม่มีอะแดปเตอร์-หัวชาร์จ และสายชาร์จแถมให้ค่ะ | *ไม่มีติดฟิล์ม ไม่มีเคสแถมให้,รับประกันสินค้า 1 เดือน,https://compasia.co.th/collections/all-smartphones/products/ลดพิเศษ-galaxy-s24-ultra
10,iPhone 15,Pink,128GB,ดีเยี่ยม,17500,-,สินค้าจะบรรจุในกล่องของคอมพ์เอเชีย (ไม่ใช่กล่องเดิมของเครื่อง) | *ไม่มีอะแดปเตอร์-หัวชาร์จ และสายชาร์จแถมให้ค่ะ | *ไม่มีติดฟิล์ม ไม่มีเคสแถมให้,รับประกันสินค้า 1 เดือน,https://compasia.co.th/collections/all-smartphones/products/payday❤️‍🔥-iphone-15
10,iPhone 15,Pink,128GB,ดี,17000,-,สินค้าจะบรรจุในกล่องของคอมพ์เอเชีย (ไม่ใช่กล่องเดิมของเครื่อง) | *ไม่มีอะแดปเตอร์-หัวชาร์จ และสายชาร์จแถมให้ค่ะ | *ไม่มีติดฟิล์ม ไม่มีเคสแถมให้,รับประกันสินค้า 1 เดือน,https://compasia.co.th/collections/all-smartphones/products/payday❤️‍🔥-iphone-15
10,iPhone 15,Pink,128GB,พอใช้,16500,-,สินค้าจะบรรจุในกล่องของคอมพ์เอเชีย (ไม่ใช่กล่องเดิมของเครื่อง) | *ไม่มีอะแดปเตอร์-หัวชาร์จ และสายชาร์จแถมให้ค่ะ | *ไม่มีติดฟิล์ม ไม่มีเคสแถมให้,รับประกันสินค้า 1 เดือน,https://compasia.co.th/collections/all-smartphones/products/payday❤️‍🔥-iphone-15
10,iPhone 15,Pink,256GB,ดีเยี่ยม,18500,-,สินค้าจะบรรจุในกล่องของคอมพ์เอเชีย (ไม่ใช่กล่องเดิมของเครื่อง) | *ไม่มีอะแดปเตอร์-หัวชาร์จ และสายชาร์จแถมให้ค่ะ | *ไม่มีติดฟิล์ม ไม่มีเคสแถมให้,รับประกันสินค้า 1 เดือน,https://compasia.co.th/collections/all-smartphones/products/payday❤️‍🔥-iphone-15
10,iPhone 15,Pink,256GB,ดี,18000,-,สินค้าจะบรรจุในกล่องของคอมพ์เอเชีย (ไม่ใช่กล่องเดิมของเครื่อง) | *ไม่มีอะแดปเตอร์-หัวชาร์จ และสายชาร์จแถมให้ค่ะ | *ไม่มีติดฟิล์ม ไม่มีเคสแถมให้,รับประกันสินค้า 1 เดือน,https://compasia.co.th/collections/all-smartphones/products/payday❤️‍🔥-iphone-15
10,iPhone 15,Pink,256GB,พอใช้,17500,-,สินค้าจะบรรจุในกล่องของคอมพ์เอเชีย (ไม่ใช่กล่องเดิมของเครื่อง) | *ไม่มีอะแดปเตอร์-หัวชาร์จ และสายชาร์จแถมให้ค่ะ | *ไม่มีติดฟิล์ม ไม่มีเคสแถมให้,รับประกันสินค้า 1 เดือน,https://compasia.co.th/collections/all-smartphones/products/payday❤️‍🔥-iphone-15
10,iPhone 15,Pink,512GB,ดีเยี่ยม,19500,-,สินค้าจะบรรจุในกล่องของคอมพ์เอเชีย (ไม่ใช่กล่องเดิมของเครื่อง) | *ไม่มีอะแดปเตอร์-หัวชาร์จ และสายชาร์จแถมให้ค่ะ | *ไม่มีติดฟิล์ม ไม่มีเคสแถมให้,รับประกันสินค้า 1 เดือน,https://compasia.co.th/collections/all-smartphones/products/payday❤️‍🔥-iphone-15
10,iPhone 15,Pink,512GB,ดี,19000,-,สินค้าจะบรรจุในกล่องของคอมพ์เอเชีย (ไม่ใช่กล่องเดิมของเครื่อง) | *ไม่มีอะแดปเตอร์-หัวชาร์จ และสายชาร์จแถมให้ค่ะ | *ไม่มีติดฟิล์ม ไม่มีเคสแถมให้,รับประกันสินค้า 1 เดือน,https://compasia.co.th/collections/all-smartphones/products/payday❤️‍🔥-iphone-15
10,iPhone 15,Pink,512GB,พอใช้,18500,-,สินค้าจะบรรจุในกล่องของคอมพ์เอเชีย (ไม่ใช่กล่องเดิมของเครื่อง) | *ไม่มีอะแดปเตอร์-หัวชาร์จ และสายชาร์จแถมให้ค่ะ | *ไม่มีติดฟิล์ม ไม่มีเคสแถมให้,รับประกันสินค้า 1 เดือน,https://compasia.co.th/collections/all-smartphones/products/payday❤️‍🔥-iphone-15
10,iPhone 15,Black,128GB,ดีเยี่ยม,17500,-,สินค้าจะบรรจุในกล่องของคอมพ์เอเชีย (ไม่ใช่กล่องเดิมของเครื่อง) | *ไม่มีอะแดปเตอร์-หัวชาร์จ และสายชาร์จแถมให้ค่ะ | *ไม่มีติดฟิล์ม ไม่มีเคสแถมให้,รับประกันสินค้า 1 เดือน,https://compasia.co.th/collections/all-smartphones/products/payday❤️‍🔥-iphone-15
10,iPhone 15,Black,128GB,ดี,17000,-,สินค้าจะบรรจุในกล่องของคอมพ์เอเชีย (ไม่ใช่กล่องเดิมของเครื่อง) | *ไม่มีอะแดปเตอร์-หัวชาร์จ และสายชาร์จแถมให้ค่ะ | *ไม่มีติดฟิล์ม ไม่มีเคสแถมให้,รับประกันสินค้า 1 เดือน,https://compasia.co.th/collections/all-smartphones/products/payday❤️‍🔥-iphone-15
10,iPhone 15,Black,128GB,พอใช้,16500,-,สินค้าจะบรรจุในกล่องของคอมพ์เอเชีย (ไม่ใช่กล่องเดิมของเครื่อง) | *ไม่มีอะแดปเตอร์-หัวชาร์จ และสายชาร์จแถมให้ค่ะ | *ไม่มีติดฟิล์ม ไม่มีเคสแถมให้,รับประกันสินค้า 1 เดือน,https://compasia.co.th/collections/all-smartphones/products/payday❤️‍🔥-iphone-15
10,iPhone 15,Black,256GB,ดีเยี่ยม,18500,-,สินค้าจะบรรจุในกล่องของคอมพ์เอเชีย (ไม่ใช่กล่องเดิมของเครื่อง) | *ไม่มีอะแดปเตอร์-หัวชาร์จ และสายชาร์จแถมให้ค่ะ | *ไม่มีติดฟิล์ม ไม่มีเคสแถมให้,รับประกันสินค้า 1 เดือน,https://compasia.co.th/collections/all-smartphones/products/payday❤️‍🔥-iphone-15
10,iPhone 15,Black,256GB,ดี,18000,-,สินค้าจะบรรจุในกล่องของคอมพ์เอเชีย (ไม่ใช่กล่องเดิมของเครื่อง) | *ไม่มีอะแดปเตอร์-หัวชาร์จ และสายชาร์จแถมให้ค่ะ | *ไม่มีติดฟิล์ม ไม่มีเคสแถมให้,รับประกันสินค้า 1 เดือน,https://compasia.co.th/collections/all-smartphones/products/payday❤️‍🔥-iphone-15
10,iPhone 15,Black,256GB,พอใช้,17500,-,สินค้าจะบรรจุในกล่องของคอมพ์เอเชีย (ไม่ใช่กล่องเดิมของเครื่อง) | *ไม่มีอะแดปเตอร์-หัวชาร์จ และสายชาร์จแถมให้ค่ะ | *ไม่มีติดฟิล์ม ไม่มีเคสแถมให้,รับประกันสินค้า 1 เดือน,https://compasia.co.th/collections/all-smartphones/products/payday❤️‍🔥-iphone-15
10,iPhone 15,Black,512GB,ดีเยี่ยม,19500,-,สินค้าจะบรรจุในกล่องของคอมพ์เอเชีย (ไม่ใช่กล่องเดิมของเครื่อง) | *ไม่มีอะแดปเตอร์-หัวชาร์จ และสายชาร์จแถมให้ค่ะ | *ไม่มีติดฟิล์ม ไม่มีเคสแถมให้,รับประกันสินค้า 1 เดือน,https://compasia.co.th/collections/all-smartphones/products/payday❤️‍🔥-iphone-15
10,iPhone 15,Black,512GB,ดี,19000,-,สินค้าจะบรรจุในกล่องของคอมพ์เอเชีย (ไม่ใช่กล่องเดิมของเครื่อง) | *ไม่มีอะแดปเตอร์-หัวชาร์จ และสายชาร์จแถมให้ค่ะ | *ไม่มีติดฟิล์ม ไม่มีเคสแถมให้,รับประกันสินค้า 1 เดือน,https://compasia.co.th/collections/all-smartphones/products/payday❤️‍🔥-iphone-15
10,iPhone 15,Black,512GB,พอใช้,18500,-,สินค้าจะบรรจุในกล่องของคอมพ์เอเชีย (ไม่ใช่กล่องเดิมของเครื่อง) | *ไม่มีอะแดปเตอร์-หัวชาร์จ และสายชาร์จแถมให้ค่ะ | *ไม่มีติดฟิล์ม ไม่มีเคสแถมให้,รับประกันสินค้า 1 เดือน,https://compasia.co.th/collections/all-smartphones/products/payday❤️‍🔥-iphone-15
10,iPhone 15,Blue,128GB,ดีเยี่ยม,17500,-,สินค้าจะบรรจุในกล่องของคอมพ์เอเชีย (ไม่ใช่กล่องเดิมของเครื่อง) | *ไม่มีอะแดปเตอร์-หัวชาร์จ และสายชาร์จแถมให้ค่ะ | *ไม่มีติดฟิล์ม ไม่มีเคสแถมให้,รับประกันสินค้า 1 เดือน,https://compasia.co.th/collections/all-smartphones/products/payday❤️‍🔥-iphone-15
10,iPhone 15,Blue,128GB,ดี,17000,-,สินค้าจะบรรจุในกล่องของคอมพ์เอเชีย (ไม่ใช่กล่องเดิมของเครื่อง) | *ไม่มีอะแดปเตอร์-หัวชาร์จ และสายชาร์จแถมให้ค่ะ | *ไม่มีติดฟิล์ม ไม่มีเคสแถมให้,รับประกันสินค้า 1 เดือน,https://compasia.co.th/collections/all-smartphones/products/payday❤️‍🔥-iphone-15
10,iPhone 15,Blue,128GB,พอใช้,16500,-,สินค้าจะบรรจุในกล่องของคอมพ์เอเชีย (ไม่ใช่กล่องเดิมของเครื่อง) | *ไม่มีอะแดปเตอร์-หัวชาร์จ และสายชาร์จแถมให้ค่ะ | *ไม่มีติดฟิล์ม ไม่มีเคสแถมให้,รับประกันสินค้า 1 เดือน,https://compasia.co.th/collections/all-smartphones/products/payday❤️‍🔥-iphone-15
10,iPhone 15,Blue,256GB,ดีเยี่ยม,18500,-,สินค้าจะบรรจุในกล่องของคอมพ์เอเชีย (ไม่ใช่กล่องเดิมของเครื่อง) | *ไม่มีอะแดปเตอร์-หัวชาร์จ และสายชาร์จแถมให้ค่ะ | *ไม่มีติดฟิล์ม ไม่มีเคสแถมให้,รับประกันสินค้า 1 เดือน,https://compasia.co.th/collections/all-smartphones/products/payday❤️‍🔥-iphone-15
10,iPhone 15,Blue,256GB,ดี,18000,-,สินค้าจะบรรจุในกล่องของคอมพ์เอเชีย (ไม่ใช่กล่องเดิมของเครื่อง) | *ไม่มีอะแดปเตอร์-หัวชาร์จ และสายชาร์จแถมให้ค่ะ | *ไม่มีติดฟิล์ม ไม่มีเคสแถมให้,รับประกันสินค้า 1 เดือน,https://compasia.co.th/collections/all-smartphones/products/payday❤️‍🔥-iphone-15
10,iPhone 15,Blue,256GB,พอใช้,17500,-,สินค้าจะบรรจุในกล่องของคอมพ์เอเชีย (ไม่ใช่กล่องเดิมของเครื่อง) | *ไม่มีอะแดปเตอร์-หัวชาร์จ และสายชาร์จแถมให้ค่ะ | *ไม่มีติดฟิล์ม ไม่มีเคสแถมให้,รับประกันสินค้า 1 เดือน,https://compasia.co.th/collections/all-smartphones/products/payday❤️‍🔥-iphone-15
10,iPhone 15,Blue,512GB,ดีเยี่ยม,19500,-,สินค้าจะบรรจุในกล่องของคอมพ์เอเชีย (ไม่ใช่กล่องเดิมของเครื่อง) | *ไม่มีอะแดปเตอร์-หัวชาร์จ และสายชาร์จแถมให้ค่ะ | *ไม่มีติดฟิล์ม ไม่มีเคสแถมให้,รับประกันสินค้า 1 เดือน,https://compasia.co.th/collections/all-smartphones/products/payday❤️‍🔥-iphone-15
10,iPhone 15,Blue,512GB,ดี,19000,-,สินค้าจะบรรจุในกล่องของคอมพ์เอเชีย (ไม่ใช่กล่องเดิมของเครื่อง) | *ไม่มีอะแดปเตอร์-หัวชาร์จ และสายชาร์จแถมให้ค่ะ | *ไม่มีติดฟิล์ม ไม่มีเคสแถมให้,รับประกันสินค้า 1 เดือน,https://compasia.co.th/collections/all-smartphones/products/payday❤️‍🔥-iphone-15
10,iPhone 15,Blue,512GB,พอใช้,18500,-,สินค้าจะบรรจุในกล่องของคอมพ์เอเชีย (ไม่ใช่กล่องเดิมของเครื่อง) | *ไม่มีอะแดปเตอร์-หัวชาร์จ และสายชาร์จแถมให้ค่ะ | *ไม่มีติดฟิล์ม ไม่มีเคสแถมให้,รับประกันสินค้า 1 เดือน,https://compasia.co.th/collections/all-smartphones/products/payday❤️‍🔥-iphone-15
10,iPhone 15,Green,128GB,ดีเยี่ยม,17500,-,สินค้าจะบรรจุในกล่องของคอมพ์เอเชีย (ไม่ใช่กล่องเดิมของเครื่อง) | *ไม่มีอะแดปเตอร์-หัวชาร์จ และสายชาร์จแถมให้ค่ะ | *ไม่มีติดฟิล์ม ไม่มีเคสแถมให้,รับประกันสินค้า 1 เดือน,https://compasia.co.th/collections/all-smartphones/products/payday❤️‍🔥-iphone-15
10,iPhone 15,Green,128GB,ดี,17000,-,สินค้าจะบรรจุในกล่องของคอมพ์เอเชีย (ไม่ใช่กล่องเดิมของเครื่อง) | *ไม่มีอะแดปเตอร์-หัวชาร์จ และสายชาร์จแถมให้ค่ะ | *ไม่มีติดฟิล์ม ไม่มีเคสแถมให้,รับประกันสินค้า 1 เดือน,https://compasia.co.th/collections/all-smartphones/products/payday❤️‍🔥-iphone-15
10,iPhone 15,Green,128GB,พอใช้,16500,-,สินค้าจะบรรจุในกล่องของคอมพ์เอเชีย (ไม่ใช่กล่องเดิมของเครื่อง) | *ไม่มีอะแดปเตอร์-หัวชาร์จ และสายชาร์จแถมให้ค่ะ | *ไม่มีติดฟิล์ม ไม่มีเคสแถมให้,รับประกันสินค้า 1 เดือน,https://compasia.co.th/collections/all-smartphones/products/payday❤️‍🔥-iphone-15
10,iPhone 15,Green,256GB,ดีเยี่ยม,18500,-,สินค้าจะบรรจุในกล่องของคอมพ์เอเชีย (ไม่ใช่กล่องเดิมของเครื่อง) | *ไม่มีอะแดปเตอร์-หัวชาร์จ และสายชาร์จแถมให้ค่ะ | *ไม่มีติดฟิล์ม ไม่มีเคสแถมให้,รับประกันสินค้า 1 เดือน,https://compasia.co.th/collections/all-smartphones/products/payday❤️‍🔥-iphone-15
10,iPhone 15,Green,256GB,ดี,18000,-,สินค้าจะบรรจุในกล่องของคอมพ์เอเชีย (ไม่ใช่กล่องเดิมของเครื่อง) | *ไม่มีอะแดปเตอร์-หัวชาร์จ และสายชาร์จแถมให้ค่ะ | *ไม่มีติดฟิล์ม ไม่มีเคสแถมให้,รับประกันสินค้า 1 เดือน,https://compasia.co.th/collections/all-smartphones/products/payday❤️‍🔥-iphone-15
10,iPhone 15,Green,256GB,พอใช้,17500,-,สินค้าจะบรรจุในกล่องของคอมพ์เอเชีย (ไม่ใช่กล่องเดิมของเครื่อง) | *ไม่มีอะแดปเตอร์-หัวชาร์จ และสายชาร์จแถมให้ค่ะ | *ไม่มีติดฟิล์ม ไม่มีเคสแถมให้,รับประกันสินค้า 1 เดือน,https://compasia.co.th/collections/all-smartphones/products/payday❤️‍🔥-iphone-15
10,iPhone 15,Green,512GB,ดีเยี่ยม,19500,-,สินค้าจะบรรจุในกล่องของคอมพ์เอเชีย (ไม่ใช่กล่องเดิมของเครื่อง) | *ไม่มีอะแดปเตอร์-หัวชาร์จ และสายชาร์จแถมให้ค่ะ | *ไม่มีติดฟิล์ม ไม่มีเคสแถมให้,รับประกันสินค้า 1 เดือน,https://compasia.co.th/collections/all-smartphones/products/payday❤️‍🔥-iphone-15
10,iPhone 15,Green,512GB,ดี,19000,-,สินค้าจะบรรจุในกล่องของคอมพ์เอเชีย (ไม่ใช่กล่องเดิมของเครื่อง) | *ไม่มีอะแดปเตอร์-หัวชาร์จ และสายชาร์จแถมให้ค่ะ | *ไม่มีติดฟิล์ม ไม่มีเคสแถมให้,รับประกันสินค้า 1 เดือน,https://compasia.co.th/collections/all-smartphones/products/payday❤️‍🔥-iphone-15
10,iPhone 15,Green,512GB,พอใช้,18500,-,สินค้าจะบรรจุในกล่องของคอมพ์เอเชีย (ไม่ใช่กล่องเดิมของเครื่อง) | *ไม่มีอะแดปเตอร์-หัวชาร์จ และสายชาร์จแถมให้ค่ะ | *ไม่มีติดฟิล์ม ไม่มีเคสแถมให้,รับประกันสินค้า 1 เดือน,https://compasia.co.th/collections/all-smartphones/products/payday❤️‍🔥-iphone-15
10,iPhone 15,Yellow,128GB,ดีเยี่ยม,17500,-,สินค้าจะบรรจุในกล่องของคอมพ์เอเชีย (ไม่ใช่กล่องเดิมของเครื่อง) | *ไม่มีอะแดปเตอร์-หัวชาร์จ และสายชาร์จแถมให้ค่ะ | *ไม่มีติดฟิล์ม ไม่มีเคสแถมให้,รับประกันสินค้า 1 เดือน,https://compasia.co.th/collections/all-smartphones/products/payday❤️‍🔥-iphone-15
10,iPhone 15,Yellow,128GB,ดี,17000,-,สินค้าจะบรรจุในกล่องของคอมพ์เอเชีย (ไม่ใช่กล่องเดิมของเครื่อง) | *ไม่มีอะแดปเตอร์-หัวชาร์จ และสายชาร์จแถมให้ค่ะ | *ไม่มีติดฟิล์ม ไม่มีเคสแถมให้,รับประกันสินค้า 1 เดือน,https://compasia.co.th/collections/all-smartphones/products/payday❤️‍🔥-iphone-15
10,iPhone 15,Yellow,128GB,พอใช้,16500,-,สินค้าจะบรรจุในกล่องของคอมพ์เอเชีย (ไม่ใช่กล่องเดิมของเครื่อง) | *ไม่มีอะแดปเตอร์-หัวชาร์จ และสายชาร์จแถมให้ค่ะ | *ไม่มีติดฟิล์ม ไม่มีเคสแถมให้,รับประกันสินค้า 1 เดือน,https://compasia.co.th/collections/all-smartphones/products/payday❤️‍🔥-iphone-15
10,iPhone 15,Yellow,256GB,ดีเยี่ยม,18500,-,สินค้าจะบรรจุในกล่องของคอมพ์เอเชีย (ไม่ใช่กล่องเดิมของเครื่อง) | *ไม่มีอะแดปเตอร์-หัวชาร์จ และสายชาร์จแถมให้ค่ะ | *ไม่มีติดฟิล์ม ไม่มีเคสแถมให้,รับประกันสินค้า 1 เดือน,https://compasia.co.th/collections/all-smartphones/products/payday❤️‍🔥-iphone-15
10,iPhone 15,Yellow,256GB,ดี,18000,-,สินค้าจะบรรจุในกล่องของคอมพ์เอเชีย (ไม่ใช่กล่องเดิมของเครื่อง) | *ไม่มีอะแดปเตอร์-หัวชาร์จ และสายชาร์จแถมให้ค่ะ | *ไม่มีติดฟิล์ม ไม่มีเคสแถมให้,รับประกันสินค้า 1 เดือน,https://compasia.co.th/collections/all-smartphones/products/payday❤️‍🔥-iphone-15
10,iPhone 15,Yellow,256GB,พอใช้,17500,-,สินค้าจะบรรจุในกล่องของคอมพ์เอเชีย (ไม่ใช่กล่องเดิมของเครื่อง) | *ไม่มีอะแดปเตอร์-หัวชาร์จ และสายชาร์จแถมให้ค่ะ | *ไม่มีติดฟิล์ม ไม่มีเคสแถมให้,รับประกันสินค้า 1 เดือน,https://compasia.co.th/collections/all-smartphones/products/payday❤️‍🔥-iphone-15
10,iPhone 15,Yellow,512GB,ดีเยี่ยม,19500,-,สินค้าจะบรรจุในกล่องของคอมพ์เอเชีย (ไม่ใช่กล่องเดิมของเครื่อง) | *ไม่มีอะแดปเตอร์-หัวชาร์จ และสายชาร์จแถมให้ค่ะ | *ไม่มีติดฟิล์ม ไม่มีเคสแถมให้,รับประกันสินค้า 1 เดือน,https://compasia.co.th/collections/all-smartphones/products/payday❤️‍🔥-iphone-15
10,iPhone 15,Yellow,512GB,ดี,19000,-,สินค้าจะบรรจุในกล่องของคอมพ์เอเชีย (ไม่ใช่กล่องเดิมของเครื่อง) | *ไม่มีอะแดปเตอร์-หัวชาร์จ และสายชาร์จแถมให้ค่ะ | *ไม่มีติดฟิล์ม ไม่มีเคสแถมให้,รับประกันสินค้า 1 เดือน,https://compasia.co.th/collections/all-smartphones/products/payday❤️‍🔥-iphone-15
10,iPhone 15,Yellow,512GB,พอใช้,18500,-,สินค้าจะบรรจุในกล่องของคอมพ์เอเชีย (ไม่ใช่กล่องเดิมของเครื่อง) | *ไม่มีอะแดปเตอร์-หัวชาร์จ และสายชาร์จแถมให้ค่ะ | *ไม่มีติดฟิล์ม ไม่มีเคสแถมให้,รับประกันสินค้า 1 เดือน,https://compasia.co.th/collections/all-smartphones/products/payday❤️‍🔥-iphone-15
11,iPhone 15 Pro,Blue Titanium,128GB,ดีเยี่ยม,21900,36900,สินค้าจะบรรจุในกล่องของคอมพ์เอเชีย (ไม่ใช่กล่องเดิมของเครื่อง) | *ไม่มีอะแดปเตอร์-หัวชาร์จ และสายชาร์จแถมให้ค่ะ | *ไม่มีติดฟิล์ม ไม่มีเคสแถมให้,รับประกันสินค้า 1 เดือน,https://compasia.co.th/collections/all-smartphones/products/iphone-15-pro
11,iPhone 15 Pro,Blue Titanium,128GB,ดี,21400,36900,สินค้าจะบรรจุในกล่องของคอมพ์เอเชีย (ไม่ใช่กล่องเดิมของเครื่อง) | *ไม่มีอะแดปเตอร์-หัวชาร์จ และสายชาร์จแถมให้ค่ะ | *ไม่มีติดฟิล์ม ไม่มีเคสแถมให้,รับประกันสินค้า 1 เดือน,https://compasia.co.th/collections/all-smartphones/products/iphone-15-pro
11,iPhone 15 Pro,Blue Titanium,128GB,พอใช้,20900,36900,สินค้าจะบรรจุในกล่องของคอมพ์เอเชีย (ไม่ใช่กล่องเดิมของเครื่อง) | *ไม่มีอะแดปเตอร์-หัวชาร์จ และสายชาร์จแถมให้ค่ะ | *ไม่มีติดฟิล์ม ไม่มีเคสแถมให้,รับประกันสินค้า 1 เดือน,https://compasia.co.th/collections/all-smartphones/products/iphone-15-pro
11,iPhone 15 Pro,Blue Titanium,256GB,ดีเยี่ยม,22900,36900,สินค้าจะบรรจุในกล่องของคอมพ์เอเชีย (ไม่ใช่กล่องเดิมของเครื่อง) | *ไม่มีอะแดปเตอร์-หัวชาร์จ และสายชาร์จแถมให้ค่ะ | *ไม่มีติดฟิล์ม ไม่มีเคสแถมให้,รับประกันสินค้า 1 เดือน,https://compasia.co.th/collections/all-smartphones/products/iphone-15-pro
11,iPhone 15 Pro,Blue Titanium,256GB,ดี,22400,36900,สินค้าจะบรรจุในกล่องของคอมพ์เอเชีย (ไม่ใช่กล่องเดิมของเครื่อง) | *ไม่มีอะแดปเตอร์-หัวชาร์จ และสายชาร์จแถมให้ค่ะ | *ไม่มีติดฟิล์ม ไม่มีเคสแถมให้,รับประกันสินค้า 1 เดือน,https://compasia.co.th/collections/all-smartphones/products/iphone-15-pro
11,iPhone 15 Pro,Blue Titanium,256GB,พอใช้,21900,36900,สินค้าจะบรรจุในกล่องของคอมพ์เอเชีย (ไม่ใช่กล่องเดิมของเครื่อง) | *ไม่มีอะแดปเตอร์-หัวชาร์จ และสายชาร์จแถมให้ค่ะ | *ไม่มีติดฟิล์ม ไม่มีเคสแถมให้,รับประกันสินค้า 1 เดือน,https://compasia.co.th/collections/all-smartphones/products/iphone-15-pro
11,iPhone 15 Pro,Blue Titanium,512GB,ดีเยี่ยม,23900,36900,สินค้าจะบรรจุในกล่องของคอมพ์เอเชีย (ไม่ใช่กล่องเดิมของเครื่อง) | *ไม่มีอะแดปเตอร์-หัวชาร์จ และสายชาร์จแถมให้ค่ะ | *ไม่มีติดฟิล์ม ไม่มีเคสแถมให้,รับประกันสินค้า 1 เดือน,https://compasia.co.th/collections/all-smartphones/products/iphone-15-pro
11,iPhone 15 Pro,Blue Titanium,512GB,ดี,23400,36900,สินค้าจะบรรจุในกล่องของคอมพ์เอเชีย (ไม่ใช่กล่องเดิมของเครื่อง) | *ไม่มีอะแดปเตอร์-หัวชาร์จ และสายชาร์จแถมให้ค่ะ | *ไม่มีติดฟิล์ม ไม่มีเคสแถมให้,รับประกันสินค้า 1 เดือน,https://compasia.co.th/collections/all-smartphones/products/iphone-15-pro
11,iPhone 15 Pro,Blue Titanium,512GB,พอใช้,22900,36900,สินค้าจะบรรจุในกล่องของคอมพ์เอเชีย (ไม่ใช่กล่องเดิมของเครื่อง) | *ไม่มีอะแดปเตอร์-หัวชาร์จ และสายชาร์จแถมให้ค่ะ | *ไม่มีติดฟิล์ม ไม่มีเคสแถมให้,รับประกันสินค้า 1 เดือน,https://compasia.co.th/collections/all-smartphones/products/iphone-15-pro
11,iPhone 15 Pro,Blue Titanium,1TB,ดีเยี่ยม,24900,36900,สินค้าจะบรรจุในกล่องของคอมพ์เอเชีย (ไม่ใช่กล่องเดิมของเครื่อง) | *ไม่มีอะแดปเตอร์-หัวชาร์จ และสายชาร์จแถมให้ค่ะ | *ไม่มีติดฟิล์ม ไม่มีเคสแถมให้,รับประกันสินค้า 1 เดือน,https://compasia.co.th/collections/all-smartphones/products/iphone-15-pro
11,iPhone 15 Pro,Blue Titanium,1TB,ดี,24400,36900,สินค้าจะบรรจุในกล่องของคอมพ์เอเชีย (ไม่ใช่กล่องเดิมของเครื่อง) | *ไม่มีอะแดปเตอร์-หัวชาร์จ และสายชาร์จแถมให้ค่ะ | *ไม่มีติดฟิล์ม ไม่มีเคสแถมให้,รับประกันสินค้า 1 เดือน,https://compasia.co.th/collections/all-smartphones/products/iphone-15-pro
11,iPhone 15 Pro,Blue Titanium,1TB,พอใช้,23900,36900,สินค้าจะบรรจุในกล่องของคอมพ์เอเชีย (ไม่ใช่กล่องเดิมของเครื่อง) | *ไม่มีอะแดปเตอร์-หัวชาร์จ และสายชาร์จแถมให้ค่ะ | *ไม่มีติดฟิล์ม ไม่มีเคสแถมให้,รับประกันสินค้า 1 เดือน,https://compasia.co.th/collections/all-smartphones/products/iphone-15-pro
11,iPhone 15 Pro,White Titanium,128GB,ดีเยี่ยม,21900,36900,สินค้าจะบรรจุในกล่องของคอมพ์เอเชีย (ไม่ใช่กล่องเดิมของเครื่อง) | *ไม่มีอะแดปเตอร์-หัวชาร์จ และสายชาร์จแถมให้ค่ะ | *ไม่มีติดฟิล์ม ไม่มีเคสแถมให้,รับประกันสินค้า 1 เดือน,https://compasia.co.th/collections/all-smartphones/products/iphone-15-pro
11,iPhone 15 Pro,White Titanium,128GB,ดี,21400,36900,สินค้าจะบรรจุในกล่องของคอมพ์เอเชีย (ไม่ใช่กล่องเดิมของเครื่อง) | *ไม่มีอะแดปเตอร์-หัวชาร์จ และสายชาร์จแถมให้ค่ะ | *ไม่มีติดฟิล์ม ไม่มีเคสแถมให้,รับประกันสินค้า 1 เดือน,https://compasia.co.th/collections/all-smartphones/products/iphone-15-pro
11,iPhone 15 Pro,White Titanium,128GB,พอใช้,20900,36900,สินค้าจะบรรจุในกล่องของคอมพ์เอเชีย (ไม่ใช่กล่องเดิมของเครื่อง) | *ไม่มีอะแดปเตอร์-หัวชาร์จ และสายชาร์จแถมให้ค่ะ | *ไม่มีติดฟิล์ม ไม่มีเคสแถมให้,รับประกันสินค้า 1 เดือน,https://compasia.co.th/collections/all-smartphones/products/iphone-15-pro
11,iPhone 15 Pro,White Titanium,256GB,ดีเยี่ยม,22900,36900,สินค้าจะบรรจุในกล่องของคอมพ์เอเชีย (ไม่ใช่กล่องเดิมของเครื่อง) | *ไม่มีอะแดปเตอร์-หัวชาร์จ และสายชาร์จแถมให้ค่ะ | *ไม่มีติดฟิล์ม ไม่มีเคสแถมให้,รับประกันสินค้า 1 เดือน,https://compasia.co.th/collections/all-smartphones/products/iphone-15-pro
11,iPhone 15 Pro,White Titanium,256GB,ดี,22400,36900,สินค้าจะบรรจุในกล่องของคอมพ์เอเชีย (ไม่ใช่กล่องเดิมของเครื่อง) | *ไม่มีอะแดปเตอร์-หัวชาร์จ และสายชาร์จแถมให้ค่ะ | *ไม่มีติดฟิล์ม ไม่มีเคสแถมให้,รับประกันสินค้า 1 เดือน,https://compasia.co.th/collections/all-smartphones/products/iphone-15-pro
11,iPhone 15 Pro,White Titanium,256GB,พอใช้,21900,36900,สินค้าจะบรรจุในกล่องของคอมพ์เอเชีย (ไม่ใช่กล่องเดิมของเครื่อง) | *ไม่มีอะแดปเตอร์-หัวชาร์จ และสายชาร์จแถมให้ค่ะ | *ไม่มีติดฟิล์ม ไม่มีเคสแถมให้,รับประกันสินค้า 1 เดือน,https://compasia.co.th/collections/all-smartphones/products/iphone-15-pro
11,iPhone 15 Pro,White Titanium,512GB,ดีเยี่ยม,23900,36900,สินค้าจะบรรจุในกล่องของคอมพ์เอเชีย (ไม่ใช่กล่องเดิมของเครื่อง) | *ไม่มีอะแดปเตอร์-หัวชาร์จ และสายชาร์จแถมให้ค่ะ | *ไม่มีติดฟิล์ม ไม่มีเคสแถมให้,รับประกันสินค้า 1 เดือน,https://compasia.co.th/collections/all-smartphones/products/iphone-15-pro
11,iPhone 15 Pro,White Titanium,512GB,ดี,23400,36900,สินค้าจะบรรจุในกล่องของคอมพ์เอเชีย (ไม่ใช่กล่องเดิมของเครื่อง) | *ไม่มีอะแดปเตอร์-หัวชาร์จ และสายชาร์จแถมให้ค่ะ | *ไม่มีติดฟิล์ม ไม่มีเคสแถมให้,รับประกันสินค้า 1 เดือน,https://compasia.co.th/collections/all-smartphones/products/iphone-15-pro
11,iPhone 15 Pro,White Titanium,512GB,พอใช้,22900,36900,สินค้าจะบรรจุในกล่องของคอมพ์เอเชีย (ไม่ใช่กล่องเดิมของเครื่อง) | *ไม่มีอะแดปเตอร์-หัวชาร์จ และสายชาร์จแถมให้ค่ะ | *ไม่มีติดฟิล์ม ไม่มีเคสแถมให้,รับประกันสินค้า 1 เดือน,https://compasia.co.th/collections/all-smartphones/products/iphone-15-pro
11,iPhone 15 Pro,White Titanium,1TB,ดีเยี่ยม,24900,36900,สินค้าจะบรรจุในกล่องของคอมพ์เอเชีย (ไม่ใช่กล่องเดิมของเครื่อง) | *ไม่มีอะแดปเตอร์-หัวชาร์จ และสายชาร์จแถมให้ค่ะ | *ไม่มีติดฟิล์ม ไม่มีเคสแถมให้,รับประกันสินค้า 1 เดือน,https://compasia.co.th/collections/all-smartphones/products/iphone-15-pro
11,iPhone 15 Pro,White Titanium,1TB,ดี,24400,36900,สินค้าจะบรรจุในกล่องของคอมพ์เอเชีย (ไม่ใช่กล่องเดิมของเครื่อง) | *ไม่มีอะแดปเตอร์-หัวชาร์จ และสายชาร์จแถมให้ค่ะ | *ไม่มีติดฟิล์ม ไม่มีเคสแถมให้,รับประกันสินค้า 1 เดือน,https://compasia.co.th/collections/all-smartphones/products/iphone-15-pro
11,iPhone 15 Pro,White Titanium,1TB,พอใช้,23900,36900,สินค้าจะบรรจุในกล่องของคอมพ์เอเชีย (ไม่ใช่กล่องเดิมของเครื่อง) | *ไม่มีอะแดปเตอร์-หัวชาร์จ และสายชาร์จแถมให้ค่ะ | *ไม่มีติดฟิล์ม ไม่มีเคสแถมให้,รับประกันสินค้า 1 เดือน,https://compasia.co.th/collections/all-smartphones/products/iphone-15-pro
11,iPhone 15 Pro,Natural Titanium,128GB,ดีเยี่ยม,21900,36900,สินค้าจะบรรจุในกล่องของคอมพ์เอเชีย (ไม่ใช่กล่องเดิมของเครื่อง) | *ไม่มีอะแดปเตอร์-หัวชาร์จ และสายชาร์จแถมให้ค่ะ | *ไม่มีติดฟิล์ม ไม่มีเคสแถมให้,รับประกันสินค้า 1 เดือน,https://compasia.co.th/collections/all-smartphones/products/iphone-15-pro
11,iPhone 15 Pro,Natural Titanium,128GB,ดี,21400,36900,สินค้าจะบรรจุในกล่องของคอมพ์เอเชีย (ไม่ใช่กล่องเดิมของเครื่อง) | *ไม่มีอะแดปเตอร์-หัวชาร์จ และสายชาร์จแถมให้ค่ะ | *ไม่มีติดฟิล์ม ไม่มีเคสแถมให้,รับประกันสินค้า 1 เดือน,https://compasia.co.th/collections/all-smartphones/products/iphone-15-pro
11,iPhone 15 Pro,Natural Titanium,128GB,พอใช้,20900,36900,สินค้าจะบรรจุในกล่องของคอมพ์เอเชีย (ไม่ใช่กล่องเดิมของเครื่อง) | *ไม่มีอะแดปเตอร์-หัวชาร์จ และสายชาร์จแถมให้ค่ะ | *ไม่มีติดฟิล์ม ไม่มีเคสแถมให้,รับประกันสินค้า 1 เดือน,https://compasia.co.th/collections/all-smartphones/products/iphone-15-pro
11,iPhone 15 Pro,Natural Titanium,256GB,ดีเยี่ยม,22900,36900,สินค้าจะบรรจุในกล่องของคอมพ์เอเชีย (ไม่ใช่กล่องเดิมของเครื่อง) | *ไม่มีอะแดปเตอร์-หัวชาร์จ และสายชาร์จแถมให้ค่ะ | *ไม่มีติดฟิล์ม ไม่มีเคสแถมให้,รับประกันสินค้า 1 เดือน,https://compasia.co.th/collections/all-smartphones/products/iphone-15-pro
11,iPhone 15 Pro,Natural Titanium,256GB,ดี,22400,36900,สินค้าจะบรรจุในกล่องของคอมพ์เอเชีย (ไม่ใช่กล่องเดิมของเครื่อง) | *ไม่มีอะแดปเตอร์-หัวชาร์จ และสายชาร์จแถมให้ค่ะ | *ไม่มีติดฟิล์ม ไม่มีเคสแถมให้,รับประกันสินค้า 1 เดือน,https://compasia.co.th/collections/all-smartphones/products/iphone-15-pro
11,iPhone 15 Pro,Natural Titanium,256GB,พอใช้,21900,36900,สินค้าจะบรรจุในกล่องของคอมพ์เอเชีย (ไม่ใช่กล่องเดิมของเครื่อง) | *ไม่มีอะแดปเตอร์-หัวชาร์จ และสายชาร์จแถมให้ค่ะ | *ไม่มีติดฟิล์ม ไม่มีเคสแถมให้,รับประกันสินค้า 1 เดือน,https://compasia.co.th/collections/all-smartphones/products/iphone-15-pro
11,iPhone 15 Pro,Natural Titanium,512GB,ดีเยี่ยม,23900,36900,สินค้าจะบรรจุในกล่องของคอมพ์เอเชีย (ไม่ใช่กล่องเดิมของเครื่อง) | *ไม่มีอะแดปเตอร์-หัวชาร์จ และสายชาร์จแถมให้ค่ะ | *ไม่มีติดฟิล์ม ไม่มีเคสแถมให้,รับประกันสินค้า 1 เดือน,https://compasia.co.th/collections/all-smartphones/products/iphone-15-pro
11,iPhone 15 Pro,Natural Titanium,512GB,ดี,23400,36900,สินค้าจะบรรจุในกล่องของคอมพ์เอเชีย (ไม่ใช่กล่องเดิมของเครื่อง) | *ไม่มีอะแดปเตอร์-หัวชาร์จ และสายชาร์จแถมให้ค่ะ | *ไม่มีติดฟิล์ม ไม่มีเคสแถมให้,รับประกันสินค้า 1 เดือน,https://compasia.co.th/collections/all-smartphones/products/iphone-15-pro
11,iPhone 15 Pro,Natural Titanium,512GB,พอใช้,22900,36900,สินค้าจะบรรจุในกล่องของคอมพ์เอเชีย (ไม่ใช่กล่องเดิมของเครื่อง) | *ไม่มีอะแดปเตอร์-หัวชาร์จ และสายชาร์จแถมให้ค่ะ | *ไม่มีติดฟิล์ม ไม่มีเคสแถมให้,รับประกันสินค้า 1 เดือน,https://compasia.co.th/collections/all-smartphones/products/iphone-15-pro
11,iPhone 15 Pro,Natural Titanium,1TB,ดีเยี่ยม,24900,36900,สินค้าจะบรรจุในกล่องของคอมพ์เอเชีย (ไม่ใช่กล่องเดิมของเครื่อง) | *ไม่มีอะแดปเตอร์-หัวชาร์จ และสายชาร์จแถมให้ค่ะ | *ไม่มีติดฟิล์ม ไม่มีเคสแถมให้,รับประกันสินค้า 1 เดือน,https://compasia.co.th/collections/all-smartphones/products/iphone-15-pro
11,iPhone 15 Pro,Natural Titanium,1TB,ดี,24400,36900,สินค้าจะบรรจุในกล่องของคอมพ์เอเชีย (ไม่ใช่กล่องเดิมของเครื่อง) | *ไม่มีอะแดปเตอร์-หัวชาร์จ และสายชาร์จแถมให้ค่ะ | *ไม่มีติดฟิล์ม ไม่มีเคสแถมให้,รับประกันสินค้า 1 เดือน,https://compasia.co.th/collections/all-smartphones/products/iphone-15-pro
11,iPhone 15 Pro,Natural Titanium,1TB,พอใช้,23900,36900,สินค้าจะบรรจุในกล่องของคอมพ์เอเชีย (ไม่ใช่กล่องเดิมของเครื่อง) | *ไม่มีอะแดปเตอร์-หัวชาร์จ และสายชาร์จแถมให้ค่ะ | *ไม่มีติดฟิล์ม ไม่มีเคสแถมให้,รับประกันสินค้า 1 เดือน,https://compasia.co.th/collections/all-smartphones/products/iphone-15-pro
11,iPhone 15 Pro,Black Titanium,128GB,ดีเยี่ยม,21900,36900,สินค้าจะบรรจุในกล่องของคอมพ์เอเชีย (ไม่ใช่กล่องเดิมของเครื่อง) | *ไม่มีอะแดปเตอร์-หัวชาร์จ และสายชาร์จแถมให้ค่ะ | *ไม่มีติดฟิล์ม ไม่มีเคสแถมให้,รับประกันสินค้า 1 เดือน,https://compasia.co.th/collections/all-smartphones/products/iphone-15-pro
11,iPhone 15 Pro,Black Titanium,128GB,ดี,21400,36900,สินค้าจะบรรจุในกล่องของคอมพ์เอเชีย (ไม่ใช่กล่องเดิมของเครื่อง) | *ไม่มีอะแดปเตอร์-หัวชาร์จ และสายชาร์จแถมให้ค่ะ | *ไม่มีติดฟิล์ม ไม่มีเคสแถมให้,รับประกันสินค้า 1 เดือน,https://compasia.co.th/collections/all-smartphones/products/iphone-15-pro
11,iPhone 15 Pro,Black Titanium,128GB,พอใช้,20900,36900,สินค้าจะบรรจุในกล่องของคอมพ์เอเชีย (ไม่ใช่กล่องเดิมของเครื่อง) | *ไม่มีอะแดปเตอร์-หัวชาร์จ และสายชาร์จแถมให้ค่ะ | *ไม่มีติดฟิล์ม ไม่มีเคสแถมให้,รับประกันสินค้า 1 เดือน,https://compasia.co.th/collections/all-smartphones/products/iphone-15-pro
11,iPhone 15 Pro,Black Titanium,256GB,ดีเยี่ยม,22900,36900,สินค้าจะบรรจุในกล่องของคอมพ์เอเชีย (ไม่ใช่กล่องเดิมของเครื่อง) | *ไม่มีอะแดปเตอร์-หัวชาร์จ และสายชาร์จแถมให้ค่ะ | *ไม่มีติดฟิล์ม ไม่มีเคสแถมให้,รับประกันสินค้า 1 เดือน,https://compasia.co.th/collections/all-smartphones/products/iphone-15-pro
11,iPhone 15 Pro,Black Titanium,256GB,ดี,22400,36900,สินค้าจะบรรจุในกล่องของคอมพ์เอเชีย (ไม่ใช่กล่องเดิมของเครื่อง) | *ไม่มีอะแดปเตอร์-หัวชาร์จ และสายชาร์จแถมให้ค่ะ | *ไม่มีติดฟิล์ม ไม่มีเคสแถมให้,รับประกันสินค้า 1 เดือน,https://compasia.co.th/collections/all-smartphones/products/iphone-15-pro
11,iPhone 15 Pro,Black Titanium,256GB,พอใช้,21900,36900,สินค้าจะบรรจุในกล่องของคอมพ์เอเชีย (ไม่ใช่กล่องเดิมของเครื่อง) | *ไม่มีอะแดปเตอร์-หัวชาร์จ และสายชาร์จแถมให้ค่ะ | *ไม่มีติดฟิล์ม ไม่มีเคสแถมให้,รับประกันสินค้า 1 เดือน,https://compasia.co.th/collections/all-smartphones/products/iphone-15-pro
11,iPhone 15 Pro,Black Titanium,512GB,ดีเยี่ยม,23900,36900,สินค้าจะบรรจุในกล่องของคอมพ์เอเชีย (ไม่ใช่กล่องเดิมของเครื่อง) | *ไม่มีอะแดปเตอร์-หัวชาร์จ และสายชาร์จแถมให้ค่ะ | *ไม่มีติดฟิล์ม ไม่มีเคสแถมให้,รับประกันสินค้า 1 เดือน,https://compasia.co.th/collections/all-smartphones/products/iphone-15-pro
11,iPhone 15 Pro,Black Titanium,512GB,ดี,23400,36900,สินค้าจะบรรจุในกล่องของคอมพ์เอเชีย (ไม่ใช่กล่องเดิมของเครื่อง) | *ไม่มีอะแดปเตอร์-หัวชาร์จ และสายชาร์จแถมให้ค่ะ | *ไม่มีติดฟิล์ม ไม่มีเคสแถมให้,รับประกันสินค้า 1 เดือน,https://compasia.co.th/collections/all-smartphones/products/iphone-15-pro
11,iPhone 15 Pro,Black Titanium,512GB,พอใช้,22900,36900,สินค้าจะบรรจุในกล่องของคอมพ์เอเชีย (ไม่ใช่กล่องเดิมของเครื่อง) | *ไม่มีอะแดปเตอร์-หัวชาร์จ และสายชาร์จแถมให้ค่ะ | *ไม่มีติดฟิล์ม ไม่มีเคสแถมให้,รับประกันสินค้า 1 เดือน,https://compasia.co.th/collections/all-smartphones/products/iphone-15-pro
11,iPhone 15 Pro,Black Titanium,1TB,ดีเยี่ยม,24900,36900,สินค้าจะบรรจุในกล่องของคอมพ์เอเชีย (ไม่ใช่กล่องเดิมของเครื่อง) | *ไม่มีอะแดปเตอร์-หัวชาร์จ และสายชาร์จแถมให้ค่ะ | *ไม่มีติดฟิล์ม ไม่มีเคสแถมให้,รับประกันสินค้า 1 เดือน,https://compasia.co.th/collections/all-smartphones/products/iphone-15-pro
11,iPhone 15 Pro,Black Titanium,1TB,ดี,24400,36900,สินค้าจะบรรจุในกล่องของคอมพ์เอเชีย (ไม่ใช่กล่องเดิมของเครื่อง) | *ไม่มีอะแดปเตอร์-หัวชาร์จ และสายชาร์จแถมให้ค่ะ | *ไม่มีติดฟิล์ม ไม่มีเคสแถมให้,รับประกันสินค้า 1 เดือน,https://compasia.co.th/collections/all-smartphones/products/iphone-15-pro
11,iPhone 15 Pro,Black Titanium,1TB,พอใช้,23900,36900,สินค้าจะบรรจุในกล่องของคอมพ์เอเชีย (ไม่ใช่กล่องเดิมของเครื่อง) | *ไม่มีอะแดปเตอร์-หัวชาร์จ และสายชาร์จแถมให้ค่ะ | *ไม่มีติดฟิล์ม ไม่มีเคสแถมให้,รับประกันสินค้า 1 เดือน,https://compasia.co.th/collections/all-smartphones/products/iphone-15-pro
12,iPhone 16,White,128GB,ดีเยี่ยม,20150,33900,สินค้าจะบรรจุในกล่องของคอมพ์เอเชีย (ไม่ใช่กล่องเดิมของเครื่อง) | *ไม่มีอะแดปเตอร์-หัวชาร์จ และสายชาร์จแถมให้ค่ะ | *ไม่มีติดฟิล์ม ไม่มีเคสแถมให้,รับประกันสินค้า 1 เดือน,https://compasia.co.th/collections/all-smartphones/products/iphone-16
12,iPhone 16,White,128GB,ดี,19650,33900,สินค้าจะบรรจุในกล่องของคอมพ์เอเชีย (ไม่ใช่กล่องเดิมของเครื่อง) | *ไม่มีอะแดปเตอร์-หัวชาร์จ และสายชาร์จแถมให้ค่ะ | *ไม่มีติดฟิล์ม ไม่มีเคสแถมให้,รับประกันสินค้า 1 เดือน,https://compasia.co.th/collections/all-smartphones/products/iphone-16
12,iPhone 16,White,128GB,พอใช้,19150,33900,สินค้าจะบรรจุในกล่องของคอมพ์เอเชีย (ไม่ใช่กล่องเดิมของเครื่อง) | *ไม่มีอะแดปเตอร์-หัวชาร์จ และสายชาร์จแถมให้ค่ะ | *ไม่มีติดฟิล์ม ไม่มีเคสแถมให้,รับประกันสินค้า 1 เดือน,https://compasia.co.th/collections/all-smartphones/products/iphone-16
12,iPhone 16,White,256GB,ดีเยี่ยม,21150,33900,สินค้าจะบรรจุในกล่องของคอมพ์เอเชีย (ไม่ใช่กล่องเดิมของเครื่อง) | *ไม่มีอะแดปเตอร์-หัวชาร์จ และสายชาร์จแถมให้ค่ะ | *ไม่มีติดฟิล์ม ไม่มีเคสแถมให้,รับประกันสินค้า 1 เดือน,https://compasia.co.th/collections/all-smartphones/products/iphone-16
12,iPhone 16,White,256GB,ดี,20650,33900,สินค้าจะบรรจุในกล่องของคอมพ์เอเชีย (ไม่ใช่กล่องเดิมของเครื่อง) | *ไม่มีอะแดปเตอร์-หัวชาร์จ และสายชาร์จแถมให้ค่ะ | *ไม่มีติดฟิล์ม ไม่มีเคสแถมให้,รับประกันสินค้า 1 เดือน,https://compasia.co.th/collections/all-smartphones/products/iphone-16
12,iPhone 16,White,256GB,พอใช้,20150,33900,สินค้าจะบรรจุในกล่องของคอมพ์เอเชีย (ไม่ใช่กล่องเดิมของเครื่อง) | *ไม่มีอะแดปเตอร์-หัวชาร์จ และสายชาร์จแถมให้ค่ะ | *ไม่มีติดฟิล์ม ไม่มีเคสแถมให้,รับประกันสินค้า 1 เดือน,https://compasia.co.th/collections/all-smartphones/products/iphone-16
12,iPhone 16,White,512GB,ดีเยี่ยม,22150,33900,สินค้าจะบรรจุในกล่องของคอมพ์เอเชีย (ไม่ใช่กล่องเดิมของเครื่อง) | *ไม่มีอะแดปเตอร์-หัวชาร์จ และสายชาร์จแถมให้ค่ะ | *ไม่มีติดฟิล์ม ไม่มีเคสแถมให้,รับประกันสินค้า 1 เดือน,https://compasia.co.th/collections/all-smartphones/products/iphone-16
12,iPhone 16,White,512GB,ดี,21650,33900,สินค้าจะบรรจุในกล่องของคอมพ์เอเชีย (ไม่ใช่กล่องเดิมของเครื่อง) | *ไม่มีอะแดปเตอร์-หัวชาร์จ และสายชาร์จแถมให้ค่ะ | *ไม่มีติดฟิล์ม ไม่มีเคสแถมให้,รับประกันสินค้า 1 เดือน,https://compasia.co.th/collections/all-smartphones/products/iphone-16
12,iPhone 16,White,512GB,พอใช้,21150,33900,สินค้าจะบรรจุในกล่องของคอมพ์เอเชีย (ไม่ใช่กล่องเดิมของเครื่อง) | *ไม่มีอะแดปเตอร์-หัวชาร์จ และสายชาร์จแถมให้ค่ะ | *ไม่มีติดฟิล์ม ไม่มีเคสแถมให้,รับประกันสินค้า 1 เดือน,https://compasia.co.th/collections/all-smartphones/products/iphone-16
12,iPhone 16,Black,128GB,ดีเยี่ยม,20150,33900,สินค้าจะบรรจุในกล่องของคอมพ์เอเชีย (ไม่ใช่กล่องเดิมของเครื่อง) | *ไม่มีอะแดปเตอร์-หัวชาร์จ และสายชาร์จแถมให้ค่ะ | *ไม่มีติดฟิล์ม ไม่มีเคสแถมให้,รับประกันสินค้า 1 เดือน,https://compasia.co.th/collections/all-smartphones/products/iphone-16
12,iPhone 16,Black,128GB,ดี,19650,33900,สินค้าจะบรรจุในกล่องของคอมพ์เอเชีย (ไม่ใช่กล่องเดิมของเครื่อง) | *ไม่มีอะแดปเตอร์-หัวชาร์จ และสายชาร์จแถมให้ค่ะ | *ไม่มีติดฟิล์ม ไม่มีเคสแถมให้,รับประกันสินค้า 1 เดือน,https://compasia.co.th/collections/all-smartphones/products/iphone-16
12,iPhone 16,Black,128GB,พอใช้,19150,33900,สินค้าจะบรรจุในกล่องของคอมพ์เอเชีย (ไม่ใช่กล่องเดิมของเครื่อง) | *ไม่มีอะแดปเตอร์-หัวชาร์จ และสายชาร์จแถมให้ค่ะ | *ไม่มีติดฟิล์ม ไม่มีเคสแถมให้,รับประกันสินค้า 1 เดือน,https://compasia.co.th/collections/all-smartphones/products/iphone-16
12,iPhone 16,Black,256GB,ดีเยี่ยม,21150,33900,สินค้าจะบรรจุในกล่องของคอมพ์เอเชีย (ไม่ใช่กล่องเดิมของเครื่อง) | *ไม่มีอะแดปเตอร์-หัวชาร์จ และสายชาร์จแถมให้ค่ะ | *ไม่มีติดฟิล์ม ไม่มีเคสแถมให้,รับประกันสินค้า 1 เดือน,https://compasia.co.th/collections/all-smartphones/products/iphone-16
12,iPhone 16,Black,256GB,ดี,20650,33900,สินค้าจะบรรจุในกล่องของคอมพ์เอเชีย (ไม่ใช่กล่องเดิมของเครื่อง) | *ไม่มีอะแดปเตอร์-หัวชาร์จ และสายชาร์จแถมให้ค่ะ | *ไม่มีติดฟิล์ม ไม่มีเคสแถมให้,รับประกันสินค้า 1 เดือน,https://compasia.co.th/collections/all-smartphones/products/iphone-16
12,iPhone 16,Black,256GB,พอใช้,20150,33900,สินค้าจะบรรจุในกล่องของคอมพ์เอเชีย (ไม่ใช่กล่องเดิมของเครื่อง) | *ไม่มีอะแดปเตอร์-หัวชาร์จ และสายชาร์จแถมให้ค่ะ | *ไม่มีติดฟิล์ม ไม่มีเคสแถมให้,รับประกันสินค้า 1 เดือน,https://compasia.co.th/collections/all-smartphones/products/iphone-16
12,iPhone 16,Black,512GB,ดีเยี่ยม,22150,33900,สินค้าจะบรรจุในกล่องของคอมพ์เอเชีย (ไม่ใช่กล่องเดิมของเครื่อง) | *ไม่มีอะแดปเตอร์-หัวชาร์จ และสายชาร์จแถมให้ค่ะ | *ไม่มีติดฟิล์ม ไม่มีเคสแถมให้,รับประกันสินค้า 1 เดือน,https://compasia.co.th/collections/all-smartphones/products/iphone-16
12,iPhone 16,Black,512GB,ดี,21650,33900,สินค้าจะบรรจุในกล่องของคอมพ์เอเชีย (ไม่ใช่กล่องเดิมของเครื่อง) | *ไม่มีอะแดปเตอร์-หัวชาร์จ และสายชาร์จแถมให้ค่ะ | *ไม่มีติดฟิล์ม ไม่มีเคสแถมให้,รับประกันสินค้า 1 เดือน,https://compasia.co.th/collections/all-smartphones/products/iphone-16
12,iPhone 16,Black,512GB,พอใช้,21150,33900,สินค้าจะบรรจุในกล่องของคอมพ์เอเชีย (ไม่ใช่กล่องเดิมของเครื่อง) | *ไม่มีอะแดปเตอร์-หัวชาร์จ และสายชาร์จแถมให้ค่ะ | *ไม่มีติดฟิล์ม ไม่มีเคสแถมให้,รับประกันสินค้า 1 เดือน,https://compasia.co.th/collections/all-smartphones/products/iphone-16
12,iPhone 16,Pink,128GB,ดีเยี่ยม,20150,33900,สินค้าจะบรรจุในกล่องของคอมพ์เอเชีย (ไม่ใช่กล่องเดิมของเครื่อง) | *ไม่มีอะแดปเตอร์-หัวชาร์จ และสายชาร์จแถมให้ค่ะ | *ไม่มีติดฟิล์ม ไม่มีเคสแถมให้,รับประกันสินค้า 1 เดือน,https://compasia.co.th/collections/all-smartphones/products/iphone-16
12,iPhone 16,Pink,128GB,ดี,19650,33900,สินค้าจะบรรจุในกล่องของคอมพ์เอเชีย (ไม่ใช่กล่องเดิมของเครื่อง) | *ไม่มีอะแดปเตอร์-หัวชาร์จ และสายชาร์จแถมให้ค่ะ | *ไม่มีติดฟิล์ม ไม่มีเคสแถมให้,รับประกันสินค้า 1 เดือน,https://compasia.co.th/collections/all-smartphones/products/iphone-16
12,iPhone 16,Pink,128GB,พอใช้,19150,33900,สินค้าจะบรรจุในกล่องของคอมพ์เอเชีย (ไม่ใช่กล่องเดิมของเครื่อง) | *ไม่มีอะแดปเตอร์-หัวชาร์จ และสายชาร์จแถมให้ค่ะ | *ไม่มีติดฟิล์ม ไม่มีเคสแถมให้,รับประกันสินค้า 1 เดือน,https://compasia.co.th/collections/all-smartphones/products/iphone-16
12,iPhone 16,Pink,256GB,ดีเยี่ยม,21150,33900,สินค้าจะบรรจุในกล่องของคอมพ์เอเชีย (ไม่ใช่กล่องเดิมของเครื่อง) | *ไม่มีอะแดปเตอร์-หัวชาร์จ และสายชาร์จแถมให้ค่ะ | *ไม่มีติดฟิล์ม ไม่มีเคสแถมให้,รับประกันสินค้า 1 เดือน,https://compasia.co.th/collections/all-smartphones/products/iphone-16
12,iPhone 16,Pink,256GB,ดี,20650,33900,สินค้าจะบรรจุในกล่องของคอมพ์เอเชีย (ไม่ใช่กล่องเดิมของเครื่อง) | *ไม่มีอะแดปเตอร์-หัวชาร์จ และสายชาร์จแถมให้ค่ะ | *ไม่มีติดฟิล์ม ไม่มีเคสแถมให้,รับประกันสินค้า 1 เดือน,https://compasia.co.th/collections/all-smartphones/products/iphone-16
12,iPhone 16,Pink,256GB,พอใช้,20150,33900,สินค้าจะบรรจุในกล่องของคอมพ์เอเชีย (ไม่ใช่กล่องเดิมของเครื่อง) | *ไม่มีอะแดปเตอร์-หัวชาร์จ และสายชาร์จแถมให้ค่ะ | *ไม่มีติดฟิล์ม ไม่มีเคสแถมให้,รับประกันสินค้า 1 เดือน,https://compasia.co.th/collections/all-smartphones/products/iphone-16
12,iPhone 16,Pink,512GB,ดีเยี่ยม,22150,33900,สินค้าจะบรรจุในกล่องของคอมพ์เอเชีย (ไม่ใช่กล่องเดิมของเครื่อง) | *ไม่มีอะแดปเตอร์-หัวชาร์จ และสายชาร์จแถมให้ค่ะ | *ไม่มีติดฟิล์ม ไม่มีเคสแถมให้,รับประกันสินค้า 1 เดือน,https://compasia.co.th/collections/all-smartphones/products/iphone-16
12,iPhone 16,Pink,512GB,ดี,21650,33900,สินค้าจะบรรจุในกล่องของคอมพ์เอเชีย (ไม่ใช่กล่องเดิมของเครื่อง) | *ไม่มีอะแดปเตอร์-หัวชาร์จ และสายชาร์จแถมให้ค่ะ | *ไม่มีติดฟิล์ม ไม่มีเคสแถมให้,รับประกันสินค้า 1 เดือน,https://compasia.co.th/collections/all-smartphones/products/iphone-16
12,iPhone 16,Pink,512GB,พอใช้,21150,33900,สินค้าจะบรรจุในกล่องของคอมพ์เอเชีย (ไม่ใช่กล่องเดิมของเครื่อง) | *ไม่มีอะแดปเตอร์-หัวชาร์จ และสายชาร์จแถมให้ค่ะ | *ไม่มีติดฟิล์ม ไม่มีเคสแถมให้,รับประกันสินค้า 1 เดือน,https://compasia.co.th/collections/all-smartphones/products/iphone-16
12,iPhone 16,Teal,128GB,ดีเยี่ยม,20150,33900,สินค้าจะบรรจุในกล่องของคอมพ์เอเชีย (ไม่ใช่กล่องเดิมของเครื่อง) | *ไม่มีอะแดปเตอร์-หัวชาร์จ และสายชาร์จแถมให้ค่ะ | *ไม่มีติดฟิล์ม ไม่มีเคสแถมให้,รับประกันสินค้า 1 เดือน,https://compasia.co.th/collections/all-smartphones/products/iphone-16
12,iPhone 16,Teal,128GB,ดี,19650,33900,สินค้าจะบรรจุในกล่องของคอมพ์เอเชีย (ไม่ใช่กล่องเดิมของเครื่อง) | *ไม่มีอะแดปเตอร์-หัวชาร์จ และสายชาร์จแถมให้ค่ะ | *ไม่มีติดฟิล์ม ไม่มีเคสแถมให้,รับประกันสินค้า 1 เดือน,https://compasia.co.th/collections/all-smartphones/products/iphone-16
12,iPhone 16,Teal,128GB,พอใช้,19150,33900,สินค้าจะบรรจุในกล่องของคอมพ์เอเชีย (ไม่ใช่กล่องเดิมของเครื่อง) | *ไม่มีอะแดปเตอร์-หัวชาร์จ และสายชาร์จแถมให้ค่ะ | *ไม่มีติดฟิล์ม ไม่มีเคสแถมให้,รับประกันสินค้า 1 เดือน,https://compasia.co.th/collections/all-smartphones/products/iphone-16
12,iPhone 16,Teal,256GB,ดีเยี่ยม,21150,33900,สินค้าจะบรรจุในกล่องของคอมพ์เอเชีย (ไม่ใช่กล่องเดิมของเครื่อง) | *ไม่มีอะแดปเตอร์-หัวชาร์จ และสายชาร์จแถมให้ค่ะ | *ไม่มีติดฟิล์ม ไม่มีเคสแถมให้,รับประกันสินค้า 1 เดือน,https://compasia.co.th/collections/all-smartphones/products/iphone-16
12,iPhone 16,Teal,256GB,ดี,20650,33900,สินค้าจะบรรจุในกล่องของคอมพ์เอเชีย (ไม่ใช่กล่องเดิมของเครื่อง) | *ไม่มีอะแดปเตอร์-หัวชาร์จ และสายชาร์จแถมให้ค่ะ | *ไม่มีติดฟิล์ม ไม่มีเคสแถมให้,รับประกันสินค้า 1 เดือน,https://compasia.co.th/collections/all-smartphones/products/iphone-16
12,iPhone 16,Teal,256GB,พอใช้,20150,33900,สินค้าจะบรรจุในกล่องของคอมพ์เอเชีย (ไม่ใช่กล่องเดิมของเครื่อง) | *ไม่มีอะแดปเตอร์-หัวชาร์จ และสายชาร์จแถมให้ค่ะ | *ไม่มีติดฟิล์ม ไม่มีเคสแถมให้,รับประกันสินค้า 1 เดือน,https://compasia.co.th/collections/all-smartphones/products/iphone-16
12,iPhone 16,Teal,512GB,ดีเยี่ยม,22150,33900,สินค้าจะบรรจุในกล่องของคอมพ์เอเชีย (ไม่ใช่กล่องเดิมของเครื่อง) | *ไม่มีอะแดปเตอร์-หัวชาร์จ และสายชาร์จแถมให้ค่ะ | *ไม่มีติดฟิล์ม ไม่มีเคสแถมให้,รับประกันสินค้า 1 เดือน,https://compasia.co.th/collections/all-smartphones/products/iphone-16
12,iPhone 16,Teal,512GB,ดี,21650,33900,สินค้าจะบรรจุในกล่องของคอมพ์เอเชีย (ไม่ใช่กล่องเดิมของเครื่อง) | *ไม่มีอะแดปเตอร์-หัวชาร์จ และสายชาร์จแถมให้ค่ะ | *ไม่มีติดฟิล์ม ไม่มีเคสแถมให้,รับประกันสินค้า 1 เดือน,https://compasia.co.th/collections/all-smartphones/products/iphone-16
12,iPhone 16,Teal,512GB,พอใช้,21150,33900,สินค้าจะบรรจุในกล่องของคอมพ์เอเชีย (ไม่ใช่กล่องเดิมของเครื่อง) | *ไม่มีอะแดปเตอร์-หัวชาร์จ และสายชาร์จแถมให้ค่ะ | *ไม่มีติดฟิล์ม ไม่มีเคสแถมให้,รับประกันสินค้า 1 เดือน,https://compasia.co.th/collections/all-smartphones/products/iphone-16
12,iPhone 16,Ultra marine,128GB,ดีเยี่ยม,20150,33900,สินค้าจะบรรจุในกล่องของคอมพ์เอเชีย (ไม่ใช่กล่องเดิมของเครื่อง) | *ไม่มีอะแดปเตอร์-หัวชาร์จ และสายชาร์จแถมให้ค่ะ | *ไม่มีติดฟิล์ม ไม่มีเคสแถมให้,รับประกันสินค้า 1 เดือน,https://compasia.co.th/collections/all-smartphones/products/iphone-16
12,iPhone 16,Ultra marine,128GB,ดี,19650,33900,สินค้าจะบรรจุในกล่องของคอมพ์เอเชีย (ไม่ใช่กล่องเดิมของเครื่อง) | *ไม่มีอะแดปเตอร์-หัวชาร์จ และสายชาร์จแถมให้ค่ะ | *ไม่มีติดฟิล์ม ไม่มีเคสแถมให้,รับประกันสินค้า 1 เดือน,https://compasia.co.th/collections/all-smartphones/products/iphone-16
12,iPhone 16,Ultra marine,128GB,พอใช้,19150,33900,สินค้าจะบรรจุในกล่องของคอมพ์เอเชีย (ไม่ใช่กล่องเดิมของเครื่อง) | *ไม่มีอะแดปเตอร์-หัวชาร์จ และสายชาร์จแถมให้ค่ะ | *ไม่มีติดฟิล์ม ไม่มีเคสแถมให้,รับประกันสินค้า 1 เดือน,https://compasia.co.th/collections/all-smartphones/products/iphone-16
12,iPhone 16,Ultra marine,256GB,ดีเยี่ยม,21150,33900,สินค้าจะบรรจุในกล่องของคอมพ์เอเชีย (ไม่ใช่กล่องเดิมของเครื่อง) | *ไม่มีอะแดปเตอร์-หัวชาร์จ และสายชาร์จแถมให้ค่ะ | *ไม่มีติดฟิล์ม ไม่มีเคสแถมให้,รับประกันสินค้า 1 เดือน,https://compasia.co.th/collections/all-smartphones/products/iphone-16
12,iPhone 16,Ultra marine,256GB,ดี,20650,33900,สินค้าจะบรรจุในกล่องของคอมพ์เอเชีย (ไม่ใช่กล่องเดิมของเครื่อง) | *ไม่มีอะแดปเตอร์-หัวชาร์จ และสายชาร์จแถมให้ค่ะ | *ไม่มีติดฟิล์ม ไม่มีเคสแถมให้,รับประกันสินค้า 1 เดือน,https://compasia.co.th/collections/all-smartphones/products/iphone-16
12,iPhone 16,Ultra marine,256GB,พอใช้,20150,33900,สินค้าจะบรรจุในกล่องของคอมพ์เอเชีย (ไม่ใช่กล่องเดิมของเครื่อง) | *ไม่มีอะแดปเตอร์-หัวชาร์จ และสายชาร์จแถมให้ค่ะ | *ไม่มีติดฟิล์ม ไม่มีเคสแถมให้,รับประกันสินค้า 1 เดือน,https://compasia.co.th/collections/all-smartphones/products/iphone-16
12,iPhone 16,Ultra marine,512GB,ดีเยี่ยม,22150,33900,สินค้าจะบรรจุในกล่องของคอมพ์เอเชีย (ไม่ใช่กล่องเดิมของเครื่อง) | *ไม่มีอะแดปเตอร์-หัวชาร์จ และสายชาร์จแถมให้ค่ะ | *ไม่มีติดฟิล์ม ไม่มีเคสแถมให้,รับประกันสินค้า 1 เดือน,https://compasia.co.th/collections/all-smartphones/products/iphone-16
12,iPhone 16,Ultra marine,512GB,ดี,21650,33900,สินค้าจะบรรจุในกล่องของคอมพ์เอเชีย (ไม่ใช่กล่องเดิมของเครื่อง) | *ไม่มีอะแดปเตอร์-หัวชาร์จ และสายชาร์จแถมให้ค่ะ | *ไม่มีติดฟิล์ม ไม่มีเคสแถมให้,รับประกันสินค้า 1 เดือน,https://compasia.co.th/collections/all-smartphones/products/iphone-16
12,iPhone 16,Ultra marine,512GB,พอใช้,21150,33900,สินค้าจะบรรจุในกล่องของคอมพ์เอเชีย (ไม่ใช่กล่องเดิมของเครื่อง) | *ไม่มีอะแดปเตอร์-หัวชาร์จ และสายชาร์จแถมให้ค่ะ | *ไม่มีติดฟิล์ม ไม่มีเคสแถมให้,รับประกันสินค้า 1 เดือน,https://compasia.co.th/collections/all-smartphones/products/iphone-16
13,Galaxy S25 Ultra,Titanium Silverblue,256GB,Excellent,26000,-,สินค้าจะบรรจุในกล่องของคอมพ์เอเชีย (ไม่ใช่กล่องเดิมของเครื่อง) | *ไม่มีอะแดปเตอร์-หัวชาร์จ และสายชาร์จแถมให้ค่ะ | *ไม่มีติดฟิล์ม ไม่มีเคสแถมให้,รับประกันสินค้า 1 เดือน,https://compasia.co.th/collections/all-smartphones/products/payday❤️‍🔥-galaxy-s25-ultra
13,Galaxy S25 Ultra,Titanium Silverblue,256GB,Good,25500,-,สินค้าจะบรรจุในกล่องของคอมพ์เอเชีย (ไม่ใช่กล่องเดิมของเครื่อง) | *ไม่มีอะแดปเตอร์-หัวชาร์จ และสายชาร์จแถมให้ค่ะ | *ไม่มีติดฟิล์ม ไม่มีเคสแถมให้,รับประกันสินค้า 1 เดือน,https://compasia.co.th/collections/all-smartphones/products/payday❤️‍🔥-galaxy-s25-ultra
13,Galaxy S25 Ultra,Titanium Silverblue,256GB,Fair,25000,-,สินค้าจะบรรจุในกล่องของคอมพ์เอเชีย (ไม่ใช่กล่องเดิมของเครื่อง) | *ไม่มีอะแดปเตอร์-หัวชาร์จ และสายชาร์จแถมให้ค่ะ | *ไม่มีติดฟิล์ม ไม่มีเคสแถมให้,รับประกันสินค้า 1 เดือน,https://compasia.co.th/collections/all-smartphones/products/payday❤️‍🔥-galaxy-s25-ultra
13,Galaxy S25 Ultra,Titanium Silverblue,512GB,Excellent,27000,-,สินค้าจะบรรจุในกล่องของคอมพ์เอเชีย (ไม่ใช่กล่องเดิมของเครื่อง) | *ไม่มีอะแดปเตอร์-หัวชาร์จ และสายชาร์จแถมให้ค่ะ | *ไม่มีติดฟิล์ม ไม่มีเคสแถมให้,รับประกันสินค้า 1 เดือน,https://compasia.co.th/collections/all-smartphones/products/payday❤️‍🔥-galaxy-s25-ultra
13,Galaxy S25 Ultra,Titanium Silverblue,512GB,Good,26500,-,สินค้าจะบรรจุในกล่องของคอมพ์เอเชีย (ไม่ใช่กล่องเดิมของเครื่อง) | *ไม่มีอะแดปเตอร์-หัวชาร์จ และสายชาร์จแถมให้ค่ะ | *ไม่มีติดฟิล์ม ไม่มีเคสแถมให้,รับประกันสินค้า 1 เดือน,https://compasia.co.th/collections/all-smartphones/products/payday❤️‍🔥-galaxy-s25-ultra
13,Galaxy S25 Ultra,Titanium Silverblue,512GB,Fair,26000,-,สินค้าจะบรรจุในกล่องของคอมพ์เอเชีย (ไม่ใช่กล่องเดิมของเครื่อง) | *ไม่มีอะแดปเตอร์-หัวชาร์จ และสายชาร์จแถมให้ค่ะ | *ไม่มีติดฟิล์ม ไม่มีเคสแถมให้,รับประกันสินค้า 1 เดือน,https://compasia.co.th/collections/all-smartphones/products/payday❤️‍🔥-galaxy-s25-ultra
13,Galaxy S25 Ultra,Titanium Silverblue,1TB,Excellent,28000,-,สินค้าจะบรรจุในกล่องของคอมพ์เอเชีย (ไม่ใช่กล่องเดิมของเครื่อง) | *ไม่มีอะแดปเตอร์-หัวชาร์จ และสายชาร์จแถมให้ค่ะ | *ไม่มีติดฟิล์ม ไม่มีเคสแถมให้,รับประกันสินค้า 1 เดือน,https://compasia.co.th/collections/all-smartphones/products/payday❤️‍🔥-galaxy-s25-ultra
13,Galaxy S25 Ultra,Titanium Silverblue,1TB,Good,27500,-,สินค้าจะบรรจุในกล่องของคอมพ์เอเชีย (ไม่ใช่กล่องเดิมของเครื่อง) | *ไม่มีอะแดปเตอร์-หัวชาร์จ และสายชาร์จแถมให้ค่ะ | *ไม่มีติดฟิล์ม ไม่มีเคสแถมให้,รับประกันสินค้า 1 เดือน,https://compasia.co.th/collections/all-smartphones/products/payday❤️‍🔥-galaxy-s25-ultra
13,Galaxy S25 Ultra,Titanium Silverblue,1TB,Fair,27000,-,สินค้าจะบรรจุในกล่องของคอมพ์เอเชีย (ไม่ใช่กล่องเดิมของเครื่อง) | *ไม่มีอะแดปเตอร์-หัวชาร์จ และสายชาร์จแถมให้ค่ะ | *ไม่มีติดฟิล์ม ไม่มีเคสแถมให้,รับประกันสินค้า 1 เดือน,https://compasia.co.th/collections/all-smartphones/products/payday❤️‍🔥-galaxy-s25-ultra
13,Galaxy S25 Ultra,Titanium  Whitesilver,256GB,Excellent,26000,-,สินค้าจะบรรจุในกล่องของคอมพ์เอเชีย (ไม่ใช่กล่องเดิมของเครื่อง) | *ไม่มีอะแดปเตอร์-หัวชาร์จ และสายชาร์จแถมให้ค่ะ | *ไม่มีติดฟิล์ม ไม่มีเคสแถมให้,รับประกันสินค้า 1 เดือน,https://compasia.co.th/collections/all-smartphones/products/payday❤️‍🔥-galaxy-s25-ultra
13,Galaxy S25 Ultra,Titanium  Whitesilver,256GB,Good,25500,-,สินค้าจะบรรจุในกล่องของคอมพ์เอเชีย (ไม่ใช่กล่องเดิมของเครื่อง) | *ไม่มีอะแดปเตอร์-หัวชาร์จ และสายชาร์จแถมให้ค่ะ | *ไม่มีติดฟิล์ม ไม่มีเคสแถมให้,รับประกันสินค้า 1 เดือน,https://compasia.co.th/collections/all-smartphones/products/payday❤️‍🔥-galaxy-s25-ultra
13,Galaxy S25 Ultra,Titanium  Whitesilver,256GB,Fair,25000,-,สินค้าจะบรรจุในกล่องของคอมพ์เอเชีย (ไม่ใช่กล่องเดิมของเครื่อง) | *ไม่มีอะแดปเตอร์-หัวชาร์จ และสายชาร์จแถมให้ค่ะ | *ไม่มีติดฟิล์ม ไม่มีเคสแถมให้,รับประกันสินค้า 1 เดือน,https://compasia.co.th/collections/all-smartphones/products/payday❤️‍🔥-galaxy-s25-ultra
13,Galaxy S25 Ultra,Titanium  Whitesilver,512GB,Excellent,27000,-,สินค้าจะบรรจุในกล่องของคอมพ์เอเชีย (ไม่ใช่กล่องเดิมของเครื่อง) | *ไม่มีอะแดปเตอร์-หัวชาร์จ และสายชาร์จแถมให้ค่ะ | *ไม่มีติดฟิล์ม ไม่มีเคสแถมให้,รับประกันสินค้า 1 เดือน,https://compasia.co.th/collections/all-smartphones/products/payday❤️‍🔥-galaxy-s25-ultra
13,Galaxy S25 Ultra,Titanium  Whitesilver,512GB,Good,26500,-,สินค้าจะบรรจุในกล่องของคอมพ์เอเชีย (ไม่ใช่กล่องเดิมของเครื่อง) | *ไม่มีอะแดปเตอร์-หัวชาร์จ และสายชาร์จแถมให้ค่ะ | *ไม่มีติดฟิล์ม ไม่มีเคสแถมให้,รับประกันสินค้า 1 เดือน,https://compasia.co.th/collections/all-smartphones/products/payday❤️‍🔥-galaxy-s25-ultra
13,Galaxy S25 Ultra,Titanium  Whitesilver,512GB,Fair,26000,-,สินค้าจะบรรจุในกล่องของคอมพ์เอเชีย (ไม่ใช่กล่องเดิมของเครื่อง) | *ไม่มีอะแดปเตอร์-หัวชาร์จ และสายชาร์จแถมให้ค่ะ | *ไม่มีติดฟิล์ม ไม่มีเคสแถมให้,รับประกันสินค้า 1 เดือน,https://compasia.co.th/collections/all-smartphones/products/payday❤️‍🔥-galaxy-s25-ultra
13,Galaxy S25 Ultra,Titanium  Whitesilver,1TB,Excellent,28000,-,สินค้าจะบรรจุในกล่องของคอมพ์เอเชีย (ไม่ใช่กล่องเดิมของเครื่อง) | *ไม่มีอะแดปเตอร์-หัวชาร์จ และสายชาร์จแถมให้ค่ะ | *ไม่มีติดฟิล์ม ไม่มีเคสแถมให้,รับประกันสินค้า 1 เดือน,https://compasia.co.th/collections/all-smartphones/products/payday❤️‍🔥-galaxy-s25-ultra
13,Galaxy S25 Ultra,Titanium  Whitesilver,1TB,Good,27500,-,สินค้าจะบรรจุในกล่องของคอมพ์เอเชีย (ไม่ใช่กล่องเดิมของเครื่อง) | *ไม่มีอะแดปเตอร์-หัวชาร์จ และสายชาร์จแถมให้ค่ะ | *ไม่มีติดฟิล์ม ไม่มีเคสแถมให้,รับประกันสินค้า 1 เดือน,https://compasia.co.th/collections/all-smartphones/products/payday❤️‍🔥-galaxy-s25-ultra
13,Galaxy S25 Ultra,Titanium  Whitesilver,1TB,Fair,27000,-,สินค้าจะบรรจุในกล่องของคอมพ์เอเชีย (ไม่ใช่กล่องเดิมของเครื่อง) | *ไม่มีอะแดปเตอร์-หัวชาร์จ และสายชาร์จแถมให้ค่ะ | *ไม่มีติดฟิล์ม ไม่มีเคสแถมให้,รับประกันสินค้า 1 เดือน,https://compasia.co.th/collections/all-smartphones/products/payday❤️‍🔥-galaxy-s25-ultra
13,Galaxy S25 Ultra,Titanium  Pinkgold,256GB,Excellent,26000,-,สินค้าจะบรรจุในกล่องของคอมพ์เอเชีย (ไม่ใช่กล่องเดิมของเครื่อง) | *ไม่มีอะแดปเตอร์-หัวชาร์จ และสายชาร์จแถมให้ค่ะ | *ไม่มีติดฟิล์ม ไม่มีเคสแถมให้,รับประกันสินค้า 1 เดือน,https://compasia.co.th/collections/all-smartphones/products/payday❤️‍🔥-galaxy-s25-ultra
13,Galaxy S25 Ultra,Titanium  Pinkgold,256GB,Good,25500,-,สินค้าจะบรรจุในกล่องของคอมพ์เอเชีย (ไม่ใช่กล่องเดิมของเครื่อง) | *ไม่มีอะแดปเตอร์-หัวชาร์จ และสายชาร์จแถมให้ค่ะ | *ไม่มีติดฟิล์ม ไม่มีเคสแถมให้,รับประกันสินค้า 1 เดือน,https://compasia.co.th/collections/all-smartphones/products/payday❤️‍🔥-galaxy-s25-ultra
13,Galaxy S25 Ultra,Titanium  Pinkgold,256GB,Fair,25000,-,สินค้าจะบรรจุในกล่องของคอมพ์เอเชีย (ไม่ใช่กล่องเดิมของเครื่อง) | *ไม่มีอะแดปเตอร์-หัวชาร์จ และสายชาร์จแถมให้ค่ะ | *ไม่มีติดฟิล์ม ไม่มีเคสแถมให้,รับประกันสินค้า 1 เดือน,https://compasia.co.th/collections/all-smartphones/products/payday❤️‍🔥-galaxy-s25-ultra
13,Galaxy S25 Ultra,Titanium  Pinkgold,512GB,Excellent,27000,-,สินค้าจะบรรจุในกล่องของคอมพ์เอเชีย (ไม่ใช่กล่องเดิมของเครื่อง) | *ไม่มีอะแดปเตอร์-หัวชาร์จ และสายชาร์จแถมให้ค่ะ | *ไม่มีติดฟิล์ม ไม่มีเคสแถมให้,รับประกันสินค้า 1 เดือน,https://compasia.co.th/collections/all-smartphones/products/payday❤️‍🔥-galaxy-s25-ultra
13,Galaxy S25 Ultra,Titanium  Pinkgold,512GB,Good,26500,-,สินค้าจะบรรจุในกล่องของคอมพ์เอเชีย (ไม่ใช่กล่องเดิมของเครื่อง) | *ไม่มีอะแดปเตอร์-หัวชาร์จ และสายชาร์จแถมให้ค่ะ | *ไม่มีติดฟิล์ม ไม่มีเคสแถมให้,รับประกันสินค้า 1 เดือน,https://compasia.co.th/collections/all-smartphones/products/payday❤️‍🔥-galaxy-s25-ultra
13,Galaxy S25 Ultra,Titanium  Pinkgold,512GB,Fair,26000,-,สินค้าจะบรรจุในกล่องของคอมพ์เอเชีย (ไม่ใช่กล่องเดิมของเครื่อง) | *ไม่มีอะแดปเตอร์-หัวชาร์จ และสายชาร์จแถมให้ค่ะ | *ไม่มีติดฟิล์ม ไม่มีเคสแถมให้,รับประกันสินค้า 1 เดือน,https://compasia.co.th/collections/all-smartphones/products/payday❤️‍🔥-galaxy-s25-ultra
13,Galaxy S25 Ultra,Titanium  Pinkgold,1TB,Excellent,28000,-,สินค้าจะบรรจุในกล่องของคอมพ์เอเชีย (ไม่ใช่กล่องเดิมของเครื่อง) | *ไม่มีอะแดปเตอร์-หัวชาร์จ และสายชาร์จแถมให้ค่ะ | *ไม่มีติดฟิล์ม ไม่มีเคสแถมให้,รับประกันสินค้า 1 เดือน,https://compasia.co.th/collections/all-smartphones/products/payday❤️‍🔥-galaxy-s25-ultra
13,Galaxy S25 Ultra,Titanium  Pinkgold,1TB,Good,27500,-,สินค้าจะบรรจุในกล่องของคอมพ์เอเชีย (ไม่ใช่กล่องเดิมของเครื่อง) | *ไม่มีอะแดปเตอร์-หัวชาร์จ และสายชาร์จแถมให้ค่ะ | *ไม่มีติดฟิล์ม ไม่มีเคสแถมให้,รับประกันสินค้า 1 เดือน,https://compasia.co.th/collections/all-smartphones/products/payday❤️‍🔥-galaxy-s25-ultra
13,Galaxy S25 Ultra,Titanium  Pinkgold,1TB,Fair,27000,-,สินค้าจะบรรจุในกล่องของคอมพ์เอเชีย (ไม่ใช่กล่องเดิมของเครื่อง) | *ไม่มีอะแดปเตอร์-หัวชาร์จ และสายชาร์จแถมให้ค่ะ | *ไม่มีติดฟิล์ม ไม่มีเคสแถมให้,รับประกันสินค้า 1 เดือน,https://compasia.co.th/collections/all-smartphones/products/payday❤️‍🔥-galaxy-s25-ultra
13,Galaxy S25 Ultra,Titanium  Jadegreen,256GB,Excellent,26000,-,สินค้าจะบรรจุในกล่องของคอมพ์เอเชีย (ไม่ใช่กล่องเดิมของเครื่อง) | *ไม่มีอะแดปเตอร์-หัวชาร์จ และสายชาร์จแถมให้ค่ะ | *ไม่มีติดฟิล์ม ไม่มีเคสแถมให้,รับประกันสินค้า 1 เดือน,https://compasia.co.th/collections/all-smartphones/products/payday❤️‍🔥-galaxy-s25-ultra
13,Galaxy S25 Ultra,Titanium  Jadegreen,256GB,Good,25500,-,สินค้าจะบรรจุในกล่องของคอมพ์เอเชีย (ไม่ใช่กล่องเดิมของเครื่อง) | *ไม่มีอะแดปเตอร์-หัวชาร์จ และสายชาร์จแถมให้ค่ะ | *ไม่มีติดฟิล์ม ไม่มีเคสแถมให้,รับประกันสินค้า 1 เดือน,https://compasia.co.th/collections/all-smartphones/products/payday❤️‍🔥-galaxy-s25-ultra
13,Galaxy S25 Ultra,Titanium  Jadegreen,256GB,Fair,25000,-,สินค้าจะบรรจุในกล่องของคอมพ์เอเชีย (ไม่ใช่กล่องเดิมของเครื่อง) | *ไม่มีอะแดปเตอร์-หัวชาร์จ และสายชาร์จแถมให้ค่ะ | *ไม่มีติดฟิล์ม ไม่มีเคสแถมให้,รับประกันสินค้า 1 เดือน,https://compasia.co.th/collections/all-smartphones/products/payday❤️‍🔥-galaxy-s25-ultra
13,Galaxy S25 Ultra,Titanium  Jadegreen,512GB,Excellent,27000,-,สินค้าจะบรรจุในกล่องของคอมพ์เอเชีย (ไม่ใช่กล่องเดิมของเครื่อง) | *ไม่มีอะแดปเตอร์-หัวชาร์จ และสายชาร์จแถมให้ค่ะ | *ไม่มีติดฟิล์ม ไม่มีเคสแถมให้,รับประกันสินค้า 1 เดือน,https://compasia.co.th/collections/all-smartphones/products/payday❤️‍🔥-galaxy-s25-ultra
13,Galaxy S25 Ultra,Titanium  Jadegreen,512GB,Good,26500,-,สินค้าจะบรรจุในกล่องของคอมพ์เอเชีย (ไม่ใช่กล่องเดิมของเครื่อง) | *ไม่มีอะแดปเตอร์-หัวชาร์จ และสายชาร์จแถมให้ค่ะ | *ไม่มีติดฟิล์ม ไม่มีเคสแถมให้,รับประกันสินค้า 1 เดือน,https://compasia.co.th/collections/all-smartphones/products/payday❤️‍🔥-galaxy-s25-ultra
13,Galaxy S25 Ultra,Titanium  Jadegreen,512GB,Fair,26000,-,สินค้าจะบรรจุในกล่องของคอมพ์เอเชีย (ไม่ใช่กล่องเดิมของเครื่อง) | *ไม่มีอะแดปเตอร์-หัวชาร์จ และสายชาร์จแถมให้ค่ะ | *ไม่มีติดฟิล์ม ไม่มีเคสแถมให้,รับประกันสินค้า 1 เดือน,https://compasia.co.th/collections/all-smartphones/products/payday❤️‍🔥-galaxy-s25-ultra
13,Galaxy S25 Ultra,Titanium  Jadegreen,1TB,Excellent,28000,-,สินค้าจะบรรจุในกล่องของคอมพ์เอเชีย (ไม่ใช่กล่องเดิมของเครื่อง) | *ไม่มีอะแดปเตอร์-หัวชาร์จ และสายชาร์จแถมให้ค่ะ | *ไม่มีติดฟิล์ม ไม่มีเคสแถมให้,รับประกันสินค้า 1 เดือน,https://compasia.co.th/collections/all-smartphones/products/payday❤️‍🔥-galaxy-s25-ultra
13,Galaxy S25 Ultra,Titanium  Jadegreen,1TB,Good,27500,-,สินค้าจะบรรจุในกล่องของคอมพ์เอเชีย (ไม่ใช่กล่องเดิมของเครื่อง) | *ไม่มีอะแดปเตอร์-หัวชาร์จ และสายชาร์จแถมให้ค่ะ | *ไม่มีติดฟิล์ม ไม่มีเคสแถมให้,รับประกันสินค้า 1 เดือน,https://compasia.co.th/collections/all-smartphones/products/payday❤️‍🔥-galaxy-s25-ultra
13,Galaxy S25 Ultra,Titanium  Jadegreen,1TB,Fair,27000,-,สินค้าจะบรรจุในกล่องของคอมพ์เอเชีย (ไม่ใช่กล่องเดิมของเครื่อง) | *ไม่มีอะแดปเตอร์-หัวชาร์จ และสายชาร์จแถมให้ค่ะ | *ไม่มีติดฟิล์ม ไม่มีเคสแถมให้,รับประกันสินค้า 1 เดือน,https://compasia.co.th/collections/all-smartphones/products/payday❤️‍🔥-galaxy-s25-ultra
13,Galaxy S25 Ultra,Titanium Gray,256GB,Excellent,26000,-,สินค้าจะบรรจุในกล่องของคอมพ์เอเชีย (ไม่ใช่กล่องเดิมของเครื่อง) | *ไม่มีอะแดปเตอร์-หัวชาร์จ และสายชาร์จแถมให้ค่ะ | *ไม่มีติดฟิล์ม ไม่มีเคสแถมให้,รับประกันสินค้า 1 เดือน,https://compasia.co.th/collections/all-smartphones/products/payday❤️‍🔥-galaxy-s25-ultra
13,Galaxy S25 Ultra,Titanium Gray,256GB,Good,25500,-,สินค้าจะบรรจุในกล่องของคอมพ์เอเชีย (ไม่ใช่กล่องเดิมของเครื่อง) | *ไม่มีอะแดปเตอร์-หัวชาร์จ และสายชาร์จแถมให้ค่ะ | *ไม่มีติดฟิล์ม ไม่มีเคสแถมให้,รับประกันสินค้า 1 เดือน,https://compasia.co.th/collections/all-smartphones/products/payday❤️‍🔥-galaxy-s25-ultra
13,Galaxy S25 Ultra,Titanium Gray,256GB,Fair,25000,-,สินค้าจะบรรจุในกล่องของคอมพ์เอเชีย (ไม่ใช่กล่องเดิมของเครื่อง) | *ไม่มีอะแดปเตอร์-หัวชาร์จ และสายชาร์จแถมให้ค่ะ | *ไม่มีติดฟิล์ม ไม่มีเคสแถมให้,รับประกันสินค้า 1 เดือน,https://compasia.co.th/collections/all-smartphones/products/payday❤️‍🔥-galaxy-s25-ultra
13,Galaxy S25 Ultra,Titanium Gray,512GB,Excellent,27000,-,สินค้าจะบรรจุในกล่องของคอมพ์เอเชีย (ไม่ใช่กล่องเดิมของเครื่อง) | *ไม่มีอะแดปเตอร์-หัวชาร์จ และสายชาร์จแถมให้ค่ะ | *ไม่มีติดฟิล์ม ไม่มีเคสแถมให้,รับประกันสินค้า 1 เดือน,https://compasia.co.th/collections/all-smartphones/products/payday❤️‍🔥-galaxy-s25-ultra
13,Galaxy S25 Ultra,Titanium Gray,512GB,Good,26500,-,สินค้าจะบรรจุในกล่องของคอมพ์เอเชีย (ไม่ใช่กล่องเดิมของเครื่อง) | *ไม่มีอะแดปเตอร์-หัวชาร์จ และสายชาร์จแถมให้ค่ะ | *ไม่มีติดฟิล์ม ไม่มีเคสแถมให้,รับประกันสินค้า 1 เดือน,https://compasia.co.th/collections/all-smartphones/products/payday❤️‍🔥-galaxy-s25-ultra
13,Galaxy S25 Ultra,Titanium Gray,512GB,Fair,26000,-,สินค้าจะบรรจุในกล่องของคอมพ์เอเชีย (ไม่ใช่กล่องเดิมของเครื่อง) | *ไม่มีอะแดปเตอร์-หัวชาร์จ และสายชาร์จแถมให้ค่ะ | *ไม่มีติดฟิล์ม ไม่มีเคสแถมให้,รับประกันสินค้า 1 เดือน,https://compasia.co.th/collections/all-smartphones/products/payday❤️‍🔥-galaxy-s25-ultra
13,Galaxy S25 Ultra,Titanium Gray,1TB,Excellent,28000,-,สินค้าจะบรรจุในกล่องของคอมพ์เอเชีย (ไม่ใช่กล่องเดิมของเครื่อง) | *ไม่มีอะแดปเตอร์-หัวชาร์จ และสายชาร์จแถมให้ค่ะ | *ไม่มีติดฟิล์ม ไม่มีเคสแถมให้,รับประกันสินค้า 1 เดือน,https://compasia.co.th/collections/all-smartphones/products/payday❤️‍🔥-galaxy-s25-ultra
13,Galaxy S25 Ultra,Titanium Gray,1TB,Good,27500,-,สินค้าจะบรรจุในกล่องของคอมพ์เอเชีย (ไม่ใช่กล่องเดิมของเครื่อง) | *ไม่มีอะแดปเตอร์-หัวชาร์จ และสายชาร์จแถมให้ค่ะ | *ไม่มีติดฟิล์ม ไม่มีเคสแถมให้,รับประกันสินค้า 1 เดือน,https://compasia.co.th/collections/all-smartphones/products/payday❤️‍🔥-galaxy-s25-ultra
13,Galaxy S25 Ultra,Titanium Gray,1TB,Fair,27000,-,สินค้าจะบรรจุในกล่องของคอมพ์เอเชีย (ไม่ใช่กล่องเดิมของเครื่อง) | *ไม่มีอะแดปเตอร์-หัวชาร์จ และสายชาร์จแถมให้ค่ะ | *ไม่มีติดฟิล์ม ไม่มีเคสแถมให้,รับประกันสินค้า 1 เดือน,https://compasia.co.th/collections/all-smartphones/products/payday❤️‍🔥-galaxy-s25-ultra
13,Galaxy S25 Ultra,Titanium Black,256GB,Excellent,26000,-,สินค้าจะบรรจุในกล่องของคอมพ์เอเชีย (ไม่ใช่กล่องเดิมของเครื่อง) | *ไม่มีอะแดปเตอร์-หัวชาร์จ และสายชาร์จแถมให้ค่ะ | *ไม่มีติดฟิล์ม ไม่มีเคสแถมให้,รับประกันสินค้า 1 เดือน,https://compasia.co.th/collections/all-smartphones/products/payday❤️‍🔥-galaxy-s25-ultra
13,Galaxy S25 Ultra,Titanium Black,256GB,Good,25500,-,สินค้าจะบรรจุในกล่องของคอมพ์เอเชีย (ไม่ใช่กล่องเดิมของเครื่อง) | *ไม่มีอะแดปเตอร์-หัวชาร์จ และสายชาร์จแถมให้ค่ะ | *ไม่มีติดฟิล์ม ไม่มีเคสแถมให้,รับประกันสินค้า 1 เดือน,https://compasia.co.th/collections/all-smartphones/products/payday❤️‍🔥-galaxy-s25-ultra
13,Galaxy S25 Ultra,Titanium Black,256GB,Fair,25000,-,สินค้าจะบรรจุในกล่องของคอมพ์เอเชีย (ไม่ใช่กล่องเดิมของเครื่อง) | *ไม่มีอะแดปเตอร์-หัวชาร์จ และสายชาร์จแถมให้ค่ะ | *ไม่มีติดฟิล์ม ไม่มีเคสแถมให้,รับประกันสินค้า 1 เดือน,https://compasia.co.th/collections/all-smartphones/products/payday❤️‍🔥-galaxy-s25-ultra
13,Galaxy S25 Ultra,Titanium Black,512GB,Excellent,27000,-,สินค้าจะบรรจุในกล่องของคอมพ์เอเชีย (ไม่ใช่กล่องเดิมของเครื่อง) | *ไม่มีอะแดปเตอร์-หัวชาร์จ และสายชาร์จแถมให้ค่ะ | *ไม่มีติดฟิล์ม ไม่มีเคสแถมให้,รับประกันสินค้า 1 เดือน,https://compasia.co.th/collections/all-smartphones/products/payday❤️‍🔥-galaxy-s25-ultra
13,Galaxy S25 Ultra,Titanium Black,512GB,Good,26500,-,สินค้าจะบรรจุในกล่องของคอมพ์เอเชีย (ไม่ใช่กล่องเดิมของเครื่อง) | *ไม่มีอะแดปเตอร์-หัวชาร์จ และสายชาร์จแถมให้ค่ะ | *ไม่มีติดฟิล์ม ไม่มีเคสแถมให้,รับประกันสินค้า 1 เดือน,https://compasia.co.th/collections/all-smartphones/products/payday❤️‍🔥-galaxy-s25-ultra
13,Galaxy S25 Ultra,Titanium Black,512GB,Fair,26000,-,สินค้าจะบรรจุในกล่องของคอมพ์เอเชีย (ไม่ใช่กล่องเดิมของเครื่อง) | *ไม่มีอะแดปเตอร์-หัวชาร์จ และสายชาร์จแถมให้ค่ะ | *ไม่มีติดฟิล์ม ไม่มีเคสแถมให้,รับประกันสินค้า 1 เดือน,https://compasia.co.th/collections/all-smartphones/products/payday❤️‍🔥-galaxy-s25-ultra
13,Galaxy S25 Ultra,Titanium Black,1TB,Excellent,28000,-,สินค้าจะบรรจุในกล่องของคอมพ์เอเชีย (ไม่ใช่กล่องเดิมของเครื่อง) | *ไม่มีอะแดปเตอร์-หัวชาร์จ และสายชาร์จแถมให้ค่ะ | *ไม่มีติดฟิล์ม ไม่มีเคสแถมให้,รับประกันสินค้า 1 เดือน,https://compasia.co.th/collections/all-smartphones/products/payday❤️‍🔥-galaxy-s25-ultra
13,Galaxy S25 Ultra,Titanium Black,1TB,Good,27500,-,สินค้าจะบรรจุในกล่องของคอมพ์เอเชีย (ไม่ใช่กล่องเดิมของเครื่อง) | *ไม่มีอะแดปเตอร์-หัวชาร์จ และสายชาร์จแถมให้ค่ะ | *ไม่มีติดฟิล์ม ไม่มีเคสแถมให้,รับประกันสินค้า 1 เดือน,https://compasia.co.th/collections/all-smartphones/products/payday❤️‍🔥-galaxy-s25-ultra
13,Galaxy S25 Ultra,Titanium Black,1TB,Fair,27000,-,สินค้าจะบรรจุในกล่องของคอมพ์เอเชีย (ไม่ใช่กล่องเดิมของเครื่อง) | *ไม่มีอะแดปเตอร์-หัวชาร์จ และสายชาร์จแถมให้ค่ะ | *ไม่มีติดฟิล์ม ไม่มีเคสแถมให้,รับประกันสินค้า 1 เดือน,https://compasia.co.th/collections/all-smartphones/products/payday❤️‍🔥-galaxy-s25-ultra
13,Galaxy S25 Ultra,JetBlack,256GB,Excellent,26000,-,สินค้าจะบรรจุในกล่องของคอมพ์เอเชีย (ไม่ใช่กล่องเดิมของเครื่อง) | *ไม่มีอะแดปเตอร์-หัวชาร์จ และสายชาร์จแถมให้ค่ะ | *ไม่มีติดฟิล์ม ไม่มีเคสแถมให้,รับประกันสินค้า 1 เดือน,https://compasia.co.th/collections/all-smartphones/products/payday❤️‍🔥-galaxy-s25-ultra
13,Galaxy S25 Ultra,JetBlack,256GB,Good,25500,-,สินค้าจะบรรจุในกล่องของคอมพ์เอเชีย (ไม่ใช่กล่องเดิมของเครื่อง) | *ไม่มีอะแดปเตอร์-หัวชาร์จ และสายชาร์จแถมให้ค่ะ | *ไม่มีติดฟิล์ม ไม่มีเคสแถมให้,รับประกันสินค้า 1 เดือน,https://compasia.co.th/collections/all-smartphones/products/payday❤️‍🔥-galaxy-s25-ultra
13,Galaxy S25 Ultra,JetBlack,256GB,Fair,25000,-,สินค้าจะบรรจุในกล่องของคอมพ์เอเชีย (ไม่ใช่กล่องเดิมของเครื่อง) | *ไม่มีอะแดปเตอร์-หัวชาร์จ และสายชาร์จแถมให้ค่ะ | *ไม่มีติดฟิล์ม ไม่มีเคสแถมให้,รับประกันสินค้า 1 เดือน,https://compasia.co.th/collections/all-smartphones/products/payday❤️‍🔥-galaxy-s25-ultra
13,Galaxy S25 Ultra,JetBlack,512GB,Excellent,27000,-,สินค้าจะบรรจุในกล่องของคอมพ์เอเชีย (ไม่ใช่กล่องเดิมของเครื่อง) | *ไม่มีอะแดปเตอร์-หัวชาร์จ และสายชาร์จแถมให้ค่ะ | *ไม่มีติดฟิล์ม ไม่มีเคสแถมให้,รับประกันสินค้า 1 เดือน,https://compasia.co.th/collections/all-smartphones/products/payday❤️‍🔥-galaxy-s25-ultra
13,Galaxy S25 Ultra,JetBlack,512GB,Good,26500,-,สินค้าจะบรรจุในกล่องของคอมพ์เอเชีย (ไม่ใช่กล่องเดิมของเครื่อง) | *ไม่มีอะแดปเตอร์-หัวชาร์จ และสายชาร์จแถมให้ค่ะ | *ไม่มีติดฟิล์ม ไม่มีเคสแถมให้,รับประกันสินค้า 1 เดือน,https://compasia.co.th/collections/all-smartphones/products/payday❤️‍🔥-galaxy-s25-ultra
13,Galaxy S25 Ultra,JetBlack,512GB,Fair,26000,-,สินค้าจะบรรจุในกล่องของคอมพ์เอเชีย (ไม่ใช่กล่องเดิมของเครื่อง) | *ไม่มีอะแดปเตอร์-หัวชาร์จ และสายชาร์จแถมให้ค่ะ | *ไม่มีติดฟิล์ม ไม่มีเคสแถมให้,รับประกันสินค้า 1 เดือน,https://compasia.co.th/collections/all-smartphones/products/payday❤️‍🔥-galaxy-s25-ultra
13,Galaxy S25 Ultra,JetBlack,1TB,Excellent,28000,-,สินค้าจะบรรจุในกล่องของคอมพ์เอเชีย (ไม่ใช่กล่องเดิมของเครื่อง) | *ไม่มีอะแดปเตอร์-หัวชาร์จ และสายชาร์จแถมให้ค่ะ | *ไม่มีติดฟิล์ม ไม่มีเคสแถมให้,รับประกันสินค้า 1 เดือน,https://compasia.co.th/collections/all-smartphones/products/payday❤️‍🔥-galaxy-s25-ultra
13,Galaxy S25 Ultra,JetBlack,1TB,Good,27500,-,สินค้าจะบรรจุในกล่องของคอมพ์เอเชีย (ไม่ใช่กล่องเดิมของเครื่อง) | *ไม่มีอะแดปเตอร์-หัวชาร์จ และสายชาร์จแถมให้ค่ะ | *ไม่มีติดฟิล์ม ไม่มีเคสแถมให้,รับประกันสินค้า 1 เดือน,https://compasia.co.th/collections/all-smartphones/products/payday❤️‍🔥-galaxy-s25-ultra
13,Galaxy S25 Ultra,JetBlack,1TB,Fair,27000,-,สินค้าจะบรรจุในกล่องของคอมพ์เอเชีย (ไม่ใช่กล่องเดิมของเครื่อง) | *ไม่มีอะแดปเตอร์-หัวชาร์จ และสายชาร์จแถมให้ค่ะ | *ไม่มีติดฟิล์ม ไม่มีเคสแถมให้,รับประกันสินค้า 1 เดือน,https://compasia.co.th/collections/all-smartphones/products/payday❤️‍🔥-galaxy-s25-ultra
14,iPhone 15 Plus,Black,256GB,ดีเยี่ยม,20200,36900,สินค้าจะบรรจุในกล่องของคอมพ์เอเชีย (ไม่ใช่กล่องเดิมของเครื่อง) | *ไม่มีอะแดปเตอร์-หัวชาร์จ และสายชาร์จแถมให้ค่ะ | *ไม่มีติดฟิล์ม ไม่มีเคสแถมให้,รับประกันสินค้า 1 เดือน,https://compasia.co.th/collections/all-smartphones/products/payday❤️‍🔥-iphone-15-plus
14,iPhone 15 Plus,Black,256GB,ดี,19700,36900,สินค้าจะบรรจุในกล่องของคอมพ์เอเชีย (ไม่ใช่กล่องเดิมของเครื่อง) | *ไม่มีอะแดปเตอร์-หัวชาร์จ และสายชาร์จแถมให้ค่ะ | *ไม่มีติดฟิล์ม ไม่มีเคสแถมให้,รับประกันสินค้า 1 เดือน,https://compasia.co.th/collections/all-smartphones/products/payday❤️‍🔥-iphone-15-plus
14,iPhone 15 Plus,Black,256GB,พอใช้,19200,36900,สินค้าจะบรรจุในกล่องของคอมพ์เอเชีย (ไม่ใช่กล่องเดิมของเครื่อง) | *ไม่มีอะแดปเตอร์-หัวชาร์จ และสายชาร์จแถมให้ค่ะ | *ไม่มีติดฟิล์ม ไม่มีเคสแถมให้,รับประกันสินค้า 1 เดือน,https://compasia.co.th/collections/all-smartphones/products/payday❤️‍🔥-iphone-15-plus
14,iPhone 15 Plus,Black,128GB,ดีเยี่ยม,19200,36900,สินค้าจะบรรจุในกล่องของคอมพ์เอเชีย (ไม่ใช่กล่องเดิมของเครื่อง) | *ไม่มีอะแดปเตอร์-หัวชาร์จ และสายชาร์จแถมให้ค่ะ | *ไม่มีติดฟิล์ม ไม่มีเคสแถมให้,รับประกันสินค้า 1 เดือน,https://compasia.co.th/collections/all-smartphones/products/payday❤️‍🔥-iphone-15-plus
14,iPhone 15 Plus,Black,128GB,ดี,18700,36900,สินค้าจะบรรจุในกล่องของคอมพ์เอเชีย (ไม่ใช่กล่องเดิมของเครื่อง) | *ไม่มีอะแดปเตอร์-หัวชาร์จ และสายชาร์จแถมให้ค่ะ | *ไม่มีติดฟิล์ม ไม่มีเคสแถมให้,รับประกันสินค้า 1 เดือน,https://compasia.co.th/collections/all-smartphones/products/payday❤️‍🔥-iphone-15-plus
14,iPhone 15 Plus,Black,128GB,พอใช้,18200,36900,สินค้าจะบรรจุในกล่องของคอมพ์เอเชีย (ไม่ใช่กล่องเดิมของเครื่อง) | *ไม่มีอะแดปเตอร์-หัวชาร์จ และสายชาร์จแถมให้ค่ะ | *ไม่มีติดฟิล์ม ไม่มีเคสแถมให้,รับประกันสินค้า 1 เดือน,https://compasia.co.th/collections/all-smartphones/products/payday❤️‍🔥-iphone-15-plus
14,iPhone 15 Plus,Pink,256GB,ดีเยี่ยม,20200,36900,สินค้าจะบรรจุในกล่องของคอมพ์เอเชีย (ไม่ใช่กล่องเดิมของเครื่อง) | *ไม่มีอะแดปเตอร์-หัวชาร์จ และสายชาร์จแถมให้ค่ะ | *ไม่มีติดฟิล์ม ไม่มีเคสแถมให้,รับประกันสินค้า 1 เดือน,https://compasia.co.th/collections/all-smartphones/products/payday❤️‍🔥-iphone-15-plus
14,iPhone 15 Plus,Pink,256GB,ดี,19700,36900,สินค้าจะบรรจุในกล่องของคอมพ์เอเชีย (ไม่ใช่กล่องเดิมของเครื่อง) | *ไม่มีอะแดปเตอร์-หัวชาร์จ และสายชาร์จแถมให้ค่ะ | *ไม่มีติดฟิล์ม ไม่มีเคสแถมให้,รับประกันสินค้า 1 เดือน,https://compasia.co.th/collections/all-smartphones/products/payday❤️‍🔥-iphone-15-plus
14,iPhone 15 Plus,Pink,256GB,พอใช้,19200,36900,สินค้าจะบรรจุในกล่องของคอมพ์เอเชีย (ไม่ใช่กล่องเดิมของเครื่อง) | *ไม่มีอะแดปเตอร์-หัวชาร์จ และสายชาร์จแถมให้ค่ะ | *ไม่มีติดฟิล์ม ไม่มีเคสแถมให้,รับประกันสินค้า 1 เดือน,https://compasia.co.th/collections/all-smartphones/products/payday❤️‍🔥-iphone-15-plus
14,iPhone 15 Plus,Pink,128GB,ดีเยี่ยม,19200,36900,สินค้าจะบรรจุในกล่องของคอมพ์เอเชีย (ไม่ใช่กล่องเดิมของเครื่อง) | *ไม่มีอะแดปเตอร์-หัวชาร์จ และสายชาร์จแถมให้ค่ะ | *ไม่มีติดฟิล์ม ไม่มีเคสแถมให้,รับประกันสินค้า 1 เดือน,https://compasia.co.th/collections/all-smartphones/products/payday❤️‍🔥-iphone-15-plus
14,iPhone 15 Plus,Pink,128GB,ดี,18700,36900,สินค้าจะบรรจุในกล่องของคอมพ์เอเชีย (ไม่ใช่กล่องเดิมของเครื่อง) | *ไม่มีอะแดปเตอร์-หัวชาร์จ และสายชาร์จแถมให้ค่ะ | *ไม่มีติดฟิล์ม ไม่มีเคสแถมให้,รับประกันสินค้า 1 เดือน,https://compasia.co.th/collections/all-smartphones/products/payday❤️‍🔥-iphone-15-plus
14,iPhone 15 Plus,Pink,128GB,พอใช้,18200,36900,สินค้าจะบรรจุในกล่องของคอมพ์เอเชีย (ไม่ใช่กล่องเดิมของเครื่อง) | *ไม่มีอะแดปเตอร์-หัวชาร์จ และสายชาร์จแถมให้ค่ะ | *ไม่มีติดฟิล์ม ไม่มีเคสแถมให้,รับประกันสินค้า 1 เดือน,https://compasia.co.th/collections/all-smartphones/products/payday❤️‍🔥-iphone-15-plus
14,iPhone 15 Plus,Blue,256GB,ดีเยี่ยม,20200,36900,สินค้าจะบรรจุในกล่องของคอมพ์เอเชีย (ไม่ใช่กล่องเดิมของเครื่อง) | *ไม่มีอะแดปเตอร์-หัวชาร์จ และสายชาร์จแถมให้ค่ะ | *ไม่มีติดฟิล์ม ไม่มีเคสแถมให้,รับประกันสินค้า 1 เดือน,https://compasia.co.th/collections/all-smartphones/products/payday❤️‍🔥-iphone-15-plus
14,iPhone 15 Plus,Blue,256GB,ดี,19700,36900,สินค้าจะบรรจุในกล่องของคอมพ์เอเชีย (ไม่ใช่กล่องเดิมของเครื่อง) | *ไม่มีอะแดปเตอร์-หัวชาร์จ และสายชาร์จแถมให้ค่ะ | *ไม่มีติดฟิล์ม ไม่มีเคสแถมให้,รับประกันสินค้า 1 เดือน,https://compasia.co.th/collections/all-smartphones/products/payday❤️‍🔥-iphone-15-plus
14,iPhone 15 Plus,Blue,256GB,พอใช้,19200,36900,สินค้าจะบรรจุในกล่องของคอมพ์เอเชีย (ไม่ใช่กล่องเดิมของเครื่อง) | *ไม่มีอะแดปเตอร์-หัวชาร์จ และสายชาร์จแถมให้ค่ะ | *ไม่มีติดฟิล์ม ไม่มีเคสแถมให้,รับประกันสินค้า 1 เดือน,https://compasia.co.th/collections/all-smartphones/products/payday❤️‍🔥-iphone-15-plus
14,iPhone 15 Plus,Blue,128GB,ดีเยี่ยม,19200,36900,สินค้าจะบรรจุในกล่องของคอมพ์เอเชีย (ไม่ใช่กล่องเดิมของเครื่อง) | *ไม่มีอะแดปเตอร์-หัวชาร์จ และสายชาร์จแถมให้ค่ะ | *ไม่มีติดฟิล์ม ไม่มีเคสแถมให้,รับประกันสินค้า 1 เดือน,https://compasia.co.th/collections/all-smartphones/products/payday❤️‍🔥-iphone-15-plus
14,iPhone 15 Plus,Blue,128GB,ดี,18700,36900,สินค้าจะบรรจุในกล่องของคอมพ์เอเชีย (ไม่ใช่กล่องเดิมของเครื่อง) | *ไม่มีอะแดปเตอร์-หัวชาร์จ และสายชาร์จแถมให้ค่ะ | *ไม่มีติดฟิล์ม ไม่มีเคสแถมให้,รับประกันสินค้า 1 เดือน,https://compasia.co.th/collections/all-smartphones/products/payday❤️‍🔥-iphone-15-plus
14,iPhone 15 Plus,Blue,128GB,พอใช้,18200,36900,สินค้าจะบรรจุในกล่องของคอมพ์เอเชีย (ไม่ใช่กล่องเดิมของเครื่อง) | *ไม่มีอะแดปเตอร์-หัวชาร์จ และสายชาร์จแถมให้ค่ะ | *ไม่มีติดฟิล์ม ไม่มีเคสแถมให้,รับประกันสินค้า 1 เดือน,https://compasia.co.th/collections/all-smartphones/products/payday❤️‍🔥-iphone-15-plus
14,iPhone 15 Plus,Yellow,256GB,ดีเยี่ยม,20200,36900,สินค้าจะบรรจุในกล่องของคอมพ์เอเชีย (ไม่ใช่กล่องเดิมของเครื่อง) | *ไม่มีอะแดปเตอร์-หัวชาร์จ และสายชาร์จแถมให้ค่ะ | *ไม่มีติดฟิล์ม ไม่มีเคสแถมให้,รับประกันสินค้า 1 เดือน,https://compasia.co.th/collections/all-smartphones/products/payday❤️‍🔥-iphone-15-plus
14,iPhone 15 Plus,Yellow,256GB,ดี,19700,36900,สินค้าจะบรรจุในกล่องของคอมพ์เอเชีย (ไม่ใช่กล่องเดิมของเครื่อง) | *ไม่มีอะแดปเตอร์-หัวชาร์จ และสายชาร์จแถมให้ค่ะ | *ไม่มีติดฟิล์ม ไม่มีเคสแถมให้,รับประกันสินค้า 1 เดือน,https://compasia.co.th/collections/all-smartphones/products/payday❤️‍🔥-iphone-15-plus
14,iPhone 15 Plus,Yellow,256GB,พอใช้,19200,36900,สินค้าจะบรรจุในกล่องของคอมพ์เอเชีย (ไม่ใช่กล่องเดิมของเครื่อง) | *ไม่มีอะแดปเตอร์-หัวชาร์จ และสายชาร์จแถมให้ค่ะ | *ไม่มีติดฟิล์ม ไม่มีเคสแถมให้,รับประกันสินค้า 1 เดือน,https://compasia.co.th/collections/all-smartphones/products/payday❤️‍🔥-iphone-15-plus
14,iPhone 15 Plus,Yellow,128GB,ดีเยี่ยม,19200,36900,สินค้าจะบรรจุในกล่องของคอมพ์เอเชีย (ไม่ใช่กล่องเดิมของเครื่อง) | *ไม่มีอะแดปเตอร์-หัวชาร์จ และสายชาร์จแถมให้ค่ะ | *ไม่มีติดฟิล์ม ไม่มีเคสแถมให้,รับประกันสินค้า 1 เดือน,https://compasia.co.th/collections/all-smartphones/products/payday❤️‍🔥-iphone-15-plus
14,iPhone 15 Plus,Yellow,128GB,ดี,18700,36900,สินค้าจะบรรจุในกล่องของคอมพ์เอเชีย (ไม่ใช่กล่องเดิมของเครื่อง) | *ไม่มีอะแดปเตอร์-หัวชาร์จ และสายชาร์จแถมให้ค่ะ | *ไม่มีติดฟิล์ม ไม่มีเคสแถมให้,รับประกันสินค้า 1 เดือน,https://compasia.co.th/collections/all-smartphones/products/payday❤️‍🔥-iphone-15-plus
14,iPhone 15 Plus,Yellow,128GB,พอใช้,18200,36900,สินค้าจะบรรจุในกล่องของคอมพ์เอเชีย (ไม่ใช่กล่องเดิมของเครื่อง) | *ไม่มีอะแดปเตอร์-หัวชาร์จ และสายชาร์จแถมให้ค่ะ | *ไม่มีติดฟิล์ม ไม่มีเคสแถมให้,รับประกันสินค้า 1 เดือน,https://compasia.co.th/collections/all-smartphones/products/payday❤️‍🔥-iphone-15-plus
14,iPhone 15 Plus,Green,256GB,ดีเยี่ยม,20200,36900,สินค้าจะบรรจุในกล่องของคอมพ์เอเชีย (ไม่ใช่กล่องเดิมของเครื่อง) | *ไม่มีอะแดปเตอร์-หัวชาร์จ และสายชาร์จแถมให้ค่ะ | *ไม่มีติดฟิล์ม ไม่มีเคสแถมให้,รับประกันสินค้า 1 เดือน,https://compasia.co.th/collections/all-smartphones/products/payday❤️‍🔥-iphone-15-plus
14,iPhone 15 Plus,Green,256GB,ดี,19700,36900,สินค้าจะบรรจุในกล่องของคอมพ์เอเชีย (ไม่ใช่กล่องเดิมของเครื่อง) | *ไม่มีอะแดปเตอร์-หัวชาร์จ และสายชาร์จแถมให้ค่ะ | *ไม่มีติดฟิล์ม ไม่มีเคสแถมให้,รับประกันสินค้า 1 เดือน,https://compasia.co.th/collections/all-smartphones/products/payday❤️‍🔥-iphone-15-plus
14,iPhone 15 Plus,Green,256GB,พอใช้,19200,36900,สินค้าจะบรรจุในกล่องของคอมพ์เอเชีย (ไม่ใช่กล่องเดิมของเครื่อง) | *ไม่มีอะแดปเตอร์-หัวชาร์จ และสายชาร์จแถมให้ค่ะ | *ไม่มีติดฟิล์ม ไม่มีเคสแถมให้,รับประกันสินค้า 1 เดือน,https://compasia.co.th/collections/all-smartphones/products/payday❤️‍🔥-iphone-15-plus
14,iPhone 15 Plus,Green,128GB,ดีเยี่ยม,19200,36900,สินค้าจะบรรจุในกล่องของคอมพ์เอเชีย (ไม่ใช่กล่องเดิมของเครื่อง) | *ไม่มีอะแดปเตอร์-หัวชาร์จ และสายชาร์จแถมให้ค่ะ | *ไม่มีติดฟิล์ม ไม่มีเคสแถมให้,รับประกันสินค้า 1 เดือน,https://compasia.co.th/collections/all-smartphones/products/payday❤️‍🔥-iphone-15-plus
14,iPhone 15 Plus,Green,128GB,ดี,18700,36900,สินค้าจะบรรจุในกล่องของคอมพ์เอเชีย (ไม่ใช่กล่องเดิมของเครื่อง) | *ไม่มีอะแดปเตอร์-หัวชาร์จ และสายชาร์จแถมให้ค่ะ | *ไม่มีติดฟิล์ม ไม่มีเคสแถมให้,รับประกันสินค้า 1 เดือน,https://compasia.co.th/collections/all-smartphones/products/payday❤️‍🔥-iphone-15-plus
14,iPhone 15 Plus,Green,128GB,พอใช้,18200,36900,สินค้าจะบรรจุในกล่องของคอมพ์เอเชีย (ไม่ใช่กล่องเดิมของเครื่อง) | *ไม่มีอะแดปเตอร์-หัวชาร์จ และสายชาร์จแถมให้ค่ะ | *ไม่มีติดฟิล์ม ไม่มีเคสแถมให้,รับประกันสินค้า 1 เดือน,https://compasia.co.th/collections/all-smartphones/products/payday❤️‍🔥-iphone-15-plus
15,Galaxy Z Flip 6,Silver,256GB,ดีเยี่ยม,12500,37900,สินค้าจะบรรจุในกล่องของคอมพ์เอเชีย (ไม่ใช่กล่องเดิมของเครื่อง) | *ไม่มีอะแดปเตอร์-หัวชาร์จ และสายชาร์จแถมให้ค่ะ | *ไม่มีติดฟิล์ม ไม่มีเคสแถมให้,รับประกันสินค้า 1 เดือน,https://compasia.co.th/collections/all-smartphones/products/payday❤️‍🔥-galaxy-flip-6
15,Galaxy Z Flip 6,Silver,256GB,ดี,11900,37900,สินค้าจะบรรจุในกล่องของคอมพ์เอเชีย (ไม่ใช่กล่องเดิมของเครื่อง) | *ไม่มีอะแดปเตอร์-หัวชาร์จ และสายชาร์จแถมให้ค่ะ | *ไม่มีติดฟิล์ม ไม่มีเคสแถมให้,รับประกันสินค้า 1 เดือน,https://compasia.co.th/collections/all-smartphones/products/payday❤️‍🔥-galaxy-flip-6
15,Galaxy Z Flip 6,Silver,256GB,พอใช้,11500,37900,สินค้าจะบรรจุในกล่องของคอมพ์เอเชีย (ไม่ใช่กล่องเดิมของเครื่อง) | *ไม่มีอะแดปเตอร์-หัวชาร์จ และสายชาร์จแถมให้ค่ะ | *ไม่มีติดฟิล์ม ไม่มีเคสแถมให้,รับประกันสินค้า 1 เดือน,https://compasia.co.th/collections/all-smartphones/products/payday❤️‍🔥-galaxy-flip-6
15,Galaxy Z Flip 6,Silver,512GB,ดีเยี่ยม,13500,37900,สินค้าจะบรรจุในกล่องของคอมพ์เอเชีย (ไม่ใช่กล่องเดิมของเครื่อง) | *ไม่มีอะแดปเตอร์-หัวชาร์จ และสายชาร์จแถมให้ค่ะ | *ไม่มีติดฟิล์ม ไม่มีเคสแถมให้,รับประกันสินค้า 1 เดือน,https://compasia.co.th/collections/all-smartphones/products/payday❤️‍🔥-galaxy-flip-6
15,Galaxy Z Flip 6,Silver,512GB,ดี,12900,37900,สินค้าจะบรรจุในกล่องของคอมพ์เอเชีย (ไม่ใช่กล่องเดิมของเครื่อง) | *ไม่มีอะแดปเตอร์-หัวชาร์จ และสายชาร์จแถมให้ค่ะ | *ไม่มีติดฟิล์ม ไม่มีเคสแถมให้,รับประกันสินค้า 1 เดือน,https://compasia.co.th/collections/all-smartphones/products/payday❤️‍🔥-galaxy-flip-6
15,Galaxy Z Flip 6,Silver,512GB,พอใช้,12500,37900,สินค้าจะบรรจุในกล่องของคอมพ์เอเชีย (ไม่ใช่กล่องเดิมของเครื่อง) | *ไม่มีอะแดปเตอร์-หัวชาร์จ และสายชาร์จแถมให้ค่ะ | *ไม่มีติดฟิล์ม ไม่มีเคสแถมให้,รับประกันสินค้า 1 เดือน,https://compasia.co.th/collections/all-smartphones/products/payday❤️‍🔥-galaxy-flip-6
15,Galaxy Z Flip 6,Blue,256GB,ดีเยี่ยม,12500,37900,สินค้าจะบรรจุในกล่องของคอมพ์เอเชีย (ไม่ใช่กล่องเดิมของเครื่อง) | *ไม่มีอะแดปเตอร์-หัวชาร์จ และสายชาร์จแถมให้ค่ะ | *ไม่มีติดฟิล์ม ไม่มีเคสแถมให้,รับประกันสินค้า 1 เดือน,https://compasia.co.th/collections/all-smartphones/products/payday❤️‍🔥-galaxy-flip-6
15,Galaxy Z Flip 6,Blue,256GB,ดี,11900,37900,สินค้าจะบรรจุในกล่องของคอมพ์เอเชีย (ไม่ใช่กล่องเดิมของเครื่อง) | *ไม่มีอะแดปเตอร์-หัวชาร์จ และสายชาร์จแถมให้ค่ะ | *ไม่มีติดฟิล์ม ไม่มีเคสแถมให้,รับประกันสินค้า 1 เดือน,https://compasia.co.th/collections/all-smartphones/products/payday❤️‍🔥-galaxy-flip-6
15,Galaxy Z Flip 6,Blue,256GB,พอใช้,11500,37900,สินค้าจะบรรจุในกล่องของคอมพ์เอเชีย (ไม่ใช่กล่องเดิมของเครื่อง) | *ไม่มีอะแดปเตอร์-หัวชาร์จ และสายชาร์จแถมให้ค่ะ | *ไม่มีติดฟิล์ม ไม่มีเคสแถมให้,รับประกันสินค้า 1 เดือน,https://compasia.co.th/collections/all-smartphones/products/payday❤️‍🔥-galaxy-flip-6
15,Galaxy Z Flip 6,Blue,512GB,ดีเยี่ยม,13500,37900,สินค้าจะบรรจุในกล่องของคอมพ์เอเชีย (ไม่ใช่กล่องเดิมของเครื่อง) | *ไม่มีอะแดปเตอร์-หัวชาร์จ และสายชาร์จแถมให้ค่ะ | *ไม่มีติดฟิล์ม ไม่มีเคสแถมให้,รับประกันสินค้า 1 เดือน,https://compasia.co.th/collections/all-smartphones/products/payday❤️‍🔥-galaxy-flip-6
15,Galaxy Z Flip 6,Blue,512GB,ดี,12900,37900,สินค้าจะบรรจุในกล่องของคอมพ์เอเชีย (ไม่ใช่กล่องเดิมของเครื่อง) | *ไม่มีอะแดปเตอร์-หัวชาร์จ และสายชาร์จแถมให้ค่ะ | *ไม่มีติดฟิล์ม ไม่มีเคสแถมให้,รับประกันสินค้า 1 เดือน,https://compasia.co.th/collections/all-smartphones/products/payday❤️‍🔥-galaxy-flip-6
15,Galaxy Z Flip 6,Blue,512GB,พอใช้,12500,37900,สินค้าจะบรรจุในกล่องของคอมพ์เอเชีย (ไม่ใช่กล่องเดิมของเครื่อง) | *ไม่มีอะแดปเตอร์-หัวชาร์จ และสายชาร์จแถมให้ค่ะ | *ไม่มีติดฟิล์ม ไม่มีเคสแถมให้,รับประกันสินค้า 1 เดือน,https://compasia.co.th/collections/all-smartphones/products/payday❤️‍🔥-galaxy-flip-6
15,Galaxy Z Flip 6,Yellow,256GB,ดีเยี่ยม,12500,37900,สินค้าจะบรรจุในกล่องของคอมพ์เอเชีย (ไม่ใช่กล่องเดิมของเครื่อง) | *ไม่มีอะแดปเตอร์-หัวชาร์จ และสายชาร์จแถมให้ค่ะ | *ไม่มีติดฟิล์ม ไม่มีเคสแถมให้,รับประกันสินค้า 1 เดือน,https://compasia.co.th/collections/all-smartphones/products/payday❤️‍🔥-galaxy-flip-6
15,Galaxy Z Flip 6,Yellow,256GB,ดี,11900,37900,สินค้าจะบรรจุในกล่องของคอมพ์เอเชีย (ไม่ใช่กล่องเดิมของเครื่อง) | *ไม่มีอะแดปเตอร์-หัวชาร์จ และสายชาร์จแถมให้ค่ะ | *ไม่มีติดฟิล์ม ไม่มีเคสแถมให้,รับประกันสินค้า 1 เดือน,https://compasia.co.th/collections/all-smartphones/products/payday❤️‍🔥-galaxy-flip-6
15,Galaxy Z Flip 6,Yellow,256GB,พอใช้,11500,37900,สินค้าจะบรรจุในกล่องของคอมพ์เอเชีย (ไม่ใช่กล่องเดิมของเครื่อง) | *ไม่มีอะแดปเตอร์-หัวชาร์จ และสายชาร์จแถมให้ค่ะ | *ไม่มีติดฟิล์ม ไม่มีเคสแถมให้,รับประกันสินค้า 1 เดือน,https://compasia.co.th/collections/all-smartphones/products/payday❤️‍🔥-galaxy-flip-6
15,Galaxy Z Flip 6,Yellow,512GB,ดีเยี่ยม,13500,37900,สินค้าจะบรรจุในกล่องของคอมพ์เอเชีย (ไม่ใช่กล่องเดิมของเครื่อง) | *ไม่มีอะแดปเตอร์-หัวชาร์จ และสายชาร์จแถมให้ค่ะ | *ไม่มีติดฟิล์ม ไม่มีเคสแถมให้,รับประกันสินค้า 1 เดือน,https://compasia.co.th/collections/all-smartphones/products/payday❤️‍🔥-galaxy-flip-6
15,Galaxy Z Flip 6,Yellow,512GB,ดี,12900,37900,สินค้าจะบรรจุในกล่องของคอมพ์เอเชีย (ไม่ใช่กล่องเดิมของเครื่อง) | *ไม่มีอะแดปเตอร์-หัวชาร์จ และสายชาร์จแถมให้ค่ะ | *ไม่มีติดฟิล์ม ไม่มีเคสแถมให้,รับประกันสินค้า 1 เดือน,https://compasia.co.th/collections/all-smartphones/products/payday❤️‍🔥-galaxy-flip-6
15,Galaxy Z Flip 6,Yellow,512GB,พอใช้,12500,37900,สินค้าจะบรรจุในกล่องของคอมพ์เอเชีย (ไม่ใช่กล่องเดิมของเครื่อง) | *ไม่มีอะแดปเตอร์-หัวชาร์จ และสายชาร์จแถมให้ค่ะ | *ไม่มีติดฟิล์ม ไม่มีเคสแถมให้,รับประกันสินค้า 1 เดือน,https://compasia.co.th/collections/all-smartphones/products/payday❤️‍🔥-galaxy-flip-6
15,Galaxy Z Flip 6,Green,256GB,ดีเยี่ยม,12500,37900,สินค้าจะบรรจุในกล่องของคอมพ์เอเชีย (ไม่ใช่กล่องเดิมของเครื่อง) | *ไม่มีอะแดปเตอร์-หัวชาร์จ และสายชาร์จแถมให้ค่ะ | *ไม่มีติดฟิล์ม ไม่มีเคสแถมให้,รับประกันสินค้า 1 เดือน,https://compasia.co.th/collections/all-smartphones/products/payday❤️‍🔥-galaxy-flip-6
15,Galaxy Z Flip 6,Green,256GB,ดี,11900,37900,สินค้าจะบรรจุในกล่องของคอมพ์เอเชีย (ไม่ใช่กล่องเดิมของเครื่อง) | *ไม่มีอะแดปเตอร์-หัวชาร์จ และสายชาร์จแถมให้ค่ะ | *ไม่มีติดฟิล์ม ไม่มีเคสแถมให้,รับประกันสินค้า 1 เดือน,https://compasia.co.th/collections/all-smartphones/products/payday❤️‍🔥-galaxy-flip-6
15,Galaxy Z Flip 6,Green,256GB,พอใช้,11500,37900,สินค้าจะบรรจุในกล่องของคอมพ์เอเชีย (ไม่ใช่กล่องเดิมของเครื่อง) | *ไม่มีอะแดปเตอร์-หัวชาร์จ และสายชาร์จแถมให้ค่ะ | *ไม่มีติดฟิล์ม ไม่มีเคสแถมให้,รับประกันสินค้า 1 เดือน,https://compasia.co.th/collections/all-smartphones/products/payday❤️‍🔥-galaxy-flip-6
15,Galaxy Z Flip 6,Green,512GB,ดีเยี่ยม,13500,37900,สินค้าจะบรรจุในกล่องของคอมพ์เอเชีย (ไม่ใช่กล่องเดิมของเครื่อง) | *ไม่มีอะแดปเตอร์-หัวชาร์จ และสายชาร์จแถมให้ค่ะ | *ไม่มีติดฟิล์ม ไม่มีเคสแถมให้,รับประกันสินค้า 1 เดือน,https://compasia.co.th/collections/all-smartphones/products/payday❤️‍🔥-galaxy-flip-6
15,Galaxy Z Flip 6,Green,512GB,ดี,12900,37900,สินค้าจะบรรจุในกล่องของคอมพ์เอเชีย (ไม่ใช่กล่องเดิมของเครื่อง) | *ไม่มีอะแดปเตอร์-หัวชาร์จ และสายชาร์จแถมให้ค่ะ | *ไม่มีติดฟิล์ม ไม่มีเคสแถมให้,รับประกันสินค้า 1 เดือน,https://compasia.co.th/collections/all-smartphones/products/payday❤️‍🔥-galaxy-flip-6
15,Galaxy Z Flip 6,Green,512GB,พอใช้,12500,37900,สินค้าจะบรรจุในกล่องของคอมพ์เอเชีย (ไม่ใช่กล่องเดิมของเครื่อง) | *ไม่มีอะแดปเตอร์-หัวชาร์จ และสายชาร์จแถมให้ค่ะ | *ไม่มีติดฟิล์ม ไม่มีเคสแถมให้,รับประกันสินค้า 1 เดือน,https://compasia.co.th/collections/all-smartphones/products/payday❤️‍🔥-galaxy-flip-6
15,Galaxy Z Flip 6,Orange,256GB,ดีเยี่ยม,12500,37900,สินค้าจะบรรจุในกล่องของคอมพ์เอเชีย (ไม่ใช่กล่องเดิมของเครื่อง) | *ไม่มีอะแดปเตอร์-หัวชาร์จ และสายชาร์จแถมให้ค่ะ | *ไม่มีติดฟิล์ม ไม่มีเคสแถมให้,รับประกันสินค้า 1 เดือน,https://compasia.co.th/collections/all-smartphones/products/payday❤️‍🔥-galaxy-flip-6
15,Galaxy Z Flip 6,Orange,256GB,ดี,11900,37900,สินค้าจะบรรจุในกล่องของคอมพ์เอเชีย (ไม่ใช่กล่องเดิมของเครื่อง) | *ไม่มีอะแดปเตอร์-หัวชาร์จ และสายชาร์จแถมให้ค่ะ | *ไม่มีติดฟิล์ม ไม่มีเคสแถมให้,รับประกันสินค้า 1 เดือน,https://compasia.co.th/collections/all-smartphones/products/payday❤️‍🔥-galaxy-flip-6
15,Galaxy Z Flip 6,Orange,256GB,พอใช้,11500,37900,สินค้าจะบรรจุในกล่องของคอมพ์เอเชีย (ไม่ใช่กล่องเดิมของเครื่อง) | *ไม่มีอะแดปเตอร์-หัวชาร์จ และสายชาร์จแถมให้ค่ะ | *ไม่มีติดฟิล์ม ไม่มีเคสแถมให้,รับประกันสินค้า 1 เดือน,https://compasia.co.th/collections/all-smartphones/products/payday❤️‍🔥-galaxy-flip-6
15,Galaxy Z Flip 6,Orange,512GB,ดีเยี่ยม,13500,37900,สินค้าจะบรรจุในกล่องของคอมพ์เอเชีย (ไม่ใช่กล่องเดิมของเครื่อง) | *ไม่มีอะแดปเตอร์-หัวชาร์จ และสายชาร์จแถมให้ค่ะ | *ไม่มีติดฟิล์ม ไม่มีเคสแถมให้,รับประกันสินค้า 1 เดือน,https://compasia.co.th/collections/all-smartphones/products/payday❤️‍🔥-galaxy-flip-6
15,Galaxy Z Flip 6,Orange,512GB,ดี,12900,37900,สินค้าจะบรรจุในกล่องของคอมพ์เอเชีย (ไม่ใช่กล่องเดิมของเครื่อง) | *ไม่มีอะแดปเตอร์-หัวชาร์จ และสายชาร์จแถมให้ค่ะ | *ไม่มีติดฟิล์ม ไม่มีเคสแถมให้,รับประกันสินค้า 1 เดือน,https://compasia.co.th/collections/all-smartphones/products/payday❤️‍🔥-galaxy-flip-6
15,Galaxy Z Flip 6,Orange,512GB,พอใช้,12500,37900,สินค้าจะบรรจุในกล่องของคอมพ์เอเชีย (ไม่ใช่กล่องเดิมของเครื่อง) | *ไม่มีอะแดปเตอร์-หัวชาร์จ และสายชาร์จแถมให้ค่ะ | *ไม่มีติดฟิล์ม ไม่มีเคสแถมให้,รับประกันสินค้า 1 เดือน,https://compasia.co.th/collections/all-smartphones/products/payday❤️‍🔥-galaxy-flip-6
16,Galaxy S24 Plus,Gray,256GB,ดีเยี่ยม,15400,44900,สินค้าจะบรรจุในกล่องของคอมพ์เอเชีย (ไม่ใช่กล่องเดิมของเครื่อง) | *ไม่มีอะแดปเตอร์-หัวชาร์จ และสายชาร์จแถมให้ค่ะ | *ไม่มีติดฟิล์ม ไม่มีเคสแถมให้,รับประกันสินค้า 1 เดือน,https://compasia.co.th/collections/all-smartphones/products/payday❤️‍🔥galaxy-s24-plus
16,Galaxy S24 Plus,Gray,256GB,ดี,14900,44900,สินค้าจะบรรจุในกล่องของคอมพ์เอเชีย (ไม่ใช่กล่องเดิมของเครื่อง) | *ไม่มีอะแดปเตอร์-หัวชาร์จ และสายชาร์จแถมให้ค่ะ | *ไม่มีติดฟิล์ม ไม่มีเคสแถมให้,รับประกันสินค้า 1 เดือน,https://compasia.co.th/collections/all-smartphones/products/payday❤️‍🔥galaxy-s24-plus
16,Galaxy S24 Plus,Gray,256GB,พอใช้,14400,44900,สินค้าจะบรรจุในกล่องของคอมพ์เอเชีย (ไม่ใช่กล่องเดิมของเครื่อง) | *ไม่มีอะแดปเตอร์-หัวชาร์จ และสายชาร์จแถมให้ค่ะ | *ไม่มีติดฟิล์ม ไม่มีเคสแถมให้,รับประกันสินค้า 1 เดือน,https://compasia.co.th/collections/all-smartphones/products/payday❤️‍🔥galaxy-s24-plus
16,Galaxy S24 Plus,Gray,512GB,ดีเยี่ยม,16400,44900,สินค้าจะบรรจุในกล่องของคอมพ์เอเชีย (ไม่ใช่กล่องเดิมของเครื่อง) | *ไม่มีอะแดปเตอร์-หัวชาร์จ และสายชาร์จแถมให้ค่ะ | *ไม่มีติดฟิล์ม ไม่มีเคสแถมให้,รับประกันสินค้า 1 เดือน,https://compasia.co.th/collections/all-smartphones/products/payday❤️‍🔥galaxy-s24-plus
16,Galaxy S24 Plus,Gray,512GB,ดี,15900,44900,สินค้าจะบรรจุในกล่องของคอมพ์เอเชีย (ไม่ใช่กล่องเดิมของเครื่อง) | *ไม่มีอะแดปเตอร์-หัวชาร์จ และสายชาร์จแถมให้ค่ะ | *ไม่มีติดฟิล์ม ไม่มีเคสแถมให้,รับประกันสินค้า 1 เดือน,https://compasia.co.th/collections/all-smartphones/products/payday❤️‍🔥galaxy-s24-plus
16,Galaxy S24 Plus,Gray,512GB,พอใช้,15400,44900,สินค้าจะบรรจุในกล่องของคอมพ์เอเชีย (ไม่ใช่กล่องเดิมของเครื่อง) | *ไม่มีอะแดปเตอร์-หัวชาร์จ และสายชาร์จแถมให้ค่ะ | *ไม่มีติดฟิล์ม ไม่มีเคสแถมให้,รับประกันสินค้า 1 เดือน,https://compasia.co.th/collections/all-smartphones/products/payday❤️‍🔥galaxy-s24-plus
16,Galaxy S24 Plus,Purple,256GB,ดีเยี่ยม,15400,44900,สินค้าจะบรรจุในกล่องของคอมพ์เอเชีย (ไม่ใช่กล่องเดิมของเครื่อง) | *ไม่มีอะแดปเตอร์-หัวชาร์จ และสายชาร์จแถมให้ค่ะ | *ไม่มีติดฟิล์ม ไม่มีเคสแถมให้,รับประกันสินค้า 1 เดือน,https://compasia.co.th/collections/all-smartphones/products/payday❤️‍🔥galaxy-s24-plus
16,Galaxy S24 Plus,Purple,256GB,ดี,14900,44900,สินค้าจะบรรจุในกล่องของคอมพ์เอเชีย (ไม่ใช่กล่องเดิมของเครื่อง) | *ไม่มีอะแดปเตอร์-หัวชาร์จ และสายชาร์จแถมให้ค่ะ | *ไม่มีติดฟิล์ม ไม่มีเคสแถมให้,รับประกันสินค้า 1 เดือน,https://compasia.co.th/collections/all-smartphones/products/payday❤️‍🔥galaxy-s24-plus
16,Galaxy S24 Plus,Purple,256GB,พอใช้,14400,44900,สินค้าจะบรรจุในกล่องของคอมพ์เอเชีย (ไม่ใช่กล่องเดิมของเครื่อง) | *ไม่มีอะแดปเตอร์-หัวชาร์จ และสายชาร์จแถมให้ค่ะ | *ไม่มีติดฟิล์ม ไม่มีเคสแถมให้,รับประกันสินค้า 1 เดือน,https://compasia.co.th/collections/all-smartphones/products/payday❤️‍🔥galaxy-s24-plus
16,Galaxy S24 Plus,Purple,512GB,ดีเยี่ยม,16400,44900,สินค้าจะบรรจุในกล่องของคอมพ์เอเชีย (ไม่ใช่กล่องเดิมของเครื่อง) | *ไม่มีอะแดปเตอร์-หัวชาร์จ และสายชาร์จแถมให้ค่ะ | *ไม่มีติดฟิล์ม ไม่มีเคสแถมให้,รับประกันสินค้า 1 เดือน,https://compasia.co.th/collections/all-smartphones/products/payday❤️‍🔥galaxy-s24-plus
16,Galaxy S24 Plus,Purple,512GB,ดี,15900,44900,สินค้าจะบรรจุในกล่องของคอมพ์เอเชีย (ไม่ใช่กล่องเดิมของเครื่อง) | *ไม่มีอะแดปเตอร์-หัวชาร์จ และสายชาร์จแถมให้ค่ะ | *ไม่มีติดฟิล์ม ไม่มีเคสแถมให้,รับประกันสินค้า 1 เดือน,https://compasia.co.th/collections/all-smartphones/products/payday❤️‍🔥galaxy-s24-plus
16,Galaxy S24 Plus,Purple,512GB,พอใช้,15400,44900,สินค้าจะบรรจุในกล่องของคอมพ์เอเชีย (ไม่ใช่กล่องเดิมของเครื่อง) | *ไม่มีอะแดปเตอร์-หัวชาร์จ และสายชาร์จแถมให้ค่ะ | *ไม่มีติดฟิล์ม ไม่มีเคสแถมให้,รับประกันสินค้า 1 เดือน,https://compasia.co.th/collections/all-smartphones/products/payday❤️‍🔥galaxy-s24-plus
16,Galaxy S24 Plus,Blue,256GB,ดีเยี่ยม,15400,44900,สินค้าจะบรรจุในกล่องของคอมพ์เอเชีย (ไม่ใช่กล่องเดิมของเครื่อง) | *ไม่มีอะแดปเตอร์-หัวชาร์จ และสายชาร์จแถมให้ค่ะ | *ไม่มีติดฟิล์ม ไม่มีเคสแถมให้,รับประกันสินค้า 1 เดือน,https://compasia.co.th/collections/all-smartphones/products/payday❤️‍🔥galaxy-s24-plus
16,Galaxy S24 Plus,Blue,256GB,ดี,14900,44900,สินค้าจะบรรจุในกล่องของคอมพ์เอเชีย (ไม่ใช่กล่องเดิมของเครื่อง) | *ไม่มีอะแดปเตอร์-หัวชาร์จ และสายชาร์จแถมให้ค่ะ | *ไม่มีติดฟิล์ม ไม่มีเคสแถมให้,รับประกันสินค้า 1 เดือน,https://compasia.co.th/collections/all-smartphones/products/payday❤️‍🔥galaxy-s24-plus
16,Galaxy S24 Plus,Blue,256GB,พอใช้,14400,44900,สินค้าจะบรรจุในกล่องของคอมพ์เอเชีย (ไม่ใช่กล่องเดิมของเครื่อง) | *ไม่มีอะแดปเตอร์-หัวชาร์จ และสายชาร์จแถมให้ค่ะ | *ไม่มีติดฟิล์ม ไม่มีเคสแถมให้,รับประกันสินค้า 1 เดือน,https://compasia.co.th/collections/all-smartphones/products/payday❤️‍🔥galaxy-s24-plus
16,Galaxy S24 Plus,Blue,512GB,ดีเยี่ยม,16400,44900,สินค้าจะบรรจุในกล่องของคอมพ์เอเชีย (ไม่ใช่กล่องเดิมของเครื่อง) | *ไม่มีอะแดปเตอร์-หัวชาร์จ และสายชาร์จแถมให้ค่ะ | *ไม่มีติดฟิล์ม ไม่มีเคสแถมให้,รับประกันสินค้า 1 เดือน,https://compasia.co.th/collections/all-smartphones/products/payday❤️‍🔥galaxy-s24-plus
16,Galaxy S24 Plus,Blue,512GB,ดี,15900,44900,สินค้าจะบรรจุในกล่องของคอมพ์เอเชีย (ไม่ใช่กล่องเดิมของเครื่อง) | *ไม่มีอะแดปเตอร์-หัวชาร์จ และสายชาร์จแถมให้ค่ะ | *ไม่มีติดฟิล์ม ไม่มีเคสแถมให้,รับประกันสินค้า 1 เดือน,https://compasia.co.th/collections/all-smartphones/products/payday❤️‍🔥galaxy-s24-plus
16,Galaxy S24 Plus,Blue,512GB,พอใช้,15400,44900,สินค้าจะบรรจุในกล่องของคอมพ์เอเชีย (ไม่ใช่กล่องเดิมของเครื่อง) | *ไม่มีอะแดปเตอร์-หัวชาร์จ และสายชาร์จแถมให้ค่ะ | *ไม่มีติดฟิล์ม ไม่มีเคสแถมให้,รับประกันสินค้า 1 เดือน,https://compasia.co.th/collections/all-smartphones/products/payday❤️‍🔥galaxy-s24-plus
16,Galaxy S24 Plus,Yellow,256GB,ดีเยี่ยม,15400,44900,สินค้าจะบรรจุในกล่องของคอมพ์เอเชีย (ไม่ใช่กล่องเดิมของเครื่อง) | *ไม่มีอะแดปเตอร์-หัวชาร์จ และสายชาร์จแถมให้ค่ะ | *ไม่มีติดฟิล์ม ไม่มีเคสแถมให้,รับประกันสินค้า 1 เดือน,https://compasia.co.th/collections/all-smartphones/products/payday❤️‍🔥galaxy-s24-plus
16,Galaxy S24 Plus,Yellow,256GB,ดี,14900,44900,สินค้าจะบรรจุในกล่องของคอมพ์เอเชีย (ไม่ใช่กล่องเดิมของเครื่อง) | *ไม่มีอะแดปเตอร์-หัวชาร์จ และสายชาร์จแถมให้ค่ะ | *ไม่มีติดฟิล์ม ไม่มีเคสแถมให้,รับประกันสินค้า 1 เดือน,https://compasia.co.th/collections/all-smartphones/products/payday❤️‍🔥galaxy-s24-plus
16,Galaxy S24 Plus,Yellow,256GB,พอใช้,14400,44900,สินค้าจะบรรจุในกล่องของคอมพ์เอเชีย (ไม่ใช่กล่องเดิมของเครื่อง) | *ไม่มีอะแดปเตอร์-หัวชาร์จ และสายชาร์จแถมให้ค่ะ | *ไม่มีติดฟิล์ม ไม่มีเคสแถมให้,รับประกันสินค้า 1 เดือน,https://compasia.co.th/collections/all-smartphones/products/payday❤️‍🔥galaxy-s24-plus
16,Galaxy S24 Plus,Yellow,512GB,ดีเยี่ยม,16400,44900,สินค้าจะบรรจุในกล่องของคอมพ์เอเชีย (ไม่ใช่กล่องเดิมของเครื่อง) | *ไม่มีอะแดปเตอร์-หัวชาร์จ และสายชาร์จแถมให้ค่ะ | *ไม่มีติดฟิล์ม ไม่มีเคสแถมให้,รับประกันสินค้า 1 เดือน,https://compasia.co.th/collections/all-smartphones/products/payday❤️‍🔥galaxy-s24-plus
16,Galaxy S24 Plus,Yellow,512GB,ดี,15900,44900,สินค้าจะบรรจุในกล่องของคอมพ์เอเชีย (ไม่ใช่กล่องเดิมของเครื่อง) | *ไม่มีอะแดปเตอร์-หัวชาร์จ และสายชาร์จแถมให้ค่ะ | *ไม่มีติดฟิล์ม ไม่มีเคสแถมให้,รับประกันสินค้า 1 เดือน,https://compasia.co.th/collections/all-smartphones/products/payday❤️‍🔥galaxy-s24-plus
16,Galaxy S24 Plus,Yellow,512GB,พอใช้,15400,44900,สินค้าจะบรรจุในกล่องของคอมพ์เอเชีย (ไม่ใช่กล่องเดิมของเครื่อง) | *ไม่มีอะแดปเตอร์-หัวชาร์จ และสายชาร์จแถมให้ค่ะ | *ไม่มีติดฟิล์ม ไม่มีเคสแถมให้,รับประกันสินค้า 1 เดือน,https://compasia.co.th/collections/all-smartphones/products/payday❤️‍🔥galaxy-s24-plus
16,Galaxy S24 Plus,Black,256GB,ดีเยี่ยม,15400,44900,สินค้าจะบรรจุในกล่องของคอมพ์เอเชีย (ไม่ใช่กล่องเดิมของเครื่อง) | *ไม่มีอะแดปเตอร์-หัวชาร์จ และสายชาร์จแถมให้ค่ะ | *ไม่มีติดฟิล์ม ไม่มีเคสแถมให้,รับประกันสินค้า 1 เดือน,https://compasia.co.th/collections/all-smartphones/products/payday❤️‍🔥galaxy-s24-plus
16,Galaxy S24 Plus,Black,256GB,ดี,14900,44900,สินค้าจะบรรจุในกล่องของคอมพ์เอเชีย (ไม่ใช่กล่องเดิมของเครื่อง) | *ไม่มีอะแดปเตอร์-หัวชาร์จ และสายชาร์จแถมให้ค่ะ | *ไม่มีติดฟิล์ม ไม่มีเคสแถมให้,รับประกันสินค้า 1 เดือน,https://compasia.co.th/collections/all-smartphones/products/payday❤️‍🔥galaxy-s24-plus
16,Galaxy S24 Plus,Black,256GB,พอใช้,14400,44900,สินค้าจะบรรจุในกล่องของคอมพ์เอเชีย (ไม่ใช่กล่องเดิมของเครื่อง) | *ไม่มีอะแดปเตอร์-หัวชาร์จ และสายชาร์จแถมให้ค่ะ | *ไม่มีติดฟิล์ม ไม่มีเคสแถมให้,รับประกันสินค้า 1 เดือน,https://compasia.co.th/collections/all-smartphones/products/payday❤️‍🔥galaxy-s24-plus
16,Galaxy S24 Plus,Black,512GB,ดีเยี่ยม,16400,44900,สินค้าจะบรรจุในกล่องของคอมพ์เอเชีย (ไม่ใช่กล่องเดิมของเครื่อง) | *ไม่มีอะแดปเตอร์-หัวชาร์จ และสายชาร์จแถมให้ค่ะ | *ไม่มีติดฟิล์ม ไม่มีเคสแถมให้,รับประกันสินค้า 1 เดือน,https://compasia.co.th/collections/all-smartphones/products/payday❤️‍🔥galaxy-s24-plus
16,Galaxy S24 Plus,Black,512GB,ดี,15900,44900,สินค้าจะบรรจุในกล่องของคอมพ์เอเชีย (ไม่ใช่กล่องเดิมของเครื่อง) | *ไม่มีอะแดปเตอร์-หัวชาร์จ และสายชาร์จแถมให้ค่ะ | *ไม่มีติดฟิล์ม ไม่มีเคสแถมให้,รับประกันสินค้า 1 เดือน,https://compasia.co.th/collections/all-smartphones/products/payday❤️‍🔥galaxy-s24-plus
16,Galaxy S24 Plus,Black,512GB,พอใช้,15400,44900,สินค้าจะบรรจุในกล่องของคอมพ์เอเชีย (ไม่ใช่กล่องเดิมของเครื่อง) | *ไม่มีอะแดปเตอร์-หัวชาร์จ และสายชาร์จแถมให้ค่ะ | *ไม่มีติดฟิล์ม ไม่มีเคสแถมให้,รับประกันสินค้า 1 เดือน,https://compasia.co.th/collections/all-smartphones/products/payday❤️‍🔥galaxy-s24-plus
17,Galaxy S24 FE,Mint,256GB,ดีเยี่ยม,11000,19900,สินค้าจะบรรจุในกล่องของคอมพ์เอเชีย (ไม่ใช่กล่องเดิมของเครื่อง) | *ไม่มีอะแดปเตอร์-หัวชาร์จ และสายชาร์จแถมให้ค่ะ | *ไม่มีติดฟิล์ม ไม่มีเคสแถมให้,รับประกันสินค้า 1 เดือน,https://compasia.co.th/collections/all-smartphones/products/payday❤️‍🔥galaxy-s24-fe
17,Galaxy S24 FE,Mint,256GB,ดี,10500,19900,สินค้าจะบรรจุในกล่องของคอมพ์เอเชีย (ไม่ใช่กล่องเดิมของเครื่อง) | *ไม่มีอะแดปเตอร์-หัวชาร์จ และสายชาร์จแถมให้ค่ะ | *ไม่มีติดฟิล์ม ไม่มีเคสแถมให้,รับประกันสินค้า 1 เดือน,https://compasia.co.th/collections/all-smartphones/products/payday❤️‍🔥galaxy-s24-fe
17,Galaxy S24 FE,Mint,256GB,พอใช้,10000,19900,สินค้าจะบรรจุในกล่องของคอมพ์เอเชีย (ไม่ใช่กล่องเดิมของเครื่อง) | *ไม่มีอะแดปเตอร์-หัวชาร์จ และสายชาร์จแถมให้ค่ะ | *ไม่มีติดฟิล์ม ไม่มีเคสแถมให้,รับประกันสินค้า 1 เดือน,https://compasia.co.th/collections/all-smartphones/products/payday❤️‍🔥galaxy-s24-fe
17,Galaxy S24 FE,Mint,128GB,ดีเยี่ยม,10000,19900,สินค้าจะบรรจุในกล่องของคอมพ์เอเชีย (ไม่ใช่กล่องเดิมของเครื่อง) | *ไม่มีอะแดปเตอร์-หัวชาร์จ และสายชาร์จแถมให้ค่ะ | *ไม่มีติดฟิล์ม ไม่มีเคสแถมให้,รับประกันสินค้า 1 เดือน,https://compasia.co.th/collections/all-smartphones/products/payday❤️‍🔥galaxy-s24-fe
17,Galaxy S24 FE,Mint,128GB,ดี,9500,19900,สินค้าจะบรรจุในกล่องของคอมพ์เอเชีย (ไม่ใช่กล่องเดิมของเครื่อง) | *ไม่มีอะแดปเตอร์-หัวชาร์จ และสายชาร์จแถมให้ค่ะ | *ไม่มีติดฟิล์ม ไม่มีเคสแถมให้,รับประกันสินค้า 1 เดือน,https://compasia.co.th/collections/all-smartphones/products/payday❤️‍🔥galaxy-s24-fe
17,Galaxy S24 FE,Mint,128GB,พอใช้,9000,19900,สินค้าจะบรรจุในกล่องของคอมพ์เอเชีย (ไม่ใช่กล่องเดิมของเครื่อง) | *ไม่มีอะแดปเตอร์-หัวชาร์จ และสายชาร์จแถมให้ค่ะ | *ไม่มีติดฟิล์ม ไม่มีเคสแถมให้,รับประกันสินค้า 1 เดือน,https://compasia.co.th/collections/all-smartphones/products/payday❤️‍🔥galaxy-s24-fe
17,Galaxy S24 FE,Blue,256GB,ดีเยี่ยม,11000,19900,สินค้าจะบรรจุในกล่องของคอมพ์เอเชีย (ไม่ใช่กล่องเดิมของเครื่อง) | *ไม่มีอะแดปเตอร์-หัวชาร์จ และสายชาร์จแถมให้ค่ะ | *ไม่มีติดฟิล์ม ไม่มีเคสแถมให้,รับประกันสินค้า 1 เดือน,https://compasia.co.th/collections/all-smartphones/products/payday❤️‍🔥galaxy-s24-fe
17,Galaxy S24 FE,Blue,256GB,ดี,10500,19900,สินค้าจะบรรจุในกล่องของคอมพ์เอเชีย (ไม่ใช่กล่องเดิมของเครื่อง) | *ไม่มีอะแดปเตอร์-หัวชาร์จ และสายชาร์จแถมให้ค่ะ | *ไม่มีติดฟิล์ม ไม่มีเคสแถมให้,รับประกันสินค้า 1 เดือน,https://compasia.co.th/collections/all-smartphones/products/payday❤️‍🔥galaxy-s24-fe
17,Galaxy S24 FE,Blue,256GB,พอใช้,10000,19900,สินค้าจะบรรจุในกล่องของคอมพ์เอเชีย (ไม่ใช่กล่องเดิมของเครื่อง) | *ไม่มีอะแดปเตอร์-หัวชาร์จ และสายชาร์จแถมให้ค่ะ | *ไม่มีติดฟิล์ม ไม่มีเคสแถมให้,รับประกันสินค้า 1 เดือน,https://compasia.co.th/collections/all-smartphones/products/payday❤️‍🔥galaxy-s24-fe
17,Galaxy S24 FE,Blue,128GB,ดีเยี่ยม,10000,19900,สินค้าจะบรรจุในกล่องของคอมพ์เอเชีย (ไม่ใช่กล่องเดิมของเครื่อง) | *ไม่มีอะแดปเตอร์-หัวชาร์จ และสายชาร์จแถมให้ค่ะ | *ไม่มีติดฟิล์ม ไม่มีเคสแถมให้,รับประกันสินค้า 1 เดือน,https://compasia.co.th/collections/all-smartphones/products/payday❤️‍🔥galaxy-s24-fe
17,Galaxy S24 FE,Blue,128GB,ดี,9500,19900,สินค้าจะบรรจุในกล่องของคอมพ์เอเชีย (ไม่ใช่กล่องเดิมของเครื่อง) | *ไม่มีอะแดปเตอร์-หัวชาร์จ และสายชาร์จแถมให้ค่ะ | *ไม่มีติดฟิล์ม ไม่มีเคสแถมให้,รับประกันสินค้า 1 เดือน,https://compasia.co.th/collections/all-smartphones/products/payday❤️‍🔥galaxy-s24-fe
17,Galaxy S24 FE,Blue,128GB,พอใช้,9000,19900,สินค้าจะบรรจุในกล่องของคอมพ์เอเชีย (ไม่ใช่กล่องเดิมของเครื่อง) | *ไม่มีอะแดปเตอร์-หัวชาร์จ และสายชาร์จแถมให้ค่ะ | *ไม่มีติดฟิล์ม ไม่มีเคสแถมให้,รับประกันสินค้า 1 เดือน,https://compasia.co.th/collections/all-smartphones/products/payday❤️‍🔥galaxy-s24-fe
17,Galaxy S24 FE,Black,256GB,ดีเยี่ยม,11000,19900,สินค้าจะบรรจุในกล่องของคอมพ์เอเชีย (ไม่ใช่กล่องเดิมของเครื่อง) | *ไม่มีอะแดปเตอร์-หัวชาร์จ และสายชาร์จแถมให้ค่ะ | *ไม่มีติดฟิล์ม ไม่มีเคสแถมให้,รับประกันสินค้า 1 เดือน,https://compasia.co.th/collections/all-smartphones/products/payday❤️‍🔥galaxy-s24-fe
17,Galaxy S24 FE,Black,256GB,ดี,10500,19900,สินค้าจะบรรจุในกล่องของคอมพ์เอเชีย (ไม่ใช่กล่องเดิมของเครื่อง) | *ไม่มีอะแดปเตอร์-หัวชาร์จ และสายชาร์จแถมให้ค่ะ | *ไม่มีติดฟิล์ม ไม่มีเคสแถมให้,รับประกันสินค้า 1 เดือน,https://compasia.co.th/collections/all-smartphones/products/payday❤️‍🔥galaxy-s24-fe
17,Galaxy S24 FE,Black,256GB,พอใช้,10000,19900,สินค้าจะบรรจุในกล่องของคอมพ์เอเชีย (ไม่ใช่กล่องเดิมของเครื่อง) | *ไม่มีอะแดปเตอร์-หัวชาร์จ และสายชาร์จแถมให้ค่ะ | *ไม่มีติดฟิล์ม ไม่มีเคสแถมให้,รับประกันสินค้า 1 เดือน,https://compasia.co.th/collections/all-smartphones/products/payday❤️‍🔥galaxy-s24-fe
17,Galaxy S24 FE,Black,128GB,ดีเยี่ยม,10000,19900,สินค้าจะบรรจุในกล่องของคอมพ์เอเชีย (ไม่ใช่กล่องเดิมของเครื่อง) | *ไม่มีอะแดปเตอร์-หัวชาร์จ และสายชาร์จแถมให้ค่ะ | *ไม่มีติดฟิล์ม ไม่มีเคสแถมให้,รับประกันสินค้า 1 เดือน,https://compasia.co.th/collections/all-smartphones/products/payday❤️‍🔥galaxy-s24-fe
17,Galaxy S24 FE,Black,128GB,ดี,9500,19900,สินค้าจะบรรจุในกล่องของคอมพ์เอเชีย (ไม่ใช่กล่องเดิมของเครื่อง) | *ไม่มีอะแดปเตอร์-หัวชาร์จ และสายชาร์จแถมให้ค่ะ | *ไม่มีติดฟิล์ม ไม่มีเคสแถมให้,รับประกันสินค้า 1 เดือน,https://compasia.co.th/collections/all-smartphones/products/payday❤️‍🔥galaxy-s24-fe
17,Galaxy S24 FE,Black,128GB,พอใช้,9000,19900,สินค้าจะบรรจุในกล่องของคอมพ์เอเชีย (ไม่ใช่กล่องเดิมของเครื่อง) | *ไม่มีอะแดปเตอร์-หัวชาร์จ และสายชาร์จแถมให้ค่ะ | *ไม่มีติดฟิล์ม ไม่มีเคสแถมให้,รับประกันสินค้า 1 เดือน,https://compasia.co.th/collections/all-smartphones/products/payday❤️‍🔥galaxy-s24-fe
18,iPhone 16 plus,black,128GB,ดีเยี่ยม,23600,-,สินค้าจะบรรจุในกล่องของคอมพ์เอเชีย (ไม่ใช่กล่องเดิมของเครื่อง) | *ไม่มีอะแดปเตอร์-หัวชาร์จ และสายชาร์จแถมให้ค่ะ,รับประกันสินค้า 1 เดือน,https://compasia.co.th/collections/all-smartphones/products/payday❤️‍🔥-iphone-16-plus
18,iPhone 16 plus,black,128GB,ดี,23100,-,สินค้าจะบรรจุในกล่องของคอมพ์เอเชีย (ไม่ใช่กล่องเดิมของเครื่อง) | *ไม่มีอะแดปเตอร์-หัวชาร์จ และสายชาร์จแถมให้ค่ะ,รับประกันสินค้า 1 เดือน,https://compasia.co.th/collections/all-smartphones/products/payday❤️‍🔥-iphone-16-plus
18,iPhone 16 plus,black,128GB,พอใช้,22600,-,สินค้าจะบรรจุในกล่องของคอมพ์เอเชีย (ไม่ใช่กล่องเดิมของเครื่อง) | *ไม่มีอะแดปเตอร์-หัวชาร์จ และสายชาร์จแถมให้ค่ะ,รับประกันสินค้า 1 เดือน,https://compasia.co.th/collections/all-smartphones/products/payday❤️‍🔥-iphone-16-plus
18,iPhone 16 plus,black,256GB,ดีเยี่ยม,24600,-,สินค้าจะบรรจุในกล่องของคอมพ์เอเชีย (ไม่ใช่กล่องเดิมของเครื่อง) | *ไม่มีอะแดปเตอร์-หัวชาร์จ และสายชาร์จแถมให้ค่ะ,รับประกันสินค้า 1 เดือน,https://compasia.co.th/collections/all-smartphones/products/payday❤️‍🔥-iphone-16-plus
18,iPhone 16 plus,black,256GB,ดี,24100,-,สินค้าจะบรรจุในกล่องของคอมพ์เอเชีย (ไม่ใช่กล่องเดิมของเครื่อง) | *ไม่มีอะแดปเตอร์-หัวชาร์จ และสายชาร์จแถมให้ค่ะ,รับประกันสินค้า 1 เดือน,https://compasia.co.th/collections/all-smartphones/products/payday❤️‍🔥-iphone-16-plus
18,iPhone 16 plus,black,256GB,พอใช้,23600,-,สินค้าจะบรรจุในกล่องของคอมพ์เอเชีย (ไม่ใช่กล่องเดิมของเครื่อง) | *ไม่มีอะแดปเตอร์-หัวชาร์จ และสายชาร์จแถมให้ค่ะ,รับประกันสินค้า 1 เดือน,https://compasia.co.th/collections/all-smartphones/products/payday❤️‍🔥-iphone-16-plus
18,iPhone 16 plus,black,512GB,ดีเยี่ยม,25600,-,สินค้าจะบรรจุในกล่องของคอมพ์เอเชีย (ไม่ใช่กล่องเดิมของเครื่อง) | *ไม่มีอะแดปเตอร์-หัวชาร์จ และสายชาร์จแถมให้ค่ะ,รับประกันสินค้า 1 เดือน,https://compasia.co.th/collections/all-smartphones/products/payday❤️‍🔥-iphone-16-plus
18,iPhone 16 plus,black,512GB,ดี,25100,-,สินค้าจะบรรจุในกล่องของคอมพ์เอเชีย (ไม่ใช่กล่องเดิมของเครื่อง) | *ไม่มีอะแดปเตอร์-หัวชาร์จ และสายชาร์จแถมให้ค่ะ,รับประกันสินค้า 1 เดือน,https://compasia.co.th/collections/all-smartphones/products/payday❤️‍🔥-iphone-16-plus
18,iPhone 16 plus,black,512GB,พอใช้,24600,-,สินค้าจะบรรจุในกล่องของคอมพ์เอเชีย (ไม่ใช่กล่องเดิมของเครื่อง) | *ไม่มีอะแดปเตอร์-หัวชาร์จ และสายชาร์จแถมให้ค่ะ,รับประกันสินค้า 1 เดือน,https://compasia.co.th/collections/all-smartphones/products/payday❤️‍🔥-iphone-16-plus
18,iPhone 16 plus,white,128GB,ดีเยี่ยม,23600,-,สินค้าจะบรรจุในกล่องของคอมพ์เอเชีย (ไม่ใช่กล่องเดิมของเครื่อง) | *ไม่มีอะแดปเตอร์-หัวชาร์จ และสายชาร์จแถมให้ค่ะ,รับประกันสินค้า 1 เดือน,https://compasia.co.th/collections/all-smartphones/products/payday❤️‍🔥-iphone-16-plus
18,iPhone 16 plus,white,128GB,ดี,23100,-,สินค้าจะบรรจุในกล่องของคอมพ์เอเชีย (ไม่ใช่กล่องเดิมของเครื่อง) | *ไม่มีอะแดปเตอร์-หัวชาร์จ และสายชาร์จแถมให้ค่ะ,รับประกันสินค้า 1 เดือน,https://compasia.co.th/collections/all-smartphones/products/payday❤️‍🔥-iphone-16-plus
18,iPhone 16 plus,white,128GB,พอใช้,22600,-,สินค้าจะบรรจุในกล่องของคอมพ์เอเชีย (ไม่ใช่กล่องเดิมของเครื่อง) | *ไม่มีอะแดปเตอร์-หัวชาร์จ และสายชาร์จแถมให้ค่ะ,รับประกันสินค้า 1 เดือน,https://compasia.co.th/collections/all-smartphones/products/payday❤️‍🔥-iphone-16-plus
18,iPhone 16 plus,white,256GB,ดีเยี่ยม,24600,-,สินค้าจะบรรจุในกล่องของคอมพ์เอเชีย (ไม่ใช่กล่องเดิมของเครื่อง) | *ไม่มีอะแดปเตอร์-หัวชาร์จ และสายชาร์จแถมให้ค่ะ,รับประกันสินค้า 1 เดือน,https://compasia.co.th/collections/all-smartphones/products/payday❤️‍🔥-iphone-16-plus
18,iPhone 16 plus,white,256GB,ดี,24100,-,สินค้าจะบรรจุในกล่องของคอมพ์เอเชีย (ไม่ใช่กล่องเดิมของเครื่อง) | *ไม่มีอะแดปเตอร์-หัวชาร์จ และสายชาร์จแถมให้ค่ะ,รับประกันสินค้า 1 เดือน,https://compasia.co.th/collections/all-smartphones/products/payday❤️‍🔥-iphone-16-plus
18,iPhone 16 plus,white,256GB,พอใช้,23600,-,สินค้าจะบรรจุในกล่องของคอมพ์เอเชีย (ไม่ใช่กล่องเดิมของเครื่อง) | *ไม่มีอะแดปเตอร์-หัวชาร์จ และสายชาร์จแถมให้ค่ะ,รับประกันสินค้า 1 เดือน,https://compasia.co.th/collections/all-smartphones/products/payday❤️‍🔥-iphone-16-plus
18,iPhone 16 plus,white,512GB,ดีเยี่ยม,25600,-,สินค้าจะบรรจุในกล่องของคอมพ์เอเชีย (ไม่ใช่กล่องเดิมของเครื่อง) | *ไม่มีอะแดปเตอร์-หัวชาร์จ และสายชาร์จแถมให้ค่ะ,รับประกันสินค้า 1 เดือน,https://compasia.co.th/collections/all-smartphones/products/payday❤️‍🔥-iphone-16-plus
18,iPhone 16 plus,white,512GB,ดี,25100,-,สินค้าจะบรรจุในกล่องของคอมพ์เอเชีย (ไม่ใช่กล่องเดิมของเครื่อง) | *ไม่มีอะแดปเตอร์-หัวชาร์จ และสายชาร์จแถมให้ค่ะ,รับประกันสินค้า 1 เดือน,https://compasia.co.th/collections/all-smartphones/products/payday❤️‍🔥-iphone-16-plus
18,iPhone 16 plus,white,512GB,พอใช้,24600,-,สินค้าจะบรรจุในกล่องของคอมพ์เอเชีย (ไม่ใช่กล่องเดิมของเครื่อง) | *ไม่มีอะแดปเตอร์-หัวชาร์จ และสายชาร์จแถมให้ค่ะ,รับประกันสินค้า 1 เดือน,https://compasia.co.th/collections/all-smartphones/products/payday❤️‍🔥-iphone-16-plus
18,iPhone 16 plus,pink,128GB,ดีเยี่ยม,23600,-,สินค้าจะบรรจุในกล่องของคอมพ์เอเชีย (ไม่ใช่กล่องเดิมของเครื่อง) | *ไม่มีอะแดปเตอร์-หัวชาร์จ และสายชาร์จแถมให้ค่ะ,รับประกันสินค้า 1 เดือน,https://compasia.co.th/collections/all-smartphones/products/payday❤️‍🔥-iphone-16-plus
18,iPhone 16 plus,pink,128GB,ดี,23100,-,สินค้าจะบรรจุในกล่องของคอมพ์เอเชีย (ไม่ใช่กล่องเดิมของเครื่อง) | *ไม่มีอะแดปเตอร์-หัวชาร์จ และสายชาร์จแถมให้ค่ะ,รับประกันสินค้า 1 เดือน,https://compasia.co.th/collections/all-smartphones/products/payday❤️‍🔥-iphone-16-plus
18,iPhone 16 plus,pink,128GB,พอใช้,22600,-,สินค้าจะบรรจุในกล่องของคอมพ์เอเชีย (ไม่ใช่กล่องเดิมของเครื่อง) | *ไม่มีอะแดปเตอร์-หัวชาร์จ และสายชาร์จแถมให้ค่ะ,รับประกันสินค้า 1 เดือน,https://compasia.co.th/collections/all-smartphones/products/payday❤️‍🔥-iphone-16-plus
18,iPhone 16 plus,pink,256GB,ดีเยี่ยม,24600,-,สินค้าจะบรรจุในกล่องของคอมพ์เอเชีย (ไม่ใช่กล่องเดิมของเครื่อง) | *ไม่มีอะแดปเตอร์-หัวชาร์จ และสายชาร์จแถมให้ค่ะ,รับประกันสินค้า 1 เดือน,https://compasia.co.th/collections/all-smartphones/products/payday❤️‍🔥-iphone-16-plus
18,iPhone 16 plus,pink,256GB,ดี,24100,-,สินค้าจะบรรจุในกล่องของคอมพ์เอเชีย (ไม่ใช่กล่องเดิมของเครื่อง) | *ไม่มีอะแดปเตอร์-หัวชาร์จ และสายชาร์จแถมให้ค่ะ,รับประกันสินค้า 1 เดือน,https://compasia.co.th/collections/all-smartphones/products/payday❤️‍🔥-iphone-16-plus
18,iPhone 16 plus,pink,256GB,พอใช้,23600,-,สินค้าจะบรรจุในกล่องของคอมพ์เอเชีย (ไม่ใช่กล่องเดิมของเครื่อง) | *ไม่มีอะแดปเตอร์-หัวชาร์จ และสายชาร์จแถมให้ค่ะ,รับประกันสินค้า 1 เดือน,https://compasia.co.th/collections/all-smartphones/products/payday❤️‍🔥-iphone-16-plus
18,iPhone 16 plus,pink,512GB,ดีเยี่ยม,25600,-,สินค้าจะบรรจุในกล่องของคอมพ์เอเชีย (ไม่ใช่กล่องเดิมของเครื่อง) | *ไม่มีอะแดปเตอร์-หัวชาร์จ และสายชาร์จแถมให้ค่ะ,รับประกันสินค้า 1 เดือน,https://compasia.co.th/collections/all-smartphones/products/payday❤️‍🔥-iphone-16-plus
18,iPhone 16 plus,pink,512GB,ดี,25100,-,สินค้าจะบรรจุในกล่องของคอมพ์เอเชีย (ไม่ใช่กล่องเดิมของเครื่อง) | *ไม่มีอะแดปเตอร์-หัวชาร์จ และสายชาร์จแถมให้ค่ะ,รับประกันสินค้า 1 เดือน,https://compasia.co.th/collections/all-smartphones/products/payday❤️‍🔥-iphone-16-plus
18,iPhone 16 plus,pink,512GB,พอใช้,24600,-,สินค้าจะบรรจุในกล่องของคอมพ์เอเชีย (ไม่ใช่กล่องเดิมของเครื่อง) | *ไม่มีอะแดปเตอร์-หัวชาร์จ และสายชาร์จแถมให้ค่ะ,รับประกันสินค้า 1 เดือน,https://compasia.co.th/collections/all-smartphones/products/payday❤️‍🔥-iphone-16-plus
18,iPhone 16 plus,ultramarine,128GB,ดีเยี่ยม,23600,-,สินค้าจะบรรจุในกล่องของคอมพ์เอเชีย (ไม่ใช่กล่องเดิมของเครื่อง) | *ไม่มีอะแดปเตอร์-หัวชาร์จ และสายชาร์จแถมให้ค่ะ,รับประกันสินค้า 1 เดือน,https://compasia.co.th/collections/all-smartphones/products/payday❤️‍🔥-iphone-16-plus
18,iPhone 16 plus,ultramarine,128GB,ดี,23100,-,สินค้าจะบรรจุในกล่องของคอมพ์เอเชีย (ไม่ใช่กล่องเดิมของเครื่อง) | *ไม่มีอะแดปเตอร์-หัวชาร์จ และสายชาร์จแถมให้ค่ะ,รับประกันสินค้า 1 เดือน,https://compasia.co.th/collections/all-smartphones/products/payday❤️‍🔥-iphone-16-plus
18,iPhone 16 plus,ultramarine,128GB,พอใช้,22600,-,สินค้าจะบรรจุในกล่องของคอมพ์เอเชีย (ไม่ใช่กล่องเดิมของเครื่อง) | *ไม่มีอะแดปเตอร์-หัวชาร์จ และสายชาร์จแถมให้ค่ะ,รับประกันสินค้า 1 เดือน,https://compasia.co.th/collections/all-smartphones/products/payday❤️‍🔥-iphone-16-plus
18,iPhone 16 plus,ultramarine,256GB,ดีเยี่ยม,24600,-,สินค้าจะบรรจุในกล่องของคอมพ์เอเชีย (ไม่ใช่กล่องเดิมของเครื่อง) | *ไม่มีอะแดปเตอร์-หัวชาร์จ และสายชาร์จแถมให้ค่ะ,รับประกันสินค้า 1 เดือน,https://compasia.co.th/collections/all-smartphones/products/payday❤️‍🔥-iphone-16-plus
18,iPhone 16 plus,ultramarine,256GB,ดี,24100,-,สินค้าจะบรรจุในกล่องของคอมพ์เอเชีย (ไม่ใช่กล่องเดิมของเครื่อง) | *ไม่มีอะแดปเตอร์-หัวชาร์จ และสายชาร์จแถมให้ค่ะ,รับประกันสินค้า 1 เดือน,https://compasia.co.th/collections/all-smartphones/products/payday❤️‍🔥-iphone-16-plus
18,iPhone 16 plus,ultramarine,256GB,พอใช้,23600,-,สินค้าจะบรรจุในกล่องของคอมพ์เอเชีย (ไม่ใช่กล่องเดิมของเครื่อง) | *ไม่มีอะแดปเตอร์-หัวชาร์จ และสายชาร์จแถมให้ค่ะ,รับประกันสินค้า 1 เดือน,https://compasia.co.th/collections/all-smartphones/products/payday❤️‍🔥-iphone-16-plus
18,iPhone 16 plus,ultramarine,512GB,ดีเยี่ยม,25600,-,สินค้าจะบรรจุในกล่องของคอมพ์เอเชีย (ไม่ใช่กล่องเดิมของเครื่อง) | *ไม่มีอะแดปเตอร์-หัวชาร์จ และสายชาร์จแถมให้ค่ะ,รับประกันสินค้า 1 เดือน,https://compasia.co.th/collections/all-smartphones/products/payday❤️‍🔥-iphone-16-plus
18,iPhone 16 plus,ultramarine,512GB,ดี,25100,-,สินค้าจะบรรจุในกล่องของคอมพ์เอเชีย (ไม่ใช่กล่องเดิมของเครื่อง) | *ไม่มีอะแดปเตอร์-หัวชาร์จ และสายชาร์จแถมให้ค่ะ,รับประกันสินค้า 1 เดือน,https://compasia.co.th/collections/all-smartphones/products/payday❤️‍🔥-iphone-16-plus
18,iPhone 16 plus,ultramarine,512GB,พอใช้,24600,-,สินค้าจะบรรจุในกล่องของคอมพ์เอเชีย (ไม่ใช่กล่องเดิมของเครื่อง) | *ไม่มีอะแดปเตอร์-หัวชาร์จ และสายชาร์จแถมให้ค่ะ,รับประกันสินค้า 1 เดือน,https://compasia.co.th/collections/all-smartphones/products/payday❤️‍🔥-iphone-16-plus
18,iPhone 16 plus,Teal,128GB,ดีเยี่ยม,23600,-,สินค้าจะบรรจุในกล่องของคอมพ์เอเชีย (ไม่ใช่กล่องเดิมของเครื่อง) | *ไม่มีอะแดปเตอร์-หัวชาร์จ และสายชาร์จแถมให้ค่ะ,รับประกันสินค้า 1 เดือน,https://compasia.co.th/collections/all-smartphones/products/payday❤️‍🔥-iphone-16-plus
18,iPhone 16 plus,Teal,128GB,ดี,23100,-,สินค้าจะบรรจุในกล่องของคอมพ์เอเชีย (ไม่ใช่กล่องเดิมของเครื่อง) | *ไม่มีอะแดปเตอร์-หัวชาร์จ และสายชาร์จแถมให้ค่ะ,รับประกันสินค้า 1 เดือน,https://compasia.co.th/collections/all-smartphones/products/payday❤️‍🔥-iphone-16-plus
18,iPhone 16 plus,Teal,128GB,พอใช้,22600,-,สินค้าจะบรรจุในกล่องของคอมพ์เอเชีย (ไม่ใช่กล่องเดิมของเครื่อง) | *ไม่มีอะแดปเตอร์-หัวชาร์จ และสายชาร์จแถมให้ค่ะ,รับประกันสินค้า 1 เดือน,https://compasia.co.th/collections/all-smartphones/products/payday❤️‍🔥-iphone-16-plus
18,iPhone 16 plus,Teal,256GB,ดีเยี่ยม,24600,-,สินค้าจะบรรจุในกล่องของคอมพ์เอเชีย (ไม่ใช่กล่องเดิมของเครื่อง) | *ไม่มีอะแดปเตอร์-หัวชาร์จ และสายชาร์จแถมให้ค่ะ,รับประกันสินค้า 1 เดือน,https://compasia.co.th/collections/all-smartphones/products/payday❤️‍🔥-iphone-16-plus
18,iPhone 16 plus,Teal,256GB,ดี,24100,-,สินค้าจะบรรจุในกล่องของคอมพ์เอเชีย (ไม่ใช่กล่องเดิมของเครื่อง) | *ไม่มีอะแดปเตอร์-หัวชาร์จ และสายชาร์จแถมให้ค่ะ,รับประกันสินค้า 1 เดือน,https://compasia.co.th/collections/all-smartphones/products/payday❤️‍🔥-iphone-16-plus
18,iPhone 16 plus,Teal,256GB,พอใช้,23600,-,สินค้าจะบรรจุในกล่องของคอมพ์เอเชีย (ไม่ใช่กล่องเดิมของเครื่อง) | *ไม่มีอะแดปเตอร์-หัวชาร์จ และสายชาร์จแถมให้ค่ะ,รับประกันสินค้า 1 เดือน,https://compasia.co.th/collections/all-smartphones/products/payday❤️‍🔥-iphone-16-plus
18,iPhone 16 plus,Teal,512GB,ดีเยี่ยม,25600,-,สินค้าจะบรรจุในกล่องของคอมพ์เอเชีย (ไม่ใช่กล่องเดิมของเครื่อง) | *ไม่มีอะแดปเตอร์-หัวชาร์จ และสายชาร์จแถมให้ค่ะ,รับประกันสินค้า 1 เดือน,https://compasia.co.th/collections/all-smartphones/products/payday❤️‍🔥-iphone-16-plus
18,iPhone 16 plus,Teal,512GB,ดี,25100,-,สินค้าจะบรรจุในกล่องของคอมพ์เอเชีย (ไม่ใช่กล่องเดิมของเครื่อง) | *ไม่มีอะแดปเตอร์-หัวชาร์จ และสายชาร์จแถมให้ค่ะ,รับประกันสินค้า 1 เดือน,https://compasia.co.th/collections/all-smartphones/products/payday❤️‍🔥-iphone-16-plus
18,iPhone 16 plus,Teal,512GB,พอใช้,24600,-,สินค้าจะบรรจุในกล่องของคอมพ์เอเชีย (ไม่ใช่กล่องเดิมของเครื่อง) | *ไม่มีอะแดปเตอร์-หัวชาร์จ และสายชาร์จแถมให้ค่ะ,รับประกันสินค้า 1 เดือน,https://compasia.co.th/collections/all-smartphones/products/payday❤️‍🔥-iphone-16-plus
19,iPhone 17,Lavender,256GB,ดีเยี่ยม,25900,33900,สินค้าจะบรรจุในกล่องของคอมพ์เอเชีย (ไม่ใช่กล่องเดิมของเครื่อง) | *ไม่มีหัวชาร์จและสายชาร์จ,รับประกันสินค้า 1 เดือน,https://compasia.co.th/collections/all-smartphones/products/iphone-17
19,iPhone 17,Lavender,256GB,ดี,25400,33900,สินค้าจะบรรจุในกล่องของคอมพ์เอเชีย (ไม่ใช่กล่องเดิมของเครื่อง) | *ไม่มีหัวชาร์จและสายชาร์จ,รับประกันสินค้า 1 เดือน,https://compasia.co.th/collections/all-smartphones/products/iphone-17
19,iPhone 17,Lavender,256GB,พอใช้,24900,33900,สินค้าจะบรรจุในกล่องของคอมพ์เอเชีย (ไม่ใช่กล่องเดิมของเครื่อง) | *ไม่มีหัวชาร์จและสายชาร์จ,รับประกันสินค้า 1 เดือน,https://compasia.co.th/collections/all-smartphones/products/iphone-17
19,iPhone 17,Lavender,512GB,ดีเยี่ยม,26900,33900,สินค้าจะบรรจุในกล่องของคอมพ์เอเชีย (ไม่ใช่กล่องเดิมของเครื่อง) | *ไม่มีหัวชาร์จและสายชาร์จ,รับประกันสินค้า 1 เดือน,https://compasia.co.th/collections/all-smartphones/products/iphone-17
19,iPhone 17,Lavender,512GB,ดี,26400,33900,สินค้าจะบรรจุในกล่องของคอมพ์เอเชีย (ไม่ใช่กล่องเดิมของเครื่อง) | *ไม่มีหัวชาร์จและสายชาร์จ,รับประกันสินค้า 1 เดือน,https://compasia.co.th/collections/all-smartphones/products/iphone-17
19,iPhone 17,Lavender,512GB,พอใช้,25900,33900,สินค้าจะบรรจุในกล่องของคอมพ์เอเชีย (ไม่ใช่กล่องเดิมของเครื่อง) | *ไม่มีหัวชาร์จและสายชาร์จ,รับประกันสินค้า 1 เดือน,https://compasia.co.th/collections/all-smartphones/products/iphone-17
19,iPhone 17,Sage,256GB,ดีเยี่ยม,25900,33900,สินค้าจะบรรจุในกล่องของคอมพ์เอเชีย (ไม่ใช่กล่องเดิมของเครื่อง) | *ไม่มีหัวชาร์จและสายชาร์จ,รับประกันสินค้า 1 เดือน,https://compasia.co.th/collections/all-smartphones/products/iphone-17
19,iPhone 17,Sage,256GB,ดี,25400,33900,สินค้าจะบรรจุในกล่องของคอมพ์เอเชีย (ไม่ใช่กล่องเดิมของเครื่อง) | *ไม่มีหัวชาร์จและสายชาร์จ,รับประกันสินค้า 1 เดือน,https://compasia.co.th/collections/all-smartphones/products/iphone-17
19,iPhone 17,Sage,256GB,พอใช้,24900,33900,สินค้าจะบรรจุในกล่องของคอมพ์เอเชีย (ไม่ใช่กล่องเดิมของเครื่อง) | *ไม่มีหัวชาร์จและสายชาร์จ,รับประกันสินค้า 1 เดือน,https://compasia.co.th/collections/all-smartphones/products/iphone-17
19,iPhone 17,Sage,512GB,ดีเยี่ยม,26900,33900,สินค้าจะบรรจุในกล่องของคอมพ์เอเชีย (ไม่ใช่กล่องเดิมของเครื่อง) | *ไม่มีหัวชาร์จและสายชาร์จ,รับประกันสินค้า 1 เดือน,https://compasia.co.th/collections/all-smartphones/products/iphone-17
19,iPhone 17,Sage,512GB,ดี,25400,33900,สินค้าจะบรรจุในกล่องของคอมพ์เอเชีย (ไม่ใช่กล่องเดิมของเครื่อง) | *ไม่มีหัวชาร์จและสายชาร์จ,รับประกันสินค้า 1 เดือน,https://compasia.co.th/collections/all-smartphones/products/iphone-17
19,iPhone 17,Sage,512GB,พอใช้,24900,33900,สินค้าจะบรรจุในกล่องของคอมพ์เอเชีย (ไม่ใช่กล่องเดิมของเครื่อง) | *ไม่มีหัวชาร์จและสายชาร์จ,รับประกันสินค้า 1 เดือน,https://compasia.co.th/collections/all-smartphones/products/iphone-17
19,iPhone 17,White,256GB,ดีเยี่ยม,25900,33900,สินค้าจะบรรจุในกล่องของคอมพ์เอเชีย (ไม่ใช่กล่องเดิมของเครื่อง) | *ไม่มีหัวชาร์จและสายชาร์จ,รับประกันสินค้า 1 เดือน,https://compasia.co.th/collections/all-smartphones/products/iphone-17
19,iPhone 17,White,256GB,ดี,25400,33900,สินค้าจะบรรจุในกล่องของคอมพ์เอเชีย (ไม่ใช่กล่องเดิมของเครื่อง) | *ไม่มีหัวชาร์จและสายชาร์จ,รับประกันสินค้า 1 เดือน,https://compasia.co.th/collections/all-smartphones/products/iphone-17
19,iPhone 17,White,256GB,พอใช้,24900,33900,สินค้าจะบรรจุในกล่องของคอมพ์เอเชีย (ไม่ใช่กล่องเดิมของเครื่อง) | *ไม่มีหัวชาร์จและสายชาร์จ,รับประกันสินค้า 1 เดือน,https://compasia.co.th/collections/all-smartphones/products/iphone-17
19,iPhone 17,White,512GB,ดีเยี่ยม,26900,33900,สินค้าจะบรรจุในกล่องของคอมพ์เอเชีย (ไม่ใช่กล่องเดิมของเครื่อง) | *ไม่มีหัวชาร์จและสายชาร์จ,รับประกันสินค้า 1 เดือน,https://compasia.co.th/collections/all-smartphones/products/iphone-17
19,iPhone 17,White,512GB,ดี,26400,33900,สินค้าจะบรรจุในกล่องของคอมพ์เอเชีย (ไม่ใช่กล่องเดิมของเครื่อง) | *ไม่มีหัวชาร์จและสายชาร์จ,รับประกันสินค้า 1 เดือน,https://compasia.co.th/collections/all-smartphones/products/iphone-17
19,iPhone 17,White,512GB,พอใช้,25900,33900,สินค้าจะบรรจุในกล่องของคอมพ์เอเชีย (ไม่ใช่กล่องเดิมของเครื่อง) | *ไม่มีหัวชาร์จและสายชาร์จ,รับประกันสินค้า 1 เดือน,https://compasia.co.th/collections/all-smartphones/products/iphone-17
19,iPhone 17,Black,256GB,ดีเยี่ยม,25900,33900,สินค้าจะบรรจุในกล่องของคอมพ์เอเชีย (ไม่ใช่กล่องเดิมของเครื่อง) | *ไม่มีหัวชาร์จและสายชาร์จ,รับประกันสินค้า 1 เดือน,https://compasia.co.th/collections/all-smartphones/products/iphone-17
19,iPhone 17,Black,256GB,ดี,25400,33900,สินค้าจะบรรจุในกล่องของคอมพ์เอเชีย (ไม่ใช่กล่องเดิมของเครื่อง) | *ไม่มีหัวชาร์จและสายชาร์จ,รับประกันสินค้า 1 เดือน,https://compasia.co.th/collections/all-smartphones/products/iphone-17
19,iPhone 17,Black,256GB,พอใช้,24900,33900,สินค้าจะบรรจุในกล่องของคอมพ์เอเชีย (ไม่ใช่กล่องเดิมของเครื่อง) | *ไม่มีหัวชาร์จและสายชาร์จ,รับประกันสินค้า 1 เดือน,https://compasia.co.th/collections/all-smartphones/products/iphone-17
19,iPhone 17,Black,512GB,ดีเยี่ยม,26900,33900,สินค้าจะบรรจุในกล่องของคอมพ์เอเชีย (ไม่ใช่กล่องเดิมของเครื่อง) | *ไม่มีหัวชาร์จและสายชาร์จ,รับประกันสินค้า 1 เดือน,https://compasia.co.th/collections/all-smartphones/products/iphone-17
19,iPhone 17,Black,512GB,ดี,26400,33900,สินค้าจะบรรจุในกล่องของคอมพ์เอเชีย (ไม่ใช่กล่องเดิมของเครื่อง) | *ไม่มีหัวชาร์จและสายชาร์จ,รับประกันสินค้า 1 เดือน,https://compasia.co.th/collections/all-smartphones/products/iphone-17
19,iPhone 17,Black,512GB,พอใช้,25900,33900,สินค้าจะบรรจุในกล่องของคอมพ์เอเชีย (ไม่ใช่กล่องเดิมของเครื่อง) | *ไม่มีหัวชาร์จและสายชาร์จ,รับประกันสินค้า 1 เดือน,https://compasia.co.th/collections/all-smartphones/products/iphone-17
19,iPhone 17,Blue,256GB,ดีเยี่ยม,25900,33900,สินค้าจะบรรจุในกล่องของคอมพ์เอเชีย (ไม่ใช่กล่องเดิมของเครื่อง) | *ไม่มีหัวชาร์จและสายชาร์จ,รับประกันสินค้า 1 เดือน,https://compasia.co.th/collections/all-smartphones/products/iphone-17
19,iPhone 17,Blue,256GB,ดี,25400,33900,สินค้าจะบรรจุในกล่องของคอมพ์เอเชีย (ไม่ใช่กล่องเดิมของเครื่อง) | *ไม่มีหัวชาร์จและสายชาร์จ,รับประกันสินค้า 1 เดือน,https://compasia.co.th/collections/all-smartphones/products/iphone-17
19,iPhone 17,Blue,256GB,พอใช้,24900,33900,สินค้าจะบรรจุในกล่องของคอมพ์เอเชีย (ไม่ใช่กล่องเดิมของเครื่อง) | *ไม่มีหัวชาร์จและสายชาร์จ,รับประกันสินค้า 1 เดือน,https://compasia.co.th/collections/all-smartphones/products/iphone-17
19,iPhone 17,Blue,512GB,ดีเยี่ยม,26900,33900,สินค้าจะบรรจุในกล่องของคอมพ์เอเชีย (ไม่ใช่กล่องเดิมของเครื่อง) | *ไม่มีหัวชาร์จและสายชาร์จ,รับประกันสินค้า 1 เดือน,https://compasia.co.th/collections/all-smartphones/products/iphone-17
19,iPhone 17,Blue,512GB,ดี,26400,33900,สินค้าจะบรรจุในกล่องของคอมพ์เอเชีย (ไม่ใช่กล่องเดิมของเครื่อง) | *ไม่มีหัวชาร์จและสายชาร์จ,รับประกันสินค้า 1 เดือน,https://compasia.co.th/collections/all-smartphones/products/iphone-17
19,iPhone 17,Blue,512GB,พอใช้,25900,33900,สินค้าจะบรรจุในกล่องของคอมพ์เอเชีย (ไม่ใช่กล่องเดิมของเครื่อง) | *ไม่มีหัวชาร์จและสายชาร์จ,รับประกันสินค้า 1 เดือน,https://compasia.co.th/collections/all-smartphones/products/iphone-17
20,Battery Health - iPhone 13 Pro,Sierra Blue,128GB,ดีเยี่ยม,14300,38900,สินค้าจะบรรจุในกล่องของคอมพ์เอเชีย (ไม่ใช่กล่องเดิมของเครื่อง) | *ไม่มีอะแดปเตอร์-หัวชาร์จ และสายชาร์จแถมให้ค่ะ | *ไม่มีติดฟิล์ม ไม่มีเคสแถมให้,รับประกันสินค้า 1 เดือน,https://compasia.co.th/collections/all-smartphones/products/battery-health-iphone-13-pro
20,Battery Health - iPhone 13 Pro,Sierra Blue,128GB,ดี,13800,38900,สินค้าจะบรรจุในกล่องของคอมพ์เอเชีย (ไม่ใช่กล่องเดิมของเครื่อง) | *ไม่มีอะแดปเตอร์-หัวชาร์จ และสายชาร์จแถมให้ค่ะ | *ไม่มีติดฟิล์ม ไม่มีเคสแถมให้,รับประกันสินค้า 1 เดือน,https://compasia.co.th/collections/all-smartphones/products/battery-health-iphone-13-pro
20,Battery Health - iPhone 13 Pro,Sierra Blue,128GB,พอใช้,13300,38900,สินค้าจะบรรจุในกล่องของคอมพ์เอเชีย (ไม่ใช่กล่องเดิมของเครื่อง) | *ไม่มีอะแดปเตอร์-หัวชาร์จ และสายชาร์จแถมให้ค่ะ | *ไม่มีติดฟิล์ม ไม่มีเคสแถมให้,รับประกันสินค้า 1 เดือน,https://compasia.co.th/collections/all-smartphones/products/battery-health-iphone-13-pro
20,Battery Health - iPhone 13 Pro,Sierra Blue,256GB,ดีเยี่ยม,15300,38900,สินค้าจะบรรจุในกล่องของคอมพ์เอเชีย (ไม่ใช่กล่องเดิมของเครื่อง) | *ไม่มีอะแดปเตอร์-หัวชาร์จ และสายชาร์จแถมให้ค่ะ | *ไม่มีติดฟิล์ม ไม่มีเคสแถมให้,รับประกันสินค้า 1 เดือน,https://compasia.co.th/collections/all-smartphones/products/battery-health-iphone-13-pro
20,Battery Health - iPhone 13 Pro,Sierra Blue,256GB,ดี,14800,38900,สินค้าจะบรรจุในกล่องของคอมพ์เอเชีย (ไม่ใช่กล่องเดิมของเครื่อง) | *ไม่มีอะแดปเตอร์-หัวชาร์จ และสายชาร์จแถมให้ค่ะ | *ไม่มีติดฟิล์ม ไม่มีเคสแถมให้,รับประกันสินค้า 1 เดือน,https://compasia.co.th/collections/all-smartphones/products/battery-health-iphone-13-pro
20,Battery Health - iPhone 13 Pro,Sierra Blue,256GB,พอใช้,14300,38900,สินค้าจะบรรจุในกล่องของคอมพ์เอเชีย (ไม่ใช่กล่องเดิมของเครื่อง) | *ไม่มีอะแดปเตอร์-หัวชาร์จ และสายชาร์จแถมให้ค่ะ | *ไม่มีติดฟิล์ม ไม่มีเคสแถมให้,รับประกันสินค้า 1 เดือน,https://compasia.co.th/collections/all-smartphones/products/battery-health-iphone-13-pro
20,Battery Health - iPhone 13 Pro,Sierra Blue,512GB,ดีเยี่ยม,16300,38900,สินค้าจะบรรจุในกล่องของคอมพ์เอเชีย (ไม่ใช่กล่องเดิมของเครื่อง) | *ไม่มีอะแดปเตอร์-หัวชาร์จ และสายชาร์จแถมให้ค่ะ | *ไม่มีติดฟิล์ม ไม่มีเคสแถมให้,รับประกันสินค้า 1 เดือน,https://compasia.co.th/collections/all-smartphones/products/battery-health-iphone-13-pro
20,Battery Health - iPhone 13 Pro,Sierra Blue,512GB,ดี,15800,38900,สินค้าจะบรรจุในกล่องของคอมพ์เอเชีย (ไม่ใช่กล่องเดิมของเครื่อง) | *ไม่มีอะแดปเตอร์-หัวชาร์จ และสายชาร์จแถมให้ค่ะ | *ไม่มีติดฟิล์ม ไม่มีเคสแถมให้,รับประกันสินค้า 1 เดือน,https://compasia.co.th/collections/all-smartphones/products/battery-health-iphone-13-pro
20,Battery Health - iPhone 13 Pro,Sierra Blue,512GB,พอใช้,15300,38900,สินค้าจะบรรจุในกล่องของคอมพ์เอเชีย (ไม่ใช่กล่องเดิมของเครื่อง) | *ไม่มีอะแดปเตอร์-หัวชาร์จ และสายชาร์จแถมให้ค่ะ | *ไม่มีติดฟิล์ม ไม่มีเคสแถมให้,รับประกันสินค้า 1 เดือน,https://compasia.co.th/collections/all-smartphones/products/battery-health-iphone-13-pro
20,Battery Health - iPhone 13 Pro,Graphite,128GB,ดีเยี่ยม,14300,38900,สินค้าจะบรรจุในกล่องของคอมพ์เอเชีย (ไม่ใช่กล่องเดิมของเครื่อง) | *ไม่มีอะแดปเตอร์-หัวชาร์จ และสายชาร์จแถมให้ค่ะ | *ไม่มีติดฟิล์ม ไม่มีเคสแถมให้,รับประกันสินค้า 1 เดือน,https://compasia.co.th/collections/all-smartphones/products/battery-health-iphone-13-pro
20,Battery Health - iPhone 13 Pro,Graphite,128GB,ดี,13800,38900,สินค้าจะบรรจุในกล่องของคอมพ์เอเชีย (ไม่ใช่กล่องเดิมของเครื่อง) | *ไม่มีอะแดปเตอร์-หัวชาร์จ และสายชาร์จแถมให้ค่ะ | *ไม่มีติดฟิล์ม ไม่มีเคสแถมให้,รับประกันสินค้า 1 เดือน,https://compasia.co.th/collections/all-smartphones/products/battery-health-iphone-13-pro
20,Battery Health - iPhone 13 Pro,Graphite,128GB,พอใช้,13300,38900,สินค้าจะบรรจุในกล่องของคอมพ์เอเชีย (ไม่ใช่กล่องเดิมของเครื่อง) | *ไม่มีอะแดปเตอร์-หัวชาร์จ และสายชาร์จแถมให้ค่ะ | *ไม่มีติดฟิล์ม ไม่มีเคสแถมให้,รับประกันสินค้า 1 เดือน,https://compasia.co.th/collections/all-smartphones/products/battery-health-iphone-13-pro
20,Battery Health - iPhone 13 Pro,Graphite,256GB,ดีเยี่ยม,15300,38900,สินค้าจะบรรจุในกล่องของคอมพ์เอเชีย (ไม่ใช่กล่องเดิมของเครื่อง) | *ไม่มีอะแดปเตอร์-หัวชาร์จ และสายชาร์จแถมให้ค่ะ | *ไม่มีติดฟิล์ม ไม่มีเคสแถมให้,รับประกันสินค้า 1 เดือน,https://compasia.co.th/collections/all-smartphones/products/battery-health-iphone-13-pro
20,Battery Health - iPhone 13 Pro,Graphite,256GB,ดี,14800,38900,สินค้าจะบรรจุในกล่องของคอมพ์เอเชีย (ไม่ใช่กล่องเดิมของเครื่อง) | *ไม่มีอะแดปเตอร์-หัวชาร์จ และสายชาร์จแถมให้ค่ะ | *ไม่มีติดฟิล์ม ไม่มีเคสแถมให้,รับประกันสินค้า 1 เดือน,https://compasia.co.th/collections/all-smartphones/products/battery-health-iphone-13-pro
20,Battery Health - iPhone 13 Pro,Graphite,256GB,พอใช้,14300,38900,สินค้าจะบรรจุในกล่องของคอมพ์เอเชีย (ไม่ใช่กล่องเดิมของเครื่อง) | *ไม่มีอะแดปเตอร์-หัวชาร์จ และสายชาร์จแถมให้ค่ะ | *ไม่มีติดฟิล์ม ไม่มีเคสแถมให้,รับประกันสินค้า 1 เดือน,https://compasia.co.th/collections/all-smartphones/products/battery-health-iphone-13-pro
20,Battery Health - iPhone 13 Pro,Graphite,512GB,ดีเยี่ยม,16300,38900,สินค้าจะบรรจุในกล่องของคอมพ์เอเชีย (ไม่ใช่กล่องเดิมของเครื่อง) | *ไม่มีอะแดปเตอร์-หัวชาร์จ และสายชาร์จแถมให้ค่ะ | *ไม่มีติดฟิล์ม ไม่มีเคสแถมให้,รับประกันสินค้า 1 เดือน,https://compasia.co.th/collections/all-smartphones/products/battery-health-iphone-13-pro
20,Battery Health - iPhone 13 Pro,Graphite,512GB,ดี,15800,38900,สินค้าจะบรรจุในกล่องของคอมพ์เอเชีย (ไม่ใช่กล่องเดิมของเครื่อง) | *ไม่มีอะแดปเตอร์-หัวชาร์จ และสายชาร์จแถมให้ค่ะ | *ไม่มีติดฟิล์ม ไม่มีเคสแถมให้,รับประกันสินค้า 1 เดือน,https://compasia.co.th/collections/all-smartphones/products/battery-health-iphone-13-pro
20,Battery Health - iPhone 13 Pro,Graphite,512GB,พอใช้,15300,38900,สินค้าจะบรรจุในกล่องของคอมพ์เอเชีย (ไม่ใช่กล่องเดิมของเครื่อง) | *ไม่มีอะแดปเตอร์-หัวชาร์จ และสายชาร์จแถมให้ค่ะ | *ไม่มีติดฟิล์ม ไม่มีเคสแถมให้,รับประกันสินค้า 1 เดือน,https://compasia.co.th/collections/all-smartphones/products/battery-health-iphone-13-pro
20,Battery Health - iPhone 13 Pro,Gold,128GB,ดีเยี่ยม,14300,38900,สินค้าจะบรรจุในกล่องของคอมพ์เอเชีย (ไม่ใช่กล่องเดิมของเครื่อง) | *ไม่มีอะแดปเตอร์-หัวชาร์จ และสายชาร์จแถมให้ค่ะ | *ไม่มีติดฟิล์ม ไม่มีเคสแถมให้,รับประกันสินค้า 1 เดือน,https://compasia.co.th/collections/all-smartphones/products/battery-health-iphone-13-pro
20,Battery Health - iPhone 13 Pro,Gold,128GB,ดี,13800,38900,สินค้าจะบรรจุในกล่องของคอมพ์เอเชีย (ไม่ใช่กล่องเดิมของเครื่อง) | *ไม่มีอะแดปเตอร์-หัวชาร์จ และสายชาร์จแถมให้ค่ะ | *ไม่มีติดฟิล์ม ไม่มีเคสแถมให้,รับประกันสินค้า 1 เดือน,https://compasia.co.th/collections/all-smartphones/products/battery-health-iphone-13-pro
20,Battery Health - iPhone 13 Pro,Gold,128GB,พอใช้,13300,38900,สินค้าจะบรรจุในกล่องของคอมพ์เอเชีย (ไม่ใช่กล่องเดิมของเครื่อง) | *ไม่มีอะแดปเตอร์-หัวชาร์จ และสายชาร์จแถมให้ค่ะ | *ไม่มีติดฟิล์ม ไม่มีเคสแถมให้,รับประกันสินค้า 1 เดือน,https://compasia.co.th/collections/all-smartphones/products/battery-health-iphone-13-pro
20,Battery Health - iPhone 13 Pro,Gold,256GB,ดีเยี่ยม,15300,38900,สินค้าจะบรรจุในกล่องของคอมพ์เอเชีย (ไม่ใช่กล่องเดิมของเครื่อง) | *ไม่มีอะแดปเตอร์-หัวชาร์จ และสายชาร์จแถมให้ค่ะ | *ไม่มีติดฟิล์ม ไม่มีเคสแถมให้,รับประกันสินค้า 1 เดือน,https://compasia.co.th/collections/all-smartphones/products/battery-health-iphone-13-pro
20,Battery Health - iPhone 13 Pro,Gold,256GB,ดี,14800,38900,สินค้าจะบรรจุในกล่องของคอมพ์เอเชีย (ไม่ใช่กล่องเดิมของเครื่อง) | *ไม่มีอะแดปเตอร์-หัวชาร์จ และสายชาร์จแถมให้ค่ะ | *ไม่มีติดฟิล์ม ไม่มีเคสแถมให้,รับประกันสินค้า 1 เดือน,https://compasia.co.th/collections/all-smartphones/products/battery-health-iphone-13-pro
20,Battery Health - iPhone 13 Pro,Gold,256GB,พอใช้,14300,38900,สินค้าจะบรรจุในกล่องของคอมพ์เอเชีย (ไม่ใช่กล่องเดิมของเครื่อง) | *ไม่มีอะแดปเตอร์-หัวชาร์จ และสายชาร์จแถมให้ค่ะ | *ไม่มีติดฟิล์ม ไม่มีเคสแถมให้,รับประกันสินค้า 1 เดือน,https://compasia.co.th/collections/all-smartphones/products/battery-health-iphone-13-pro
20,Battery Health - iPhone 13 Pro,Gold,512GB,ดีเยี่ยม,16300,38900,สินค้าจะบรรจุในกล่องของคอมพ์เอเชีย (ไม่ใช่กล่องเดิมของเครื่อง) | *ไม่มีอะแดปเตอร์-หัวชาร์จ และสายชาร์จแถมให้ค่ะ | *ไม่มีติดฟิล์ม ไม่มีเคสแถมให้,รับประกันสินค้า 1 เดือน,https://compasia.co.th/collections/all-smartphones/products/battery-health-iphone-13-pro
20,Battery Health - iPhone 13 Pro,Gold,512GB,ดี,15800,38900,สินค้าจะบรรจุในกล่องของคอมพ์เอเชีย (ไม่ใช่กล่องเดิมของเครื่อง) | *ไม่มีอะแดปเตอร์-หัวชาร์จ และสายชาร์จแถมให้ค่ะ | *ไม่มีติดฟิล์ม ไม่มีเคสแถมให้,รับประกันสินค้า 1 เดือน,https://compasia.co.th/collections/all-smartphones/products/battery-health-iphone-13-pro
20,Battery Health - iPhone 13 Pro,Gold,512GB,พอใช้,15300,38900,สินค้าจะบรรจุในกล่องของคอมพ์เอเชีย (ไม่ใช่กล่องเดิมของเครื่อง) | *ไม่มีอะแดปเตอร์-หัวชาร์จ และสายชาร์จแถมให้ค่ะ | *ไม่มีติดฟิล์ม ไม่มีเคสแถมให้,รับประกันสินค้า 1 เดือน,https://compasia.co.th/collections/all-smartphones/products/battery-health-iphone-13-pro
20,Battery Health - iPhone 13 Pro,Silver,128GB,ดีเยี่ยม,14300,38900,สินค้าจะบรรจุในกล่องของคอมพ์เอเชีย (ไม่ใช่กล่องเดิมของเครื่อง) | *ไม่มีอะแดปเตอร์-หัวชาร์จ และสายชาร์จแถมให้ค่ะ | *ไม่มีติดฟิล์ม ไม่มีเคสแถมให้,รับประกันสินค้า 1 เดือน,https://compasia.co.th/collections/all-smartphones/products/battery-health-iphone-13-pro
20,Battery Health - iPhone 13 Pro,Silver,128GB,ดี,13800,38900,สินค้าจะบรรจุในกล่องของคอมพ์เอเชีย (ไม่ใช่กล่องเดิมของเครื่อง) | *ไม่มีอะแดปเตอร์-หัวชาร์จ และสายชาร์จแถมให้ค่ะ | *ไม่มีติดฟิล์ม ไม่มีเคสแถมให้,รับประกันสินค้า 1 เดือน,https://compasia.co.th/collections/all-smartphones/products/battery-health-iphone-13-pro
20,Battery Health - iPhone 13 Pro,Silver,128GB,พอใช้,13300,38900,สินค้าจะบรรจุในกล่องของคอมพ์เอเชีย (ไม่ใช่กล่องเดิมของเครื่อง) | *ไม่มีอะแดปเตอร์-หัวชาร์จ และสายชาร์จแถมให้ค่ะ | *ไม่มีติดฟิล์ม ไม่มีเคสแถมให้,รับประกันสินค้า 1 เดือน,https://compasia.co.th/collections/all-smartphones/products/battery-health-iphone-13-pro
20,Battery Health - iPhone 13 Pro,Silver,256GB,ดีเยี่ยม,15300,38900,สินค้าจะบรรจุในกล่องของคอมพ์เอเชีย (ไม่ใช่กล่องเดิมของเครื่อง) | *ไม่มีอะแดปเตอร์-หัวชาร์จ และสายชาร์จแถมให้ค่ะ | *ไม่มีติดฟิล์ม ไม่มีเคสแถมให้,รับประกันสินค้า 1 เดือน,https://compasia.co.th/collections/all-smartphones/products/battery-health-iphone-13-pro
20,Battery Health - iPhone 13 Pro,Silver,256GB,ดี,14800,38900,สินค้าจะบรรจุในกล่องของคอมพ์เอเชีย (ไม่ใช่กล่องเดิมของเครื่อง) | *ไม่มีอะแดปเตอร์-หัวชาร์จ และสายชาร์จแถมให้ค่ะ | *ไม่มีติดฟิล์ม ไม่มีเคสแถมให้,รับประกันสินค้า 1 เดือน,https://compasia.co.th/collections/all-smartphones/products/battery-health-iphone-13-pro
20,Battery Health - iPhone 13 Pro,Silver,256GB,พอใช้,14300,38900,สินค้าจะบรรจุในกล่องของคอมพ์เอเชีย (ไม่ใช่กล่องเดิมของเครื่อง) | *ไม่มีอะแดปเตอร์-หัวชาร์จ และสายชาร์จแถมให้ค่ะ | *ไม่มีติดฟิล์ม ไม่มีเคสแถมให้,รับประกันสินค้า 1 เดือน,https://compasia.co.th/collections/all-smartphones/products/battery-health-iphone-13-pro
20,Battery Health - iPhone 13 Pro,Silver,512GB,ดีเยี่ยม,16300,38900,สินค้าจะบรรจุในกล่องของคอมพ์เอเชีย (ไม่ใช่กล่องเดิมของเครื่อง) | *ไม่มีอะแดปเตอร์-หัวชาร์จ และสายชาร์จแถมให้ค่ะ | *ไม่มีติดฟิล์ม ไม่มีเคสแถมให้,รับประกันสินค้า 1 เดือน,https://compasia.co.th/collections/all-smartphones/products/battery-health-iphone-13-pro
20,Battery Health - iPhone 13 Pro,Silver,512GB,ดี,15800,38900,สินค้าจะบรรจุในกล่องของคอมพ์เอเชีย (ไม่ใช่กล่องเดิมของเครื่อง) | *ไม่มีอะแดปเตอร์-หัวชาร์จ และสายชาร์จแถมให้ค่ะ | *ไม่มีติดฟิล์ม ไม่มีเคสแถมให้,รับประกันสินค้า 1 เดือน,https://compasia.co.th/collections/all-smartphones/products/battery-health-iphone-13-pro
20,Battery Health - iPhone 13 Pro,Silver,512GB,พอใช้,15300,38900,สินค้าจะบรรจุในกล่องของคอมพ์เอเชีย (ไม่ใช่กล่องเดิมของเครื่อง) | *ไม่มีอะแดปเตอร์-หัวชาร์จ และสายชาร์จแถมให้ค่ะ | *ไม่มีติดฟิล์ม ไม่มีเคสแถมให้,รับประกันสินค้า 1 เดือน,https://compasia.co.th/collections/all-smartphones/products/battery-health-iphone-13-pro
20,Battery Health - iPhone 13 Pro,Alpine Green,128GB,ดีเยี่ยม,14300,38900,สินค้าจะบรรจุในกล่องของคอมพ์เอเชีย (ไม่ใช่กล่องเดิมของเครื่อง) | *ไม่มีอะแดปเตอร์-หัวชาร์จ และสายชาร์จแถมให้ค่ะ | *ไม่มีติดฟิล์ม ไม่มีเคสแถมให้,รับประกันสินค้า 1 เดือน,https://compasia.co.th/collections/all-smartphones/products/battery-health-iphone-13-pro
20,Battery Health - iPhone 13 Pro,Alpine Green,128GB,ดี,13800,38900,สินค้าจะบรรจุในกล่องของคอมพ์เอเชีย (ไม่ใช่กล่องเดิมของเครื่อง) | *ไม่มีอะแดปเตอร์-หัวชาร์จ และสายชาร์จแถมให้ค่ะ | *ไม่มีติดฟิล์ม ไม่มีเคสแถมให้,รับประกันสินค้า 1 เดือน,https://compasia.co.th/collections/all-smartphones/products/battery-health-iphone-13-pro
20,Battery Health - iPhone 13 Pro,Alpine Green,128GB,พอใช้,13300,38900,สินค้าจะบรรจุในกล่องของคอมพ์เอเชีย (ไม่ใช่กล่องเดิมของเครื่อง) | *ไม่มีอะแดปเตอร์-หัวชาร์จ และสายชาร์จแถมให้ค่ะ | *ไม่มีติดฟิล์ม ไม่มีเคสแถมให้,รับประกันสินค้า 1 เดือน,https://compasia.co.th/collections/all-smartphones/products/battery-health-iphone-13-pro
20,Battery Health - iPhone 13 Pro,Alpine Green,256GB,ดีเยี่ยม,15300,38900,สินค้าจะบรรจุในกล่องของคอมพ์เอเชีย (ไม่ใช่กล่องเดิมของเครื่อง) | *ไม่มีอะแดปเตอร์-หัวชาร์จ และสายชาร์จแถมให้ค่ะ | *ไม่มีติดฟิล์ม ไม่มีเคสแถมให้,รับประกันสินค้า 1 เดือน,https://compasia.co.th/collections/all-smartphones/products/battery-health-iphone-13-pro
20,Battery Health - iPhone 13 Pro,Alpine Green,256GB,ดี,14800,38900,สินค้าจะบรรจุในกล่องของคอมพ์เอเชีย (ไม่ใช่กล่องเดิมของเครื่อง) | *ไม่มีอะแดปเตอร์-หัวชาร์จ และสายชาร์จแถมให้ค่ะ | *ไม่มีติดฟิล์ม ไม่มีเคสแถมให้,รับประกันสินค้า 1 เดือน,https://compasia.co.th/collections/all-smartphones/products/battery-health-iphone-13-pro
20,Battery Health - iPhone 13 Pro,Alpine Green,256GB,พอใช้,14300,38900,สินค้าจะบรรจุในกล่องของคอมพ์เอเชีย (ไม่ใช่กล่องเดิมของเครื่อง) | *ไม่มีอะแดปเตอร์-หัวชาร์จ และสายชาร์จแถมให้ค่ะ | *ไม่มีติดฟิล์ม ไม่มีเคสแถมให้,รับประกันสินค้า 1 เดือน,https://compasia.co.th/collections/all-smartphones/products/battery-health-iphone-13-pro
20,Battery Health - iPhone 13 Pro,Alpine Green,512GB,ดีเยี่ยม,16300,38900,สินค้าจะบรรจุในกล่องของคอมพ์เอเชีย (ไม่ใช่กล่องเดิมของเครื่อง) | *ไม่มีอะแดปเตอร์-หัวชาร์จ และสายชาร์จแถมให้ค่ะ | *ไม่มีติดฟิล์ม ไม่มีเคสแถมให้,รับประกันสินค้า 1 เดือน,https://compasia.co.th/collections/all-smartphones/products/battery-health-iphone-13-pro
20,Battery Health - iPhone 13 Pro,Alpine Green,512GB,ดี,15800,38900,สินค้าจะบรรจุในกล่องของคอมพ์เอเชีย (ไม่ใช่กล่องเดิมของเครื่อง) | *ไม่มีอะแดปเตอร์-หัวชาร์จ และสายชาร์จแถมให้ค่ะ | *ไม่มีติดฟิล์ม ไม่มีเคสแถมให้,รับประกันสินค้า 1 เดือน,https://compasia.co.th/collections/all-smartphones/products/battery-health-iphone-13-pro
20,Battery Health - iPhone 13 Pro,Alpine Green,512GB,พอใช้,15300,38900,สินค้าจะบรรจุในกล่องของคอมพ์เอเชีย (ไม่ใช่กล่องเดิมของเครื่อง) | *ไม่มีอะแดปเตอร์-หัวชาร์จ และสายชาร์จแถมให้ค่ะ | *ไม่มีติดฟิล์ม ไม่มีเคสแถมให้,รับประกันสินค้า 1 เดือน,https://compasia.co.th/collections/all-smartphones/products/battery-health-iphone-13-pro
21,Battery Health - iPhone 13 Pro Max,Graphite,128GB,ดีเยี่ยม,17100,42900,สินค้าจะบรรจุในกล่องของคอมพ์เอเชีย (ไม่ใช่กล่องเดิมของเครื่อง) | *ไม่มีอะแดปเตอร์-หัวชาร์จ และสายชาร์จแถมให้ค่ะ | *ไม่มีติดฟิล์ม ไม่มีเคสแถมให้,รับประกันสินค้า 1 เดือน,https://compasia.co.th/collections/all-smartphones/products/battery-health-iphone-13-pro-max
21,Battery Health - iPhone 13 Pro Max,Graphite,128GB,ดี,16600,42900,สินค้าจะบรรจุในกล่องของคอมพ์เอเชีย (ไม่ใช่กล่องเดิมของเครื่อง) | *ไม่มีอะแดปเตอร์-หัวชาร์จ และสายชาร์จแถมให้ค่ะ | *ไม่มีติดฟิล์ม ไม่มีเคสแถมให้,รับประกันสินค้า 1 เดือน,https://compasia.co.th/collections/all-smartphones/products/battery-health-iphone-13-pro-max
21,Battery Health - iPhone 13 Pro Max,Graphite,128GB,พอใช้,16100,42900,สินค้าจะบรรจุในกล่องของคอมพ์เอเชีย (ไม่ใช่กล่องเดิมของเครื่อง) | *ไม่มีอะแดปเตอร์-หัวชาร์จ และสายชาร์จแถมให้ค่ะ | *ไม่มีติดฟิล์ม ไม่มีเคสแถมให้,รับประกันสินค้า 1 เดือน,https://compasia.co.th/collections/all-smartphones/products/battery-health-iphone-13-pro-max
21,Battery Health - iPhone 13 Pro Max,Graphite,256GB,ดีเยี่ยม,18100,46900,สินค้าจะบรรจุในกล่องของคอมพ์เอเชีย (ไม่ใช่กล่องเดิมของเครื่อง) | *ไม่มีอะแดปเตอร์-หัวชาร์จ และสายชาร์จแถมให้ค่ะ | *ไม่มีติดฟิล์ม ไม่มีเคสแถมให้,รับประกันสินค้า 1 เดือน,https://compasia.co.th/collections/all-smartphones/products/battery-health-iphone-13-pro-max
21,Battery Health - iPhone 13 Pro Max,Graphite,256GB,ดี,17600,42900,สินค้าจะบรรจุในกล่องของคอมพ์เอเชีย (ไม่ใช่กล่องเดิมของเครื่อง) | *ไม่มีอะแดปเตอร์-หัวชาร์จ และสายชาร์จแถมให้ค่ะ | *ไม่มีติดฟิล์ม ไม่มีเคสแถมให้,รับประกันสินค้า 1 เดือน,https://compasia.co.th/collections/all-smartphones/products/battery-health-iphone-13-pro-max
21,Battery Health - iPhone 13 Pro Max,Graphite,256GB,พอใช้,17100,42900,สินค้าจะบรรจุในกล่องของคอมพ์เอเชีย (ไม่ใช่กล่องเดิมของเครื่อง) | *ไม่มีอะแดปเตอร์-หัวชาร์จ และสายชาร์จแถมให้ค่ะ | *ไม่มีติดฟิล์ม ไม่มีเคสแถมให้,รับประกันสินค้า 1 เดือน,https://compasia.co.th/collections/all-smartphones/products/battery-health-iphone-13-pro-max
21,Battery Health - iPhone 13 Pro Max,Graphite,512GB,ดีเยี่ยม,19100,54900,สินค้าจะบรรจุในกล่องของคอมพ์เอเชีย (ไม่ใช่กล่องเดิมของเครื่อง) | *ไม่มีอะแดปเตอร์-หัวชาร์จ และสายชาร์จแถมให้ค่ะ | *ไม่มีติดฟิล์ม ไม่มีเคสแถมให้,รับประกันสินค้า 1 เดือน,https://compasia.co.th/collections/all-smartphones/products/battery-health-iphone-13-pro-max
21,Battery Health - iPhone 13 Pro Max,Graphite,512GB,ดี,18600,42900,สินค้าจะบรรจุในกล่องของคอมพ์เอเชีย (ไม่ใช่กล่องเดิมของเครื่อง) | *ไม่มีอะแดปเตอร์-หัวชาร์จ และสายชาร์จแถมให้ค่ะ | *ไม่มีติดฟิล์ม ไม่มีเคสแถมให้,รับประกันสินค้า 1 เดือน,https://compasia.co.th/collections/all-smartphones/products/battery-health-iphone-13-pro-max
21,Battery Health - iPhone 13 Pro Max,Graphite,512GB,พอใช้,18100,42900,สินค้าจะบรรจุในกล่องของคอมพ์เอเชีย (ไม่ใช่กล่องเดิมของเครื่อง) | *ไม่มีอะแดปเตอร์-หัวชาร์จ และสายชาร์จแถมให้ค่ะ | *ไม่มีติดฟิล์ม ไม่มีเคสแถมให้,รับประกันสินค้า 1 เดือน,https://compasia.co.th/collections/all-smartphones/products/battery-health-iphone-13-pro-max
21,Battery Health - iPhone 13 Pro Max,Graphite,1TB,ดีเยี่ยม,20100,42900,สินค้าจะบรรจุในกล่องของคอมพ์เอเชีย (ไม่ใช่กล่องเดิมของเครื่อง) | *ไม่มีอะแดปเตอร์-หัวชาร์จ และสายชาร์จแถมให้ค่ะ | *ไม่มีติดฟิล์ม ไม่มีเคสแถมให้,รับประกันสินค้า 1 เดือน,https://compasia.co.th/collections/all-smartphones/products/battery-health-iphone-13-pro-max
21,Battery Health - iPhone 13 Pro Max,Graphite,1TB,ดี,19600,42900,สินค้าจะบรรจุในกล่องของคอมพ์เอเชีย (ไม่ใช่กล่องเดิมของเครื่อง) | *ไม่มีอะแดปเตอร์-หัวชาร์จ และสายชาร์จแถมให้ค่ะ | *ไม่มีติดฟิล์ม ไม่มีเคสแถมให้,รับประกันสินค้า 1 เดือน,https://compasia.co.th/collections/all-smartphones/products/battery-health-iphone-13-pro-max
21,Battery Health - iPhone 13 Pro Max,Graphite,1TB,พอใช้,19100,42900,สินค้าจะบรรจุในกล่องของคอมพ์เอเชีย (ไม่ใช่กล่องเดิมของเครื่อง) | *ไม่มีอะแดปเตอร์-หัวชาร์จ และสายชาร์จแถมให้ค่ะ | *ไม่มีติดฟิล์ม ไม่มีเคสแถมให้,รับประกันสินค้า 1 เดือน,https://compasia.co.th/collections/all-smartphones/products/battery-health-iphone-13-pro-max
21,Battery Health - iPhone 13 Pro Max,Sierra Blue,128GB,ดีเยี่ยม,17100,42900,สินค้าจะบรรจุในกล่องของคอมพ์เอเชีย (ไม่ใช่กล่องเดิมของเครื่อง) | *ไม่มีอะแดปเตอร์-หัวชาร์จ และสายชาร์จแถมให้ค่ะ | *ไม่มีติดฟิล์ม ไม่มีเคสแถมให้,รับประกันสินค้า 1 เดือน,https://compasia.co.th/collections/all-smartphones/products/battery-health-iphone-13-pro-max
21,Battery Health - iPhone 13 Pro Max,Sierra Blue,128GB,ดี,16600,42900,สินค้าจะบรรจุในกล่องของคอมพ์เอเชีย (ไม่ใช่กล่องเดิมของเครื่อง) | *ไม่มีอะแดปเตอร์-หัวชาร์จ และสายชาร์จแถมให้ค่ะ | *ไม่มีติดฟิล์ม ไม่มีเคสแถมให้,รับประกันสินค้า 1 เดือน,https://compasia.co.th/collections/all-smartphones/products/battery-health-iphone-13-pro-max
21,Battery Health - iPhone 13 Pro Max,Sierra Blue,128GB,พอใช้,16100,42900,สินค้าจะบรรจุในกล่องของคอมพ์เอเชีย (ไม่ใช่กล่องเดิมของเครื่อง) | *ไม่มีอะแดปเตอร์-หัวชาร์จ และสายชาร์จแถมให้ค่ะ | *ไม่มีติดฟิล์ม ไม่มีเคสแถมให้,รับประกันสินค้า 1 เดือน,https://compasia.co.th/collections/all-smartphones/products/battery-health-iphone-13-pro-max
21,Battery Health - iPhone 13 Pro Max,Sierra Blue,256GB,ดีเยี่ยม,18100,46900,สินค้าจะบรรจุในกล่องของคอมพ์เอเชีย (ไม่ใช่กล่องเดิมของเครื่อง) | *ไม่มีอะแดปเตอร์-หัวชาร์จ และสายชาร์จแถมให้ค่ะ | *ไม่มีติดฟิล์ม ไม่มีเคสแถมให้,รับประกันสินค้า 1 เดือน,https://compasia.co.th/collections/all-smartphones/products/battery-health-iphone-13-pro-max
21,Battery Health - iPhone 13 Pro Max,Sierra Blue,256GB,ดี,17600,42900,สินค้าจะบรรจุในกล่องของคอมพ์เอเชีย (ไม่ใช่กล่องเดิมของเครื่อง) | *ไม่มีอะแดปเตอร์-หัวชาร์จ และสายชาร์จแถมให้ค่ะ | *ไม่มีติดฟิล์ม ไม่มีเคสแถมให้,รับประกันสินค้า 1 เดือน,https://compasia.co.th/collections/all-smartphones/products/battery-health-iphone-13-pro-max
21,Battery Health - iPhone 13 Pro Max,Sierra Blue,256GB,พอใช้,17100,42900,สินค้าจะบรรจุในกล่องของคอมพ์เอเชีย (ไม่ใช่กล่องเดิมของเครื่อง) | *ไม่มีอะแดปเตอร์-หัวชาร์จ และสายชาร์จแถมให้ค่ะ | *ไม่มีติดฟิล์ม ไม่มีเคสแถมให้,รับประกันสินค้า 1 เดือน,https://compasia.co.th/collections/all-smartphones/products/battery-health-iphone-13-pro-max
21,Battery Health - iPhone 13 Pro Max,Sierra Blue,512GB,ดีเยี่ยม,19100,54900,สินค้าจะบรรจุในกล่องของคอมพ์เอเชีย (ไม่ใช่กล่องเดิมของเครื่อง) | *ไม่มีอะแดปเตอร์-หัวชาร์จ และสายชาร์จแถมให้ค่ะ | *ไม่มีติดฟิล์ม ไม่มีเคสแถมให้,รับประกันสินค้า 1 เดือน,https://compasia.co.th/collections/all-smartphones/products/battery-health-iphone-13-pro-max
21,Battery Health - iPhone 13 Pro Max,Sierra Blue,512GB,ดี,18600,42900,สินค้าจะบรรจุในกล่องของคอมพ์เอเชีย (ไม่ใช่กล่องเดิมของเครื่อง) | *ไม่มีอะแดปเตอร์-หัวชาร์จ และสายชาร์จแถมให้ค่ะ | *ไม่มีติดฟิล์ม ไม่มีเคสแถมให้,รับประกันสินค้า 1 เดือน,https://compasia.co.th/collections/all-smartphones/products/battery-health-iphone-13-pro-max
21,Battery Health - iPhone 13 Pro Max,Sierra Blue,512GB,พอใช้,18100,42900,สินค้าจะบรรจุในกล่องของคอมพ์เอเชีย (ไม่ใช่กล่องเดิมของเครื่อง) | *ไม่มีอะแดปเตอร์-หัวชาร์จ และสายชาร์จแถมให้ค่ะ | *ไม่มีติดฟิล์ม ไม่มีเคสแถมให้,รับประกันสินค้า 1 เดือน,https://compasia.co.th/collections/all-smartphones/products/battery-health-iphone-13-pro-max
21,Battery Health - iPhone 13 Pro Max,Sierra Blue,1TB,ดีเยี่ยม,20100,42900,สินค้าจะบรรจุในกล่องของคอมพ์เอเชีย (ไม่ใช่กล่องเดิมของเครื่อง) | *ไม่มีอะแดปเตอร์-หัวชาร์จ และสายชาร์จแถมให้ค่ะ | *ไม่มีติดฟิล์ม ไม่มีเคสแถมให้,รับประกันสินค้า 1 เดือน,https://compasia.co.th/collections/all-smartphones/products/battery-health-iphone-13-pro-max
21,Battery Health - iPhone 13 Pro Max,Sierra Blue,1TB,ดี,19600,42900,สินค้าจะบรรจุในกล่องของคอมพ์เอเชีย (ไม่ใช่กล่องเดิมของเครื่อง) | *ไม่มีอะแดปเตอร์-หัวชาร์จ และสายชาร์จแถมให้ค่ะ | *ไม่มีติดฟิล์ม ไม่มีเคสแถมให้,รับประกันสินค้า 1 เดือน,https://compasia.co.th/collections/all-smartphones/products/battery-health-iphone-13-pro-max
21,Battery Health - iPhone 13 Pro Max,Sierra Blue,1TB,พอใช้,19100,42900,สินค้าจะบรรจุในกล่องของคอมพ์เอเชีย (ไม่ใช่กล่องเดิมของเครื่อง) | *ไม่มีอะแดปเตอร์-หัวชาร์จ และสายชาร์จแถมให้ค่ะ | *ไม่มีติดฟิล์ม ไม่มีเคสแถมให้,รับประกันสินค้า 1 เดือน,https://compasia.co.th/collections/all-smartphones/products/battery-health-iphone-13-pro-max
21,Battery Health - iPhone 13 Pro Max,Gold,128GB,ดีเยี่ยม,17100,42900,สินค้าจะบรรจุในกล่องของคอมพ์เอเชีย (ไม่ใช่กล่องเดิมของเครื่อง) | *ไม่มีอะแดปเตอร์-หัวชาร์จ และสายชาร์จแถมให้ค่ะ | *ไม่มีติดฟิล์ม ไม่มีเคสแถมให้,รับประกันสินค้า 1 เดือน,https://compasia.co.th/collections/all-smartphones/products/battery-health-iphone-13-pro-max
21,Battery Health - iPhone 13 Pro Max,Gold,128GB,ดี,16600,42900,สินค้าจะบรรจุในกล่องของคอมพ์เอเชีย (ไม่ใช่กล่องเดิมของเครื่อง) | *ไม่มีอะแดปเตอร์-หัวชาร์จ และสายชาร์จแถมให้ค่ะ | *ไม่มีติดฟิล์ม ไม่มีเคสแถมให้,รับประกันสินค้า 1 เดือน,https://compasia.co.th/collections/all-smartphones/products/battery-health-iphone-13-pro-max
21,Battery Health - iPhone 13 Pro Max,Gold,128GB,พอใช้,16100,42900,สินค้าจะบรรจุในกล่องของคอมพ์เอเชีย (ไม่ใช่กล่องเดิมของเครื่อง) | *ไม่มีอะแดปเตอร์-หัวชาร์จ และสายชาร์จแถมให้ค่ะ | *ไม่มีติดฟิล์ม ไม่มีเคสแถมให้,รับประกันสินค้า 1 เดือน,https://compasia.co.th/collections/all-smartphones/products/battery-health-iphone-13-pro-max
21,Battery Health - iPhone 13 Pro Max,Gold,256GB,ดีเยี่ยม,18100,46900,สินค้าจะบรรจุในกล่องของคอมพ์เอเชีย (ไม่ใช่กล่องเดิมของเครื่อง) | *ไม่มีอะแดปเตอร์-หัวชาร์จ และสายชาร์จแถมให้ค่ะ | *ไม่มีติดฟิล์ม ไม่มีเคสแถมให้,รับประกันสินค้า 1 เดือน,https://compasia.co.th/collections/all-smartphones/products/battery-health-iphone-13-pro-max
21,Battery Health - iPhone 13 Pro Max,Gold,256GB,ดี,17600,42900,สินค้าจะบรรจุในกล่องของคอมพ์เอเชีย (ไม่ใช่กล่องเดิมของเครื่อง) | *ไม่มีอะแดปเตอร์-หัวชาร์จ และสายชาร์จแถมให้ค่ะ | *ไม่มีติดฟิล์ม ไม่มีเคสแถมให้,รับประกันสินค้า 1 เดือน,https://compasia.co.th/collections/all-smartphones/products/battery-health-iphone-13-pro-max
21,Battery Health - iPhone 13 Pro Max,Gold,256GB,พอใช้,17100,42900,สินค้าจะบรรจุในกล่องของคอมพ์เอเชีย (ไม่ใช่กล่องเดิมของเครื่อง) | *ไม่มีอะแดปเตอร์-หัวชาร์จ และสายชาร์จแถมให้ค่ะ | *ไม่มีติดฟิล์ม ไม่มีเคสแถมให้,รับประกันสินค้า 1 เดือน,https://compasia.co.th/collections/all-smartphones/products/battery-health-iphone-13-pro-max
21,Battery Health - iPhone 13 Pro Max,Gold,512GB,ดีเยี่ยม,19100,54900,สินค้าจะบรรจุในกล่องของคอมพ์เอเชีย (ไม่ใช่กล่องเดิมของเครื่อง) | *ไม่มีอะแดปเตอร์-หัวชาร์จ และสายชาร์จแถมให้ค่ะ | *ไม่มีติดฟิล์ม ไม่มีเคสแถมให้,รับประกันสินค้า 1 เดือน,https://compasia.co.th/collections/all-smartphones/products/battery-health-iphone-13-pro-max
21,Battery Health - iPhone 13 Pro Max,Gold,512GB,ดี,18600,42900,สินค้าจะบรรจุในกล่องของคอมพ์เอเชีย (ไม่ใช่กล่องเดิมของเครื่อง) | *ไม่มีอะแดปเตอร์-หัวชาร์จ และสายชาร์จแถมให้ค่ะ | *ไม่มีติดฟิล์ม ไม่มีเคสแถมให้,รับประกันสินค้า 1 เดือน,https://compasia.co.th/collections/all-smartphones/products/battery-health-iphone-13-pro-max
21,Battery Health - iPhone 13 Pro Max,Gold,512GB,พอใช้,18100,42900,สินค้าจะบรรจุในกล่องของคอมพ์เอเชีย (ไม่ใช่กล่องเดิมของเครื่อง) | *ไม่มีอะแดปเตอร์-หัวชาร์จ และสายชาร์จแถมให้ค่ะ | *ไม่มีติดฟิล์ม ไม่มีเคสแถมให้,รับประกันสินค้า 1 เดือน,https://compasia.co.th/collections/all-smartphones/products/battery-health-iphone-13-pro-max
21,Battery Health - iPhone 13 Pro Max,Gold,1TB,ดีเยี่ยม,20100,42900,สินค้าจะบรรจุในกล่องของคอมพ์เอเชีย (ไม่ใช่กล่องเดิมของเครื่อง) | *ไม่มีอะแดปเตอร์-หัวชาร์จ และสายชาร์จแถมให้ค่ะ | *ไม่มีติดฟิล์ม ไม่มีเคสแถมให้,รับประกันสินค้า 1 เดือน,https://compasia.co.th/collections/all-smartphones/products/battery-health-iphone-13-pro-max
21,Battery Health - iPhone 13 Pro Max,Gold,1TB,ดี,19600,42900,สินค้าจะบรรจุในกล่องของคอมพ์เอเชีย (ไม่ใช่กล่องเดิมของเครื่อง) | *ไม่มีอะแดปเตอร์-หัวชาร์จ และสายชาร์จแถมให้ค่ะ | *ไม่มีติดฟิล์ม ไม่มีเคสแถมให้,รับประกันสินค้า 1 เดือน,https://compasia.co.th/collections/all-smartphones/products/battery-health-iphone-13-pro-max
21,Battery Health - iPhone 13 Pro Max,Gold,1TB,พอใช้,19100,42900,สินค้าจะบรรจุในกล่องของคอมพ์เอเชีย (ไม่ใช่กล่องเดิมของเครื่อง) | *ไม่มีอะแดปเตอร์-หัวชาร์จ และสายชาร์จแถมให้ค่ะ | *ไม่มีติดฟิล์ม ไม่มีเคสแถมให้,รับประกันสินค้า 1 เดือน,https://compasia.co.th/collections/all-smartphones/products/battery-health-iphone-13-pro-max
21,Battery Health - iPhone 13 Pro Max,Silver,128GB,ดีเยี่ยม,17100,42900,สินค้าจะบรรจุในกล่องของคอมพ์เอเชีย (ไม่ใช่กล่องเดิมของเครื่อง) | *ไม่มีอะแดปเตอร์-หัวชาร์จ และสายชาร์จแถมให้ค่ะ | *ไม่มีติดฟิล์ม ไม่มีเคสแถมให้,รับประกันสินค้า 1 เดือน,https://compasia.co.th/collections/all-smartphones/products/battery-health-iphone-13-pro-max
21,Battery Health - iPhone 13 Pro Max,Silver,128GB,ดี,16600,42900,สินค้าจะบรรจุในกล่องของคอมพ์เอเชีย (ไม่ใช่กล่องเดิมของเครื่อง) | *ไม่มีอะแดปเตอร์-หัวชาร์จ และสายชาร์จแถมให้ค่ะ | *ไม่มีติดฟิล์ม ไม่มีเคสแถมให้,รับประกันสินค้า 1 เดือน,https://compasia.co.th/collections/all-smartphones/products/battery-health-iphone-13-pro-max
21,Battery Health - iPhone 13 Pro Max,Silver,128GB,พอใช้,16100,42900,สินค้าจะบรรจุในกล่องของคอมพ์เอเชีย (ไม่ใช่กล่องเดิมของเครื่อง) | *ไม่มีอะแดปเตอร์-หัวชาร์จ และสายชาร์จแถมให้ค่ะ | *ไม่มีติดฟิล์ม ไม่มีเคสแถมให้,รับประกันสินค้า 1 เดือน,https://compasia.co.th/collections/all-smartphones/products/battery-health-iphone-13-pro-max
21,Battery Health - iPhone 13 Pro Max,Silver,256GB,ดีเยี่ยม,18100,46900,สินค้าจะบรรจุในกล่องของคอมพ์เอเชีย (ไม่ใช่กล่องเดิมของเครื่อง) | *ไม่มีอะแดปเตอร์-หัวชาร์จ และสายชาร์จแถมให้ค่ะ | *ไม่มีติดฟิล์ม ไม่มีเคสแถมให้,รับประกันสินค้า 1 เดือน,https://compasia.co.th/collections/all-smartphones/products/battery-health-iphone-13-pro-max
21,Battery Health - iPhone 13 Pro Max,Silver,256GB,ดี,17600,42900,สินค้าจะบรรจุในกล่องของคอมพ์เอเชีย (ไม่ใช่กล่องเดิมของเครื่อง) | *ไม่มีอะแดปเตอร์-หัวชาร์จ และสายชาร์จแถมให้ค่ะ | *ไม่มีติดฟิล์ม ไม่มีเคสแถมให้,รับประกันสินค้า 1 เดือน,https://compasia.co.th/collections/all-smartphones/products/battery-health-iphone-13-pro-max
21,Battery Health - iPhone 13 Pro Max,Silver,256GB,พอใช้,17100,42900,สินค้าจะบรรจุในกล่องของคอมพ์เอเชีย (ไม่ใช่กล่องเดิมของเครื่อง) | *ไม่มีอะแดปเตอร์-หัวชาร์จ และสายชาร์จแถมให้ค่ะ | *ไม่มีติดฟิล์ม ไม่มีเคสแถมให้,รับประกันสินค้า 1 เดือน,https://compasia.co.th/collections/all-smartphones/products/battery-health-iphone-13-pro-max
21,Battery Health - iPhone 13 Pro Max,Silver,512GB,ดีเยี่ยม,19100,54900,สินค้าจะบรรจุในกล่องของคอมพ์เอเชีย (ไม่ใช่กล่องเดิมของเครื่อง) | *ไม่มีอะแดปเตอร์-หัวชาร์จ และสายชาร์จแถมให้ค่ะ | *ไม่มีติดฟิล์ม ไม่มีเคสแถมให้,รับประกันสินค้า 1 เดือน,https://compasia.co.th/collections/all-smartphones/products/battery-health-iphone-13-pro-max
21,Battery Health - iPhone 13 Pro Max,Silver,512GB,ดี,18600,42900,สินค้าจะบรรจุในกล่องของคอมพ์เอเชีย (ไม่ใช่กล่องเดิมของเครื่อง) | *ไม่มีอะแดปเตอร์-หัวชาร์จ และสายชาร์จแถมให้ค่ะ | *ไม่มีติดฟิล์ม ไม่มีเคสแถมให้,รับประกันสินค้า 1 เดือน,https://compasia.co.th/collections/all-smartphones/products/battery-health-iphone-13-pro-max
21,Battery Health - iPhone 13 Pro Max,Silver,512GB,พอใช้,18100,42900,สินค้าจะบรรจุในกล่องของคอมพ์เอเชีย (ไม่ใช่กล่องเดิมของเครื่อง) | *ไม่มีอะแดปเตอร์-หัวชาร์จ และสายชาร์จแถมให้ค่ะ | *ไม่มีติดฟิล์ม ไม่มีเคสแถมให้,รับประกันสินค้า 1 เดือน,https://compasia.co.th/collections/all-smartphones/products/battery-health-iphone-13-pro-max
21,Battery Health - iPhone 13 Pro Max,Silver,1TB,ดีเยี่ยม,20100,42900,สินค้าจะบรรจุในกล่องของคอมพ์เอเชีย (ไม่ใช่กล่องเดิมของเครื่อง) | *ไม่มีอะแดปเตอร์-หัวชาร์จ และสายชาร์จแถมให้ค่ะ | *ไม่มีติดฟิล์ม ไม่มีเคสแถมให้,รับประกันสินค้า 1 เดือน,https://compasia.co.th/collections/all-smartphones/products/battery-health-iphone-13-pro-max
21,Battery Health - iPhone 13 Pro Max,Silver,1TB,ดี,19600,42900,สินค้าจะบรรจุในกล่องของคอมพ์เอเชีย (ไม่ใช่กล่องเดิมของเครื่อง) | *ไม่มีอะแดปเตอร์-หัวชาร์จ และสายชาร์จแถมให้ค่ะ | *ไม่มีติดฟิล์ม ไม่มีเคสแถมให้,รับประกันสินค้า 1 เดือน,https://compasia.co.th/collections/all-smartphones/products/battery-health-iphone-13-pro-max
21,Battery Health - iPhone 13 Pro Max,Silver,1TB,พอใช้,19100,42900,สินค้าจะบรรจุในกล่องของคอมพ์เอเชีย (ไม่ใช่กล่องเดิมของเครื่อง) | *ไม่มีอะแดปเตอร์-หัวชาร์จ และสายชาร์จแถมให้ค่ะ | *ไม่มีติดฟิล์ม ไม่มีเคสแถมให้,รับประกันสินค้า 1 เดือน,https://compasia.co.th/collections/all-smartphones/products/battery-health-iphone-13-pro-max
21,Battery Health - iPhone 13 Pro Max,Alpine Green,128GB,ดีเยี่ยม,17100,42900,สินค้าจะบรรจุในกล่องของคอมพ์เอเชีย (ไม่ใช่กล่องเดิมของเครื่อง) | *ไม่มีอะแดปเตอร์-หัวชาร์จ และสายชาร์จแถมให้ค่ะ | *ไม่มีติดฟิล์ม ไม่มีเคสแถมให้,รับประกันสินค้า 1 เดือน,https://compasia.co.th/collections/all-smartphones/products/battery-health-iphone-13-pro-max
21,Battery Health - iPhone 13 Pro Max,Alpine Green,128GB,ดี,16600,42900,สินค้าจะบรรจุในกล่องของคอมพ์เอเชีย (ไม่ใช่กล่องเดิมของเครื่อง) | *ไม่มีอะแดปเตอร์-หัวชาร์จ และสายชาร์จแถมให้ค่ะ | *ไม่มีติดฟิล์ม ไม่มีเคสแถมให้,รับประกันสินค้า 1 เดือน,https://compasia.co.th/collections/all-smartphones/products/battery-health-iphone-13-pro-max
21,Battery Health - iPhone 13 Pro Max,Alpine Green,128GB,พอใช้,16100,42900,สินค้าจะบรรจุในกล่องของคอมพ์เอเชีย (ไม่ใช่กล่องเดิมของเครื่อง) | *ไม่มีอะแดปเตอร์-หัวชาร์จ และสายชาร์จแถมให้ค่ะ | *ไม่มีติดฟิล์ม ไม่มีเคสแถมให้,รับประกันสินค้า 1 เดือน,https://compasia.co.th/collections/all-smartphones/products/battery-health-iphone-13-pro-max
21,Battery Health - iPhone 13 Pro Max,Alpine Green,256GB,ดีเยี่ยม,18100,42900,สินค้าจะบรรจุในกล่องของคอมพ์เอเชีย (ไม่ใช่กล่องเดิมของเครื่อง) | *ไม่มีอะแดปเตอร์-หัวชาร์จ และสายชาร์จแถมให้ค่ะ | *ไม่มีติดฟิล์ม ไม่มีเคสแถมให้,รับประกันสินค้า 1 เดือน,https://compasia.co.th/collections/all-smartphones/products/battery-health-iphone-13-pro-max
21,Battery Health - iPhone 13 Pro Max,Alpine Green,256GB,ดี,17600,42900,สินค้าจะบรรจุในกล่องของคอมพ์เอเชีย (ไม่ใช่กล่องเดิมของเครื่อง) | *ไม่มีอะแดปเตอร์-หัวชาร์จ และสายชาร์จแถมให้ค่ะ | *ไม่มีติดฟิล์ม ไม่มีเคสแถมให้,รับประกันสินค้า 1 เดือน,https://compasia.co.th/collections/all-smartphones/products/battery-health-iphone-13-pro-max
21,Battery Health - iPhone 13 Pro Max,Alpine Green,256GB,พอใช้,17100,42900,สินค้าจะบรรจุในกล่องของคอมพ์เอเชีย (ไม่ใช่กล่องเดิมของเครื่อง) | *ไม่มีอะแดปเตอร์-หัวชาร์จ และสายชาร์จแถมให้ค่ะ | *ไม่มีติดฟิล์ม ไม่มีเคสแถมให้,รับประกันสินค้า 1 เดือน,https://compasia.co.th/collections/all-smartphones/products/battery-health-iphone-13-pro-max
21,Battery Health - iPhone 13 Pro Max,Alpine Green,512GB,ดีเยี่ยม,19100,42900,สินค้าจะบรรจุในกล่องของคอมพ์เอเชีย (ไม่ใช่กล่องเดิมของเครื่อง) | *ไม่มีอะแดปเตอร์-หัวชาร์จ และสายชาร์จแถมให้ค่ะ | *ไม่มีติดฟิล์ม ไม่มีเคสแถมให้,รับประกันสินค้า 1 เดือน,https://compasia.co.th/collections/all-smartphones/products/battery-health-iphone-13-pro-max
21,Battery Health - iPhone 13 Pro Max,Alpine Green,512GB,ดี,18600,42900,สินค้าจะบรรจุในกล่องของคอมพ์เอเชีย (ไม่ใช่กล่องเดิมของเครื่อง) | *ไม่มีอะแดปเตอร์-หัวชาร์จ และสายชาร์จแถมให้ค่ะ | *ไม่มีติดฟิล์ม ไม่มีเคสแถมให้,รับประกันสินค้า 1 เดือน,https://compasia.co.th/collections/all-smartphones/products/battery-health-iphone-13-pro-max
21,Battery Health - iPhone 13 Pro Max,Alpine Green,512GB,พอใช้,18100,42900,สินค้าจะบรรจุในกล่องของคอมพ์เอเชีย (ไม่ใช่กล่องเดิมของเครื่อง) | *ไม่มีอะแดปเตอร์-หัวชาร์จ และสายชาร์จแถมให้ค่ะ | *ไม่มีติดฟิล์ม ไม่มีเคสแถมให้,รับประกันสินค้า 1 เดือน,https://compasia.co.th/collections/all-smartphones/products/battery-health-iphone-13-pro-max
21,Battery Health - iPhone 13 Pro Max,Alpine Green,1TB,ดีเยี่ยม,20100,42900,สินค้าจะบรรจุในกล่องของคอมพ์เอเชีย (ไม่ใช่กล่องเดิมของเครื่อง) | *ไม่มีอะแดปเตอร์-หัวชาร์จ และสายชาร์จแถมให้ค่ะ | *ไม่มีติดฟิล์ม ไม่มีเคสแถมให้,รับประกันสินค้า 1 เดือน,https://compasia.co.th/collections/all-smartphones/products/battery-health-iphone-13-pro-max
21,Battery Health - iPhone 13 Pro Max,Alpine Green,1TB,ดี,19600,42900,สินค้าจะบรรจุในกล่องของคอมพ์เอเชีย (ไม่ใช่กล่องเดิมของเครื่อง) | *ไม่มีอะแดปเตอร์-หัวชาร์จ และสายชาร์จแถมให้ค่ะ | *ไม่มีติดฟิล์ม ไม่มีเคสแถมให้,รับประกันสินค้า 1 เดือน,https://compasia.co.th/collections/all-smartphones/products/battery-health-iphone-13-pro-max
21,Battery Health - iPhone 13 Pro Max,Alpine Green,1TB,พอใช้,19100,42900,สินค้าจะบรรจุในกล่องของคอมพ์เอเชีย (ไม่ใช่กล่องเดิมของเครื่อง) | *ไม่มีอะแดปเตอร์-หัวชาร์จ และสายชาร์จแถมให้ค่ะ | *ไม่มีติดฟิล์ม ไม่มีเคสแถมให้,รับประกันสินค้า 1 เดือน,https://compasia.co.th/collections/all-smartphones/products/battery-health-iphone-13-pro-max
22,Battery Health - iPhone 12 Pro Max,Pacific Blue,128GB,ดีเยี่ยม,12500,35990,สินค้าจะบรรจุในกล่องของคอมพ์เอเชีย (ไม่ใช่กล่องเดิมของเครื่อง) | *ไม่มีอะแดปเตอร์-หัวชาร์จ และสายชาร์จแถมให้ค่ะ | *ไม่มีติดฟิล์ม ไม่มีเคสแถมให้,รับประกันสินค้า 1 เดือน,https://compasia.co.th/collections/all-smartphones/products/battery-health-iphone-12-pro-max
22,Battery Health - iPhone 12 Pro Max,Pacific Blue,128GB,ดี,12000,35990,สินค้าจะบรรจุในกล่องของคอมพ์เอเชีย (ไม่ใช่กล่องเดิมของเครื่อง) | *ไม่มีอะแดปเตอร์-หัวชาร์จ และสายชาร์จแถมให้ค่ะ | *ไม่มีติดฟิล์ม ไม่มีเคสแถมให้,รับประกันสินค้า 1 เดือน,https://compasia.co.th/collections/all-smartphones/products/battery-health-iphone-12-pro-max
22,Battery Health - iPhone 12 Pro Max,Pacific Blue,128GB,พอใช้,11500,35990,สินค้าจะบรรจุในกล่องของคอมพ์เอเชีย (ไม่ใช่กล่องเดิมของเครื่อง) | *ไม่มีอะแดปเตอร์-หัวชาร์จ และสายชาร์จแถมให้ค่ะ | *ไม่มีติดฟิล์ม ไม่มีเคสแถมให้,รับประกันสินค้า 1 เดือน,https://compasia.co.th/collections/all-smartphones/products/battery-health-iphone-12-pro-max
22,Battery Health - iPhone 12 Pro Max,Pacific Blue,256GB,ดีเยี่ยม,13500,37990,สินค้าจะบรรจุในกล่องของคอมพ์เอเชีย (ไม่ใช่กล่องเดิมของเครื่อง) | *ไม่มีอะแดปเตอร์-หัวชาร์จ และสายชาร์จแถมให้ค่ะ | *ไม่มีติดฟิล์ม ไม่มีเคสแถมให้,รับประกันสินค้า 1 เดือน,https://compasia.co.th/collections/all-smartphones/products/battery-health-iphone-12-pro-max
22,Battery Health - iPhone 12 Pro Max,Pacific Blue,256GB,ดี,13000,37990,สินค้าจะบรรจุในกล่องของคอมพ์เอเชีย (ไม่ใช่กล่องเดิมของเครื่อง) | *ไม่มีอะแดปเตอร์-หัวชาร์จ และสายชาร์จแถมให้ค่ะ | *ไม่มีติดฟิล์ม ไม่มีเคสแถมให้,รับประกันสินค้า 1 เดือน,https://compasia.co.th/collections/all-smartphones/products/battery-health-iphone-12-pro-max
22,Battery Health - iPhone 12 Pro Max,Pacific Blue,256GB,พอใช้,12500,35990,สินค้าจะบรรจุในกล่องของคอมพ์เอเชีย (ไม่ใช่กล่องเดิมของเครื่อง) | *ไม่มีอะแดปเตอร์-หัวชาร์จ และสายชาร์จแถมให้ค่ะ | *ไม่มีติดฟิล์ม ไม่มีเคสแถมให้,รับประกันสินค้า 1 เดือน,https://compasia.co.th/collections/all-smartphones/products/battery-health-iphone-12-pro-max
22,Battery Health - iPhone 12 Pro Max,Pacific Blue,512GB,ดีเยี่ยม,14500,35990,สินค้าจะบรรจุในกล่องของคอมพ์เอเชีย (ไม่ใช่กล่องเดิมของเครื่อง) | *ไม่มีอะแดปเตอร์-หัวชาร์จ และสายชาร์จแถมให้ค่ะ | *ไม่มีติดฟิล์ม ไม่มีเคสแถมให้,รับประกันสินค้า 1 เดือน,https://compasia.co.th/collections/all-smartphones/products/battery-health-iphone-12-pro-max
22,Battery Health - iPhone 12 Pro Max,Pacific Blue,512GB,ดี,14000,35990,สินค้าจะบรรจุในกล่องของคอมพ์เอเชีย (ไม่ใช่กล่องเดิมของเครื่อง) | *ไม่มีอะแดปเตอร์-หัวชาร์จ และสายชาร์จแถมให้ค่ะ | *ไม่มีติดฟิล์ม ไม่มีเคสแถมให้,รับประกันสินค้า 1 เดือน,https://compasia.co.th/collections/all-smartphones/products/battery-health-iphone-12-pro-max
22,Battery Health - iPhone 12 Pro Max,Pacific Blue,512GB,พอใช้,13500,35990,สินค้าจะบรรจุในกล่องของคอมพ์เอเชีย (ไม่ใช่กล่องเดิมของเครื่อง) | *ไม่มีอะแดปเตอร์-หัวชาร์จ และสายชาร์จแถมให้ค่ะ | *ไม่มีติดฟิล์ม ไม่มีเคสแถมให้,รับประกันสินค้า 1 เดือน,https://compasia.co.th/collections/all-smartphones/products/battery-health-iphone-12-pro-max
22,Battery Health - iPhone 12 Pro Max,Graphite,128GB,ดีเยี่ยม,12500,35990,สินค้าจะบรรจุในกล่องของคอมพ์เอเชีย (ไม่ใช่กล่องเดิมของเครื่อง) | *ไม่มีอะแดปเตอร์-หัวชาร์จ และสายชาร์จแถมให้ค่ะ | *ไม่มีติดฟิล์ม ไม่มีเคสแถมให้,รับประกันสินค้า 1 เดือน,https://compasia.co.th/collections/all-smartphones/products/battery-health-iphone-12-pro-max
22,Battery Health - iPhone 12 Pro Max,Graphite,128GB,ดี,12000,35990,สินค้าจะบรรจุในกล่องของคอมพ์เอเชีย (ไม่ใช่กล่องเดิมของเครื่อง) | *ไม่มีอะแดปเตอร์-หัวชาร์จ และสายชาร์จแถมให้ค่ะ | *ไม่มีติดฟิล์ม ไม่มีเคสแถมให้,รับประกันสินค้า 1 เดือน,https://compasia.co.th/collections/all-smartphones/products/battery-health-iphone-12-pro-max
22,Battery Health - iPhone 12 Pro Max,Graphite,128GB,พอใช้,11500,35990,สินค้าจะบรรจุในกล่องของคอมพ์เอเชีย (ไม่ใช่กล่องเดิมของเครื่อง) | *ไม่มีอะแดปเตอร์-หัวชาร์จ และสายชาร์จแถมให้ค่ะ | *ไม่มีติดฟิล์ม ไม่มีเคสแถมให้,รับประกันสินค้า 1 เดือน,https://compasia.co.th/collections/all-smartphones/products/battery-health-iphone-12-pro-max
22,Battery Health - iPhone 12 Pro Max,Graphite,256GB,ดีเยี่ยม,13500,35990,สินค้าจะบรรจุในกล่องของคอมพ์เอเชีย (ไม่ใช่กล่องเดิมของเครื่อง) | *ไม่มีอะแดปเตอร์-หัวชาร์จ และสายชาร์จแถมให้ค่ะ | *ไม่มีติดฟิล์ม ไม่มีเคสแถมให้,รับประกันสินค้า 1 เดือน,https://compasia.co.th/collections/all-smartphones/products/battery-health-iphone-12-pro-max
22,Battery Health - iPhone 12 Pro Max,Graphite,256GB,ดี,13000,35990,สินค้าจะบรรจุในกล่องของคอมพ์เอเชีย (ไม่ใช่กล่องเดิมของเครื่อง) | *ไม่มีอะแดปเตอร์-หัวชาร์จ และสายชาร์จแถมให้ค่ะ | *ไม่มีติดฟิล์ม ไม่มีเคสแถมให้,รับประกันสินค้า 1 เดือน,https://compasia.co.th/collections/all-smartphones/products/battery-health-iphone-12-pro-max
22,Battery Health - iPhone 12 Pro Max,Graphite,256GB,พอใช้,12500,35990,สินค้าจะบรรจุในกล่องของคอมพ์เอเชีย (ไม่ใช่กล่องเดิมของเครื่อง) | *ไม่มีอะแดปเตอร์-หัวชาร์จ และสายชาร์จแถมให้ค่ะ | *ไม่มีติดฟิล์ม ไม่มีเคสแถมให้,รับประกันสินค้า 1 เดือน,https://compasia.co.th/collections/all-smartphones/products/battery-health-iphone-12-pro-max
22,Battery Health - iPhone 12 Pro Max,Graphite,512GB,ดีเยี่ยม,14500,35990,สินค้าจะบรรจุในกล่องของคอมพ์เอเชีย (ไม่ใช่กล่องเดิมของเครื่อง) | *ไม่มีอะแดปเตอร์-หัวชาร์จ และสายชาร์จแถมให้ค่ะ | *ไม่มีติดฟิล์ม ไม่มีเคสแถมให้,รับประกันสินค้า 1 เดือน,https://compasia.co.th/collections/all-smartphones/products/battery-health-iphone-12-pro-max
22,Battery Health - iPhone 12 Pro Max,Graphite,512GB,ดี,14000,35990,สินค้าจะบรรจุในกล่องของคอมพ์เอเชีย (ไม่ใช่กล่องเดิมของเครื่อง) | *ไม่มีอะแดปเตอร์-หัวชาร์จ และสายชาร์จแถมให้ค่ะ | *ไม่มีติดฟิล์ม ไม่มีเคสแถมให้,รับประกันสินค้า 1 เดือน,https://compasia.co.th/collections/all-smartphones/products/battery-health-iphone-12-pro-max
22,Battery Health - iPhone 12 Pro Max,Graphite,512GB,พอใช้,13500,35990,สินค้าจะบรรจุในกล่องของคอมพ์เอเชีย (ไม่ใช่กล่องเดิมของเครื่อง) | *ไม่มีอะแดปเตอร์-หัวชาร์จ และสายชาร์จแถมให้ค่ะ | *ไม่มีติดฟิล์ม ไม่มีเคสแถมให้,รับประกันสินค้า 1 เดือน,https://compasia.co.th/collections/all-smartphones/products/battery-health-iphone-12-pro-max
22,Battery Health - iPhone 12 Pro Max,Gold,128GB,ดีเยี่ยม,12500,35990,สินค้าจะบรรจุในกล่องของคอมพ์เอเชีย (ไม่ใช่กล่องเดิมของเครื่อง) | *ไม่มีอะแดปเตอร์-หัวชาร์จ และสายชาร์จแถมให้ค่ะ | *ไม่มีติดฟิล์ม ไม่มีเคสแถมให้,รับประกันสินค้า 1 เดือน,https://compasia.co.th/collections/all-smartphones/products/battery-health-iphone-12-pro-max
22,Battery Health - iPhone 12 Pro Max,Gold,128GB,ดี,12000,35990,สินค้าจะบรรจุในกล่องของคอมพ์เอเชีย (ไม่ใช่กล่องเดิมของเครื่อง) | *ไม่มีอะแดปเตอร์-หัวชาร์จ และสายชาร์จแถมให้ค่ะ | *ไม่มีติดฟิล์ม ไม่มีเคสแถมให้,รับประกันสินค้า 1 เดือน,https://compasia.co.th/collections/all-smartphones/products/battery-health-iphone-12-pro-max
22,Battery Health - iPhone 12 Pro Max,Gold,128GB,พอใช้,11500,35990,สินค้าจะบรรจุในกล่องของคอมพ์เอเชีย (ไม่ใช่กล่องเดิมของเครื่อง) | *ไม่มีอะแดปเตอร์-หัวชาร์จ และสายชาร์จแถมให้ค่ะ | *ไม่มีติดฟิล์ม ไม่มีเคสแถมให้,รับประกันสินค้า 1 เดือน,https://compasia.co.th/collections/all-smartphones/products/battery-health-iphone-12-pro-max
22,Battery Health - iPhone 12 Pro Max,Gold,256GB,ดีเยี่ยม,13500,35990,สินค้าจะบรรจุในกล่องของคอมพ์เอเชีย (ไม่ใช่กล่องเดิมของเครื่อง) | *ไม่มีอะแดปเตอร์-หัวชาร์จ และสายชาร์จแถมให้ค่ะ | *ไม่มีติดฟิล์ม ไม่มีเคสแถมให้,รับประกันสินค้า 1 เดือน,https://compasia.co.th/collections/all-smartphones/products/battery-health-iphone-12-pro-max
22,Battery Health - iPhone 12 Pro Max,Gold,256GB,ดี,13000,35990,สินค้าจะบรรจุในกล่องของคอมพ์เอเชีย (ไม่ใช่กล่องเดิมของเครื่อง) | *ไม่มีอะแดปเตอร์-หัวชาร์จ และสายชาร์จแถมให้ค่ะ | *ไม่มีติดฟิล์ม ไม่มีเคสแถมให้,รับประกันสินค้า 1 เดือน,https://compasia.co.th/collections/all-smartphones/products/battery-health-iphone-12-pro-max
22,Battery Health - iPhone 12 Pro Max,Gold,256GB,พอใช้,12500,35990,สินค้าจะบรรจุในกล่องของคอมพ์เอเชีย (ไม่ใช่กล่องเดิมของเครื่อง) | *ไม่มีอะแดปเตอร์-หัวชาร์จ และสายชาร์จแถมให้ค่ะ | *ไม่มีติดฟิล์ม ไม่มีเคสแถมให้,รับประกันสินค้า 1 เดือน,https://compasia.co.th/collections/all-smartphones/products/battery-health-iphone-12-pro-max
22,Battery Health - iPhone 12 Pro Max,Gold,512GB,ดีเยี่ยม,14500,35990,สินค้าจะบรรจุในกล่องของคอมพ์เอเชีย (ไม่ใช่กล่องเดิมของเครื่อง) | *ไม่มีอะแดปเตอร์-หัวชาร์จ และสายชาร์จแถมให้ค่ะ | *ไม่มีติดฟิล์ม ไม่มีเคสแถมให้,รับประกันสินค้า 1 เดือน,https://compasia.co.th/collections/all-smartphones/products/battery-health-iphone-12-pro-max
22,Battery Health - iPhone 12 Pro Max,Gold,512GB,ดี,14000,35990,สินค้าจะบรรจุในกล่องของคอมพ์เอเชีย (ไม่ใช่กล่องเดิมของเครื่อง) | *ไม่มีอะแดปเตอร์-หัวชาร์จ และสายชาร์จแถมให้ค่ะ | *ไม่มีติดฟิล์ม ไม่มีเคสแถมให้,รับประกันสินค้า 1 เดือน,https://compasia.co.th/collections/all-smartphones/products/battery-health-iphone-12-pro-max
22,Battery Health - iPhone 12 Pro Max,Gold,512GB,พอใช้,13500,35990,สินค้าจะบรรจุในกล่องของคอมพ์เอเชีย (ไม่ใช่กล่องเดิมของเครื่อง) | *ไม่มีอะแดปเตอร์-หัวชาร์จ และสายชาร์จแถมให้ค่ะ | *ไม่มีติดฟิล์ม ไม่มีเคสแถมให้,รับประกันสินค้า 1 เดือน,https://compasia.co.th/collections/all-smartphones/products/battery-health-iphone-12-pro-max
22,Battery Health - iPhone 12 Pro Max,Silver,128GB,ดีเยี่ยม,12500,35990,สินค้าจะบรรจุในกล่องของคอมพ์เอเชีย (ไม่ใช่กล่องเดิมของเครื่อง) | *ไม่มีอะแดปเตอร์-หัวชาร์จ และสายชาร์จแถมให้ค่ะ | *ไม่มีติดฟิล์ม ไม่มีเคสแถมให้,รับประกันสินค้า 1 เดือน,https://compasia.co.th/collections/all-smartphones/products/battery-health-iphone-12-pro-max
22,Battery Health - iPhone 12 Pro Max,Silver,128GB,ดี,12000,35990,สินค้าจะบรรจุในกล่องของคอมพ์เอเชีย (ไม่ใช่กล่องเดิมของเครื่อง) | *ไม่มีอะแดปเตอร์-หัวชาร์จ และสายชาร์จแถมให้ค่ะ | *ไม่มีติดฟิล์ม ไม่มีเคสแถมให้,รับประกันสินค้า 1 เดือน,https://compasia.co.th/collections/all-smartphones/products/battery-health-iphone-12-pro-max
22,Battery Health - iPhone 12 Pro Max,Silver,128GB,พอใช้,11500,35990,สินค้าจะบรรจุในกล่องของคอมพ์เอเชีย (ไม่ใช่กล่องเดิมของเครื่อง) | *ไม่มีอะแดปเตอร์-หัวชาร์จ และสายชาร์จแถมให้ค่ะ | *ไม่มีติดฟิล์ม ไม่มีเคสแถมให้,รับประกันสินค้า 1 เดือน,https://compasia.co.th/collections/all-smartphones/products/battery-health-iphone-12-pro-max
22,Battery Health - iPhone 12 Pro Max,Silver,256GB,ดีเยี่ยม,13500,35990,สินค้าจะบรรจุในกล่องของคอมพ์เอเชีย (ไม่ใช่กล่องเดิมของเครื่อง) | *ไม่มีอะแดปเตอร์-หัวชาร์จ และสายชาร์จแถมให้ค่ะ | *ไม่มีติดฟิล์ม ไม่มีเคสแถมให้,รับประกันสินค้า 1 เดือน,https://compasia.co.th/collections/all-smartphones/products/battery-health-iphone-12-pro-max
22,Battery Health - iPhone 12 Pro Max,Silver,256GB,ดี,13000,35990,สินค้าจะบรรจุในกล่องของคอมพ์เอเชีย (ไม่ใช่กล่องเดิมของเครื่อง) | *ไม่มีอะแดปเตอร์-หัวชาร์จ และสายชาร์จแถมให้ค่ะ | *ไม่มีติดฟิล์ม ไม่มีเคสแถมให้,รับประกันสินค้า 1 เดือน,https://compasia.co.th/collections/all-smartphones/products/battery-health-iphone-12-pro-max
22,Battery Health - iPhone 12 Pro Max,Silver,256GB,พอใช้,12500,35990,สินค้าจะบรรจุในกล่องของคอมพ์เอเชีย (ไม่ใช่กล่องเดิมของเครื่อง) | *ไม่มีอะแดปเตอร์-หัวชาร์จ และสายชาร์จแถมให้ค่ะ | *ไม่มีติดฟิล์ม ไม่มีเคสแถมให้,รับประกันสินค้า 1 เดือน,https://compasia.co.th/collections/all-smartphones/products/battery-health-iphone-12-pro-max
22,Battery Health - iPhone 12 Pro Max,Silver,512GB,ดีเยี่ยม,14500,35990,สินค้าจะบรรจุในกล่องของคอมพ์เอเชีย (ไม่ใช่กล่องเดิมของเครื่อง) | *ไม่มีอะแดปเตอร์-หัวชาร์จ และสายชาร์จแถมให้ค่ะ | *ไม่มีติดฟิล์ม ไม่มีเคสแถมให้,รับประกันสินค้า 1 เดือน,https://compasia.co.th/collections/all-smartphones/products/battery-health-iphone-12-pro-max
22,Battery Health - iPhone 12 Pro Max,Silver,512GB,ดี,14000,35990,สินค้าจะบรรจุในกล่องของคอมพ์เอเชีย (ไม่ใช่กล่องเดิมของเครื่อง) | *ไม่มีอะแดปเตอร์-หัวชาร์จ และสายชาร์จแถมให้ค่ะ | *ไม่มีติดฟิล์ม ไม่มีเคสแถมให้,รับประกันสินค้า 1 เดือน,https://compasia.co.th/collections/all-smartphones/products/battery-health-iphone-12-pro-max
22,Battery Health - iPhone 12 Pro Max,Silver,512GB,พอใช้,13500,35990,สินค้าจะบรรจุในกล่องของคอมพ์เอเชีย (ไม่ใช่กล่องเดิมของเครื่อง) | *ไม่มีอะแดปเตอร์-หัวชาร์จ และสายชาร์จแถมให้ค่ะ | *ไม่มีติดฟิล์ม ไม่มีเคสแถมให้,รับประกันสินค้า 1 เดือน,https://compasia.co.th/collections/all-smartphones/products/battery-health-iphone-12-pro-max
23,iPhone Air,Space Black,256GB,ดีเยี่ยม,25500,33900,สินค้าจะบรรจุในกล่องของคอมพ์เอเชีย (ไม่ใช่กล่องเดิมของเครื่อง) | *ไม่มีอะแดปเตอร์-หัวชาร์จ และสายชาร์จแถมให้ค่ะ | *ไม่มีติดฟิล์ม ไม่มีเคสแถมให้,รับประกันสินค้า 1 เดือน,https://compasia.co.th/collections/all-smartphones/products/iphone-17-air
23,iPhone Air,Sky Blue,256GB,ดีเยี่ยม,25500,33900,สินค้าจะบรรจุในกล่องของคอมพ์เอเชีย (ไม่ใช่กล่องเดิมของเครื่อง) | *ไม่มีอะแดปเตอร์-หัวชาร์จ และสายชาร์จแถมให้ค่ะ | *ไม่มีติดฟิล์ม ไม่มีเคสแถมให้,รับประกันสินค้า 1 เดือน,https://compasia.co.th/collections/all-smartphones/products/iphone-17-air
23,iPhone Air,Cloud White,256GB,ดีเยี่ยม,25500,33900,สินค้าจะบรรจุในกล่องของคอมพ์เอเชีย (ไม่ใช่กล่องเดิมของเครื่อง) | *ไม่มีอะแดปเตอร์-หัวชาร์จ และสายชาร์จแถมให้ค่ะ | *ไม่มีติดฟิล์ม ไม่มีเคสแถมให้,รับประกันสินค้า 1 เดือน,https://compasia.co.th/collections/all-smartphones/products/iphone-17-air
23,iPhone Air,Light Gold,256GB,ดีเยี่ยม,25500,33900,สินค้าจะบรรจุในกล่องของคอมพ์เอเชีย (ไม่ใช่กล่องเดิมของเครื่อง) | *ไม่มีอะแดปเตอร์-หัวชาร์จ และสายชาร์จแถมให้ค่ะ | *ไม่มีติดฟิล์ม ไม่มีเคสแถมให้,รับประกันสินค้า 1 เดือน,https://compasia.co.th/collections/all-smartphones/products/iphone-17-air
24,Battery Health - iPhone 14 Pro Max,Space Black,128GB,ดีเยี่ยม,21400,49990,สินค้าจะบรรจุในกล่องของคอมพ์เอเชีย (ไม่ใช่กล่องเดิมของเครื่อง) | *ไม่มีอะแดปเตอร์-หัวชาร์จ และสายชาร์จแถมให้ค่ะ | *ไม่มีติดฟิล์ม ไม่มีเคสแถมให้,รับประกันสินค้า 1 เดือน,https://compasia.co.th/collections/all-smartphones/products/battery-health-iphone-14-pro-max
24,Battery Health - iPhone 14 Pro Max,Space Black,128GB,ดี,20900,49990,สินค้าจะบรรจุในกล่องของคอมพ์เอเชีย (ไม่ใช่กล่องเดิมของเครื่อง) | *ไม่มีอะแดปเตอร์-หัวชาร์จ และสายชาร์จแถมให้ค่ะ | *ไม่มีติดฟิล์ม ไม่มีเคสแถมให้,รับประกันสินค้า 1 เดือน,https://compasia.co.th/collections/all-smartphones/products/battery-health-iphone-14-pro-max
24,Battery Health - iPhone 14 Pro Max,Space Black,128GB,พอใช้,20400,49990,สินค้าจะบรรจุในกล่องของคอมพ์เอเชีย (ไม่ใช่กล่องเดิมของเครื่อง) | *ไม่มีอะแดปเตอร์-หัวชาร์จ และสายชาร์จแถมให้ค่ะ | *ไม่มีติดฟิล์ม ไม่มีเคสแถมให้,รับประกันสินค้า 1 เดือน,https://compasia.co.th/collections/all-smartphones/products/battery-health-iphone-14-pro-max
24,Battery Health - iPhone 14 Pro Max,Space Black,256GB,ดีเยี่ยม,22400,54990,สินค้าจะบรรจุในกล่องของคอมพ์เอเชีย (ไม่ใช่กล่องเดิมของเครื่อง) | *ไม่มีอะแดปเตอร์-หัวชาร์จ และสายชาร์จแถมให้ค่ะ | *ไม่มีติดฟิล์ม ไม่มีเคสแถมให้,รับประกันสินค้า 1 เดือน,https://compasia.co.th/collections/all-smartphones/products/battery-health-iphone-14-pro-max
24,Battery Health - iPhone 14 Pro Max,Space Black,256GB,ดี,21900,54990,สินค้าจะบรรจุในกล่องของคอมพ์เอเชีย (ไม่ใช่กล่องเดิมของเครื่อง) | *ไม่มีอะแดปเตอร์-หัวชาร์จ และสายชาร์จแถมให้ค่ะ | *ไม่มีติดฟิล์ม ไม่มีเคสแถมให้,รับประกันสินค้า 1 เดือน,https://compasia.co.th/collections/all-smartphones/products/battery-health-iphone-14-pro-max
24,Battery Health - iPhone 14 Pro Max,Space Black,256GB,พอใช้,21400,49990,สินค้าจะบรรจุในกล่องของคอมพ์เอเชีย (ไม่ใช่กล่องเดิมของเครื่อง) | *ไม่มีอะแดปเตอร์-หัวชาร์จ และสายชาร์จแถมให้ค่ะ | *ไม่มีติดฟิล์ม ไม่มีเคสแถมให้,รับประกันสินค้า 1 เดือน,https://compasia.co.th/collections/all-smartphones/products/battery-health-iphone-14-pro-max
24,Battery Health - iPhone 14 Pro Max,Space Black,512GB,ดีเยี่ยม,23400,64990,สินค้าจะบรรจุในกล่องของคอมพ์เอเชีย (ไม่ใช่กล่องเดิมของเครื่อง) | *ไม่มีอะแดปเตอร์-หัวชาร์จ และสายชาร์จแถมให้ค่ะ | *ไม่มีติดฟิล์ม ไม่มีเคสแถมให้,รับประกันสินค้า 1 เดือน,https://compasia.co.th/collections/all-smartphones/products/battery-health-iphone-14-pro-max
24,Battery Health - iPhone 14 Pro Max,Space Black,512GB,ดี,22900,64990,สินค้าจะบรรจุในกล่องของคอมพ์เอเชีย (ไม่ใช่กล่องเดิมของเครื่อง) | *ไม่มีอะแดปเตอร์-หัวชาร์จ และสายชาร์จแถมให้ค่ะ | *ไม่มีติดฟิล์ม ไม่มีเคสแถมให้,รับประกันสินค้า 1 เดือน,https://compasia.co.th/collections/all-smartphones/products/battery-health-iphone-14-pro-max
24,Battery Health - iPhone 14 Pro Max,Space Black,512GB,พอใช้,22400,49990,สินค้าจะบรรจุในกล่องของคอมพ์เอเชีย (ไม่ใช่กล่องเดิมของเครื่อง) | *ไม่มีอะแดปเตอร์-หัวชาร์จ และสายชาร์จแถมให้ค่ะ | *ไม่มีติดฟิล์ม ไม่มีเคสแถมให้,รับประกันสินค้า 1 เดือน,https://compasia.co.th/collections/all-smartphones/products/battery-health-iphone-14-pro-max
24,Battery Health - iPhone 14 Pro Max,Space Black,1TB,ดีเยี่ยม,24400,66900,สินค้าจะบรรจุในกล่องของคอมพ์เอเชีย (ไม่ใช่กล่องเดิมของเครื่อง) | *ไม่มีอะแดปเตอร์-หัวชาร์จ และสายชาร์จแถมให้ค่ะ | *ไม่มีติดฟิล์ม ไม่มีเคสแถมให้,รับประกันสินค้า 1 เดือน,https://compasia.co.th/collections/all-smartphones/products/battery-health-iphone-14-pro-max
24,Battery Health - iPhone 14 Pro Max,Space Black,1TB,ดี,23900,44900,สินค้าจะบรรจุในกล่องของคอมพ์เอเชีย (ไม่ใช่กล่องเดิมของเครื่อง) | *ไม่มีอะแดปเตอร์-หัวชาร์จ และสายชาร์จแถมให้ค่ะ | *ไม่มีติดฟิล์ม ไม่มีเคสแถมให้,รับประกันสินค้า 1 เดือน,https://compasia.co.th/collections/all-smartphones/products/battery-health-iphone-14-pro-max
24,Battery Health - iPhone 14 Pro Max,Space Black,1TB,พอใช้,23400,49990,สินค้าจะบรรจุในกล่องของคอมพ์เอเชีย (ไม่ใช่กล่องเดิมของเครื่อง) | *ไม่มีอะแดปเตอร์-หัวชาร์จ และสายชาร์จแถมให้ค่ะ | *ไม่มีติดฟิล์ม ไม่มีเคสแถมให้,รับประกันสินค้า 1 เดือน,https://compasia.co.th/collections/all-smartphones/products/battery-health-iphone-14-pro-max
24,Battery Health - iPhone 14 Pro Max,Silver,128GB,ดีเยี่ยม,21400,49990,สินค้าจะบรรจุในกล่องของคอมพ์เอเชีย (ไม่ใช่กล่องเดิมของเครื่อง) | *ไม่มีอะแดปเตอร์-หัวชาร์จ และสายชาร์จแถมให้ค่ะ | *ไม่มีติดฟิล์ม ไม่มีเคสแถมให้,รับประกันสินค้า 1 เดือน,https://compasia.co.th/collections/all-smartphones/products/battery-health-iphone-14-pro-max
24,Battery Health - iPhone 14 Pro Max,Silver,128GB,ดี,20900,49990,สินค้าจะบรรจุในกล่องของคอมพ์เอเชีย (ไม่ใช่กล่องเดิมของเครื่อง) | *ไม่มีอะแดปเตอร์-หัวชาร์จ และสายชาร์จแถมให้ค่ะ | *ไม่มีติดฟิล์ม ไม่มีเคสแถมให้,รับประกันสินค้า 1 เดือน,https://compasia.co.th/collections/all-smartphones/products/battery-health-iphone-14-pro-max
24,Battery Health - iPhone 14 Pro Max,Silver,128GB,พอใช้,20400,49990,สินค้าจะบรรจุในกล่องของคอมพ์เอเชีย (ไม่ใช่กล่องเดิมของเครื่อง) | *ไม่มีอะแดปเตอร์-หัวชาร์จ และสายชาร์จแถมให้ค่ะ | *ไม่มีติดฟิล์ม ไม่มีเคสแถมให้,รับประกันสินค้า 1 เดือน,https://compasia.co.th/collections/all-smartphones/products/battery-health-iphone-14-pro-max
24,Battery Health - iPhone 14 Pro Max,Silver,256GB,ดีเยี่ยม,22400,54990,สินค้าจะบรรจุในกล่องของคอมพ์เอเชีย (ไม่ใช่กล่องเดิมของเครื่อง) | *ไม่มีอะแดปเตอร์-หัวชาร์จ และสายชาร์จแถมให้ค่ะ | *ไม่มีติดฟิล์ม ไม่มีเคสแถมให้,รับประกันสินค้า 1 เดือน,https://compasia.co.th/collections/all-smartphones/products/battery-health-iphone-14-pro-max
24,Battery Health - iPhone 14 Pro Max,Silver,256GB,ดี,21900,54990,สินค้าจะบรรจุในกล่องของคอมพ์เอเชีย (ไม่ใช่กล่องเดิมของเครื่อง) | *ไม่มีอะแดปเตอร์-หัวชาร์จ และสายชาร์จแถมให้ค่ะ | *ไม่มีติดฟิล์ม ไม่มีเคสแถมให้,รับประกันสินค้า 1 เดือน,https://compasia.co.th/collections/all-smartphones/products/battery-health-iphone-14-pro-max
24,Battery Health - iPhone 14 Pro Max,Silver,256GB,พอใช้,21400,49990,สินค้าจะบรรจุในกล่องของคอมพ์เอเชีย (ไม่ใช่กล่องเดิมของเครื่อง) | *ไม่มีอะแดปเตอร์-หัวชาร์จ และสายชาร์จแถมให้ค่ะ | *ไม่มีติดฟิล์ม ไม่มีเคสแถมให้,รับประกันสินค้า 1 เดือน,https://compasia.co.th/collections/all-smartphones/products/battery-health-iphone-14-pro-max
24,Battery Health - iPhone 14 Pro Max,Silver,512GB,ดีเยี่ยม,23400,64990,สินค้าจะบรรจุในกล่องของคอมพ์เอเชีย (ไม่ใช่กล่องเดิมของเครื่อง) | *ไม่มีอะแดปเตอร์-หัวชาร์จ และสายชาร์จแถมให้ค่ะ | *ไม่มีติดฟิล์ม ไม่มีเคสแถมให้,รับประกันสินค้า 1 เดือน,https://compasia.co.th/collections/all-smartphones/products/battery-health-iphone-14-pro-max
24,Battery Health - iPhone 14 Pro Max,Silver,512GB,ดี,22900,64990,สินค้าจะบรรจุในกล่องของคอมพ์เอเชีย (ไม่ใช่กล่องเดิมของเครื่อง) | *ไม่มีอะแดปเตอร์-หัวชาร์จ และสายชาร์จแถมให้ค่ะ | *ไม่มีติดฟิล์ม ไม่มีเคสแถมให้,รับประกันสินค้า 1 เดือน,https://compasia.co.th/collections/all-smartphones/products/battery-health-iphone-14-pro-max
24,Battery Health - iPhone 14 Pro Max,Silver,512GB,พอใช้,22400,49990,สินค้าจะบรรจุในกล่องของคอมพ์เอเชีย (ไม่ใช่กล่องเดิมของเครื่อง) | *ไม่มีอะแดปเตอร์-หัวชาร์จ และสายชาร์จแถมให้ค่ะ | *ไม่มีติดฟิล์ม ไม่มีเคสแถมให้,รับประกันสินค้า 1 เดือน,https://compasia.co.th/collections/all-smartphones/products/battery-health-iphone-14-pro-max
24,Battery Health - iPhone 14 Pro Max,Silver,1TB,ดีเยี่ยม,24400,66900,สินค้าจะบรรจุในกล่องของคอมพ์เอเชีย (ไม่ใช่กล่องเดิมของเครื่อง) | *ไม่มีอะแดปเตอร์-หัวชาร์จ และสายชาร์จแถมให้ค่ะ | *ไม่มีติดฟิล์ม ไม่มีเคสแถมให้,รับประกันสินค้า 1 เดือน,https://compasia.co.th/collections/all-smartphones/products/battery-health-iphone-14-pro-max
24,Battery Health - iPhone 14 Pro Max,Silver,1TB,ดี,23900,44900,สินค้าจะบรรจุในกล่องของคอมพ์เอเชีย (ไม่ใช่กล่องเดิมของเครื่อง) | *ไม่มีอะแดปเตอร์-หัวชาร์จ และสายชาร์จแถมให้ค่ะ | *ไม่มีติดฟิล์ม ไม่มีเคสแถมให้,รับประกันสินค้า 1 เดือน,https://compasia.co.th/collections/all-smartphones/products/battery-health-iphone-14-pro-max
24,Battery Health - iPhone 14 Pro Max,Silver,1TB,พอใช้,23400,49990,สินค้าจะบรรจุในกล่องของคอมพ์เอเชีย (ไม่ใช่กล่องเดิมของเครื่อง) | *ไม่มีอะแดปเตอร์-หัวชาร์จ และสายชาร์จแถมให้ค่ะ | *ไม่มีติดฟิล์ม ไม่มีเคสแถมให้,รับประกันสินค้า 1 เดือน,https://compasia.co.th/collections/all-smartphones/products/battery-health-iphone-14-pro-max
24,Battery Health - iPhone 14 Pro Max,Gold,128GB,ดีเยี่ยม,21400,49990,สินค้าจะบรรจุในกล่องของคอมพ์เอเชีย (ไม่ใช่กล่องเดิมของเครื่อง) | *ไม่มีอะแดปเตอร์-หัวชาร์จ และสายชาร์จแถมให้ค่ะ | *ไม่มีติดฟิล์ม ไม่มีเคสแถมให้,รับประกันสินค้า 1 เดือน,https://compasia.co.th/collections/all-smartphones/products/battery-health-iphone-14-pro-max
24,Battery Health - iPhone 14 Pro Max,Gold,128GB,ดี,20900,49990,สินค้าจะบรรจุในกล่องของคอมพ์เอเชีย (ไม่ใช่กล่องเดิมของเครื่อง) | *ไม่มีอะแดปเตอร์-หัวชาร์จ และสายชาร์จแถมให้ค่ะ | *ไม่มีติดฟิล์ม ไม่มีเคสแถมให้,รับประกันสินค้า 1 เดือน,https://compasia.co.th/collections/all-smartphones/products/battery-health-iphone-14-pro-max
24,Battery Health - iPhone 14 Pro Max,Gold,128GB,พอใช้,20400,49990,สินค้าจะบรรจุในกล่องของคอมพ์เอเชีย (ไม่ใช่กล่องเดิมของเครื่อง) | *ไม่มีอะแดปเตอร์-หัวชาร์จ และสายชาร์จแถมให้ค่ะ | *ไม่มีติดฟิล์ม ไม่มีเคสแถมให้,รับประกันสินค้า 1 เดือน,https://compasia.co.th/collections/all-smartphones/products/battery-health-iphone-14-pro-max
24,Battery Health - iPhone 14 Pro Max,Gold,256GB,ดีเยี่ยม,22400,54990,สินค้าจะบรรจุในกล่องของคอมพ์เอเชีย (ไม่ใช่กล่องเดิมของเครื่อง) | *ไม่มีอะแดปเตอร์-หัวชาร์จ และสายชาร์จแถมให้ค่ะ | *ไม่มีติดฟิล์ม ไม่มีเคสแถมให้,รับประกันสินค้า 1 เดือน,https://compasia.co.th/collections/all-smartphones/products/battery-health-iphone-14-pro-max
24,Battery Health - iPhone 14 Pro Max,Gold,256GB,ดี,21900,54990,สินค้าจะบรรจุในกล่องของคอมพ์เอเชีย (ไม่ใช่กล่องเดิมของเครื่อง) | *ไม่มีอะแดปเตอร์-หัวชาร์จ และสายชาร์จแถมให้ค่ะ | *ไม่มีติดฟิล์ม ไม่มีเคสแถมให้,รับประกันสินค้า 1 เดือน,https://compasia.co.th/collections/all-smartphones/products/battery-health-iphone-14-pro-max
24,Battery Health - iPhone 14 Pro Max,Gold,256GB,พอใช้,21400,49990,สินค้าจะบรรจุในกล่องของคอมพ์เอเชีย (ไม่ใช่กล่องเดิมของเครื่อง) | *ไม่มีอะแดปเตอร์-หัวชาร์จ และสายชาร์จแถมให้ค่ะ | *ไม่มีติดฟิล์ม ไม่มีเคสแถมให้,รับประกันสินค้า 1 เดือน,https://compasia.co.th/collections/all-smartphones/products/battery-health-iphone-14-pro-max
24,Battery Health - iPhone 14 Pro Max,Gold,512GB,ดีเยี่ยม,23400,64990,สินค้าจะบรรจุในกล่องของคอมพ์เอเชีย (ไม่ใช่กล่องเดิมของเครื่อง) | *ไม่มีอะแดปเตอร์-หัวชาร์จ และสายชาร์จแถมให้ค่ะ | *ไม่มีติดฟิล์ม ไม่มีเคสแถมให้,รับประกันสินค้า 1 เดือน,https://compasia.co.th/collections/all-smartphones/products/battery-health-iphone-14-pro-max
24,Battery Health - iPhone 14 Pro Max,Gold,512GB,ดี,22900,64990,สินค้าจะบรรจุในกล่องของคอมพ์เอเชีย (ไม่ใช่กล่องเดิมของเครื่อง) | *ไม่มีอะแดปเตอร์-หัวชาร์จ และสายชาร์จแถมให้ค่ะ | *ไม่มีติดฟิล์ม ไม่มีเคสแถมให้,รับประกันสินค้า 1 เดือน,https://compasia.co.th/collections/all-smartphones/products/battery-health-iphone-14-pro-max
24,Battery Health - iPhone 14 Pro Max,Gold,512GB,พอใช้,22400,49990,สินค้าจะบรรจุในกล่องของคอมพ์เอเชีย (ไม่ใช่กล่องเดิมของเครื่อง) | *ไม่มีอะแดปเตอร์-หัวชาร์จ และสายชาร์จแถมให้ค่ะ | *ไม่มีติดฟิล์ม ไม่มีเคสแถมให้,รับประกันสินค้า 1 เดือน,https://compasia.co.th/collections/all-smartphones/products/battery-health-iphone-14-pro-max
24,Battery Health - iPhone 14 Pro Max,Gold,1TB,ดีเยี่ยม,24400,66900,สินค้าจะบรรจุในกล่องของคอมพ์เอเชีย (ไม่ใช่กล่องเดิมของเครื่อง) | *ไม่มีอะแดปเตอร์-หัวชาร์จ และสายชาร์จแถมให้ค่ะ | *ไม่มีติดฟิล์ม ไม่มีเคสแถมให้,รับประกันสินค้า 1 เดือน,https://compasia.co.th/collections/all-smartphones/products/battery-health-iphone-14-pro-max
24,Battery Health - iPhone 14 Pro Max,Gold,1TB,ดี,23900,44900,สินค้าจะบรรจุในกล่องของคอมพ์เอเชีย (ไม่ใช่กล่องเดิมของเครื่อง) | *ไม่มีอะแดปเตอร์-หัวชาร์จ และสายชาร์จแถมให้ค่ะ | *ไม่มีติดฟิล์ม ไม่มีเคสแถมให้,รับประกันสินค้า 1 เดือน,https://compasia.co.th/collections/all-smartphones/products/battery-health-iphone-14-pro-max
24,Battery Health - iPhone 14 Pro Max,Gold,1TB,พอใช้,23400,49990,สินค้าจะบรรจุในกล่องของคอมพ์เอเชีย (ไม่ใช่กล่องเดิมของเครื่อง) | *ไม่มีอะแดปเตอร์-หัวชาร์จ และสายชาร์จแถมให้ค่ะ | *ไม่มีติดฟิล์ม ไม่มีเคสแถมให้,รับประกันสินค้า 1 เดือน,https://compasia.co.th/collections/all-smartphones/products/battery-health-iphone-14-pro-max
24,Battery Health - iPhone 14 Pro Max,Deep Purple,128GB,ดีเยี่ยม,21400,49990,สินค้าจะบรรจุในกล่องของคอมพ์เอเชีย (ไม่ใช่กล่องเดิมของเครื่อง) | *ไม่มีอะแดปเตอร์-หัวชาร์จ และสายชาร์จแถมให้ค่ะ | *ไม่มีติดฟิล์ม ไม่มีเคสแถมให้,รับประกันสินค้า 1 เดือน,https://compasia.co.th/collections/all-smartphones/products/battery-health-iphone-14-pro-max
24,Battery Health - iPhone 14 Pro Max,Deep Purple,128GB,ดี,20900,49990,สินค้าจะบรรจุในกล่องของคอมพ์เอเชีย (ไม่ใช่กล่องเดิมของเครื่อง) | *ไม่มีอะแดปเตอร์-หัวชาร์จ และสายชาร์จแถมให้ค่ะ | *ไม่มีติดฟิล์ม ไม่มีเคสแถมให้,รับประกันสินค้า 1 เดือน,https://compasia.co.th/collections/all-smartphones/products/battery-health-iphone-14-pro-max
24,Battery Health - iPhone 14 Pro Max,Deep Purple,128GB,พอใช้,20400,49990,สินค้าจะบรรจุในกล่องของคอมพ์เอเชีย (ไม่ใช่กล่องเดิมของเครื่อง) | *ไม่มีอะแดปเตอร์-หัวชาร์จ และสายชาร์จแถมให้ค่ะ | *ไม่มีติดฟิล์ม ไม่มีเคสแถมให้,รับประกันสินค้า 1 เดือน,https://compasia.co.th/collections/all-smartphones/products/battery-health-iphone-14-pro-max
24,Battery Health - iPhone 14 Pro Max,Deep Purple,256GB,ดีเยี่ยม,22400,54990,สินค้าจะบรรจุในกล่องของคอมพ์เอเชีย (ไม่ใช่กล่องเดิมของเครื่อง) | *ไม่มีอะแดปเตอร์-หัวชาร์จ และสายชาร์จแถมให้ค่ะ | *ไม่มีติดฟิล์ม ไม่มีเคสแถมให้,รับประกันสินค้า 1 เดือน,https://compasia.co.th/collections/all-smartphones/products/battery-health-iphone-14-pro-max
24,Battery Health - iPhone 14 Pro Max,Deep Purple,256GB,ดี,21900,54990,สินค้าจะบรรจุในกล่องของคอมพ์เอเชีย (ไม่ใช่กล่องเดิมของเครื่อง) | *ไม่มีอะแดปเตอร์-หัวชาร์จ และสายชาร์จแถมให้ค่ะ | *ไม่มีติดฟิล์ม ไม่มีเคสแถมให้,รับประกันสินค้า 1 เดือน,https://compasia.co.th/collections/all-smartphones/products/battery-health-iphone-14-pro-max
24,Battery Health - iPhone 14 Pro Max,Deep Purple,256GB,พอใช้,21400,49990,สินค้าจะบรรจุในกล่องของคอมพ์เอเชีย (ไม่ใช่กล่องเดิมของเครื่อง) | *ไม่มีอะแดปเตอร์-หัวชาร์จ และสายชาร์จแถมให้ค่ะ | *ไม่มีติดฟิล์ม ไม่มีเคสแถมให้,รับประกันสินค้า 1 เดือน,https://compasia.co.th/collections/all-smartphones/products/battery-health-iphone-14-pro-max
24,Battery Health - iPhone 14 Pro Max,Deep Purple,512GB,ดีเยี่ยม,23400,64990,สินค้าจะบรรจุในกล่องของคอมพ์เอเชีย (ไม่ใช่กล่องเดิมของเครื่อง) | *ไม่มีอะแดปเตอร์-หัวชาร์จ และสายชาร์จแถมให้ค่ะ | *ไม่มีติดฟิล์ม ไม่มีเคสแถมให้,รับประกันสินค้า 1 เดือน,https://compasia.co.th/collections/all-smartphones/products/battery-health-iphone-14-pro-max
24,Battery Health - iPhone 14 Pro Max,Deep Purple,512GB,ดี,22900,64990,สินค้าจะบรรจุในกล่องของคอมพ์เอเชีย (ไม่ใช่กล่องเดิมของเครื่อง) | *ไม่มีอะแดปเตอร์-หัวชาร์จ และสายชาร์จแถมให้ค่ะ | *ไม่มีติดฟิล์ม ไม่มีเคสแถมให้,รับประกันสินค้า 1 เดือน,https://compasia.co.th/collections/all-smartphones/products/battery-health-iphone-14-pro-max
24,Battery Health - iPhone 14 Pro Max,Deep Purple,512GB,พอใช้,22400,49990,สินค้าจะบรรจุในกล่องของคอมพ์เอเชีย (ไม่ใช่กล่องเดิมของเครื่อง) | *ไม่มีอะแดปเตอร์-หัวชาร์จ และสายชาร์จแถมให้ค่ะ | *ไม่มีติดฟิล์ม ไม่มีเคสแถมให้,รับประกันสินค้า 1 เดือน,https://compasia.co.th/collections/all-smartphones/products/battery-health-iphone-14-pro-max
24,Battery Health - iPhone 14 Pro Max,Deep Purple,1TB,ดีเยี่ยม,24400,66900,สินค้าจะบรรจุในกล่องของคอมพ์เอเชีย (ไม่ใช่กล่องเดิมของเครื่อง) | *ไม่มีอะแดปเตอร์-หัวชาร์จ และสายชาร์จแถมให้ค่ะ | *ไม่มีติดฟิล์ม ไม่มีเคสแถมให้,รับประกันสินค้า 1 เดือน,https://compasia.co.th/collections/all-smartphones/products/battery-health-iphone-14-pro-max
24,Battery Health - iPhone 14 Pro Max,Deep Purple,1TB,ดี,23900,44900,สินค้าจะบรรจุในกล่องของคอมพ์เอเชีย (ไม่ใช่กล่องเดิมของเครื่อง) | *ไม่มีอะแดปเตอร์-หัวชาร์จ และสายชาร์จแถมให้ค่ะ | *ไม่มีติดฟิล์ม ไม่มีเคสแถมให้,รับประกันสินค้า 1 เดือน,https://compasia.co.th/collections/all-smartphones/products/battery-health-iphone-14-pro-max
24,Battery Health - iPhone 14 Pro Max,Deep Purple,1TB,พอใช้,23400,49990,สินค้าจะบรรจุในกล่องของคอมพ์เอเชีย (ไม่ใช่กล่องเดิมของเครื่อง) | *ไม่มีอะแดปเตอร์-หัวชาร์จ และสายชาร์จแถมให้ค่ะ | *ไม่มีติดฟิล์ม ไม่มีเคสแถมให้,รับประกันสินค้า 1 เดือน,https://compasia.co.th/collections/all-smartphones/products/battery-health-iphone-14-pro-max
25,Galaxy Z Fold 7🔥,Blue,256GB,ดีเยี่ยม,35000,-,สินค้าจะบรรจุในกล่องของคอมพ์เอเชีย (ไม่ใช่กล่องเดิมของเครื่อง) | *ไม่มีอะแดปเตอร์-หัวชาร์จ และสายชาร์จแถมให้ค่ะ | *ไม่มีติดฟิล์ม ไม่มีเคสแถมให้,รับประกันสินค้า 1 เดือน,https://compasia.co.th/collections/all-smartphones/products/galaxy-z-fold-7
25,Galaxy Z Fold 7🔥,Blue,256GB,ดี,34500,-,สินค้าจะบรรจุในกล่องของคอมพ์เอเชีย (ไม่ใช่กล่องเดิมของเครื่อง) | *ไม่มีอะแดปเตอร์-หัวชาร์จ และสายชาร์จแถมให้ค่ะ | *ไม่มีติดฟิล์ม ไม่มีเคสแถมให้,รับประกันสินค้า 1 เดือน,https://compasia.co.th/collections/all-smartphones/products/galaxy-z-fold-7
25,Galaxy Z Fold 7🔥,Blue,256GB,พอใช้,33900,-,สินค้าจะบรรจุในกล่องของคอมพ์เอเชีย (ไม่ใช่กล่องเดิมของเครื่อง) | *ไม่มีอะแดปเตอร์-หัวชาร์จ และสายชาร์จแถมให้ค่ะ | *ไม่มีติดฟิล์ม ไม่มีเคสแถมให้,รับประกันสินค้า 1 เดือน,https://compasia.co.th/collections/all-smartphones/products/galaxy-z-fold-7
25,Galaxy Z Fold 7🔥,Blue,512GB,ดีเยี่ยม,36000,-,สินค้าจะบรรจุในกล่องของคอมพ์เอเชีย (ไม่ใช่กล่องเดิมของเครื่อง) | *ไม่มีอะแดปเตอร์-หัวชาร์จ และสายชาร์จแถมให้ค่ะ | *ไม่มีติดฟิล์ม ไม่มีเคสแถมให้,รับประกันสินค้า 1 เดือน,https://compasia.co.th/collections/all-smartphones/products/galaxy-z-fold-7
25,Galaxy Z Fold 7🔥,Blue,512GB,ดี,35500,-,สินค้าจะบรรจุในกล่องของคอมพ์เอเชีย (ไม่ใช่กล่องเดิมของเครื่อง) | *ไม่มีอะแดปเตอร์-หัวชาร์จ และสายชาร์จแถมให้ค่ะ | *ไม่มีติดฟิล์ม ไม่มีเคสแถมให้,รับประกันสินค้า 1 เดือน,https://compasia.co.th/collections/all-smartphones/products/galaxy-z-fold-7
25,Galaxy Z Fold 7🔥,Blue,512GB,พอใช้,34900,-,สินค้าจะบรรจุในกล่องของคอมพ์เอเชีย (ไม่ใช่กล่องเดิมของเครื่อง) | *ไม่มีอะแดปเตอร์-หัวชาร์จ และสายชาร์จแถมให้ค่ะ | *ไม่มีติดฟิล์ม ไม่มีเคสแถมให้,รับประกันสินค้า 1 เดือน,https://compasia.co.th/collections/all-smartphones/products/galaxy-z-fold-7
25,Galaxy Z Fold 7🔥,Blue,1TB,ดีเยี่ยม,37000,-,สินค้าจะบรรจุในกล่องของคอมพ์เอเชีย (ไม่ใช่กล่องเดิมของเครื่อง) | *ไม่มีอะแดปเตอร์-หัวชาร์จ และสายชาร์จแถมให้ค่ะ | *ไม่มีติดฟิล์ม ไม่มีเคสแถมให้,รับประกันสินค้า 1 เดือน,https://compasia.co.th/collections/all-smartphones/products/galaxy-z-fold-7
25,Galaxy Z Fold 7🔥,Blue,1TB,ดี,36500,-,สินค้าจะบรรจุในกล่องของคอมพ์เอเชีย (ไม่ใช่กล่องเดิมของเครื่อง) | *ไม่มีอะแดปเตอร์-หัวชาร์จ และสายชาร์จแถมให้ค่ะ | *ไม่มีติดฟิล์ม ไม่มีเคสแถมให้,รับประกันสินค้า 1 เดือน,https://compasia.co.th/collections/all-smartphones/products/galaxy-z-fold-7
25,Galaxy Z Fold 7🔥,Blue,1TB,พอใช้,35900,-,สินค้าจะบรรจุในกล่องของคอมพ์เอเชีย (ไม่ใช่กล่องเดิมของเครื่อง) | *ไม่มีอะแดปเตอร์-หัวชาร์จ และสายชาร์จแถมให้ค่ะ | *ไม่มีติดฟิล์ม ไม่มีเคสแถมให้,รับประกันสินค้า 1 เดือน,https://compasia.co.th/collections/all-smartphones/products/galaxy-z-fold-7
25,Galaxy Z Fold 7🔥,Black,256GB,ดีเยี่ยม,35000,-,สินค้าจะบรรจุในกล่องของคอมพ์เอเชีย (ไม่ใช่กล่องเดิมของเครื่อง) | *ไม่มีอะแดปเตอร์-หัวชาร์จ และสายชาร์จแถมให้ค่ะ | *ไม่มีติดฟิล์ม ไม่มีเคสแถมให้,รับประกันสินค้า 1 เดือน,https://compasia.co.th/collections/all-smartphones/products/galaxy-z-fold-7
25,Galaxy Z Fold 7🔥,Black,256GB,ดี,34500,-,สินค้าจะบรรจุในกล่องของคอมพ์เอเชีย (ไม่ใช่กล่องเดิมของเครื่อง) | *ไม่มีอะแดปเตอร์-หัวชาร์จ และสายชาร์จแถมให้ค่ะ | *ไม่มีติดฟิล์ม ไม่มีเคสแถมให้,รับประกันสินค้า 1 เดือน,https://compasia.co.th/collections/all-smartphones/products/galaxy-z-fold-7
25,Galaxy Z Fold 7🔥,Black,256GB,พอใช้,33900,-,สินค้าจะบรรจุในกล่องของคอมพ์เอเชีย (ไม่ใช่กล่องเดิมของเครื่อง) | *ไม่มีอะแดปเตอร์-หัวชาร์จ และสายชาร์จแถมให้ค่ะ | *ไม่มีติดฟิล์ม ไม่มีเคสแถมให้,รับประกันสินค้า 1 เดือน,https://compasia.co.th/collections/all-smartphones/products/galaxy-z-fold-7
25,Galaxy Z Fold 7🔥,Black,512GB,ดีเยี่ยม,36000,-,สินค้าจะบรรจุในกล่องของคอมพ์เอเชีย (ไม่ใช่กล่องเดิมของเครื่อง) | *ไม่มีอะแดปเตอร์-หัวชาร์จ และสายชาร์จแถมให้ค่ะ | *ไม่มีติดฟิล์ม ไม่มีเคสแถมให้,รับประกันสินค้า 1 เดือน,https://compasia.co.th/collections/all-smartphones/products/galaxy-z-fold-7
25,Galaxy Z Fold 7🔥,Black,512GB,ดี,35500,-,สินค้าจะบรรจุในกล่องของคอมพ์เอเชีย (ไม่ใช่กล่องเดิมของเครื่อง) | *ไม่มีอะแดปเตอร์-หัวชาร์จ และสายชาร์จแถมให้ค่ะ | *ไม่มีติดฟิล์ม ไม่มีเคสแถมให้,รับประกันสินค้า 1 เดือน,https://compasia.co.th/collections/all-smartphones/products/galaxy-z-fold-7
25,Galaxy Z Fold 7🔥,Black,512GB,พอใช้,34900,-,สินค้าจะบรรจุในกล่องของคอมพ์เอเชีย (ไม่ใช่กล่องเดิมของเครื่อง) | *ไม่มีอะแดปเตอร์-หัวชาร์จ และสายชาร์จแถมให้ค่ะ | *ไม่มีติดฟิล์ม ไม่มีเคสแถมให้,รับประกันสินค้า 1 เดือน,https://compasia.co.th/collections/all-smartphones/products/galaxy-z-fold-7
25,Galaxy Z Fold 7🔥,Black,1TB,ดีเยี่ยม,37000,-,สินค้าจะบรรจุในกล่องของคอมพ์เอเชีย (ไม่ใช่กล่องเดิมของเครื่อง) | *ไม่มีอะแดปเตอร์-หัวชาร์จ และสายชาร์จแถมให้ค่ะ | *ไม่มีติดฟิล์ม ไม่มีเคสแถมให้,รับประกันสินค้า 1 เดือน,https://compasia.co.th/collections/all-smartphones/products/galaxy-z-fold-7
25,Galaxy Z Fold 7🔥,Black,1TB,ดี,36500,-,สินค้าจะบรรจุในกล่องของคอมพ์เอเชีย (ไม่ใช่กล่องเดิมของเครื่อง) | *ไม่มีอะแดปเตอร์-หัวชาร์จ และสายชาร์จแถมให้ค่ะ | *ไม่มีติดฟิล์ม ไม่มีเคสแถมให้,รับประกันสินค้า 1 เดือน,https://compasia.co.th/collections/all-smartphones/products/galaxy-z-fold-7
25,Galaxy Z Fold 7🔥,Black,1TB,พอใช้,35900,-,สินค้าจะบรรจุในกล่องของคอมพ์เอเชีย (ไม่ใช่กล่องเดิมของเครื่อง) | *ไม่มีอะแดปเตอร์-หัวชาร์จ และสายชาร์จแถมให้ค่ะ | *ไม่มีติดฟิล์ม ไม่มีเคสแถมให้,รับประกันสินค้า 1 เดือน,https://compasia.co.th/collections/all-smartphones/products/galaxy-z-fold-7
25,Galaxy Z Fold 7🔥,Silver,256GB,ดีเยี่ยม,35000,-,สินค้าจะบรรจุในกล่องของคอมพ์เอเชีย (ไม่ใช่กล่องเดิมของเครื่อง) | *ไม่มีอะแดปเตอร์-หัวชาร์จ และสายชาร์จแถมให้ค่ะ | *ไม่มีติดฟิล์ม ไม่มีเคสแถมให้,รับประกันสินค้า 1 เดือน,https://compasia.co.th/collections/all-smartphones/products/galaxy-z-fold-7
25,Galaxy Z Fold 7🔥,Silver,256GB,ดี,34500,-,สินค้าจะบรรจุในกล่องของคอมพ์เอเชีย (ไม่ใช่กล่องเดิมของเครื่อง) | *ไม่มีอะแดปเตอร์-หัวชาร์จ และสายชาร์จแถมให้ค่ะ | *ไม่มีติดฟิล์ม ไม่มีเคสแถมให้,รับประกันสินค้า 1 เดือน,https://compasia.co.th/collections/all-smartphones/products/galaxy-z-fold-7
25,Galaxy Z Fold 7🔥,Silver,256GB,พอใช้,33900,-,สินค้าจะบรรจุในกล่องของคอมพ์เอเชีย (ไม่ใช่กล่องเดิมของเครื่อง) | *ไม่มีอะแดปเตอร์-หัวชาร์จ และสายชาร์จแถมให้ค่ะ | *ไม่มีติดฟิล์ม ไม่มีเคสแถมให้,รับประกันสินค้า 1 เดือน,https://compasia.co.th/collections/all-smartphones/products/galaxy-z-fold-7
25,Galaxy Z Fold 7🔥,Silver,512GB,ดีเยี่ยม,36000,-,สินค้าจะบรรจุในกล่องของคอมพ์เอเชีย (ไม่ใช่กล่องเดิมของเครื่อง) | *ไม่มีอะแดปเตอร์-หัวชาร์จ และสายชาร์จแถมให้ค่ะ | *ไม่มีติดฟิล์ม ไม่มีเคสแถมให้,รับประกันสินค้า 1 เดือน,https://compasia.co.th/collections/all-smartphones/products/galaxy-z-fold-7
25,Galaxy Z Fold 7🔥,Silver,512GB,ดี,35500,-,สินค้าจะบรรจุในกล่องของคอมพ์เอเชีย (ไม่ใช่กล่องเดิมของเครื่อง) | *ไม่มีอะแดปเตอร์-หัวชาร์จ และสายชาร์จแถมให้ค่ะ | *ไม่มีติดฟิล์ม ไม่มีเคสแถมให้,รับประกันสินค้า 1 เดือน,https://compasia.co.th/collections/all-smartphones/products/galaxy-z-fold-7
25,Galaxy Z Fold 7🔥,Silver,512GB,พอใช้,34900,-,สินค้าจะบรรจุในกล่องของคอมพ์เอเชีย (ไม่ใช่กล่องเดิมของเครื่อง) | *ไม่มีอะแดปเตอร์-หัวชาร์จ และสายชาร์จแถมให้ค่ะ | *ไม่มีติดฟิล์ม ไม่มีเคสแถมให้,รับประกันสินค้า 1 เดือน,https://compasia.co.th/collections/all-smartphones/products/galaxy-z-fold-7
25,Galaxy Z Fold 7🔥,Silver,1TB,ดีเยี่ยม,37000,-,สินค้าจะบรรจุในกล่องของคอมพ์เอเชีย (ไม่ใช่กล่องเดิมของเครื่อง) | *ไม่มีอะแดปเตอร์-หัวชาร์จ และสายชาร์จแถมให้ค่ะ | *ไม่มีติดฟิล์ม ไม่มีเคสแถมให้,รับประกันสินค้า 1 เดือน,https://compasia.co.th/collections/all-smartphones/products/galaxy-z-fold-7
25,Galaxy Z Fold 7🔥,Silver,1TB,ดี,36500,-,สินค้าจะบรรจุในกล่องของคอมพ์เอเชีย (ไม่ใช่กล่องเดิมของเครื่อง) | *ไม่มีอะแดปเตอร์-หัวชาร์จ และสายชาร์จแถมให้ค่ะ | *ไม่มีติดฟิล์ม ไม่มีเคสแถมให้,รับประกันสินค้า 1 เดือน,https://compasia.co.th/collections/all-smartphones/products/galaxy-z-fold-7
25,Galaxy Z Fold 7🔥,Silver,1TB,พอใช้,35900,-,สินค้าจะบรรจุในกล่องของคอมพ์เอเชีย (ไม่ใช่กล่องเดิมของเครื่อง) | *ไม่มีอะแดปเตอร์-หัวชาร์จ และสายชาร์จแถมให้ค่ะ | *ไม่มีติดฟิล์ม ไม่มีเคสแถมให้,รับประกันสินค้า 1 เดือน,https://compasia.co.th/collections/all-smartphones/products/galaxy-z-fold-7
26,Xiaomi 15 Ultra,Black,512GB,ดีเยี่ยม,21500,42990,สินค้าจะบรรจุในกล่องของคอมพ์เอเชีย (ไม่ใช่กล่องเดิมของเครื่อง) | *ไม่มีอะแดปเตอร์-หัวชาร์จ และสายชาร์จแถมให้ค่ะ | *ไม่มีติดฟิล์ม ไม่มีเคสแถมให้,รับประกันสินค้า 1 เดือน,https://compasia.co.th/collections/all-smartphones/products/xiaomi-15-ultra
26,Xiaomi 15 Ultra,Black,512GB,ดี,21000,42990,สินค้าจะบรรจุในกล่องของคอมพ์เอเชีย (ไม่ใช่กล่องเดิมของเครื่อง) | *ไม่มีอะแดปเตอร์-หัวชาร์จ และสายชาร์จแถมให้ค่ะ | *ไม่มีติดฟิล์ม ไม่มีเคสแถมให้,รับประกันสินค้า 1 เดือน,https://compasia.co.th/collections/all-smartphones/products/xiaomi-15-ultra
26,Xiaomi 15 Ultra,Black,512GB,พอใช้,20500,42990,สินค้าจะบรรจุในกล่องของคอมพ์เอเชีย (ไม่ใช่กล่องเดิมของเครื่อง) | *ไม่มีอะแดปเตอร์-หัวชาร์จ และสายชาร์จแถมให้ค่ะ | *ไม่มีติดฟิล์ม ไม่มีเคสแถมให้,รับประกันสินค้า 1 เดือน,https://compasia.co.th/collections/all-smartphones/products/xiaomi-15-ultra
26,Xiaomi 15 Ultra,Black,1TB,ดีเยี่ยม,22500,42990,สินค้าจะบรรจุในกล่องของคอมพ์เอเชีย (ไม่ใช่กล่องเดิมของเครื่อง) | *ไม่มีอะแดปเตอร์-หัวชาร์จ และสายชาร์จแถมให้ค่ะ | *ไม่มีติดฟิล์ม ไม่มีเคสแถมให้,รับประกันสินค้า 1 เดือน,https://compasia.co.th/collections/all-smartphones/products/xiaomi-15-ultra
26,Xiaomi 15 Ultra,Black,1TB,ดี,22000,42990,สินค้าจะบรรจุในกล่องของคอมพ์เอเชีย (ไม่ใช่กล่องเดิมของเครื่อง) | *ไม่มีอะแดปเตอร์-หัวชาร์จ และสายชาร์จแถมให้ค่ะ | *ไม่มีติดฟิล์ม ไม่มีเคสแถมให้,รับประกันสินค้า 1 เดือน,https://compasia.co.th/collections/all-smartphones/products/xiaomi-15-ultra
26,Xiaomi 15 Ultra,Black,1TB,พอใช้,21500,42990,สินค้าจะบรรจุในกล่องของคอมพ์เอเชีย (ไม่ใช่กล่องเดิมของเครื่อง) | *ไม่มีอะแดปเตอร์-หัวชาร์จ และสายชาร์จแถมให้ค่ะ | *ไม่มีติดฟิล์ม ไม่มีเคสแถมให้,รับประกันสินค้า 1 เดือน,https://compasia.co.th/collections/all-smartphones/products/xiaomi-15-ultra
27,Galaxy Z Flip 7,Red,256GB,ดีเยี่ยม,20550,37900,สินค้าจะบรรจุในกล่องของคอมพ์เอเชีย (ไม่ใช่กล่องเดิมของเครื่อง) | *ไม่มีอะแดปเตอร์-หัวชาร์จ และสายชาร์จแถมให้ค่ะ | *ไม่มีติดฟิล์ม ไม่มีเคสแถมให้,รับประกันสินค้า 1 เดือน,https://compasia.co.th/collections/all-smartphones/products/galaxy-z-flip-7
27,Galaxy Z Flip 7,Red,256GB,ดี,20050,37900,สินค้าจะบรรจุในกล่องของคอมพ์เอเชีย (ไม่ใช่กล่องเดิมของเครื่อง) | *ไม่มีอะแดปเตอร์-หัวชาร์จ และสายชาร์จแถมให้ค่ะ | *ไม่มีติดฟิล์ม ไม่มีเคสแถมให้,รับประกันสินค้า 1 เดือน,https://compasia.co.th/collections/all-smartphones/products/galaxy-z-flip-7
27,Galaxy Z Flip 7,Red,256GB,พอใช้,19550,37900,สินค้าจะบรรจุในกล่องของคอมพ์เอเชีย (ไม่ใช่กล่องเดิมของเครื่อง) | *ไม่มีอะแดปเตอร์-หัวชาร์จ และสายชาร์จแถมให้ค่ะ | *ไม่มีติดฟิล์ม ไม่มีเคสแถมให้,รับประกันสินค้า 1 เดือน,https://compasia.co.th/collections/all-smartphones/products/galaxy-z-flip-7
27,Galaxy Z Flip 7,Red,512GB,ดีเยี่ยม,21550,37900,สินค้าจะบรรจุในกล่องของคอมพ์เอเชีย (ไม่ใช่กล่องเดิมของเครื่อง) | *ไม่มีอะแดปเตอร์-หัวชาร์จ และสายชาร์จแถมให้ค่ะ | *ไม่มีติดฟิล์ม ไม่มีเคสแถมให้,รับประกันสินค้า 1 เดือน,https://compasia.co.th/collections/all-smartphones/products/galaxy-z-flip-7
27,Galaxy Z Flip 7,Red,512GB,ดี,21050,37900,สินค้าจะบรรจุในกล่องของคอมพ์เอเชีย (ไม่ใช่กล่องเดิมของเครื่อง) | *ไม่มีอะแดปเตอร์-หัวชาร์จ และสายชาร์จแถมให้ค่ะ | *ไม่มีติดฟิล์ม ไม่มีเคสแถมให้,รับประกันสินค้า 1 เดือน,https://compasia.co.th/collections/all-smartphones/products/galaxy-z-flip-7
27,Galaxy Z Flip 7,Red,512GB,พอใช้,20550,37900,สินค้าจะบรรจุในกล่องของคอมพ์เอเชีย (ไม่ใช่กล่องเดิมของเครื่อง) | *ไม่มีอะแดปเตอร์-หัวชาร์จ และสายชาร์จแถมให้ค่ะ | *ไม่มีติดฟิล์ม ไม่มีเคสแถมให้,รับประกันสินค้า 1 เดือน,https://compasia.co.th/collections/all-smartphones/products/galaxy-z-flip-7
27,Galaxy Z Flip 7,Blue,256GB,ดีเยี่ยม,20550,37900,สินค้าจะบรรจุในกล่องของคอมพ์เอเชีย (ไม่ใช่กล่องเดิมของเครื่อง) | *ไม่มีอะแดปเตอร์-หัวชาร์จ และสายชาร์จแถมให้ค่ะ | *ไม่มีติดฟิล์ม ไม่มีเคสแถมให้,รับประกันสินค้า 1 เดือน,https://compasia.co.th/collections/all-smartphones/products/galaxy-z-flip-7
27,Galaxy Z Flip 7,Blue,256GB,ดี,20050,37900,สินค้าจะบรรจุในกล่องของคอมพ์เอเชีย (ไม่ใช่กล่องเดิมของเครื่อง) | *ไม่มีอะแดปเตอร์-หัวชาร์จ และสายชาร์จแถมให้ค่ะ | *ไม่มีติดฟิล์ม ไม่มีเคสแถมให้,รับประกันสินค้า 1 เดือน,https://compasia.co.th/collections/all-smartphones/products/galaxy-z-flip-7
27,Galaxy Z Flip 7,Blue,256GB,พอใช้,19550,37900,สินค้าจะบรรจุในกล่องของคอมพ์เอเชีย (ไม่ใช่กล่องเดิมของเครื่อง) | *ไม่มีอะแดปเตอร์-หัวชาร์จ และสายชาร์จแถมให้ค่ะ | *ไม่มีติดฟิล์ม ไม่มีเคสแถมให้,รับประกันสินค้า 1 เดือน,https://compasia.co.th/collections/all-smartphones/products/galaxy-z-flip-7
27,Galaxy Z Flip 7,Blue,512GB,ดีเยี่ยม,21550,37900,สินค้าจะบรรจุในกล่องของคอมพ์เอเชีย (ไม่ใช่กล่องเดิมของเครื่อง) | *ไม่มีอะแดปเตอร์-หัวชาร์จ และสายชาร์จแถมให้ค่ะ | *ไม่มีติดฟิล์ม ไม่มีเคสแถมให้,รับประกันสินค้า 1 เดือน,https://compasia.co.th/collections/all-smartphones/products/galaxy-z-flip-7
27,Galaxy Z Flip 7,Blue,512GB,ดี,21050,37900,สินค้าจะบรรจุในกล่องของคอมพ์เอเชีย (ไม่ใช่กล่องเดิมของเครื่อง) | *ไม่มีอะแดปเตอร์-หัวชาร์จ และสายชาร์จแถมให้ค่ะ | *ไม่มีติดฟิล์ม ไม่มีเคสแถมให้,รับประกันสินค้า 1 เดือน,https://compasia.co.th/collections/all-smartphones/products/galaxy-z-flip-7
27,Galaxy Z Flip 7,Blue,512GB,พอใช้,20550,37900,สินค้าจะบรรจุในกล่องของคอมพ์เอเชีย (ไม่ใช่กล่องเดิมของเครื่อง) | *ไม่มีอะแดปเตอร์-หัวชาร์จ และสายชาร์จแถมให้ค่ะ | *ไม่มีติดฟิล์ม ไม่มีเคสแถมให้,รับประกันสินค้า 1 เดือน,https://compasia.co.th/collections/all-smartphones/products/galaxy-z-flip-7
27,Galaxy Z Flip 7,Black,256GB,ดีเยี่ยม,20550,37900,สินค้าจะบรรจุในกล่องของคอมพ์เอเชีย (ไม่ใช่กล่องเดิมของเครื่อง) | *ไม่มีอะแดปเตอร์-หัวชาร์จ และสายชาร์จแถมให้ค่ะ | *ไม่มีติดฟิล์ม ไม่มีเคสแถมให้,รับประกันสินค้า 1 เดือน,https://compasia.co.th/collections/all-smartphones/products/galaxy-z-flip-7
27,Galaxy Z Flip 7,Black,256GB,ดี,20050,37900,สินค้าจะบรรจุในกล่องของคอมพ์เอเชีย (ไม่ใช่กล่องเดิมของเครื่อง) | *ไม่มีอะแดปเตอร์-หัวชาร์จ และสายชาร์จแถมให้ค่ะ | *ไม่มีติดฟิล์ม ไม่มีเคสแถมให้,รับประกันสินค้า 1 เดือน,https://compasia.co.th/collections/all-smartphones/products/galaxy-z-flip-7
27,Galaxy Z Flip 7,Black,256GB,พอใช้,19550,37900,สินค้าจะบรรจุในกล่องของคอมพ์เอเชีย (ไม่ใช่กล่องเดิมของเครื่อง) | *ไม่มีอะแดปเตอร์-หัวชาร์จ และสายชาร์จแถมให้ค่ะ | *ไม่มีติดฟิล์ม ไม่มีเคสแถมให้,รับประกันสินค้า 1 เดือน,https://compasia.co.th/collections/all-smartphones/products/galaxy-z-flip-7
27,Galaxy Z Flip 7,Black,512GB,ดีเยี่ยม,21550,37900,สินค้าจะบรรจุในกล่องของคอมพ์เอเชีย (ไม่ใช่กล่องเดิมของเครื่อง) | *ไม่มีอะแดปเตอร์-หัวชาร์จ และสายชาร์จแถมให้ค่ะ | *ไม่มีติดฟิล์ม ไม่มีเคสแถมให้,รับประกันสินค้า 1 เดือน,https://compasia.co.th/collections/all-smartphones/products/galaxy-z-flip-7
27,Galaxy Z Flip 7,Black,512GB,ดี,21050,37900,สินค้าจะบรรจุในกล่องของคอมพ์เอเชีย (ไม่ใช่กล่องเดิมของเครื่อง) | *ไม่มีอะแดปเตอร์-หัวชาร์จ และสายชาร์จแถมให้ค่ะ | *ไม่มีติดฟิล์ม ไม่มีเคสแถมให้,รับประกันสินค้า 1 เดือน,https://compasia.co.th/collections/all-smartphones/products/galaxy-z-flip-7
27,Galaxy Z Flip 7,Black,512GB,พอใช้,20550,37900,สินค้าจะบรรจุในกล่องของคอมพ์เอเชีย (ไม่ใช่กล่องเดิมของเครื่อง) | *ไม่มีอะแดปเตอร์-หัวชาร์จ และสายชาร์จแถมให้ค่ะ | *ไม่มีติดฟิล์ม ไม่มีเคสแถมให้,รับประกันสินค้า 1 เดือน,https://compasia.co.th/collections/all-smartphones/products/galaxy-z-flip-7
27,Galaxy Z Flip 7,Green,256GB,ดีเยี่ยม,20550,37900,สินค้าจะบรรจุในกล่องของคอมพ์เอเชีย (ไม่ใช่กล่องเดิมของเครื่อง) | *ไม่มีอะแดปเตอร์-หัวชาร์จ และสายชาร์จแถมให้ค่ะ | *ไม่มีติดฟิล์ม ไม่มีเคสแถมให้,รับประกันสินค้า 1 เดือน,https://compasia.co.th/collections/all-smartphones/products/galaxy-z-flip-7
27,Galaxy Z Flip 7,Green,256GB,ดี,20050,37900,สินค้าจะบรรจุในกล่องของคอมพ์เอเชีย (ไม่ใช่กล่องเดิมของเครื่อง) | *ไม่มีอะแดปเตอร์-หัวชาร์จ และสายชาร์จแถมให้ค่ะ | *ไม่มีติดฟิล์ม ไม่มีเคสแถมให้,รับประกันสินค้า 1 เดือน,https://compasia.co.th/collections/all-smartphones/products/galaxy-z-flip-7
27,Galaxy Z Flip 7,Green,256GB,พอใช้,19550,37900,สินค้าจะบรรจุในกล่องของคอมพ์เอเชีย (ไม่ใช่กล่องเดิมของเครื่อง) | *ไม่มีอะแดปเตอร์-หัวชาร์จ และสายชาร์จแถมให้ค่ะ | *ไม่มีติดฟิล์ม ไม่มีเคสแถมให้,รับประกันสินค้า 1 เดือน,https://compasia.co.th/collections/all-smartphones/products/galaxy-z-flip-7
27,Galaxy Z Flip 7,Green,512GB,ดีเยี่ยม,21550,37900,สินค้าจะบรรจุในกล่องของคอมพ์เอเชีย (ไม่ใช่กล่องเดิมของเครื่อง) | *ไม่มีอะแดปเตอร์-หัวชาร์จ และสายชาร์จแถมให้ค่ะ | *ไม่มีติดฟิล์ม ไม่มีเคสแถมให้,รับประกันสินค้า 1 เดือน,https://compasia.co.th/collections/all-smartphones/products/galaxy-z-flip-7
27,Galaxy Z Flip 7,Green,512GB,ดี,21050,37900,สินค้าจะบรรจุในกล่องของคอมพ์เอเชีย (ไม่ใช่กล่องเดิมของเครื่อง) | *ไม่มีอะแดปเตอร์-หัวชาร์จ และสายชาร์จแถมให้ค่ะ | *ไม่มีติดฟิล์ม ไม่มีเคสแถมให้,รับประกันสินค้า 1 เดือน,https://compasia.co.th/collections/all-smartphones/products/galaxy-z-flip-7
27,Galaxy Z Flip 7,Green,512GB,พอใช้,20550,37900,สินค้าจะบรรจุในกล่องของคอมพ์เอเชีย (ไม่ใช่กล่องเดิมของเครื่อง) | *ไม่มีอะแดปเตอร์-หัวชาร์จ และสายชาร์จแถมให้ค่ะ | *ไม่มีติดฟิล์ม ไม่มีเคสแถมให้,รับประกันสินค้า 1 เดือน,https://compasia.co.th/collections/all-smartphones/products/galaxy-z-flip-7
28,Apple Pencil (2nd gen) รับประกันสินค้า 7 วัน,White,พอใช้,-,950,-,สินค้าจะบรรจุในกล่องของคอมพ์เอเชีย (ไม่ใช่กล่องเดิมของเครื่อง),ประกัน 7 วัน,https://compasia.co.th/collections/all-smartphones/products/airpods-pro-1st-gen-magsafe-charging-copy
29,Galaxy A25,Blue,256GB,ดีเยี่ยม,4900,9999,สินค้าจะบรรจุในกล่องของคอมพ์เอเชีย (ไม่ใช่กล่องเดิมของเครื่อง) | *ไม่มีอะแดปเตอร์-หัวชาร์จ และสายชาร์จแถมให้ค่ะ | *ไม่มีติดฟิล์ม ไม่มีเคสแถมให้,รับประกันสินค้า 1 เดือน,https://compasia.co.th/collections/all-smartphones/products/galaxy-a25-1
29,Galaxy A25,Blue,256GB,ดี,4400,9999,สินค้าจะบรรจุในกล่องของคอมพ์เอเชีย (ไม่ใช่กล่องเดิมของเครื่อง) | *ไม่มีอะแดปเตอร์-หัวชาร์จ และสายชาร์จแถมให้ค่ะ | *ไม่มีติดฟิล์ม ไม่มีเคสแถมให้,รับประกันสินค้า 1 เดือน,https://compasia.co.th/collections/all-smartphones/products/galaxy-a25-1
29,Galaxy A25,Blue,256GB,พอใช้,3900,9999,สินค้าจะบรรจุในกล่องของคอมพ์เอเชีย (ไม่ใช่กล่องเดิมของเครื่อง) | *ไม่มีอะแดปเตอร์-หัวชาร์จ และสายชาร์จแถมให้ค่ะ | *ไม่มีติดฟิล์ม ไม่มีเคสแถมให้,รับประกันสินค้า 1 เดือน,https://compasia.co.th/collections/all-smartphones/products/galaxy-a25-1
29,Galaxy A25,Navy,256GB,ดีเยี่ยม,4900,9999,สินค้าจะบรรจุในกล่องของคอมพ์เอเชีย (ไม่ใช่กล่องเดิมของเครื่อง) | *ไม่มีอะแดปเตอร์-หัวชาร์จ และสายชาร์จแถมให้ค่ะ | *ไม่มีติดฟิล์ม ไม่มีเคสแถมให้,รับประกันสินค้า 1 เดือน,https://compasia.co.th/collections/all-smartphones/products/galaxy-a25-1
29,Galaxy A25,Navy,256GB,ดี,4400,9999,สินค้าจะบรรจุในกล่องของคอมพ์เอเชีย (ไม่ใช่กล่องเดิมของเครื่อง) | *ไม่มีอะแดปเตอร์-หัวชาร์จ และสายชาร์จแถมให้ค่ะ | *ไม่มีติดฟิล์ม ไม่มีเคสแถมให้,รับประกันสินค้า 1 เดือน,https://compasia.co.th/collections/all-smartphones/products/galaxy-a25-1
29,Galaxy A25,Navy,256GB,พอใช้,3900,9999,สินค้าจะบรรจุในกล่องของคอมพ์เอเชีย (ไม่ใช่กล่องเดิมของเครื่อง) | *ไม่มีอะแดปเตอร์-หัวชาร์จ และสายชาร์จแถมให้ค่ะ | *ไม่มีติดฟิล์ม ไม่มีเคสแถมให้,รับประกันสินค้า 1 เดือน,https://compasia.co.th/collections/all-smartphones/products/galaxy-a25-1
30,Honor Magic5 Pro,Black,512GB,ดีเยี่ยม,12900,29990,สินค้าจะบรรจุในกล่องของคอมพ์เอเชีย (ไม่ใช่กล่องเดิมของเครื่อง) | *ไม่มีอะแดปเตอร์-หัวชาร์จ และสายชาร์จแถมให้ค่ะ | *ไม่มีติดฟิล์ม ไม่มีเคสแถมให้,รับประกันสินค้า 1 เดือน,https://compasia.co.th/collections/all-smartphones/products/magic5-pro
30,Honor Magic5 Pro,Black,512GB,ดี,12400,29990,สินค้าจะบรรจุในกล่องของคอมพ์เอเชีย (ไม่ใช่กล่องเดิมของเครื่อง) | *ไม่มีอะแดปเตอร์-หัวชาร์จ และสายชาร์จแถมให้ค่ะ | *ไม่มีติดฟิล์ม ไม่มีเคสแถมให้,รับประกันสินค้า 1 เดือน,https://compasia.co.th/collections/all-smartphones/products/magic5-pro
30,Honor Magic5 Pro,Black,512GB,พอใช้,11900,29990,สินค้าจะบรรจุในกล่องของคอมพ์เอเชีย (ไม่ใช่กล่องเดิมของเครื่อง) | *ไม่มีอะแดปเตอร์-หัวชาร์จ และสายชาร์จแถมให้ค่ะ | *ไม่มีติดฟิล์ม ไม่มีเคสแถมให้,รับประกันสินค้า 1 เดือน,https://compasia.co.th/collections/all-smartphones/products/magic5-pro
30,Honor Magic5 Pro,Purple,512GB,ดีเยี่ยม,12900,29990,สินค้าจะบรรจุในกล่องของคอมพ์เอเชีย (ไม่ใช่กล่องเดิมของเครื่อง) | *ไม่มีอะแดปเตอร์-หัวชาร์จ และสายชาร์จแถมให้ค่ะ | *ไม่มีติดฟิล์ม ไม่มีเคสแถมให้,รับประกันสินค้า 1 เดือน,https://compasia.co.th/collections/all-smartphones/products/magic5-pro
30,Honor Magic5 Pro,Purple,512GB,ดี,12400,29990,สินค้าจะบรรจุในกล่องของคอมพ์เอเชีย (ไม่ใช่กล่องเดิมของเครื่อง) | *ไม่มีอะแดปเตอร์-หัวชาร์จ และสายชาร์จแถมให้ค่ะ | *ไม่มีติดฟิล์ม ไม่มีเคสแถมให้,รับประกันสินค้า 1 เดือน,https://compasia.co.th/collections/all-smartphones/products/magic5-pro
30,Honor Magic5 Pro,Purple,512GB,พอใช้,11900,29990,สินค้าจะบรรจุในกล่องของคอมพ์เอเชีย (ไม่ใช่กล่องเดิมของเครื่อง) | *ไม่มีอะแดปเตอร์-หัวชาร์จ และสายชาร์จแถมให้ค่ะ | *ไม่มีติดฟิล์ม ไม่มีเคสแถมให้,รับประกันสินค้า 1 เดือน,https://compasia.co.th/collections/all-smartphones/products/magic5-pro
31,Galaxy S25 FE,Black,128GB,Excellent,15500,-,สินค้าจะบรรจุในกล่องของคอมพ์เอเชีย (ไม่ใช่กล่องเดิมของเครื่อง) | *ไม่มีอะแดปเตอร์-หัวชาร์จ และสายชาร์จแถมให้ค่ะ | *ไม่มีติดฟิล์ม ไม่มีเคสแถมให้,รับประกันสินค้า 1 เดือน,https://compasia.co.th/collections/all-smartphones/products/galaxy-s25-fe
31,Galaxy S25 FE,Black,128GB,Good,15000,-,สินค้าจะบรรจุในกล่องของคอมพ์เอเชีย (ไม่ใช่กล่องเดิมของเครื่อง) | *ไม่มีอะแดปเตอร์-หัวชาร์จ และสายชาร์จแถมให้ค่ะ | *ไม่มีติดฟิล์ม ไม่มีเคสแถมให้,รับประกันสินค้า 1 เดือน,https://compasia.co.th/collections/all-smartphones/products/galaxy-s25-fe
31,Galaxy S25 FE,Black,128GB,Fair,14500,-,สินค้าจะบรรจุในกล่องของคอมพ์เอเชีย (ไม่ใช่กล่องเดิมของเครื่อง) | *ไม่มีอะแดปเตอร์-หัวชาร์จ และสายชาร์จแถมให้ค่ะ | *ไม่มีติดฟิล์ม ไม่มีเคสแถมให้,รับประกันสินค้า 1 เดือน,https://compasia.co.th/collections/all-smartphones/products/galaxy-s25-fe
31,Galaxy S25 FE,Black,256GB,Excellent,16500,-,สินค้าจะบรรจุในกล่องของคอมพ์เอเชีย (ไม่ใช่กล่องเดิมของเครื่อง) | *ไม่มีอะแดปเตอร์-หัวชาร์จ และสายชาร์จแถมให้ค่ะ | *ไม่มีติดฟิล์ม ไม่มีเคสแถมให้,รับประกันสินค้า 1 เดือน,https://compasia.co.th/collections/all-smartphones/products/galaxy-s25-fe
31,Galaxy S25 FE,Black,256GB,Good,16000,-,สินค้าจะบรรจุในกล่องของคอมพ์เอเชีย (ไม่ใช่กล่องเดิมของเครื่อง) | *ไม่มีอะแดปเตอร์-หัวชาร์จ และสายชาร์จแถมให้ค่ะ | *ไม่มีติดฟิล์ม ไม่มีเคสแถมให้,รับประกันสินค้า 1 เดือน,https://compasia.co.th/collections/all-smartphones/products/galaxy-s25-fe
31,Galaxy S25 FE,Black,256GB,Fair,15500,-,สินค้าจะบรรจุในกล่องของคอมพ์เอเชีย (ไม่ใช่กล่องเดิมของเครื่อง) | *ไม่มีอะแดปเตอร์-หัวชาร์จ และสายชาร์จแถมให้ค่ะ | *ไม่มีติดฟิล์ม ไม่มีเคสแถมให้,รับประกันสินค้า 1 เดือน,https://compasia.co.th/collections/all-smartphones/products/galaxy-s25-fe
32,Galaxy S26 Ultra,Sky Blue,256GB,Excellent,34900,-,สินค้าจะบรรจุในกล่องของคอมพ์เอเชีย (ไม่ใช่กล่องเดิมของเครื่อง) | *ไม่มีอะแดปเตอร์-หัวชาร์จ และสายชาร์จแถมให้ค่ะ | *ไม่มีติดฟิล์ม ไม่มีเคสแถมให้,รับประกันสินค้า 1 เดือน,https://compasia.co.th/collections/all-smartphones/products/galaxy-s26-ultra
32,Galaxy S26 Ultra,Sky Blue,256GB,Good,34400,-,สินค้าจะบรรจุในกล่องของคอมพ์เอเชีย (ไม่ใช่กล่องเดิมของเครื่อง) | *ไม่มีอะแดปเตอร์-หัวชาร์จ และสายชาร์จแถมให้ค่ะ | *ไม่มีติดฟิล์ม ไม่มีเคสแถมให้,รับประกันสินค้า 1 เดือน,https://compasia.co.th/collections/all-smartphones/products/galaxy-s26-ultra
32,Galaxy S26 Ultra,Sky Blue,256GB,Fair,33900,-,สินค้าจะบรรจุในกล่องของคอมพ์เอเชีย (ไม่ใช่กล่องเดิมของเครื่อง) | *ไม่มีอะแดปเตอร์-หัวชาร์จ และสายชาร์จแถมให้ค่ะ | *ไม่มีติดฟิล์ม ไม่มีเคสแถมให้,รับประกันสินค้า 1 เดือน,https://compasia.co.th/collections/all-smartphones/products/galaxy-s26-ultra
32,Galaxy S26 Ultra,Sky Blue,512GB,Excellent,36900,-,สินค้าจะบรรจุในกล่องของคอมพ์เอเชีย (ไม่ใช่กล่องเดิมของเครื่อง) | *ไม่มีอะแดปเตอร์-หัวชาร์จ และสายชาร์จแถมให้ค่ะ | *ไม่มีติดฟิล์ม ไม่มีเคสแถมให้,รับประกันสินค้า 1 เดือน,https://compasia.co.th/collections/all-smartphones/products/galaxy-s26-ultra
32,Galaxy S26 Ultra,Sky Blue,512GB,Good,36400,-,สินค้าจะบรรจุในกล่องของคอมพ์เอเชีย (ไม่ใช่กล่องเดิมของเครื่อง) | *ไม่มีอะแดปเตอร์-หัวชาร์จ และสายชาร์จแถมให้ค่ะ | *ไม่มีติดฟิล์ม ไม่มีเคสแถมให้,รับประกันสินค้า 1 เดือน,https://compasia.co.th/collections/all-smartphones/products/galaxy-s26-ultra
32,Galaxy S26 Ultra,Sky Blue,512GB,Fair,35900,-,สินค้าจะบรรจุในกล่องของคอมพ์เอเชีย (ไม่ใช่กล่องเดิมของเครื่อง) | *ไม่มีอะแดปเตอร์-หัวชาร์จ และสายชาร์จแถมให้ค่ะ | *ไม่มีติดฟิล์ม ไม่มีเคสแถมให้,รับประกันสินค้า 1 เดือน,https://compasia.co.th/collections/all-smartphones/products/galaxy-s26-ultra
32,Galaxy S26 Ultra,Sky Blue,1TB,Excellent,42900,-,สินค้าจะบรรจุในกล่องของคอมพ์เอเชีย (ไม่ใช่กล่องเดิมของเครื่อง) | *ไม่มีอะแดปเตอร์-หัวชาร์จ และสายชาร์จแถมให้ค่ะ | *ไม่มีติดฟิล์ม ไม่มีเคสแถมให้,รับประกันสินค้า 1 เดือน,https://compasia.co.th/collections/all-smartphones/products/galaxy-s26-ultra
32,Galaxy S26 Ultra,Sky Blue,1TB,Good,42400,-,สินค้าจะบรรจุในกล่องของคอมพ์เอเชีย (ไม่ใช่กล่องเดิมของเครื่อง) | *ไม่มีอะแดปเตอร์-หัวชาร์จ และสายชาร์จแถมให้ค่ะ | *ไม่มีติดฟิล์ม ไม่มีเคสแถมให้,รับประกันสินค้า 1 เดือน,https://compasia.co.th/collections/all-smartphones/products/galaxy-s26-ultra
32,Galaxy S26 Ultra,Sky Blue,1TB,Fair,41900,-,สินค้าจะบรรจุในกล่องของคอมพ์เอเชีย (ไม่ใช่กล่องเดิมของเครื่อง) | *ไม่มีอะแดปเตอร์-หัวชาร์จ และสายชาร์จแถมให้ค่ะ | *ไม่มีติดฟิล์ม ไม่มีเคสแถมให้,รับประกันสินค้า 1 เดือน,https://compasia.co.th/collections/all-smartphones/products/galaxy-s26-ultra
32,Galaxy S26 Ultra,White,256GB,Excellent,34900,-,สินค้าจะบรรจุในกล่องของคอมพ์เอเชีย (ไม่ใช่กล่องเดิมของเครื่อง) | *ไม่มีอะแดปเตอร์-หัวชาร์จ และสายชาร์จแถมให้ค่ะ | *ไม่มีติดฟิล์ม ไม่มีเคสแถมให้,รับประกันสินค้า 1 เดือน,https://compasia.co.th/collections/all-smartphones/products/galaxy-s26-ultra
32,Galaxy S26 Ultra,White,256GB,Good,34400,-,สินค้าจะบรรจุในกล่องของคอมพ์เอเชีย (ไม่ใช่กล่องเดิมของเครื่อง) | *ไม่มีอะแดปเตอร์-หัวชาร์จ และสายชาร์จแถมให้ค่ะ | *ไม่มีติดฟิล์ม ไม่มีเคสแถมให้,รับประกันสินค้า 1 เดือน,https://compasia.co.th/collections/all-smartphones/products/galaxy-s26-ultra
32,Galaxy S26 Ultra,White,256GB,Fair,33900,-,สินค้าจะบรรจุในกล่องของคอมพ์เอเชีย (ไม่ใช่กล่องเดิมของเครื่อง) | *ไม่มีอะแดปเตอร์-หัวชาร์จ และสายชาร์จแถมให้ค่ะ | *ไม่มีติดฟิล์ม ไม่มีเคสแถมให้,รับประกันสินค้า 1 เดือน,https://compasia.co.th/collections/all-smartphones/products/galaxy-s26-ultra
32,Galaxy S26 Ultra,White,512GB,Excellent,36900,-,สินค้าจะบรรจุในกล่องของคอมพ์เอเชีย (ไม่ใช่กล่องเดิมของเครื่อง) | *ไม่มีอะแดปเตอร์-หัวชาร์จ และสายชาร์จแถมให้ค่ะ | *ไม่มีติดฟิล์ม ไม่มีเคสแถมให้,รับประกันสินค้า 1 เดือน,https://compasia.co.th/collections/all-smartphones/products/galaxy-s26-ultra
32,Galaxy S26 Ultra,White,512GB,Good,36400,-,สินค้าจะบรรจุในกล่องของคอมพ์เอเชีย (ไม่ใช่กล่องเดิมของเครื่อง) | *ไม่มีอะแดปเตอร์-หัวชาร์จ และสายชาร์จแถมให้ค่ะ | *ไม่มีติดฟิล์ม ไม่มีเคสแถมให้,รับประกันสินค้า 1 เดือน,https://compasia.co.th/collections/all-smartphones/products/galaxy-s26-ultra
32,Galaxy S26 Ultra,White,512GB,Fair,35900,-,สินค้าจะบรรจุในกล่องของคอมพ์เอเชีย (ไม่ใช่กล่องเดิมของเครื่อง) | *ไม่มีอะแดปเตอร์-หัวชาร์จ และสายชาร์จแถมให้ค่ะ | *ไม่มีติดฟิล์ม ไม่มีเคสแถมให้,รับประกันสินค้า 1 เดือน,https://compasia.co.th/collections/all-smartphones/products/galaxy-s26-ultra
32,Galaxy S26 Ultra,White,1TB,Excellent,42900,-,สินค้าจะบรรจุในกล่องของคอมพ์เอเชีย (ไม่ใช่กล่องเดิมของเครื่อง) | *ไม่มีอะแดปเตอร์-หัวชาร์จ และสายชาร์จแถมให้ค่ะ | *ไม่มีติดฟิล์ม ไม่มีเคสแถมให้,รับประกันสินค้า 1 เดือน,https://compasia.co.th/collections/all-smartphones/products/galaxy-s26-ultra
32,Galaxy S26 Ultra,White,1TB,Good,42400,-,สินค้าจะบรรจุในกล่องของคอมพ์เอเชีย (ไม่ใช่กล่องเดิมของเครื่อง) | *ไม่มีอะแดปเตอร์-หัวชาร์จ และสายชาร์จแถมให้ค่ะ | *ไม่มีติดฟิล์ม ไม่มีเคสแถมให้,รับประกันสินค้า 1 เดือน,https://compasia.co.th/collections/all-smartphones/products/galaxy-s26-ultra
32,Galaxy S26 Ultra,White,1TB,Fair,41900,-,สินค้าจะบรรจุในกล่องของคอมพ์เอเชีย (ไม่ใช่กล่องเดิมของเครื่อง) | *ไม่มีอะแดปเตอร์-หัวชาร์จ และสายชาร์จแถมให้ค่ะ | *ไม่มีติดฟิล์ม ไม่มีเคสแถมให้,รับประกันสินค้า 1 เดือน,https://compasia.co.th/collections/all-smartphones/products/galaxy-s26-ultra
33,Apple Pencil (1nd gen) รับประกันสินค้า 7 วัน,White,พอใช้,-,750,-,สินค้าจะบรรจุในกล่องของคอมพ์เอเชีย (ไม่ใช่กล่องเดิมของเครื่อง),ประกัน 7 วัน,https://compasia.co.th/collections/all-smartphones/products/apple-pencil-1nd-gen
