id,model,storage,region,price_thb,battery_health,warranty,image_path,post_url,caption
1,โทรศัพท์มือสอง,-,ศูนย์,-,-,ประกันให้ทุกเครื่องงับ,data/images/instagram/post_001/img_1.jpg,https://www.instagram.com/mynowphone.shop/p/CzVPXGXPUd8,👀🌷นาวสต๊อกของเอง “พร้อมส่ง”🥳✨ เครื่องมือสอง สภาพ 80-90% สวยทุกเครื่อง มือ 1 เครื่องศูนย์นาวก็มีขายน้าค้าบ!! ⛅️🌸ส่งจริง ไม่มีทิพย์ ไม่จกตา✨ นาวไม่เคยเมครีวิว ถ้าเช็คได้ที่ไฮไลต์เลอ! เครื่องมือสองมีประกันให้ทุกเครื่องงับ จัดไปเลอ 7 วันจุกๆนะแม่นะ🫐🌷 ซื้อสดสบายใจได้เลยค้าบ สั่งกับนาวได้ขอบทุกคน ❗️ชื่อบัญชี : เขมจิรา แนวโอโล (เท่านั้น)❗️ โอน บช นี้ได้ของทุกคนแน่นอนค้าบ🥰 ______________________________ สั่งซื้อ : 🌷🎧彡 𝗟𝗶𝗻𝗲:@𝟴𝟱𝟬𝘂𝗰𝗱𝗶𝘃(มี@) 🦙𖠵🧦 ⌇🚘 : นัดรับบ้านโอโลภูเขียวหรือใกล้เคียง 🍮 𓈃
2,โทรศัพท์มือสอง,-,ศูนย์,-,-,ประกันร้าน 15-30 วัน,data/images/instagram/post_002/img_1.jpg,https://www.instagram.com/mynowphone.shop/p/Cu_JuWTPvG3,🌷˚ ⛅️✦รีวิวนัดรับนัดใจสบายใจลูกค้า ˏˋ°✨ ร้านเจ้านาวมีบริการนัดรับนะแม่นะ #ส่งถึงมือลูกค้า ปิดสดกันเก่งมาก🖐🏻💗 ลูกค้าพื้นที่ห่างไกล ต่างจังหวัด📮 📦ร้านนาวมีบริการจัดส่งฟรี ขายจริง ส่งจริง ไม่จกตา👀💖 ☁️🌷พิกัด:บ้านโอโลภูเขียวชัยภูมิ 🔍 𝗶𝗴:𝗺𝘆𝗻𝗼𝘄𝗽𝗵𝗼𝗻𝗲.𝘀𝗵𝗼𝗽 🎀🖖🏻 “จดทะเบียนพาณิชย์ทุกต้อง📝 ชื่อบัญชี:เขมจิรา แนวโอโล (เท่านั้น)❗️ _________________________________ สั่งซื้อ : 🌷🎧彡 𝗟𝗶𝗻𝗲:@𝟴𝟱𝟬𝘂𝗰𝗱𝗶𝘃(มี@) 🖇🫐💘
3,โทรศัพท์มือสอง,-,ศูนย์,-,-,ประกันร้าน 15-30 วัน,data/images/instagram/post_003/img_1.jpg,https://www.instagram.com/mynowphone.shop/p/Crm0wHuv30y,🌷﹆🪧รางวัลชีวิตในวัย 19 เข้า 20 ปี🎊 เงินก้อนแรกที่หามาด้วยตัวเอง 🌥💘✳︎ หนีก้อนแรกวัย 19 จุกๆ ขอบคุณครอบครัว แม่ทีม ตัวแทน คุณลูกค้าที่ซัพพอร์ตมาตลอดนะคะ จากนี้ก็ขอยอดปังๆ ลูกค้าน่ารักมาอุดหนุนเยอะๆน้า เพราะต้องจ่ายค่างวด55555 🤣 ____________________________ สั่งซื้อ : 🌷🎧彡 𝗟𝗶𝗻𝗲:@𝟴𝟱𝟬𝘂𝗰𝗱𝗶𝘃(มี@) 🖇🫐💘
4,iPhone 11 64GB TH,64GB,TH,6550,100%,ประกันสินค้าหลังการขาย 15 วัน,data/images/instagram/post_004/img_1.jpg,https://www.instagram.com/mynowphone.shop/p/Dbv29LpE2Qm,"❝🌷🛣️ᯓ 𝐢𝐏𝐡𝐨𝐧𝐞 𝟏𝟏 𝟔𝟒𝐆𝐁 𝐓𝐇 ꒱·🌳🍒✿. 𓈈🔖 ราคา : 𝟔,𝟓𝟓𝟎.- 🚏💖 ส่งฟรี 𓏔🪞การใช้งานปกติทุกอย่าง 𓏔🎀สแกนหน้าได้ จอมีทรูโทน 𓏔🏁มือ 𝟐 มีรอยตามการใช้งาน 𓏔☁️รีเซ็ตเครื่องได้ ไม่ติดไอคราว 𓏔🔋สุขภาพแบต 𝟏𝟎𝟎% 𓏔🌷อุปกรณ์ : ครบกล่อง ของแถม 𓏔🛠ประกันสินค้าหลังการขาย 𝟏𝟓 วัน ____________________________ สั่งซื้อ : 🌷🎧彡 𝗟𝗶𝗻𝗲:@𝟴𝟱𝟬𝘂𝗰𝗱𝗶𝘃(มี@) 🦙𖠵🧦♡´ ⌇🛻💭 : นัดรับบ้านโอโลภูเขียวหรือใกล้เคียง 🍮 𓈃"
5,iPhone 8 Plis 64GB TH,64GB,TH,4990,70%,ประกันสินค้าหลังการขาย 30 วัน,data/images/instagram/post_005/img_1.jpg,https://www.instagram.com/mynowphone.shop/p/DbtbLrIE-oP,"❝🌷🛣️ᯓ 𝐢𝐏𝐡𝐨𝐧𝐞 𝟖 𝐏𝐥𝐢𝐬 𝟔𝟒𝐆𝐁 𝐓𝐇 ꒱·🌳🍒✿. 𓈈🔖 ราคา : 𝟒,𝟗𝟗𝟎.- 🚏💖 ส่งฟรี 𓏔🪞การใช้งานปกติทุกอย่าง 𓏔🎀สแกนหน้าได้ จอมีทรูโทน 𓏔🏁มือ 𝟐 มีรอยตามการใช้งาน 𓏔☁️รีเซ็ตเครื่องได้ ไม่ติดไอคราว 𓏔🔋สุขภาพแบต 𝟕𝟎% 𓏔🌷อุปกรณ์ : ครบกล่อง ของแถม 𓏔🛠ประกันสินค้าหลังการขาย 𝟑𝟎 วัน ____________________________ สั่งซื้อ : 🌷🎧彡 𝗟𝗶𝗻𝗲:@𝟴𝟱𝟬𝘂𝗰𝗱𝗶𝘃(มี@) 🦙𖠵🧦♡´ ⌇🛻💭 : นัดรับบ้านโอโลภูเขียวหรือใกล้เคียง 🍮 𓈃"
6,iPhone 13 128GB,128GB,ศูนย์,11990,100%,ประกันสินค้าหลังการขาย 15 วัน,data/images/instagram/post_006/img_1.jpg,https://www.instagram.com/mynowphone.shop/p/DbtZyAUk4iH,"❝🌷🛣️ᯓ 𝐢𝐏𝐡𝐨𝐧𝐞 𝟏𝟑 𝟏𝟐𝟖𝐆𝐁 𝐋𝐋꒱·🌳🍒✿. 𓈈🔖 ราคา : 𝟏𝟏,𝟗𝟗𝟎.- 🚏💖 ส่งฟรี 𓏔🪞การใช้งานปกติทุกอย่าง 𓏔🎀สแกนหน้าได้ จอมีทรูโทน 𓏔🏁มือ 𝟐 มีรอยตามการใช้งาน 𓏔☁️รีเซ็ตเครื่องได้ ไม่ติดไอคราว 𓏔🔋สุขภาพแบต 𝟏𝟎𝟎% 𓏔🌷อุปกรณ์ : ครบกล่อง ของแถม 𓏔🛠ประกันสินค้าหลังการขาย 𝟏𝟓 วัน ____________________________ สั่งซื้อ : 🌷🎧彡 𝗟𝗶𝗻𝗲:@𝟴𝟱𝟬𝘂𝗰𝗱𝗶𝘃(มี@) 🦙𖠵🧦♡´ ⌇🛻💭 : นัดรับบ้านโอโลภูเขียวหรือใกล้เคียง 🍮 𓈃"
7,iPhone 13 P,128GB,ศูนย์,14990,100%,ประกันสินค้าหลังการขาย 15 วัน,data/images/instagram/post_007/img_1.jpg,https://www.instagram.com/mynowphone.shop/p/DbtYz1wE3yL,"❝🌷🛣️ᯓ 𝐢𝐏𝐡𝐨𝐧𝐞 𝟏𝟑 𝐏𝐫𝐨𝐦𝐚𝐱 𝟏𝟐𝟖𝐆𝐁 𝐋𝐋 ꒱·🌳🍒✿. 𓈈🔖 ราคา : 𝟏𝟒,𝟗𝟗𝟎.- 🚏💖 ส่งฟรี 𓏔🪞การใช้งานปกติทุกอย่าง 𓏔🎀สแกนหน้าได้ จอมีทรูโทน 𓏔🏁มือ 𝟐 มีรอยตามการใช้งาน 𓏔☁️รีเซ็ตเครื่องได้ ไม่ติดไอคราว 𓏔🔋สุขภาพแบต 𝟏𝟎𝟎% 𓏔🌷อุปกรณ์ : ครบกล่อง ของแถม 𓏔🛠ประกันสินค้าหลังการขาย 𝟏𝟓 วัน ____________________________ สั่งซื้อ : 🌷🎧彡 𝗟𝗶𝗻𝗲:@𝟴𝟱𝟬𝘂𝗰𝗱𝗶𝘃(มี@) 🦙𖠵🧦♡´ ⌇🛻💭 : นัดรับบ้านโอโลภูเขียวหรือใกล้เคียง 🍮 𓈃"
8,iPhone 14 Plus 128GB,128GB,ศูนย์,14990,-,ประกันสินค้าหลังการขาย 30 วัน,data/images/instagram/post_008/img_1.jpg,https://www.instagram.com/mynowphone.shop/p/Dbow7RPE2EO,"❝🌷🛣️ᯓ 𝐢𝐏𝐡𝐨𝐧𝐞 𝟏𝟒 𝐏𝐥𝐮𝐬 𝟏𝟐𝟖𝐆𝐁 𝐋𝐋 ꒱·🌳🍒✿. 𓈈🔖 ราคา : 𝟏𝟒,𝟗𝟗𝟎.- 🚏💖 ส่งฟรี 𓏔🪞การใช้งานปกติทุกอย่าง 𓏔🎀สแกนหน้าได้ จอมีทรูโทน 𓏔🏁มือ 𝟐 มีรอยตามการใช้งาน 𓏔☁️รีเซ็ตเครื่องได้ ไม่ติดไอคราว 𓏔🔋สุขภาพแบต 𝟖𝟓+% 𓏔🌷อุปกรณ์ : ครบกล่อง ของแถม 𓏔🛠ประกันสินค้าหลังการขาย 𝟑𝟎 วัน ____________________________ สั่งซื้อ : 🌷🎧彡 𝗟𝗶𝗻𝗲:@𝟴𝟱𝟬𝘂𝗰𝗱𝗶𝘃(มี@) 🦙𖠵🧦♡´ ⌇🛻💭 : นัดรับบ้านโอโลภูเขียวหรือใกล้เคียง 🍮 𓈃"
9,iPhone 15 128GB,128GB,ศูนย์,14990,100%,ประกันสินค้าหลังการขาย 30 วัน,data/images/instagram/post_009/img_1.jpg,https://www.instagram.com/mynowphone.shop/p/DboCaoRE2UZ,"❝🌷🛣️ᯓ 𝐢𝐏𝐡𝐨𝐧𝐞 𝟏𝟓 𝟏𝟐𝟖𝐆𝐁 𝐋𝐋 ꒱·🌳🍒✿. 𓈈🔖 ราคา : 𝟏𝟒,𝟗𝟗𝟎.- 🚏💖 ส่งฟรี ୨ৎ 🌟 วางดาวน์ : 𝟐,𝟗𝟗𝟎 ผ่อนต่อ 𝟐,𝟎𝟗𝟎* : 𝟏𝟎 เดือน🌟 ୨ৎ 𓏔🪞การใช้งานปกติทุกอย่าง 𓏔🎀สแกนหน้าได้ จอมีทรูโทน 𓏔🏁มือ 𝟐 มีรอยตามการใช้งาน 𓏔☁️รีเซ็ตเครื่องได้ ไม่ติดไอคราว 𓏔🔋สุขภาพแบต 𝟏𝟎𝟎% 𓏔🌷อุปกรณ์ : ครบกล่อง ของแถม 𓏔🛠ประกันสินค้าหลังการขาย 𝟑𝟎 วัน ____________________________ สั่งซื้อ : 🌷🎧彡 𝗟𝗶𝗻𝗲:@𝟴𝟱𝟬𝘂𝗰𝗱𝗶𝘃(มี@) 🦙𖠵🧦♡´ ⌇🛻💭 : นัดรับบ้านโอโลภูเขียวหรือใกล้เคียง 🍮 𓈃"
10,iPhone 13 128GB,128GB,ศูนย์,11990,100%,ประกันสินค้าหลังการขาย 30 วัน,data/images/instagram/post_010/img_1.jpg,https://www.instagram.com/mynowphone.shop/p/DboAm2sEzog,"❝🌷🛣️ᯓ 𝐢𝐏𝐡𝐨𝐧𝐞 𝟏𝟑 𝟏𝟐𝟖𝐆𝐁 โมเดลนอก ꒱·🌳🍒✿. 𓈈🔖 ราคา : 𝟏𝟏,𝟗𝟗𝟎.- 🚏💖 ส่งฟรี ୨ৎ 🌟 วางดาวน์ : 𝟐,𝟗𝟗𝟎 ผ่อนต่อ 𝟏,𝟔𝟎𝟒*𝟏𝟐 เดือน🌟 ୨ৎ 𓏔🪞การใช้งานปกติทุกอย่าง 𓏔🎀สแกนหน้าได้ จอมีทรูโทน 𓏔🏁มือ 𝟐 มีรอยตามการใช้งาน 𓏔☁️รีเซ็ตเครื่องได้ ไม่ติดไอคราว 𓏔🔋สุขภาพแบต 𝟏𝟎𝟎% 𓏔🌷อุปกรณ์ : ครบกล่อง ของแถม 𓏔🛠ประกันสินค้าหลังการขาย 𝟑𝟎 วัน ____________________________ สั่งซื้อ : 🌷🎧彡 𝗟𝗶𝗻𝗲:@𝟴𝟱𝟬𝘂𝗰𝗱𝗶𝘃(มี@) 🦙𖠵🧦♡´ ⌇🛻💭 : นัดรับบ้านโอโลภูเขียวหรือใกล้เคียง 🍮 𓈃"
11,iPhone 15 P,256GB,ศูนย์,19550,100%,ประกันสินค้าหลังการขาย 30 วัน,data/images/instagram/post_011/img_1.jpg,https://www.instagram.com/mynowphone.shop/p/Dbd2PNvE5Sx,"❝🌷🛣️ᯓ 𝐢𝐏𝐡𝐨𝐧𝐞 𝟏𝟓 𝐏𝐫𝐨 𝟐𝟓𝟔𝐆𝐁 𝐋𝐋 ꒱·🌳🍒✿. 𓈈🔖 ราคา : 𝟏𝟗,𝟓𝟓𝟎.- 🚏💖 ส่งฟรี ୨ৎ 🌟 วางดาวน์ : 𝟐,𝟗𝟗𝟎 ผ่อนต่อ 𝟑,𝟎𝟖𝟎*𝟏𝟐 เดือน🌟 ୨ৎ 𓏔🪞การใช้งานปกติทุกอย่าง 𓏔🎀สแกนหน้าได้ จอมีทรูโทน 𓏔🏁มือ 𝟐 มีรอยตามการใช้งาน 𓏔☁️รีเซ็ตเครื่องได้ ไม่ติดไอคราว 𓏔🔋สุขภาพแบต 𝟏𝟎𝟎% 𓏔🌷อุปกรณ์ : ครบกล่อง ของแถม 𓏔🛠ประกันสินค้าหลังการขาย 𝟑𝟎 วัน ____________________________ สั่งซื้อ : 🌷🎧彡 𝗟𝗶𝗻𝗲:@𝟴𝟱𝟬𝘂𝗰𝗱𝗶𝘃(มี@) 🦙𖠵🧦♡´ ⌇🛻💭 : นัดรับบ้านโอโลภูเขียวหรือใกล้เคียง 🍮 𓈃"
12,iPhone,128GB,TH,5990,100%,ประกันสินค้าหลังการขาย 30 วัน,data/images/instagram/post_012/img_1.jpg,https://www.instagram.com/mynowphone.shop/p/DbcpVYjoDbu,"❝🌷🛣️ᯓ 𝐢𝐏𝐡𝐨𝐧𝐞 𝐒𝐄 𝟏𝟐𝟖𝐆𝐁 𝐓𝐇 𝟐𝟎𝟐𝟎 ꒱·🌳🍒✿. 𓈈🔖 ราคา : 𝟓,𝟗𝟗𝟎.- 🚏💖 ส่งฟรี 𓏔🪞การใช้งานปกติทุกอย่าง 𓏔🎀สแกนหน้าได้ จอมีทรูโทน 𓏔🏁มือ 𝟐 มีรอยตามการใช้งาน 𓏔☁️รีเซ็ตเครื่องได้ ไม่ติดไอคราว 𓏔🔋สุขภาพแบต 𝟏𝟎𝟎% 𓏔🌷อุปกรณ์ : ชุดชาร์จ ของแถม 𓏔🛠ประกันสินค้าหลังการขาย 𝟑𝟎 วัน ____________________________ สั่งซื้อ : 🌷🎧彡 𝗟𝗶𝗻𝗲:@𝟴𝟱𝟬𝘂𝗰𝗱𝗶𝘃(มี@) 🦙𖠵🧦♡´ ⌇🛻💭 : นัดรับบ้านโอโลภูเขียวหรือใกล้เคียง 🍮 𓈃"
13,iPhone 15 Plus 128GB,128GB,ศูนย์,16550,-,ประกันสินค้าหลังการขาย 30 วัน,data/images/instagram/post_013/img_1.jpg,https://www.instagram.com/mynowphone.shop/p/DbcR8aAoLBq,"❝🌷🛣️ᯓ 𝐢𝐏𝐡𝐨𝐧𝐞 𝟏𝟓 𝐏𝐥𝐮𝐬 𝟏𝟐𝟖𝐆𝐁 𝐋𝐋 ꒱·🌳🍒✿. 𓈈🔖 ราคา : 𝟏𝟔,𝟓𝟓𝟎.- 🚏💖 ส่งฟรี ୨ৎ 🌟 วางดาวน์ : 𝟐,𝟗𝟗𝟎 ผ่อนต่อ 𝟐,𝟐𝟏𝟕*𝟏𝟐 เดือน🌟 ୨ৎ 𓏔🪞การใช้งานปกติทุกอย่าง 𓏔🎀สแกนหน้าได้ จอมีทรูโทน 𓏔🏁มือ 𝟐 มีรอยตามการใช้งาน 𓏔☁️รีเซ็ตเครื่องได้ ไม่ติดไอคราว 𓏔🔋สุขภาพแบต 𝟗𝟎+% 𓏔🌷อุปกรณ์ : ครบกล่อง ของแถม 𓏔🛠ประกันสินค้าหลังการขาย 𝟑𝟎 วัน ____________________________ สั่งซื้อ : 🌷🎧彡 𝗟𝗶𝗻𝗲:@𝟴𝟱𝟬𝘂𝗰𝗱𝗶𝘃(มี@) 🦙𖠵🧦♡´ ⌇🛻💭 : นัดรับบ้านโอโลภูเขียวหรือใกล้เคียง 🍮 𓈃"
14,iPhone 17 128GB,128GB,ศูนย์,27550,100%,ประกันสินค้าประกันศูนย์ 22/03/70,data/images/instagram/post_014/img_1.jpg,https://www.instagram.com/mynowphone.shop/p/DbbYzvoE9Kh,"❝🌷🛣️ᯓ 𝐢𝐏𝐡𝐨𝐧𝐞 𝟏𝟕 𝟏𝟐𝟖𝐆𝐁 𝐙𝐏 ꒱·🌳🍒✿. 𓈈🔖 ราคา : 𝟐𝟕,𝟓𝟓𝟎.- 🚏💖 ส่งฟรี ୨ৎ 🌟 วางดาวน์ : 𝟓,𝟗𝟗𝟎 ผ่อนต่อ 𝟑,𝟑𝟕𝟐*𝟏𝟐 เดือน🌟 ୨ৎ 𓏔🪞การใช้งานปกติทุกอย่าง 𓏔🎀สแกนหน้าได้ จอมีทรูโทน 𓏔🏁มือ 𝟐 มีรอยตามการใช้งาน 𓏔☁️รีเซ็ตเครื่องได้ ไม่ติดไอคราว 𓏔🔋สุขภาพแบต 𝟏𝟎𝟎% 𓏔🌷อุปกรณ์ : ครบกล่องตรงเลขอีมี่ 𓏔🛠ประกันสินค้าประกันศูนย์ 𝟐𝟐/𝟎𝟑/𝟕𝟎 ____________________________ สั่งซื้อ : 🌷🎧彡 𝗟𝗶𝗻𝗲:@𝟴𝟱𝟬𝘂𝗰𝗱𝗶𝘃(มี@) 🦙𖠵🧦♡´ ⌇🛻💭 : นัดรับบ้านโอโลภูเขียวหรือใกล้เคียง 🍮 𓈃"
15,iPhone 12 P,128GB,ศูนย์,9990,100%,ประกันสินค้าหลังการขาย 15 วัน,data/images/instagram/post_015/img_1.jpg,https://www.instagram.com/mynowphone.shop/p/Dba-7hIk4kH,"❝🌷🛣️ᯓ 𝐢𝐏𝐡𝐨𝐧𝐞 𝟏𝟐 𝐏𝐫𝐨𝐦𝐚𝐱 𝟏𝟐𝟖𝐆𝐁 𝐋𝐋 ꒱·🌳🍒✿. 𓈈🔖 ราคา : 𝟗,𝟗𝟗𝟎.- 🚏💖 ส่งฟรี 𓏔🪞การใช้งานปกติทุกอย่าง 𓏔🎀สแกนหน้าได้ จอมีทรูโทน 𓏔🏁มือ 𝟐 มีรอยตามการใช้งาน 𓏔☁️รีเซ็ตเครื่องได้ ไม่ติดไอคราว 𓏔🔋สุขภาพแบต 𝟏𝟎𝟎% 𓏔🌷อุปกรณ์ : ครบกล่อง ของแถม 𓏔🛠ประกันสินค้าหลังการขาย 𝟏𝟓 วัน ____________________________ สั่งซื้อ : 🌷🎧彡 𝗟𝗶𝗻𝗲:@𝟴𝟱𝟬𝘂𝗰𝗱𝗶𝘃(มี@) 🦙𖠵🧦♡´ ⌇🛻💭 : นัดรับบ้านโอโลภูเขียวหรือใกล้เคียง 🍮 𓈃"
16,iPhone 13 128GB,128GB,ศูนย์,11990,100%,ประกันสินค้าหลังการขาย 15 วัน,data/images/instagram/post_016/img_1.jpg,https://www.instagram.com/mynowphone.shop/p/DbaTRMQoJ51,"❝🌷🛣️ᯓ 𝐢𝐏𝐡𝐨𝐧𝐞 𝟏𝟑 𝟏𝟐𝟖𝐆𝐁 𝐋𝐋꒱·🌳🍒✿. 𓈈🔖 ราคา : 𝟏𝟏,𝟗𝟗𝟎.- 🚏💖 ส่งฟรี 𓏔🪞การใช้งานปกติทุกอย่าง 𓏔🎀สแกนหน้าได้ จอมีทรูโทน 𓏔🏁มือ 𝟐 มีรอยตามการใช้งาน 𓏔☁️รีเซ็ตเครื่องได้ ไม่ติดไอคราว 𓏔🔋สุขภาพแบต 𝟏𝟎𝟎% 𓏔🌷อุปกรณ์ : ครบกล่อง ของแถม 𓏔🛠ประกันสินค้าหลังการขาย 𝟏𝟓 วัน ____________________________ สั่งซื้อ : 🌷🎧彡 𝗟𝗶𝗻𝗲:@𝟴𝟱𝟬𝘂𝗰𝗱𝗶𝘃(มี@) 🦙𖠵🧦♡´ ⌇🛻💭 : นัดรับบ้านโอโลภูเขียวหรือใกล้เคียง 🍮 𓈃"
17,โทรศัพท์มือสอง,64GB,TH,11990,93%,ประกันสินค้าหลังการขาย 30 วัน,data/images/instagram/post_017/img_1.jpg,https://www.instagram.com/mynowphone.shop/p/DbYtmlMk-Kw,"❝🌷🛣️ᯓ 𝐢𝐏𝐚𝐝 𝐆𝐞𝐧𝟏𝟎 𝟔𝟒𝐆𝐁 𝐓𝐇 ꒱·🌳🍒✿. 𓈈🔖 ราคา : 𝟏𝟏,𝟗𝟗𝟎.- 🚏💖 ส่งฟรี ୨ৎ 🌟 วางดาวน์ : 𝟑,𝟗𝟗𝟎 ผ่อนต่อ 𝟏,𝟐𝟏𝟎*𝟏𝟐 เดือน🌟 ୨ৎ 𓏔🪞การใช้งานปกติทุกอย่าง 𓏔🎀สแกนหน้าได้ จอมีทรูโทน 𓏔🏁มือ 𝟐 มีรอยตามการใช้งาน 𓏔☁️รีเซ็ตเครื่องได้ ไม่ติดไอคราว 𓏔🔋สุขภาพแบต 𝟗𝟑% 𓏔🌷อุปกรณ์ : ครบกล่อง ของแถม 𓏔🛠ประกันสินค้าหลังการขาย 𝟑𝟎 วัน ____________________________ สั่งซื้อ : 🌷🎧彡 𝗟𝗶𝗻𝗲:@𝟴𝟱𝟬𝘂𝗰𝗱𝗶𝘃(มี@) 🦙𖠵🧦♡´ ⌇🛻💭 : นัดรับบ้านโอโลภูเขียวหรือใกล้เคียง 🍮 𓈃"
18,iPhone 16 P,128GB,ศูนย์,27550,85%,ประกันสินค้าหลังการขาย 30 วัน,data/images/instagram/post_018/img_1.jpg,https://www.instagram.com/mynowphone.shop/p/DbYcC2Ukw1w,"❝🌷🛣️ᯓ 𝐢𝐏𝐡𝐨𝐧𝐞 𝟏𝟔 𝐏𝐫𝐨 𝟏𝟐𝟖𝐆𝐁 𝐙𝐏 ꒱·🌳🍒✿. 𓈈🔖 ราคา : 𝟐𝟕,𝟓𝟓𝟎.- 🚏💖 ส่งฟรี ୨ৎ 🌟 วางดาวน์ : 𝟓,𝟗𝟗𝟎 ผ่อนต่อ 𝟑,𝟒𝟒𝟐*𝟏𝟐 เดือน🌟 ୨ৎ 𓏔🪞การใช้งานปกติทุกอย่าง 𓏔🎀สแกนหน้าได้ จอมีทรูโทน 𓏔🏁มือ 𝟐 มีรอยตามการใช้งาน 𓏔☁️รีเซ็ตเครื่องได้ ไม่ติดไอคราว 𓏔🔋สุขภาพแบต 𝟖𝟓% 𓏔🌷อุปกรณ์ : ครบกล่อง ของแถม 𓏔🛠ประกันสินค้าหลังการขาย 𝟑𝟎 วัน ____________________________ สั่งซื้อ : 🌷🎧彡 𝗟𝗶𝗻𝗲:@𝟴𝟱𝟬𝘂𝗰𝗱𝗶𝘃(มี@) 🦙𖠵🧦♡´ ⌇🛻💭 : นัดรับบ้านโอโลภูเขียวหรือใกล้เคียง 🍮 𓈃"
19,iPhone 11 P,512GB,TH,7990,100%,ประกันสินค้าหลังการขาย 30 วัน,data/images/instagram/post_019/img_1.jpg,https://www.instagram.com/mynowphone.shop/p/DbYbat7E184,"❝🌷🛣️ᯓ 𝐢𝐏𝐡𝐨𝐧𝐞 𝟏𝟏 𝐏𝐫𝐨 𝟓𝟏𝟐𝐆𝐁 𝐓𝐇 ꒱·🌳🍒✿. 𓈈🔖 ราคา : 𝟕,𝟗𝟗𝟎.- 🚏💖 ส่งฟรี 𓏔🪞การใช้งานปกติทุกอย่าง 𓏔🎀สแกนหน้าได้ จอมีทรูโทน 𓏔🏁มือ 𝟐 มีรอยตามการใช้งาน 𓏔☁️รีเซ็ตเครื่องได้ ไม่ติดไอคราว 𓏔🔋สุขภาพแบต 𝟏𝟎𝟎% 𓏔🌷อุปกรณ์ : ครบกล่อง ของแถม 𓏔🛠ประกันสินค้าหลังการขาย 𝟑𝟎 วัน ____________________________ สั่งซื้อ : 🌷🎧彡 𝗟𝗶𝗻𝗲:@𝟴𝟱𝟬𝘂𝗰𝗱𝗶𝘃(มี@) 🦙𖠵🧦♡´ ⌇🛻💭 : นัดรับบ้านโอโลภูเขียวหรือใกล้เคียง 🍮 𓈃"
20,iPhone 15 P,256GB,ศูนย์,18990,98%,ประกันสินค้าหลังการขาย 30 วัน,data/images/instagram/post_020/img_1.jpg,https://www.instagram.com/mynowphone.shop/p/DbUi5ZAE2x1,"❝🌷🛣️ᯓ 𝐢𝐏𝐡𝐨𝐧𝐞 𝟏𝟓 𝐏𝐫𝐨𝐦𝐚𝐱 𝟐𝟓𝟔𝐆𝐁 𝐋𝐋 ꒱·🌳🍒✿. 𓈈🔖 ราคา : 𝟏𝟖,𝟗𝟗𝟎.- 🚏💖 ส่งฟรี 𓏔🪞การใช้งานปกติทุกอย่าง 𓏔🎀สแกนหน้าได้ จอมีทรูโทน 𓏔🏁มือ 𝟐 มีรอยตามการใช้งาน 𓏔☁️รีเซ็ตเครื่องได้ ไม่ติดไอคราว 𓏔🔋สุขภาพแบต 𝟗𝟖% 𓏔🌷อุปกรณ์ : ครบกล่อง ของแถม 𓏔🛠ประกันสินค้าหลังการขาย 𝟑𝟎 วัน ____________________________ สั่งซื้อ : 🌷🎧彡 𝗟𝗶𝗻𝗲:@𝟴𝟱𝟬𝘂𝗰𝗱𝗶𝘃(มี@) 🦙𖠵🧦♡´ ⌇🛻💭 : นัดรับบ้านโอโลภูเขียวหรือใกล้เคียง 🍮 𓈃"
21,iPhone 17 256GB,256GB,ศูนย์,27990,100%,ประกันสินค้าประกันศูนย์ 17/03/07,data/images/instagram/post_021/img_1.jpg,https://www.instagram.com/mynowphone.shop/p/DbLxBK3E2ta,"❝🌷🛣️ᯓ 𝐢𝐏𝐡𝐨𝐧𝐞 𝟏𝟕 𝟐𝟓𝟔𝐆𝐁 𝐙𝐏 ꒱·🌳🍒✿. 𓈈🔖 ราคา : 𝟐𝟕,𝟗𝟗𝟎.- 🚏💖 ส่งฟรี ୨ৎ 🌟 วางดาวน์ : 𝟔,𝟗𝟎𝟎 ผ่อนต่อ 𝟑,𝟕𝟏𝟎*𝟏𝟐 เดือน🌟 ୨ৎ 𓏔🪞การใช้งานปกติทุกอย่าง 𓏔🎀สแกนหน้าได้ จอมีทรูโทน 𓏔🏁มือ 𝟐 มีรอยตามการใช้งาน 𓏔☁️รีเซ็ตเครื่องได้ ไม่ติดไอคราว 𓏔🔋สุขภาพแบต 𝟏𝟎𝟎% 𓏔🌷อุปกรณ์ : ครบกล่อง ของแถม 𓏔🛠ประกันสินค้าประกันศูนย์ 𝟏𝟕/𝟎𝟑/𝟎𝟕 ____________________________ สั่งซื้อ : 🌷🎧彡 𝗟𝗶𝗻𝗲:@𝟴𝟱𝟬𝘂𝗰𝗱𝗶𝘃(มี@) 🦙𖠵🧦♡´ ⌇🛻💭 : นัดรับบ้านโอโลภูเขียวหรือใกล้เคียง 🍮 𓈃"
22,iPhone 16 128GB,128GB,ศูนย์,19990,100%,ประกันสินค้าหลังการขาย 30 วัน,data/images/instagram/post_022/img_1.jpg,https://www.instagram.com/mynowphone.shop/p/DbLewDfEyOg,"❝🌷🛣️ᯓ 𝐢𝐏𝐡𝐨𝐧𝐞 𝟏𝟔 𝟏𝟐𝟖𝐆𝐁 𝐋𝐋 ꒱·🌳🍒✿. 𓈈🔖 ราคา : 𝟏𝟗,𝟗𝟗𝟎.- 🚏💖 ส่งฟรี ୨ৎ 🌟 วางดาวน์ : 𝟑,𝟓𝟓𝟎 ผ่อนต่อ 𝟐,𝟕𝟎𝟎*𝟏𝟐 เดือน🌟 ୨ৎ 𓏔🪞การใช้งานปกติทุกอย่าง 𓏔🎀สแกนหน้าได้ จอมีทรูโทน 𓏔🏁มือ 𝟐 มีรอยตามการใช้งาน 𓏔☁️รีเซ็ตเครื่องได้ ไม่ติดไอคราว 𓏔🔋สุขภาพแบต 𝟏𝟎𝟎% 𓏔🌷อุปกรณ์ : ครบกล่อง ของแถม 𓏔🛠ประกันสินค้าหลังการขาย 𝟑𝟎 วัน ____________________________ สั่งซื้อ : 🌷🎧彡 𝗟𝗶𝗻𝗲:@𝟴𝟱𝟬𝘂𝗰𝗱𝗶𝘃(มี@) 🦙𖠵🧦♡´ ⌇🛻💭 : นัดรับบ้านโอโลภูเขียวหรือใกล้เคียง 🍮 𓈃"
23,iPhone 14 P,128GB,ศูนย์,16990,100%,ประกันสินค้าหลังการขาย 30 วัน,data/images/instagram/post_023/img_1.jpg,https://www.instagram.com/mynowphone.shop/p/DbLWR34k8Qj,"❝🌷🛣️ᯓ 𝐢𝐏𝐡𝐨𝐧𝐞 𝟏𝟒 𝐏𝐫𝐨𝐦𝐚𝐱 𝟏𝟐𝟖𝐆𝐁 𝐋𝐋 ꒱·🌳🍒✿. 𓈈🔖 ราคา : 𝟏𝟔,𝟗𝟗𝟎.- 🚏💖 ส่งฟรี ୨ৎ 🌟 วางดาวน์ : 𝟐,𝟗𝟗𝟎 ผ่อนต่อ 𝟐,𝟔𝟖𝟎*𝟏𝟐 เดือน🌟 ୨ৎ 𓏔🪞การใช้งานปกติทุกอย่าง 𓏔🎀สแกนหน้าได้ จอมีทรูโทน 𓏔🏁มือ 𝟐 มีรอยตามการใช้งาน 𓏔☁️รีเซ็ตเครื่องได้ ไม่ติดไอคราว 𓏔🔋สุขภาพแบต 𝟏𝟎𝟎% 𓏔🌷อุปกรณ์ : ครบกล่อง ของแถม 𓏔🛠ประกันสินค้าหลังการขาย 𝟑𝟎 วัน ____________________________ สั่งซื้อ : 🌷🎧彡 𝗟𝗶𝗻𝗲:@𝟴𝟱𝟬𝘂𝗰𝗱𝗶𝘃(มี@) 🦙𖠵🧦♡´ ⌇🛻💭 : นัดรับบ้านโอโลภูเขียวหรือใกล้เคียง 🍮 𓈃"
24,iPhone 13 P,128GB,TH,14550,91%,ประกันสินค้าหลังการขาย 30 วัน,data/images/instagram/post_024/img_1.jpg,https://www.instagram.com/mynowphone.shop/p/DbAZAFPoB8M,"❝🌷🛣️ᯓ 𝐢𝐏𝐡𝐨𝐧𝐞 𝟏𝟑 𝐏𝐫𝐨𝐦𝐚𝐱 𝟏𝟐𝟖𝐆𝐁 𝐓𝐇 ꒱·🌳🍒✿. 𓈈🔖 ราคา : 𝟏𝟒,𝟓𝟓𝟎.- 🚏💖 ส่งฟรี 𓏔🪞การใช้งานปกติทุกอย่าง 𓏔🎀สแกนหน้าได้ จอมีทรูโทน 𓏔🏁มือ 𝟐 มีรอยตามการใช้งาน 𓏔☁️รีเซ็ตเครื่องได้ ไม่ติดไอคราว 𓏔🔋สุขภาพแบต 𝟗𝟏% 𓏔🌷อุปกรณ์ : ครบกล่อง ของแถม 𓏔🛠ประกันสินค้าหลังการขาย 𝟑𝟎 วัน ____________________________ สั่งซื้อ : 🌷🎧彡 𝗟𝗶𝗻𝗲:@𝟴𝟱𝟬𝘂𝗰𝗱𝗶𝘃(มี@) 🦙𖠵🧦♡´ ⌇🛻💭 : นัดรับบ้านโอโลภูเขียวหรือใกล้เคียง 🍮 𓈃"
25,iPhone 14 P,128GB,TH,19990,94%,ประกันสินค้าหลังการขาย 30 วัน,data/images/instagram/post_025/img_1.jpg,https://www.instagram.com/mynowphone.shop/p/DbAM2POoGDi,"❝🌷🛣️ᯓ 𝐢𝐏𝐡𝐨𝐧𝐞 𝟏𝟒 𝐏𝐫𝐨𝐦𝐚𝐱 𝟏𝟐𝟖𝐆𝐁 𝐓𝐇 ꒱·🌳🍒✿. 𓈈🔖 ราคา : 𝟏𝟗,𝟗𝟗𝟎.- 🚏💖 ส่งฟรี 𓏔🪞การใช้งานปกติทุกอย่าง 𓏔🎀สแกนหน้าได้ จอมีทรูโทน 𓏔🏁มือ 𝟐 มีรอยตามการใช้งาน 𓏔☁️รีเซ็ตเครื่องได้ ไม่ติดไอคราว 𓏔🔋สุขภาพแบต 𝟗𝟒% 𓏔🌷อุปกรณ์ : ครบกล่อง ของแถม 𓏔🛠ประกันสินค้าหลังการขาย 𝟑𝟎 วัน ____________________________ สั่งซื้อ : 🌷🎧彡 𝗟𝗶𝗻𝗲:@𝟴𝟱𝟬𝘂𝗰𝗱𝗶𝘃(มี@) 🦙𖠵🧦♡´ ⌇🛻💭 : นัดรับบ้านโอโลภูเขียวหรือใกล้เคียง 🍮 𓈃"
26,iPhone,64GB,TH,5990,100%,ประกันสินค้าหลังการขาย 15 วัน,data/images/instagram/post_026/img_1.jpg,https://www.instagram.com/mynowphone.shop/p/Da5E6BQk-pl,"❝🌷🛣️ᯓ 𝐢𝐏𝐡𝐨𝐧𝐞 𝐗𝐫 𝟔𝟒𝐆𝐁 𝐓𝐇 ꒱·🌳🍒✿. 𓈈🔖 ราคา : 𝟓,𝟗𝟗𝟎.- 🚏💖 ส่งฟรี 𓏔🪞การใช้งานปกติทุกอย่าง 𓏔🎀สแกนหน้าได้ จอมีทรูโทน 𓏔🏁มือ 𝟐 มีรอยตามการใช้งาน 𓏔☁️รีเซ็ตเครื่องได้ ไม่ติดไอคราว 𓏔🔋สุขภาพแบต 𝟏𝟎𝟎% 𓏔🌷อุปกรณ์ : ครบกล่อง ของแถม 𓏔🛠ประกันสินค้าหลังการขาย 𝟏𝟓 วัน ____________________________ สั่งซื้อ : 🌷🎧彡 𝗟𝗶𝗻𝗲:@𝟴𝟱𝟬𝘂𝗰𝗱𝗶𝘃(มี@) 🦙𖠵🧦♡´ ⌇🛻💭 : นัดรับบ้านโอโลภูเขียวหรือใกล้เคียง 🍮 𓈃"
27,iPhone 11 64GB TH,64GB,TH,6550,100%,ประกันสินค้าหลังการขาย 15 วัน,data/images/instagram/post_027/img_1.jpg,https://www.instagram.com/mynowphone.shop/p/Da5C5OpEw8f,"❝🌷🛣️ᯓ 𝐢𝐏𝐡𝐨𝐧𝐞 𝟏𝟏 𝟔𝟒𝐆𝐁 𝐓𝐇 ꒱·🌳🍒✿. 𓈈🔖 ราคา : 𝟔,𝟓𝟓𝟎.- 🚏💖 ส่งฟรี 𓏔🪞การใช้งานปกติทุกอย่าง 𓏔🎀สแกนหน้าได้ จอมีทรูโทน 𓏔🏁มือ 𝟐 มีรอยตามการใช้งาน 𓏔☁️รีเซ็ตเครื่องได้ ไม่ติดไอคราว 𓏔🔋สุขภาพแบต 𝟏𝟎𝟎% 𓏔🌷อุปกรณ์ : ครบกล่อง ของแถม 𓏔🛠ประกันสินค้าหลังการขาย 𝟏𝟓 วัน ____________________________ สั่งซื้อ : 🌷🎧彡 𝗟𝗶𝗻𝗲:@𝟴𝟱𝟬𝘂𝗰𝗱𝗶𝘃(มี@) 🦙𖠵🧦♡´ ⌇🛻💭 : นัดรับบ้านโอโลภูเขียวหรือใกล้เคียง 🍮 𓈃"
28,iPhone 15 128GB,128GB,ศูนย์,14990,100%,ประกันสินค้าหลังการขาย 15 วัน,data/images/instagram/post_028/img_1.jpg,https://www.instagram.com/mynowphone.shop/p/Da4XM7_k795,"❝🌷🛣️ᯓ 𝐢𝐏𝐡𝐨𝐧𝐞 𝟏𝟓 𝟏𝟐𝟖𝐆𝐁 𝐋𝐋 ꒱·🌳🍒✿. 𓈈🔖 ราคา : 𝟏𝟒,𝟗𝟗𝟎.- 🚏💖 ส่งฟรี 𓏔🪞การใช้งานปกติทุกอย่าง 𓏔🎀สแกนหน้าได้ จอมีทรูโทน 𓏔🏁มือ 𝟐 มีรอยตามการใช้งาน 𓏔☁️รีเซ็ตเครื่องได้ ไม่ติดไอคราว 𓏔🔋สุขภาพแบต 𝟏𝟎𝟎% 𓏔🌷อุปกรณ์ : ครบกล่อง ของแถม 𓏔🛠ประกันสินค้าหลังการขาย 𝟏𝟓 วัน ____________________________ สั่งซื้อ : 🌷🎧彡 𝗟𝗶𝗻𝗲:@𝟴𝟱𝟬𝘂𝗰𝗱𝗶𝘃(มี@) 🦙𖠵🧦♡´ ⌇🛻💭 : นัดรับบ้านโอโลภูเขียวหรือใกล้เคียง 🍮 𓈃"
29,iPhone 14 Plus 128GB,128GB,ศูนย์,13990,100%,ประกันสินค้าหลังการขาย 15 วัน,data/images/instagram/post_029/img_1.jpg,https://www.instagram.com/mynowphone.shop/p/DafwOh5k4bQ,"❝🌷🛣️ᯓ 𝐢𝐏𝐡𝐨𝐧𝐞 𝟏𝟒 𝐏𝐥𝐮𝐬 𝟏𝟐𝟖𝐆𝐁 𝐋𝐋 ꒱·🌳🍒✿. 𓈈🔖 ราคา : 𝟏𝟑,𝟗𝟗𝟎.- 🚏💖 ส่งฟรี 𓏔🪞การใช้งานปกติทุกอย่าง 𓏔🎀สแกนหน้าได้ จอมีทรูโทน 𓏔🏁มือ 𝟐 มีรอยตามการใช้งาน 𓏔☁️รีเซ็ตเครื่องได้ ไม่ติดไอคราว 𓏔🔋สุขภาพแบต 𝟏𝟎𝟎% 𓏔🌷อุปกรณ์ : ครบกล่อง ของแถม 𓏔🛠ประกันสินค้าหลังการขาย 𝟏𝟓 วัน ____________________________ สั่งซื้อ : 🌷🎧彡 𝗟𝗶𝗻𝗲:@𝟴𝟱𝟬𝘂𝗰𝗱𝗶𝘃(มี@) 🦙𖠵🧦♡´ ⌇🛻💭 : นัดรับบ้านโอโลภูเขียวหรือใกล้เคียง 🍮 𓈃"
30,iPhone 11 64GB TH,64GB,TH,6990,100%,ประกันสินค้าหลังการขาย 15 วัน,data/images/instagram/post_030/img_1.jpg,https://www.instagram.com/mynowphone.shop/p/DaevJVxEyDb,"❝🌷🛣️ᯓ 𝐢𝐏𝐡𝐨𝐧𝐞 𝟏𝟏 𝟔𝟒𝐆𝐁 𝐓𝐇 ꒱·🌳🍒✿. 𓈈🔖 ราคา : 𝟔,𝟗𝟗𝟎.- 🚏💖 ส่งฟรี 𓏔🪞การใช้งานปกติทุกอย่าง 𓏔🎀สแกนหน้าได้ จอมีทรูโทน 𓏔🏁มือ 𝟐 มีรอยตามการใช้งาน 𓏔☁️รีเซ็ตเครื่องได้ ไม่ติดไอคราว 𓏔🔋สุขภาพแบต 𝟏𝟎𝟎% 𓏔🌷อุปกรณ์ : ครบกล่อง ของแถม 𓏔🛠ประกันสินค้าหลังการขาย 𝟏𝟓 วัน ____________________________ สั่งซื้อ : 🌷🎧彡 𝗟𝗶𝗻𝗲:@𝟴𝟱𝟬𝘂𝗰𝗱𝗶𝘃(มี@) 🦙𖠵🧦♡´ ⌇🛻💭 : นัดรับบ้านโอโลภูเขียวหรือใกล้เคียง 🍮 𓈃"
31,iPhone 13 P,128GB,ศูนย์,14990,100%,ประกันสินค้าหลังการขาย 30 วัน,data/images/instagram/post_031/img_1.jpg,https://www.instagram.com/mynowphone.shop/p/DaR5oDcE1iU,"❝🌷🛣️ᯓ 𝐢𝐏𝐡𝐨𝐧𝐞 𝟏𝟑 𝐏𝐫𝐨𝐦𝐚𝐱 𝟏𝟐𝟖𝐆𝐁 โมเดลนอก ꒱·🌳🍒✿. 𓈈🔖 ราคา : 𝟏𝟒,𝟗𝟗𝟎.- 🚏💖 ส่งฟรี ୨ৎ 🌟 วางดาวน์ : 𝟑,𝟓𝟓𝟎 ผ่อนต่อ 𝟏,𝟖𝟐𝟎*𝟏𝟐 เดือน🌟 ୨ৎ 𓏔🪞การใช้งานปกติทุกอย่าง 𓏔🎀สแกนหน้าได้ จอมีทรูโทน 𓏔🏁มือ 𝟐 มีรอยตามการใช้งาน 𓏔☁️รีเซ็ตเครื่องได้ ไม่ติดไอคราว 𓏔🔋สุขภาพแบต 𝟏𝟎𝟎% 𓏔🌷อุปกรณ์ : กล่อง ของแถม 𓏔🛠ประกันสินค้าหลังการขาย 𝟑𝟎 วัน ____________________________ สั่งซื้อ : 🌷🎧彡 𝗟𝗶𝗻𝗲:@𝟴𝟱𝟬𝘂𝗰𝗱𝗶𝘃(มี@) 🦙𖠵🧦♡´ ⌇🛻💭 : นัดรับบ้านโอโลภูเขียวหรือใกล้เคียง 🍮 𓈃"
32,โทรศัพท์มือสอง,-,ศูนย์,-,-,ประกันร้าน 15-30 วัน,,https://www.instagram.com/mynowphone.shop/p/DaR4IFqE1dQ,
33,iPhone iP,-,TH,15550,100%,ประกันสินค้าศูนย์เหลือ 06/03/70,data/images/instagram/post_033/img_1.jpg,https://www.instagram.com/mynowphone.shop/p/DaCBfCKE4aL,"❝🌷🛣️ᯓ 𝐢𝐏𝐡𝐨𝐧𝐞 𝐢𝐏𝐚𝐝 𝐆𝐞𝐧𝟏𝟏 𝟏𝟐𝟖𝐠𝐛𝐓𝐇 ꒱·🌳🍒✿. 𓈈🔖 ราคา : 𝟏𝟓,𝟓𝟓𝟎.- 🚏💖 ส่งฟรี ୨ৎ 🌟 วางดาวน์ : 𝟑,𝟓𝟓𝟎 ผ่อนต่อ 𝟏,𝟔𝟕𝟎*𝟏𝟐 เดือน🌟 ୨ৎ 𓏔🪞การใช้งานปกติทุกอย่าง 𓏔🎀สแกนหน้าได้ จอมีทรูโทน 𓏔🏁มือ 𝟐 มีรอยตามการใช้งาน 𓏔☁️รีเซ็ตเครื่องได้ ไม่ติดไอคราว 𓏔🔋สุขภาพแบต 𝟏𝟎𝟎% 𓏔🌷อุปกรณ์ : กล่อง ของแถม 𓏔🛠ประกันสินค้าศูนย์เหลือ 𝟎𝟔/𝟎𝟑/𝟕𝟎 ____________________________ สั่งซื้อ : 🌷🎧彡 𝗟𝗶𝗻𝗲:@𝟴𝟱𝟬𝘂𝗰𝗱𝗶𝘃(มี@) 🦙𖠵🧦♡´ ⌇🛻💭 : นัดรับบ้านโอโลภูเขียวหรือใกล้เคียง 🍮 𓈃"
34,iPhone 12 P,128GB,ศูนย์,11550,100%,ประกันสินค้าหลังการขาย 15 วัน,data/images/instagram/post_034/img_1.jpg,https://www.instagram.com/mynowphone.shop/p/DZ_cJQ3ky_v,"❝🌷🛣️ᯓ 𝐢𝐏𝐡𝐨𝐧𝐞 𝟏𝟐 𝐏𝐫𝐨𝐦𝐚𝐱 𝟏𝟐𝟖𝐆𝐁 𝐋𝐋 ꒱·🌳🍒✿. 𓈈🔖 ราคา : 𝟏𝟏,𝟓𝟓𝟎.- 🚏💖 ส่งฟรี 𓏔🪞การใช้งานปกติทุกอย่าง 𓏔🎀สแกนหน้าได้ จอมีทรูโทน 𓏔🏁มือ 𝟐 มีรอยตามการใช้งาน 𓏔☁️รีเซ็ตเครื่องได้ ไม่ติดไอคราว 𓏔🔋สุขภาพแบต 𝟏𝟎𝟎% 𓏔🌷อุปกรณ์ : ครบกล่อง ของแถม 𓏔🛠ประกันสินค้าหลังการขาย 𝟏𝟓 วัน ____________________________ สั่งซื้อ : 🌷🎧彡 𝗟𝗶𝗻𝗲:@𝟴𝟱𝟬𝘂𝗰𝗱𝗶𝘃(มี@) 🦙𖠵🧦♡´ ⌇🛻💭 : นัดรับบ้านโอโลภูเขียวหรือใกล้เคียง 🍮 𓈃"
35,iPhone 11 64GB TH,64GB,TH,5990,100%,ประกันสินค้าหลังการขาย 15 วัน,data/images/instagram/post_035/img_1.jpg,https://www.instagram.com/mynowphone.shop/p/DZ_XvM4E0JI,"❝🌷🛣️ᯓ 𝐢𝐏𝐡𝐨𝐧𝐞 𝟏𝟏 𝟔𝟒𝐆𝐁 𝐓𝐇 ꒱·🌳🍒✿. 𓈈🔖 ราคา : 𝟓,𝟗𝟗𝟎.- 🚏💖 ส่งฟรี 𓏔🪞การใช้งานปกติทุกอย่าง 𓏔🎀สแกนหน้าได้ จอมีทรูโทน 𓏔🏁มือ 𝟐 มีรอยตามการใช้งาน 𓏔☁️รีเซ็ตเครื่องได้ ไม่ติดไอคราว 𓏔🔋สุขภาพแบต 𝟏𝟎𝟎% 𓏔🌷อุปกรณ์ : ครบกล่อง ของแถม 𓏔🛠ประกันสินค้าหลังการขาย 𝟏𝟓 วัน ____________________________ สั่งซื้อ : 🌷🎧彡 𝗟𝗶𝗻𝗲:@𝟴𝟱𝟬𝘂𝗰𝗱𝗶𝘃(มี@) 🦙𖠵🧦♡´ ⌇🛻💭 : นัดรับบ้านโอโลภูเขียวหรือใกล้เคียง 🍮 𓈃"
36,iPhone 16 P,256GB,ศูนย์,29990,100%,ประกันสินค้าหลังการขาย 30 วัน,data/images/instagram/post_036/img_1.jpg,https://www.instagram.com/mynowphone.shop/p/DZ-iQE5E6BA,"❝🌷🛣️ᯓ 𝐢𝐏𝐡𝐨𝐧𝐞 𝟏𝟔 𝐏𝐫𝐨𝐦𝐚𝐱 𝟐𝟓𝟔𝐆𝐁 𝐋𝐋 ꒱·🌳🍒✿. 𓈈🔖 ราคา : 𝟐𝟗,𝟗𝟗𝟎.- 🚏💖 ส่งฟรี ୨ৎ 🌟 วางดาวน์ : 𝟒,𝟗𝟗𝟎 ผ่อนต่อ 𝟑,𝟑𝟖𝟕*𝟏𝟖 เดือน🌟 ୨ৎ 𓏔🪞การใช้งานปกติทุกอย่าง 𓏔🎀สแกนหน้าได้ จอมีทรูโทน 𓏔🏁มือ 𝟐 มีรอยตามการใช้งาน 𓏔☁️รีเซ็ตเครื่องได้ ไม่ติดไอคราว 𓏔🔋สุขภาพแบต 𝟏𝟎𝟎% 𓏔🌷อุปกรณ์ : ครบกล่อง ของแถม 𓏔🛠ประกันสินค้าหลังการขาย 𝟑𝟎 วัน ____________________________ สั่งซื้อ : 🌷🎧彡 𝗟𝗶𝗻𝗲:@𝟴𝟱𝟬𝘂𝗰𝗱𝗶𝘃(มี@) 🦙𖠵🧦♡´ ⌇🛻💭 : นัดรับบ้านโอโลภูเขียวหรือใกล้เคียง 🍮 𓈃"
37,iPhone 14 P,128GB,ศูนย์,16550,100%,ประกันสินค้าหลังการขาย 30 วัน,data/images/instagram/post_037/img_1.jpg,https://www.instagram.com/mynowphone.shop/p/DZ9gVOhE87h,"❝🌷🛣️ᯓ 𝐢𝐏𝐡𝐨𝐧𝐞 𝟏𝟒 𝐏𝐫𝐨𝐦𝐚𝐱 𝟏𝟐𝟖𝐆𝐁 𝐋𝐋 ꒱·🌳🍒✿. 𓈈🔖 ราคา : 𝟏𝟔,𝟓𝟓𝟎.- 🚏💖 ส่งฟรี ୨ৎ 🌟 วางดาวน์ : 𝟏,𝟗𝟗𝟎 ผ่อนต่อ 𝟐,𝟒𝟐𝟎*𝟏𝟐 เดือน🌟 ୨ৎ 𓏔🪞การใช้งานปกติทุกอย่าง 𓏔🎀สแกนหน้าได้ จอมีทรูโทน 𓏔🏁มือ 𝟐 มีรอยตามการใช้งาน 𓏔☁️รีเซ็ตเครื่องได้ ไม่ติดไอคราว 𓏔🔋สุขภาพแบต 𝟏𝟎𝟎% 𓏔🌷อุปกรณ์ : ครบกล่อง ของแถม 𓏔🛠ประกันสินค้าหลังการขาย 𝟑𝟎 วัน ____________________________ สั่งซื้อ : 🌷🎧彡 𝗟𝗶𝗻𝗲:@𝟴𝟱𝟬𝘂𝗰𝗱𝗶𝘃(มี@) 🦙𖠵🧦♡´ ⌇🛻💭 : นัดรับบ้านโอโลภูเขียวหรือใกล้เคียง 🍮 𓈃"
38,iPhone 16 128GB,128GB,ศูนย์,23990,88%,ประกันสินค้าหลังการขาย 30 วัน,data/images/instagram/post_038/img_1.jpg,https://www.instagram.com/mynowphone.shop/p/DZ9UJTEkzQ3,"❝🌷🛣️ᯓ 𝐢𝐏𝐡𝐨𝐧𝐞 𝟏𝟔 𝟏𝟐𝟖𝐆𝐁 𝐙𝐏/𝐀 𓈈🔖 ราคา : 𝟐𝟑,𝟗𝟗𝟎 ꒱·🌳🍒✿..- 🚏💖 ส่งฟรี ୨ৎ 🌟 วางดาวน์ : 𝟑,𝟗𝟗𝟎 ผ่อนต่อ 𝟐,𝟓𝟐𝟖*𝟏𝟖 เดือน🌟 ୨ৎ 𓏔🪞การใช้งานปกติทุกอย่าง 𓏔🎀สแกนหน้าได้ จอมีทรูโทน 𓏔🏁มือ 𝟐 มีรอยตามการใช้งาน 𓏔☁️รีเซ็ตเครื่องได้ ไม่ติดไอคราว 𓏔🔋สุขภาพแบต 𝟖𝟖% 𓏔🌷อุปกรณ์ : ครบกล่อง ของแถม 𓏔🛠ประกันสินค้าหลังการขาย 𝟑𝟎 วัน ____________________________ สั่งซื้อ : 🌷🎧彡 𝗟𝗶𝗻𝗲:@𝟴𝟱𝟬𝘂𝗰𝗱𝗶𝘃(มี@) 🦙𖠵🧦♡´ ⌇🛻💭 : นัดรับบ้านโอโลภูเขียวหรือใกล้เคียง 🍮 𓈃"
39,iPhone 13 P,128GB,ศูนย์,14550,100%,ประกันสินค้าหลังการขาย 30 วัน,data/images/instagram/post_039/img_1.jpg,https://www.instagram.com/mynowphone.shop/p/DZCq9SmE7rV,"❝🌷🛣️ᯓ 𝐢𝐏𝐡𝐨𝐧𝐞 𝟏𝟑 𝐏𝐫𝐨𝐦𝐚𝐱 𝟏𝟐𝟖𝐆𝐁 โมเดลนอก ꒱·🌳🍒✿. 𓈈🔖 ราคา : 𝟏𝟒,𝟓𝟓𝟎.- 🚏💖 ส่งฟรี ୨ৎ 🌟 วางดาวน์ : 𝟏,𝟗𝟗𝟎 ผ่อนต่อ 𝟏,𝟔𝟏𝟖*𝟏𝟖 เดือน🌟 ୨ৎ 𓏔🪞การใช้งานปกติทุกอย่าง 𓏔🎀สแกนหน้าได้ จอมีทรูโทน 𓏔🏁มือ 𝟐 มีรอยตามการใช้งาน 𓏔☁️รีเซ็ตเครื่องได้ ไม่ติดไอคราว 𓏔🔋สุขภาพแบต 𝟏𝟎𝟎% 𓏔🌷อุปกรณ์ : ครบกล่อง ของแถม 𓏔🛠ประกันสินค้าหลังการขาย 𝟑𝟎 วัน ____________________________ สั่งซื้อ : 🌷🎧彡 𝗟𝗶𝗻𝗲:@𝟴𝟱𝟬𝘂𝗰𝗱𝗶𝘃(มี@) 🦙𖠵🧦♡´ ⌇🛻💭 : นัดรับบ้านโอโลภูเขียวหรือใกล้เคียง 🍮 𓈃"
40,iPhone 14 P,256GB,ศูนย์,16990,100%,ประกันสินค้าหลังการขาย 15 วัน,data/images/instagram/post_040/img_1.jpg,https://www.instagram.com/mynowphone.shop/p/DY_MvYck9Sp,"❝🌷🛣️ᯓ 𝐢𝐏𝐡𝐨𝐧𝐞 𝟏𝟒 𝐏𝐫𝐨𝐦𝐚𝐱 𝟐𝟓𝟔𝐆𝐁 𝐋𝐋 ꒱·🌳🍒✿. 𓈈🔖 ราคา : 𝟏𝟔,𝟗𝟗𝟎.- 🚏💖 ส่งฟรี 𓏔🪞การใช้งานปกติทุกอย่าง 𓏔🎀สแกนหน้าได้ จอมีทรูโทน 𓏔🏁มือ 𝟐 มีรอยตามการใช้งาน 𓏔☁️รีเซ็ตเครื่องได้ ไม่ติดไอคราว 𓏔🔋สุขภาพแบต 𝟏𝟎𝟎% 𓏔🌷อุปกรณ์ : ครบกล่อง ของแถม 𓏔🛠ประกันสินค้าหลังการขาย 𝟏𝟓 วัน ____________________________ สั่งซื้อ : 🌷🎧彡 𝗟𝗶𝗻𝗲:@𝟴𝟱𝟬𝘂𝗰𝗱𝗶𝘃(มี@) 🦙𖠵🧦♡´ ⌇🛻💭 : นัดรับบ้านโอโลภูเขียวหรือใกล้เคียง 🍮 𓈃"
41,iPhone 12 64GB,64GB,ศูนย์,7990,100%,ประกันสินค้าหลังการขาย 15 วัน,data/images/instagram/post_041/img_1.jpg,https://www.instagram.com/mynowphone.shop/p/DY14Yjzk1Y8,"❝🌷🛣️ᯓ 𝐢𝐏𝐡𝐨𝐧𝐞 𝟏𝟐 𝟔𝟒𝐆𝐁 𝐋𝐋 ꒱·🌳🍒✿. 𓈈🔖 ราคา : 𝟕,𝟗𝟗𝟎.- 🚏💖 ส่งฟรี 𓏔🪞การใช้งานปกติทุกอย่าง 𓏔🎀สแกนหน้าได้ จอมีทรูโทน 𓏔🏁มือ 𝟐 มีรอยตามการใช้งาน 𓏔☁️รีเซ็ตเครื่องได้ ไม่ติดไอคราว 𓏔🔋สุขภาพแบต 𝟏𝟎𝟎% 𓏔🌷อุปกรณ์ : ครบกล่อง ของแถม 𓏔🛠ประกันสินค้าหลังการขาย 𝟏𝟓 วัน ____________________________ สั่งซื้อ : 🌷🎧彡 𝗟𝗶𝗻𝗲:@𝟴𝟱𝟬𝘂𝗰𝗱𝗶𝘃(มี@) 🦙𖠵🧦♡´ ⌇🛻💭 : นัดรับบ้านโอโลภูเขียวหรือใกล้เคียง 🍮 𓈃"
42,iPhone 11 64GB TH,64GB,TH,6990,100%,ประกันสินค้าหลังการขาย 15 วัน,data/images/instagram/post_042/img_1.jpg,https://www.instagram.com/mynowphone.shop/p/DY1JFrME61G,"❝🌷🛣️ᯓ 𝐢𝐏𝐡𝐨𝐧𝐞 𝟏𝟏 𝟔𝟒𝐆𝐁 𝐓𝐇 ꒱·🌳🍒✿. 𓈈🔖 ราคา : 𝟔,𝟗𝟗𝟎.- 🚏💖 ส่งฟรี (กล่องสีไม่ตรงเครื่องขอคนไม่ซี) 𓏔🪞การใช้งานปกติทุกอย่าง 𓏔🎀สแกนหน้าได้ จอมีทรูโทน 𓏔🏁มือ 𝟐 มีรอยตามการใช้งาน 𓏔☁️รีเซ็ตเครื่องได้ ไม่ติดไอคราว 𓏔🔋สุขภาพแบต 𝟏𝟎𝟎% 𓏔🌷อุปกรณ์ : ครบกล่อง ของแถม 𓏔🛠ประกันสินค้าหลังการขาย 𝟏𝟓 วัน ____________________________ สั่งซื้อ : 🌷🎧彡 𝗟𝗶𝗻𝗲:@𝟴𝟱𝟬𝘂𝗰𝗱𝗶𝘃(มี@) 🦙𖠵🧦♡´ ⌇🛻💭 : นัดรับบ้านโอโลภูเขียวหรือใกล้เคียง 🍮 𓈃"
43,iPhone 15 128GB,128GB,ศูนย์,13990,100%,ประกันสินค้าหลังการขาย 15 วัน,data/images/instagram/post_043/img_1.jpg,https://www.instagram.com/mynowphone.shop/p/DYbtOUbEzG6,"❝🌷🛣️ᯓ 𝐢𝐏𝐡𝐨𝐧𝐞 𝟏𝟓 𝟏𝟐𝟖𝐆𝐁 𝐋𝐋 ꒱·🌳🍒✿. 𓈈🔖 ราคา : 𝟏𝟑,𝟗𝟗𝟎.- 🚏💖 ส่งฟรี 𓏔🪞การใช้งานปกติทุกอย่าง 𓏔🎀สแกนหน้าได้ จอมีทรูโทน 𓏔🏁มือ 𝟐 มีรอยตามการใช้งาน 𓏔☁️รีเซ็ตเครื่องได้ ไม่ติดไอคราว 𓏔🔋สุขภาพแบต 𝟏𝟎𝟎% 𓏔🌷อุปกรณ์ : ครบกล่อง ของแถม 𓏔🛠ประกันสินค้าหลังการขาย 𝟏𝟓 วัน ____________________________ สั่งซื้อ : 🌷🎧彡 𝗟𝗶𝗻𝗲:@𝟴𝟱𝟬𝘂𝗰𝗱𝗶𝘃(มี@) 🦙𖠵🧦♡´ ⌇🛻💭 : นัดรับบ้านโอโลภูเขียวหรือใกล้เคียง 🍮 𓈃"
44,iPhone 14 P,128GB,ศูนย์,14990,100%,ประกันสินค้าหลังการขาย 15 วัน,data/images/instagram/post_044/img_1.jpg,https://www.instagram.com/mynowphone.shop/p/DYSVWsCk6oY,"❝🌷🛣️ᯓ 𝐢𝐏𝐡𝐨𝐧𝐞 𝟏𝟒 𝐏𝐫𝐨 𝟏𝟐𝟖𝐆𝐁 𝐋𝐋 ꒱·🌳🍒✿. 𓈈🔖 ราคา : 𝟏𝟒,𝟗𝟗𝟎.- 🚏💖 ส่งฟรี 𓏔🪞การใช้งานปกติทุกอย่าง 𓏔🎀สแกนหน้าได้ จอมีทรูโทน 𓏔🏁มือ 𝟐 มีรอยตามการใช้งาน 𓏔☁️รีเซ็ตเครื่องได้ ไม่ติดไอคราว 𓏔🔋สุขภาพแบต 𝟏𝟎𝟎% 𓏔🌷อุปกรณ์ : ครบกล่อง ของแถม 𓏔🛠ประกันสินค้าหลังการขาย 𝟏𝟓 วัน ____________________________ สั่งซื้อ : 🌷🎧彡 𝗟𝗶𝗻𝗲:@𝟴𝟱𝟬𝘂𝗰𝗱𝗶𝘃(มี@) 🦙𖠵🧦♡´ ⌇🛻💭 : นัดรับบ้านโอโลภูเขียวหรือใกล้เคียง 🍮 𓈃"
45,iPhone 12 64GB,64GB,ศูนย์,7990,100%,ประกันสินค้าหลังการขาย 15 วัน,data/images/instagram/post_045/img_1.jpg,https://www.instagram.com/mynowphone.shop/p/DYSRaOLk4C8,"❝🌷🛣️ᯓ 𝐢𝐏𝐡𝐨𝐧𝐞 𝟏𝟐 𝟔𝟒𝐆𝐁 𝐋𝐋 ꒱·🌳🍒✿. 𓈈🔖 ราคา : 𝟕,𝟗𝟗𝟎.- 🚏💖 ส่งฟรี 𓏔🪞การใช้งานปกติทุกอย่าง 𓏔🎀สแกนหน้าได้ จอมีทรูโทน 𓏔🏁มือ 𝟐 มีรอยตามการใช้งาน 𓏔☁️รีเซ็ตเครื่องได้ ไม่ติดไอคราว 𓏔🔋สุขภาพแบต 𝟏𝟎𝟎% 𓏔🌷อุปกรณ์ : ครบกล่อง ของแถม 𓏔🛠ประกันสินค้าหลังการขาย 𝟏𝟓 วัน ____________________________ สั่งซื้อ : 🌷🎧彡 𝗟𝗶𝗻𝗲:@𝟴𝟱𝟬𝘂𝗰𝗱𝗶𝘃(มี@) 🦙𖠵🧦♡´ ⌇🛻💭 : นัดรับบ้านโอโลภูเขียวหรือใกล้เคียง 🍮 𓈃"
46,iPhone 13 128GB,128GB,ศูนย์,9990,100%,ประกันสินค้าหลังการขาย 15 วัน,data/images/instagram/post_046/img_1.jpg,https://www.instagram.com/mynowphone.shop/p/DYRQp6ZE52v,"❝🌷🛣️ᯓ 𝐢𝐏𝐡𝐨𝐧𝐞 𝟏𝟑 𝟏𝟐𝟖𝐆𝐁 𝐋𝐋꒱·🌳🍒✿. 𓈈🔖 ราคา : 𝟗,𝟗𝟗𝟎.- 🚏💖 ส่งฟรี 𓏔🪞การใช้งานปกติทุกอย่าง 𓏔🎀สแกนหน้าได้ จอมีทรูโทน 𓏔🏁มือ 𝟐 มีรอยตามการใช้งาน 𓏔☁️รีเซ็ตเครื่องได้ ไม่ติดไอคราว 𓏔🔋สุขภาพแบต 𝟏𝟎𝟎% 𓏔🌷อุปกรณ์ : ครบกล่อง ของแถม 𓏔🛠ประกันสินค้าหลังการขาย 𝟏𝟓 วัน ____________________________ สั่งซื้อ : 🌷🎧彡 𝗟𝗶𝗻𝗲:@𝟴𝟱𝟬𝘂𝗰𝗱𝗶𝘃(มี@) 🦙𖠵🧦♡´ ⌇🛻💭 : นัดรับบ้านโอโลภูเขียวหรือใกล้เคียง 🍮 𓈃"
47,iPhone 7 Plus 128GB TH,128GB,TH,3990,100%,ประกันสินค้าหลังการขาย 15 วัน,data/images/instagram/post_047/img_1.jpg,https://www.instagram.com/mynowphone.shop/p/DYCQeTwkzPx,"❝🌷🛣️ᯓ 𝐢𝐏𝐡𝐨𝐧𝐞 𝟕 𝐏𝐥𝐮𝐬 𝟏𝟐𝟖𝐆𝐁 𝐓𝐇 ꒱·🌳🍒✿. 𓈈🔖 ราคา : 𝟑,𝟗𝟗𝟎.- 🚏💖 ส่งฟรี 𓏔🪞การใช้งานปกติทุกอย่าง 𓏔🎀สแกนนิ้วได้ ศึกษาก่อนสั่งซื้อ 𓏔🏁มือ 𝟐 มีรอยตามการใช้งาน 𓏔☁️รีเซ็ตเครื่องได้ ไม่ติดไอคราว 𓏔🔋สุขภาพแบต 𝟏𝟎𝟎% 𓏔🌷อุปกรณ์ : ครบกล่อง ของแถม 𓏔🛠ประกันสินค้าหลังการขาย 𝟏𝟓 วัน ____________________________ สั่งซื้อ : 🌷🎧彡 𝗟𝗶𝗻𝗲:@𝟴𝟱𝟬𝘂𝗰𝗱𝗶𝘃(มี@) 🦙𖠵🧦♡´ ⌇🛻💭 : นัดรับบ้านโอโลภูเขียวหรือใกล้เคียง 🍮 𓈃"
48,iPhone 6 16GB,16GB,ศูนย์,1690,100%,ประกันสินค้าหลังการขาย 15 วัน,data/images/instagram/post_048/img_1.jpg,https://www.instagram.com/mynowphone.shop/p/DYB1dLbk5IO,"❝🌷🛣️ᯓ 𝐢𝐏𝐡𝐨𝐧𝐞 𝟔 𝟏𝟔𝐆𝐁 โมเดลนอก ꒱·🌳🍒✿. 𓈈🔖 ราคา : 𝟏,𝟔𝟗𝟎.- 🚏💖 ส่งฟรี 𓏔🪞การใช้งานปกติทุกอย่าง 𓏔⚠️ไม่สแกนนิ้ว ศึกษาก่อนสั่งซื้อ 𓏔🏁มือ 𝟐 มีรอยตามการใช้งาน 𓏔☁️รีเซ็ตเครื่องได้ ไม่ติดไอคราว 𓏔🔋สุขภาพแบต 𝟏𝟎𝟎% 𓏔🌷อุปกรณ์ : ชุดชาร์จ ตัวเครื่อง 𓏔🛠ประกันสินค้าหลังการขาย 𝟏𝟓 วัน ____________________________ สั่งซื้อ : 🌷🎧彡 𝗟𝗶𝗻𝗲:@𝟴𝟱𝟬𝘂𝗰𝗱𝗶𝘃(มี@) 🦙𖠵🧦♡´ ⌇🛻💭 : นัดรับบ้านโอโลภูเขียวหรือใกล้เคียง 🍮 𓈃"
49,iPhone 15 128GB,128GB,ศูนย์,15550,100%,ประกันสินค้าหลังการขาย 15 วัน,data/images/instagram/post_049/img_1.jpg,https://www.instagram.com/mynowphone.shop/p/DYByflnEydo,"❝🌷🛣️ᯓ 𝐢𝐏𝐡𝐨𝐧𝐞 𝟏𝟓 𝟏𝟐𝟖𝐆𝐁 𝐋𝐋 ꒱·🌳🍒✿. 𓈈🔖 ราคา : 𝟏𝟓,𝟓𝟓𝟎.- 🚏💖 ส่งฟรี 𓏔🪞การใช้งานปกติทุกอย่าง 𓏔🎀สแกนหน้าได้ จอมีทรูโทน 𓏔🏁มือ 𝟐 มีรอยตามการใช้งาน 𓏔☁️รีเซ็ตเครื่องได้ ไม่ติดไอคราว 𓏔🔋สุขภาพแบต 𝟏𝟎𝟎% 𓏔🌷อุปกรณ์ : ครบกล่อง ของแถม 𓏔🛠ประกันสินค้าหลังการขาย 𝟏𝟓 วัน ____________________________ สั่งซื้อ : 🌷🎧彡 𝗟𝗶𝗻𝗲:@𝟴𝟱𝟬𝘂𝗰𝗱𝗶𝘃(มี@) 🦙𖠵🧦♡´ ⌇🛻💭 : นัดรับบ้านโอโลภูเขียวหรือใกล้เคียง 🍮 𓈃"
50,iPhone 7 32GB,32GB,ศูนย์,1990,84%,ประกันสินค้าหลังการขาย 7 วัน,data/images/instagram/post_050/img_1.jpg,https://www.instagram.com/mynowphone.shop/p/DYBpIX1E7c1,"❝🌷🛣️ᯓ 𝐢𝐏𝐡𝐨𝐧𝐞 𝟕 𝟑𝟐𝐆𝐁 𝐋𝐋 ꒱·🌳🍒✿. 𓈈🔖 ราคา : 𝟏,𝟗𝟗𝟎.- 🚏💖 ส่งฟรี 𓏔🪞การใช้งานปกติทุกอย่าง 𓏔🎀สแกนนิ้วได้ หน้าจอ 𝟒.𝟕 นิ้ว 𓏔🏁มือ 𝟐 มีรอยตามการใช้งาน 𓏔☁️รีเซ็ตเครื่องได้ ไม่ติดไอคราว 𓏔🔋สุขภาพแบต 𝟖𝟒% 𓏔🌷อุปกรณ์ : ตัวเครื่อง ของแถม 𓏔🛠ประกันสินค้าหลังการขาย 𝟕 วัน ____________________________ สั่งซื้อ : 🌷🎧彡 𝗟𝗶𝗻𝗲:@𝟴𝟱𝟬𝘂𝗰𝗱𝗶𝘃(มี@) 🦙𖠵🧦♡´ ⌇🛻💭 : นัดรับบ้านโอโลภูเขียวหรือใกล้เคียง 🍮 𓈃"
51,iPhone 17 256GB,256GB,ศูนย์,29990,100%,ประกันศูนย์ไทย 1 ปี,data/images/instagram/post_051/img_1.jpg,https://www.instagram.com/mynowphone.shop/p/DX_muBJE98q,"❝🌷🛣️ᯓ 𝐢𝐏𝐡𝐨𝐧𝐞 𝟏𝟕 𝟐𝟓𝟔𝐆𝐁 𝐙𝐏 ꒱·🌳🍒✿. 𓈈🔖 ราคา : 𝟐𝟗,𝟗𝟗𝟎.- 🚏💖 ส่งฟรี ୨ৎ 🌟 วางดาวน์ : 𝟓,𝟗𝟗𝟎 ผ่อนต่อ 𝟑,𝟒𝟕𝟎*𝟏𝟖 เดือน🌟 ୨ৎ 𓏔🪞การใช้งานปกติทุกอย่าง 𓏔🎀สแกนหน้าได้ จอมีทรูโทน 𓏔🏁มือ 𝟐 มีรอยตามการใช้งาน 𓏔☁️รีเซ็ตเครื่องได้ ไม่ติดไอคราว 𓏔🔋สุขภาพแบต 𝟏𝟎𝟎% 𓏔🌷อุปกรณ์ : กล่อง+ของแถม 𓏔🛠ประกันศูนย์ไทย 𝟏 ปี ____________________________ สั่งซื้อ : 🌷🎧彡 𝗟𝗶𝗻𝗲:@𝟴𝟱𝟬𝘂𝗰𝗱𝗶𝘃(มี@) 🦙𖠵🧦♡´ ⌇🛻💭 : นัดรับบ้านโอโลภูเขียวหรือใกล้เคียง 🍮 𓈃"
52,iPhone 13 128GB,128GB,ศูนย์,11990,100%,ประกันสินค้าหลังการขาย 15 วัน,data/images/instagram/post_052/img_1.jpg,https://www.instagram.com/mynowphone.shop/p/DX_SD7BE_98,"❝🌷🛣️ᯓ 𝐢𝐏𝐡𝐨𝐧𝐞 𝟏𝟑 𝟏𝟐𝟖𝐆𝐁 𝐋𝐋 ꒱·🌳🍒✿. 𓈈🔖 ราคา : 𝟏𝟏,𝟗𝟗𝟎.- 🚏💖 ส่งฟรี 𓏔🪞การใช้งานปกติทุกอย่าง 𓏔🎀สแกนหน้าได้ จอมีทรูโทน 𓏔🏁มือ 𝟐 มีรอยตามการใช้งาน 𓏔☁️รีเซ็ตเครื่องได้ ไม่ติดไอคราว 𓏔🔋สุขภาพแบต 𝟏𝟎𝟎% 𓏔🌷อุปกรณ์ : ครบกล่อง ของแถม 𓏔🛠ประกันสินค้าหลังการขาย 𝟏𝟓 วัน ____________________________ สั่งซื้อ : 🌷🎧彡 𝗟𝗶𝗻𝗲:@𝟴𝟱𝟬𝘂𝗰𝗱𝗶𝘃(มี@) 🦙𖠵🧦♡´ ⌇🛻💭 : นัดรับบ้านโอโลภูเขียวหรือใกล้เคียง 🍮 𓈃"
53,iPhone 12 64GB,64GB,ศูนย์,7990,100%,ประกันสินค้าหลังการขาย 15 วัน,data/images/instagram/post_053/img_1.jpg,https://www.instagram.com/mynowphone.shop/p/DX6HOdRE_Lq,"❝🌷🛣️ᯓ 𝐢𝐏𝐡𝐨𝐧𝐞 𝟏𝟐 𝟔𝟒𝐆𝐁 𝐋𝐋 ꒱·🌳🍒✿. 𓈈🔖 ราคา : 𝟕,𝟗𝟗𝟎.- 🚏💖 ส่งฟรี 𓏔🪞การใช้งานปกติทุกอย่าง 𓏔🎀สแกนหน้าได้ จอมีทรูโทน 𓏔🏁มือ 𝟐 มีรอยตามการใช้งาน 𓏔☁️รีเซ็ตเครื่องได้ ไม่ติดไอคราว 𓏔🔋สุขภาพแบต 𝟏𝟎𝟎% 𓏔🌷อุปกรณ์ : ครบกล่อง ของแถม 𓏔🛠ประกันสินค้าหลังการขาย 𝟏𝟓 วัน ____________________________ สั่งซื้อ : 🌷🎧彡 𝗟𝗶𝗻𝗲:@𝟴𝟱𝟬𝘂𝗰𝗱𝗶𝘃(มี@) 🦙𖠵🧦♡´ ⌇🛻💭 : นัดรับบ้านโอโลภูเขียวหรือใกล้เคียง 🍮 𓈃"
54,iPhone 12,128GB,ศูนย์,10990,100%,ประกันสินค้าหลังการขาย 15 วัน,data/images/instagram/post_054/img_1.jpg,https://www.instagram.com/mynowphone.shop/p/DX6FEgTEwwg,"❝🌷🛣️ᯓ 𝐢𝐏𝐡𝐨𝐧𝐞 𝟏𝟐 𝐩𝐫𝐨𝐦𝐚𝐱 𝟏𝟐𝟖𝐆𝐁 𝐋𝐋 ꒱·🌳🍒✿. 𓈈🔖 ราคา : 𝟏𝟎,𝟗𝟗𝟎.- 🚏💖 ส่งฟรี 𓏔🪞การใช้งานปกติทุกอย่าง 𓏔🎀สแกนหน้าได้ จอมีทรูโทน 𓏔🏁มือ 𝟐 มีรอยตามการใช้งาน 𓏔☁️รีเซ็ตเครื่องได้ ไม่ติดไอคราว 𓏔🔋สุขภาพแบต 𝟏𝟎𝟎% 𓏔🌷อุปกรณ์ : ครบกล่อง ของแถม 𓏔🛠ประกันสินค้าหลังการขาย 𝟏𝟓 วัน ____________________________ สั่งซื้อ : 🌷🎧彡 𝗟𝗶𝗻𝗲:@𝟴𝟱𝟬𝘂𝗰𝗱𝗶𝘃(มี@) 🦙𖠵🧦♡´ ⌇🛻💭 : นัดรับบ้านโอโลภูเขียวหรือใกล้เคียง 🍮 𓈃"
55,iPhone 14 P,128GB,ศูนย์,16990,100%,ประกันสินค้าหลังการขาย 30 วัน,data/images/instagram/post_055/img_1.jpg,https://www.instagram.com/mynowphone.shop/p/DX5-auCE0n_,"❝🌷🛣️ᯓ 𝐢𝐏𝐡𝐨𝐧𝐞 𝟏𝟒 𝐏𝐫𝐨𝐦𝐚𝐱 𝟏𝟐𝟖𝐆𝐁 𝐋𝐋 ꒱·🌳🍒✿. 𓈈🔖 ราคา : 𝟏𝟔,𝟗𝟗𝟎.- 🚏💖 ส่งฟรี ୨ৎ 🌟 วางดาวน์ : 𝟐,𝟓𝟎𝟎 ผ่อนต่อ 𝟐,𝟔𝟒𝟎*𝟏𝟐 เดือน🌟 ୨ৎ 𓏔🪞การใช้งานปกติทุกอย่าง 𓏔🎀สแกนหน้าได้ จอมีทรูโทน 𓏔🏁มือ 𝟐 มีรอยตามการใช้งาน 𓏔☁️รีเซ็ตเครื่องได้ ไม่ติดไอคราว 𓏔🔋สุขภาพแบต 𝟏𝟎𝟎% 𓏔🌷อุปกรณ์ : ครบกล่อง ของแถม 𓏔🛠ประกันสินค้าหลังการขาย 𝟑𝟎 วัน ____________________________ สั่งซื้อ : 🌷🎧彡 𝗟𝗶𝗻𝗲:@𝟴𝟱𝟬𝘂𝗰𝗱𝗶𝘃(มี@) 🦙𖠵🧦♡´ ⌇🛻💭 : นัดรับบ้านโอโลภูเขียวหรือใกล้เคียง 🍮 𓈃"
56,iPhone 17 P,256GB,ศูนย์,45550,100%,ประกันศูนย์ถึงปีหน้า 12/01/70,data/images/instagram/post_056/img_1.jpg,https://www.instagram.com/mynowphone.shop/p/DX3rfJmk5GM,"❝🌷🛣️ᯓ 𝐢𝐏𝐡𝐨𝐧𝐞 𝟏𝟕 𝐏𝐫𝐨𝐦𝐚𝐱 𝟐𝟓𝟔𝐆𝐁 𝐙𝐏/𝐀 ꒱·🌳🍒✿. 𓈈🔖 ราคา : 𝟒𝟓,𝟓𝟓𝟎.- 🚏💖 ส่งฟรี 𓏔🪞การใช้งานปกติทุกอย่าง 𓏔🎀สแกนหน้าได้ จอมีทรูโทน 𓏔⚠️เครื่องมีตำหนิตามรูป 𓏔🏁มือ 𝟐 มีรอยตามการใช้งาน 𓏔☁️รีเซ็ตเครื่องได้ ไม่ติดไอคราว 𓏔🔋สุขภาพแบต 𝟏𝟎𝟎% รอบชาร์จ 𝟐𝟓 𓏔🌷อุปกรณ์ : กล่องตรงอีมี่ + ตัวเครื่อง 𓏔🛠ประกันศูนย์ถึงปีหน้า 𝟏𝟐/𝟎𝟏/𝟕𝟎 ____________________________ สั่งซื้อ : 🌷🎧彡 𝗟𝗶𝗻𝗲:@𝟴𝟱𝟬𝘂𝗰𝗱𝗶𝘃(มี@) 🦙𖠵🧦♡´ ⌇🛻💭 : นัดรับบ้านโอโลภูเขียวหรือใกล้เคียง 🍮 𓈃"
57,iPhone 14 P,128GB,ศูนย์,14990,100%,ประกันสินค้าหลังการขาย 15 วัน,data/images/instagram/post_057/img_1.jpg,https://www.instagram.com/mynowphone.shop/p/DX3gtbqk94I,"❝🌷🛣️ᯓ 𝐢𝐏𝐡𝐨𝐧𝐞 𝟏𝟒 𝐏𝐫𝐨 𝟏𝟐𝟖𝐆𝐁 𝐋𝐋 ꒱·🌳🍒✿. 𓈈🔖 ราคา : 𝟏𝟒,𝟗𝟗𝟎.- 🚏💖 ส่งฟรี 𓏔🪞การใช้งานปกติทุกอย่าง 𓏔🎀สแกนหน้าได้ จอมีทรูโทน 𓏔🏁มือ 𝟐 มีรอยตามการใช้งาน 𓏔☁️รีเซ็ตเครื่องได้ ไม่ติดไอคราว 𓏔🔋สุขภาพแบต 𝟏𝟎𝟎% 𓏔🌷อุปกรณ์ : ครบกล่อง ของแถม 𓏔🛠ประกันสินค้าหลังการขาย 𝟏𝟓 วัน ____________________________ สั่งซื้อ : 🌷🎧彡 𝗟𝗶𝗻𝗲:@𝟴𝟱𝟬𝘂𝗰𝗱𝗶𝘃(มี@) 🦙𖠵🧦♡´ ⌇🛻💭 : นัดรับบ้านโอโลภูเขียวหรือใกล้เคียง 🍮 𓈃"
58,iPhone 11 64GB TH,64GB,TH,6990,100%,ประกันสินค้าหลังการขาย 15 วัน,data/images/instagram/post_058/img_1.jpg,https://www.instagram.com/mynowphone.shop/p/DX3d-vDE7mo,"❝🌷🛣️ᯓ 𝐢𝐏𝐡𝐨𝐧𝐞 𝟏𝟏 𝟔𝟒𝐆𝐁 𝐓𝐇 ꒱·🌳🍒✿. 𓈈🔖 ราคา : 𝟔,𝟗𝟗𝟎.- 🚏💖 ส่งฟรี 𓏔🪞การใช้งานปกติทุกอย่าง 𓏔🎀สแกนหน้าได้ จอมีทรูโทน 𓏔🏁มือ 𝟐 มีรอยตามการใช้งาน 𓏔☁️รีเซ็ตเครื่องได้ ไม่ติดไอคราว 𓏔🔋สุขภาพแบต 𝟏𝟎𝟎% 𓏔🌷อุปกรณ์ : ครบกล่อง ของแถม 𓏔🛠ประกันสินค้าหลังการขาย 𝟏𝟓 วัน ____________________________ สั่งซื้อ : 🌷🎧彡 𝗟𝗶𝗻𝗲:@𝟴𝟱𝟬𝘂𝗰𝗱𝗶𝘃(มี@) 🦙𖠵🧦♡´ ⌇🛻💭 : นัดรับบ้านโอโลภูเขียวหรือใกล้เคียง 🍮 𓈃"
59,iPhone,64GB,TH,4550,100%,ประกันสินค้าหลังการขาย 7 วัน,data/images/instagram/post_059/img_1.jpg,https://www.instagram.com/mynowphone.shop/p/DX1OS3MkzzE,"❝🌷🛣️ᯓ 𝐢𝐏𝐡𝐨𝐧𝐞 𝐗 𝟔𝟒𝐆𝐁 𝐓𝐇 ꒱·🌳🍒✿. 𓈈🔖 ราคา : 𝟒,𝟓𝟓𝟎.- 🚏💖 ส่งฟรี 𓏔🪞การใช้งานปกติทุกอย่าง 𓏔⚠️ไม่สแกนหน้า จอไม่มีทรูโทน 𓏔🏁มือ 𝟐 มีรอยตามการใช้งาน 𓏔☁️รีเซ็ตเครื่องได้ ไม่ติดไอคราว 𓏔🔋สุขภาพแบต 𝟏𝟎𝟎% 𓏔🌷อุปกรณ์ : ครบกล่อง ของแถม 𓏔🛠ประกันสินค้าหลังการขาย 𝟕 วัน ____________________________ สั่งซื้อ : 🌷🎧彡 𝗟𝗶𝗻𝗲:@𝟴𝟱𝟬𝘂𝗰𝗱𝗶𝘃(มี@) 🦙𖠵🧦♡´ ⌇🛻💭 : นัดรับบ้านโอโลภูเขียวหรือใกล้เคียง 🍮 𓈃"
60,iPhone 15 Plus 128GB,128GB,ศูนย์,15990,100%,ประกันสินค้าหลังการขาย 30 วัน,data/images/instagram/post_060/img_1.jpg,https://www.instagram.com/mynowphone.shop/p/DX1Hrc5E_z0,"❝🌷🛣️ᯓ 𝐢𝐏𝐡𝐨𝐧𝐞 𝟏𝟓 𝐏𝐥𝐮𝐬 𝟏𝟐𝟖𝐆𝐁 𝐋𝐋 ꒱·🌳🍒✿. 𓈈🔖 ราคา : 𝟏𝟓,𝟗𝟗𝟎.- 🚏💖 ส่งฟรี ୨ৎ 🌟 วางดาวน์ : 𝟐,𝟓𝟎𝟎 ผ่อนต่อ 𝟐,𝟒𝟐𝟎*𝟏𝟐 เดือน🌟 ୨ৎ 𓏔🪞การใช้งานปกติทุกอย่าง 𓏔🎀สแกนหน้าได้ จอมีทรูโทน 𓏔🏁มือ 𝟐 มีรอยตามการใช้งาน 𓏔☁️รีเซ็ตเครื่องได้ ไม่ติดไอคราว 𓏔🔋สุขภาพแบต 𝟏𝟎𝟎% 𓏔🌷อุปกรณ์ : ครบกล่อง ของแถม 𓏔🛠ประกันสินค้าหลังการขาย 𝟑𝟎 วัน ____________________________ สั่งซื้อ : 🌷🎧彡 𝗟𝗶𝗻𝗲:@𝟴𝟱𝟬𝘂𝗰𝗱𝗶𝘃(มี@) 🦙𖠵🧦♡´ ⌇🛻💭 : นัดรับบ้านโอโลภูเขียวหรือใกล้เคียง 🍮 𓈃"
61,iPhone 15 128GB,128GB,ศูนย์,14990,100%,ประกันสินค้าหลังการขาย 30 วัน,data/images/instagram/post_061/img_1.jpg,https://www.instagram.com/mynowphone.shop/p/DX1DgseEwvp,"❝🌷🛣️ᯓ 𝐢𝐏𝐡𝐨𝐧𝐞 𝟏𝟓 𝟏𝟐𝟖𝐆𝐁 𝐋𝐋 ꒱·🌳🍒✿. 𓈈🔖 ราคา : 𝟏𝟒,𝟗𝟗𝟎.- 🚏💖 ส่งฟรี ୨ৎ 🌟 วางดาวน์ : 𝟐,𝟓𝟎𝟎 ผ่อนต่อ 𝟏,𝟗𝟖𝟎*𝟏𝟐 เดือน🌟 ୨ৎ 𓏔🪞การใช้งานปกติทุกอย่าง 𓏔🎀สแกนหน้าได้ จอมีทรูโทน 𓏔🏁มือ 𝟐 มีรอยตามการใช้งาน 𓏔☁️รีเซ็ตเครื่องได้ ไม่ติดไอคราว 𓏔🔋สุขภาพแบต 𝟏𝟎𝟎% 𓏔🌷อุปกรณ์ : ครบกล่อง ของแถม 𓏔🛠ประกันสินค้าหลังการขาย 𝟑𝟎 วัน ____________________________ สั่งซื้อ : 🌷🎧彡 𝗟𝗶𝗻𝗲:@𝟴𝟱𝟬𝘂𝗰𝗱𝗶𝘃(มี@) 🦙𖠵🧦♡´ ⌇🛻💭 : นัดรับบ้านโอโลภูเขียวหรือใกล้เคียง 🍮 𓈃"
62,iPhone 12 P,128GB,ศูนย์,11550,100%,ประกันสินค้าหลังการขาย 30 วัน,data/images/instagram/post_062/img_1.jpg,https://www.instagram.com/mynowphone.shop/p/DXv8BnJE0bd,"❝🌷🛣️ᯓ 𝐢𝐏𝐡𝐨𝐧𝐞 𝟏𝟐 𝐏𝐫𝐨 𝟏𝟐𝟖𝐆𝐁 𝐋𝐋 ꒱·🌳🍒✿. 𓈈🔖 ราคา : 𝟏𝟏,𝟓𝟓𝟎.- 🚏💖 ส่งฟรี 𓏔🪞การใช้งานปกติทุกอย่าง 𓏔🎀สแกนหน้าได้ จอมีทรูโทน 𓏔🏁มือ 𝟐 มีรอยตามการใช้งาน 𓏔☁️รีเซ็ตเครื่องได้ ไม่ติดไอคราว 𓏔🔋สุขภาพแบต 𝟏𝟎𝟎% 𓏔🌷อุปกรณ์ : ครบกล่อง ของแถม 𓏔🛠ประกันสินค้าหลังการขาย 𝟑𝟎 วัน ____________________________ สั่งซื้อ : 🌷🎧彡 𝗟𝗶𝗻𝗲:@𝟴𝟱𝟬𝘂𝗰𝗱𝗶𝘃(มี@) 🦙𖠵🧦♡´ ⌇🛻💭 : นัดรับบ้านโอโลภูเขียวหรือใกล้เคียง 🍮 𓈃"
63,iPhone 16 P,128GB,ศูนย์,29550,93%,ประกันสินค้าหลังการขาย 30 วัน,data/images/instagram/post_063/img_1.jpg,https://www.instagram.com/mynowphone.shop/p/DXv3_tNk9pj,"❝🌷🛣️ᯓ 𝐢𝐏𝐡𝐨𝐧𝐞 𝟏𝟔 𝐏𝐫𝐨 𝟏𝟐𝟖𝐆𝐁 𝐙𝐏/𝐀 ꒱·🌳🍒✿. 𓈈🔖 ราคา : 𝟐𝟗,𝟓𝟓𝟎.- 🚏💖 ส่งฟรี ୨ৎ 🌟 วางดาวน์ : 𝟒,𝟗𝟎𝟎 ผ่อนต่อ 𝟒,𝟏𝟏𝟎*𝟏𝟐 เดือน🌟 ୨ৎ 𓏔🪞การใช้งานปกติทุกอย่าง 𓏔🎀สแกนหน้าได้ จอมีทรูโทน 𓏔🏁มือ 𝟐 มีรอยตามการใช้งาน 𓏔☁️รีเซ็ตเครื่องได้ ไม่ติดไอคราว 𓏔🔋สุขภาพแบต 𝟗𝟑% 𓏔🌷อุปกรณ์ : ครบกล่อง ของแถม 𓏔🛠ประกันสินค้าหลังการขาย 𝟑𝟎 วัน ____________________________ สั่งซื้อ : 🌷🎧彡 𝗟𝗶𝗻𝗲:@𝟴𝟱𝟬𝘂𝗰𝗱𝗶𝘃(มี@) 🦙𖠵🧦♡´ ⌇🛻💭 : นัดรับบ้านโอโลภูเขียวหรือใกล้เคียง 🍮 𓈃"
64,iPhone 13 128GB,128GB,ศูนย์,14990,-,ประกันสินค้าหลังการขาย 30 วัน,data/images/instagram/post_064/img_1.jpg,https://www.instagram.com/mynowphone.shop/p/DXv018eE2Ph,"❝🌷🛣️ᯓ 𝐢𝐏𝐡𝐨𝐧𝐞 𝟏𝟑 𝟏𝟐𝟖𝐆𝐁 𝐋𝐋 ꒱·🌳🍒✿. 𓈈🔖 ราคา : 𝟏𝟒,𝟗𝟗𝟎.- 🚏💖 ส่งฟรี ୨ৎ 🌟 วางดาวน์ : 𝟏,𝟗𝟎𝟎 ผ่อนต่อ 𝟏,𝟗𝟑𝟎*𝟏𝟐 เดือน🌟 ୨ৎ 𓏔🪞การใช้งานปกติทุกอย่าง 𓏔🎀สแกนหน้าได้ จอมีทรูโทน 𓏔🏁มือ 𝟐 มีรอยตามการใช้งาน 𓏔☁️รีเซ็ตเครื่องได้ ไม่ติดไอคราว 𓏔🔋สุขภาพแบต 𝟖𝟎+% 𓏔🌷อุปกรณ์ : ครบกล่อง ของแถม 𓏔🛠ประกันสินค้าหลังการขาย 𝟑𝟎 วัน ____________________________ สั่งซื้อ : 🌷🎧彡 𝗟𝗶𝗻𝗲:@𝟴𝟱𝟬𝘂𝗰𝗱𝗶𝘃(มี@) 🦙𖠵🧦♡´ ⌇🛻💭 : นัดรับบ้านโอโลภูเขียวหรือใกล้เคียง 🍮 𓈃"
65,iPhone 14 Plus 128GB,128GB,ศูนย์,13990,100%,ประกันสินค้าหลังการขาย 30 วัน,data/images/instagram/post_065/img_1.jpg,https://www.instagram.com/mynowphone.shop/p/DXuSXZ4EwjM,"❝🌷🛣️ᯓ 𝐢𝐏𝐡𝐨𝐧𝐞 𝟏𝟒 𝐏𝐥𝐮𝐬 𝟏𝟐𝟖𝐆𝐁 𝐋𝐋 ꒱·🌳🍒✿. 𓈈🔖 ราคา : 𝟏𝟑,𝟗𝟗𝟎.- 🚏💖 ส่งฟรี ୨ৎ 🌟 วางดาวน์ : 𝟏,𝟗𝟎𝟎 ผ่อนต่อ 𝟏,𝟗𝟖𝟎*𝟏𝟐 เดือน🌟 ୨ৎ 𓏔🪞การใช้งานปกติทุกอย่าง 𓏔🎀สแกนหน้าได้ จอมีทรูโทน 𓏔🏁มือ 𝟐 มีรอยตามการใช้งาน 𓏔☁️รีเซ็ตเครื่องได้ ไม่ติดไอคราว 𓏔🔋สุขภาพแบต 𝟏𝟎𝟎% 𓏔🌷อุปกรณ์ : ครบกล่อง ของแถม 𓏔🛠ประกันสินค้าหลังการขาย 𝟑𝟎 วัน ____________________________ สั่งซื้อ : 🌷🎧彡 𝗟𝗶𝗻𝗲:@𝟴𝟱𝟬𝘂𝗰𝗱𝗶𝘃(มี@) 🦙𖠵🧦♡´ ⌇🛻💭 : นัดรับบ้านโอโลภูเขียวหรือใกล้เคียง 🍮 𓈃"
66,iPhone 16 128GB,128GB,ศูนย์,19990,100%,ประกันสินค้าหลังการขาย 30 วัน,data/images/instagram/post_066/img_1.jpg,https://www.instagram.com/mynowphone.shop/p/DXuQabck1OY,"❝🌷🛣️ᯓ 𝐢𝐏𝐡𝐨𝐧𝐞 𝟏𝟔 𝟏𝟐𝟖𝐆𝐁 𝐋𝐋 ꒱·🌳🍒✿. 𓈈🔖 ราคา : 𝟏𝟗,𝟗𝟗𝟎.- 🚏💖 ส่งฟรี ୨ৎ 🌟 วางดาวน์ : 𝟐,𝟗𝟗𝟗 ผ่อนต่อ 𝟐,𝟓𝟑𝟎*𝟏𝟐 เดือน🌟 ୨ৎ 𓏔🪞การใช้งานปกติทุกอย่าง 𓏔🎀สแกนหน้าได้ จอมีทรูโทน 𓏔🏁มือ 𝟐 มีรอยตามการใช้งาน 𓏔☁️รีเซ็ตเครื่องได้ ไม่ติดไอคราว 𓏔🔋สุขภาพแบต 𝟏𝟎𝟎% 𓏔🌷อุปกรณ์ : ครบกล่อง ของแถม 𓏔🛠ประกันสินค้าหลังการขาย 𝟑𝟎 วัน ____________________________ สั่งซื้อ : 🌷🎧彡 𝗟𝗶𝗻𝗲:@𝟴𝟱𝟬𝘂𝗰𝗱𝗶𝘃(มี@) 🦙𖠵🧦♡´ ⌇🛻💭 : นัดรับบ้านโอโลภูเขียวหรือใกล้เคียง 🍮 𓈃"
67,iPhone 15 P,128GB,ศูนย์,16990,100%,ประกันสินค้าหลังการขาย 30 วัน,data/images/instagram/post_067/img_1.jpg,https://www.instagram.com/mynowphone.shop/p/DXuORv8k3fs,"❝🌷🛣️ᯓ 𝐢𝐏𝐡𝐨𝐧𝐞 𝟏𝟓 𝐏𝐫𝐨 𝟏𝟐𝟖𝐆𝐁 𝐋𝐋 ꒱·🌳🍒✿. 𓈈🔖 ราคา : 𝟏𝟔,𝟗𝟗𝟎.- 🚏💖 ส่งฟรี ୨ৎ 🌟 วางดาวน์ : 𝟐,𝟗𝟗𝟎 ผ่อนต่อ 𝟐,𝟒𝟗𝟎*𝟏𝟐 เดือน🌟 ୨ৎ 𓏔🪞การใช้งานปกติทุกอย่าง 𓏔🎀สแกนหน้าได้ จอมีทรูโทน 𓏔🏁มือ 𝟐 มีรอยตามการใช้งาน 𓏔☁️รีเซ็ตเครื่องได้ ไม่ติดไอคราว 𓏔🔋สุขภาพแบต 𝟏𝟎𝟎% 𓏔🌷อุปกรณ์ : ครบกล่อง ของแถม 𓏔🛠ประกันสินค้าหลังการขาย 𝟑𝟎 วัน ____________________________ สั่งซื้อ : 🌷🎧彡 𝗟𝗶𝗻𝗲:@𝟴𝟱𝟬𝘂𝗰𝗱𝗶𝘃(มี@) 🦙𖠵🧦♡´ ⌇🛻💭 : นัดรับบ้านโอโลภูเขียวหรือใกล้เคียง 🍮 𓈃"
68,iPhone 14 P,128GB,ศูนย์,15990,100%,ประกันสินค้าหลังการขาย 30 วัน,data/images/instagram/post_068/img_1.jpg,https://www.instagram.com/mynowphone.shop/p/DXtxiOoE-u1,"❝🌷🛣️ᯓ 𝐢𝐏𝐡𝐨𝐧𝐞 𝟏𝟒 𝐏𝐫𝐨 𝟏𝟐𝟖𝐆𝐁 𝐋𝐋 ꒱·🌳🍒✿. 𓈈🔖 ราคา : 𝟏𝟓,𝟗𝟗𝟎.- 🚏💖 ส่งฟรี ୨ৎ 🌟 วางดาวน์ : 𝟐,𝟗𝟗𝟎 ผ่อนต่อ 𝟐,𝟑𝟏𝟎*𝟏𝟐 เดือน🌟 ୨ৎ 𓏔🪞การใช้งานปกติทุกอย่าง 𓏔🎀สแกนหน้าได้ จอมีทรูโทน 𓏔🏁มือ 𝟐 มีรอยตามการใช้งาน 𓏔☁️รีเซ็ตเครื่องได้ ไม่ติดไอคราว 𓏔🔋สุขภาพแบต 𝟏𝟎𝟎% 𓏔🌷อุปกรณ์ : ครบกล่อง ของแถม 𓏔🛠ประกันสินค้าหลังการขาย 𝟑𝟎 วัน ____________________________ สั่งซื้อ : 🌷🎧彡 𝗟𝗶𝗻𝗲:@𝟴𝟱𝟬𝘂𝗰𝗱𝗶𝘃(มี@) 🦙𖠵🧦♡´ ⌇🛻💭 : นัดรับบ้านโอโลภูเขียวหรือใกล้เคียง 🍮 𓈃"
69,iPhone 11 64,-,TH,7990,100%,ประกันสินค้าหลังการขาย 30 วัน,data/images/instagram/post_069/img_1.jpg,https://www.instagram.com/mynowphone.shop/p/DXtt6bDkw6S,"❝🌷🛣️ᯓ 𝐢𝐏𝐡𝐨𝐧𝐞 𝟏𝟏 𝟔𝟒𝐠𝐛 𝐓𝐇 ꒱·🌳🍒✿. 𓈈🔖 ราคา : 𝟕,𝟗𝟗𝟎.- 🚏💖 ส่งฟรี 𓏔🪞การใช้งานปกติทุกอย่าง 𓏔🎀สแกนหน้าได้ จอมีทรูโทน 𓏔🏁มือ 𝟐 มีรอยตามการใช้งาน 𓏔☁️รีเซ็ตเครื่องได้ ไม่ติดไอคราว 𓏔🔋สุขภาพแบต 𝟏𝟎𝟎% 𓏔🌷อุปกรณ์ : ครบกล่อง ของแถม 𓏔🛠ประกันสินค้าหลังการขาย 𝟑𝟎 วัน ____________________________ สั่งซื้อ : 🌷🎧彡 𝗟𝗶𝗻𝗲:@𝟴𝟱𝟬𝘂𝗰𝗱𝗶𝘃(มี@) 🦙𖠵🧦♡´ ⌇🛻💭 : นัดรับบ้านโอโลภูเขียวหรือใกล้เคียง 🍮 𓈃"
70,iPhone 12 128GB,128GB,ศูนย์,9350,100%,ประกันสินค้าหลังการขาย 30 วัน,data/images/instagram/post_070/img_1.jpg,https://www.instagram.com/mynowphone.shop/p/DXtrmIjkxAW,"❝🌷🛣️ᯓ 𝐢𝐏𝐡𝐨𝐧𝐞 𝟏𝟐 𝟏𝟐𝟖𝐆𝐁 𝐂𝐇 ꒱·🌳🍒✿. 𓈈🔖 ราคา : 𝟗,𝟑𝟓𝟎.- 🚏💖 ส่งฟรี ୨ৎ 🌟 วางดาวน์ : 𝟏,𝟗𝟗𝟎 ผ่อนต่อ 𝟏,𝟏𝟎𝟎*𝟏𝟐 เดือน🌟 ୨ৎ 𓏔🪞การใช้งานปกติทุกอย่าง 𓏔🎀สแกนหน้าได้ จอมีทรูโทน 𓏔🏁มือ 𝟐 มีรอยตามการใช้งาน 𓏔☁️รีเซ็ตเครื่องได้ ไม่ติดไอคราว 𓏔🔋สุขภาพแบต 𝟏𝟎𝟎% 𓏔🌷อุปกรณ์ : ครบกล่อง ของแถม 𓏔🛠ประกันสินค้าหลังการขาย 𝟑𝟎 วัน ____________________________ สั่งซื้อ : 🌷🎧彡 𝗟𝗶𝗻𝗲:@𝟴𝟱𝟬𝘂𝗰𝗱𝗶𝘃(มี@) 🦙𖠵🧦♡´ ⌇🛻💭 : นัดรับบ้านโอโลภูเขียวหรือใกล้เคียง 🍮 𓈃"
71,iPhone 14 Plus 128GB,128GB,ศูนย์,13990,94%,ประกันสินค้าหลังการขาย 30 วัน,data/images/instagram/post_071/img_1.jpg,https://www.instagram.com/mynowphone.shop/p/DViWXIVk7R-,"❝🌷🛣️ᯓ 𝐢𝐏𝐡𝐨𝐧𝐞 𝟏𝟒 𝐏𝐥𝐮𝐬 𝟏𝟐𝟖𝐆𝐁 𝐋𝐋 ꒱·🌳🍒✿. 𓈈🔖 ราคา : 𝟏𝟑,𝟗𝟗𝟎 .- 🚏💖 ส่งฟรี ୨ৎ 🌟 วางดาวน์ : 𝟐,𝟓𝟓𝟎 ผ่อนต่อ 𝟐,𝟒𝟗𝟎*𝟏𝟐 เดือน🌟 ୨ৎ 𓏔🪞การใช้งานปกติทุกอย่าง 𓏔🎀สแกนหน้าได้ จอมีทรูโทน 𓏔🏁มือ 𝟐 มีรอยตามการใช้งาน 𓏔☁️รีเซ็ตเครื่องได้ ไม่ติดไอคราว 𓏔🔋สุขภาพแบต 𝟗𝟒%+ 𓏔🌷อุปกรณ์ : ครบกล่อง ของแถม 𓏔🛠ประกันสินค้าหลังการขาย 𝟑𝟎 วัน ____________________________ สั่งซื้อ : 🌷🎧彡 𝗟𝗶𝗻𝗲:@𝟴𝟱𝟬𝘂𝗰𝗱𝗶𝘃(มี@) 🦙𖠵🧦♡´ ⌇🛻💭 : นัดรับบ้านโอโลภูเขียวหรือใกล้เคียง 🍮 𓈃"
72,iPhone 16 128GB,128GB,ศูนย์,19990,100%,ประกันสินค้าหลังการขาย 30 วัน,data/images/instagram/post_072/img_1.jpg,https://www.instagram.com/mynowphone.shop/p/DVc6oYPk6du,"❝🌷🛣️ᯓ 𝐢𝐏𝐡𝐨𝐧𝐞 𝟏𝟔 𝟏𝟐𝟖𝐆𝐁 𝐋𝐋 ꒱·🌳🍒✿. 𓈈🔖 ราคา : 𝟏𝟗,𝟗𝟗𝟎.- 🚏💖 ส่งฟรี 𓏔🪞การใช้งานปกติทุกอย่าง 𓏔🎀สแกนหน้าได้ จอมีทรูโทน 𓏔🏁มือ 𝟐 มีรอยตามการใช้งาน 𓏔☁️รีเซ็ตเครื่องได้ ไม่ติดไอคราว 𓏔🔋สุขภาพแบต 𝟏𝟎𝟎% 𓏔🌷อุปกรณ์ : ครบกล่อง ของแถม 𓏔🛠ประกันสินค้าหลังการขาย 𝟑𝟎 วัน ____________________________ สั่งซื้อ : 🌷🎧彡 𝗟𝗶𝗻𝗲:@𝟴𝟱𝟬𝘂𝗰𝗱𝗶𝘃(มี@) 🦙𖠵🧦♡´ ⌇🛻💭 : นัดรับบ้านโอโลภูเขียวหรือใกล้เคียง 🍮 𓈃"
73,iPhone 14 P,128GB,ศูนย์,17990,100%,ประกันสินค้าหลังการขาย 30 วัน,data/images/instagram/post_073/img_1.jpg,https://www.instagram.com/mynowphone.shop/p/DVci1GmE6YO,"❝🌷🛣️ᯓ 𝐢𝐏𝐡𝐨𝐧𝐞 𝟏𝟒 𝐏𝐫𝐨𝐌𝐚𝐱 𝟏𝟐𝟖𝐆𝐁 𝐋𝐋 ꒱·🌳🍒✿. 𓈈🔖 ราคา : 𝟏𝟕,𝟗𝟗𝟎.- 🚏💖 ส่งฟรี ୨ৎ 🌟 วางดาวน์ : 𝟐,𝟓𝟓𝟎 ผ่อนต่อ 𝟐,𝟖𝟓𝟎*𝟏𝟐 เดือน🌟 ୨ৎ 𓏔🪞การใช้งานปกติทุกอย่าง 𓏔🎀สแกนหน้าได้ จอมีทรูโทน 𓏔🏁มือ 𝟐 มีรอยตามการใช้งาน 𓏔☁️รีเซ็ตเครื่องได้ ไม่ติดไอคราว 𓏔🔋สุขภาพแบต 𝟏𝟎𝟎% 𓏔🌷อุปกรณ์ : ครบกล่อง ของแถม 𓏔🛠ประกันสินค้าหลังการขาย 𝟑𝟎 วัน ____________________________ สั่งซื้อ : 🌷🎧彡 𝗟𝗶𝗻𝗲:@𝟴𝟱𝟬𝘂𝗰𝗱𝗶𝘃(มี@) 🦙𖠵🧦♡´ ⌇🛻💭 : นัดรับบ้านโอโลภูเขียวหรือใกล้เคียง 🍮 𓈃"
74,iPhone 13 256GB,256GB,ศูนย์,12550,100%,ประกันสินค้าหลังการขาย 30 วัน,data/images/instagram/post_074/img_1.jpg,https://www.instagram.com/mynowphone.shop/p/DVcctHBE5AE,"❝🌷🛣️ᯓ 𝐢𝐏𝐡𝐨𝐧𝐞 𝟏𝟑 𝟐𝟓𝟔𝐆𝐁 𝐋𝐋 ꒱·🌳🍒✿. 𓈈🔖 ราคา : 𝟏𝟐,𝟓𝟓𝟎.- 🚏💖 ส่งฟรี 𓏔🪞การใช้งานปกติทุกอย่าง 𓏔🎀สแกนหน้าได้ จอมีทรูโทน 𓏔🏁มือ 𝟐 มีรอยตามการใช้งาน 𓏔☁️รีเซ็ตเครื่องได้ ไม่ติดไอคราว 𓏔🔋สุขภาพแบต 𝟏𝟎𝟎% 𓏔🌷อุปกรณ์ : ครบกล่อง ของแถม 𓏔🛠ประกันสินค้าหลังการขาย 𝟑𝟎 วัน ____________________________ สั่งซื้อ : 🌷🎧彡 𝗟𝗶𝗻𝗲:@𝟴𝟱𝟬𝘂𝗰𝗱𝗶𝘃(มี@) 🦙𖠵🧦♡´ ⌇🛻💭 : นัดรับบ้านโอโลภูเขียวหรือใกล้เคียง 🍮 𓈃"
75,iPhone 11 128GB TH,128GB,TH,7990,100%,ประกันสินค้าหลังการขาย 30 วัน,data/images/instagram/post_075/img_1.jpg,https://www.instagram.com/mynowphone.shop/p/DVaAuaKk5qy,"❝🌷🛣️ᯓ 𝐢𝐏𝐡𝐨𝐧𝐞 𝟏𝟏 𝟏𝟐𝟖𝐆𝐁 𝐓𝐇 ꒱·🌳🍒✿. 𓈈🔖 ราคา : 𝟕,𝟗𝟗𝟎.- 🚏💖 ส่งฟรี 𓏔🪞การใช้งานปกติทุกอย่าง 𓏔🎀สแกนหน้าได้ จอมีทรูโทน 𓏔🏁มือ 𝟐 มีรอยตามการใช้งาน 𓏔☁️รีเซ็ตเครื่องได้ ไม่ติดไอคราว 𓏔🔋สุขภาพแบต 𝟏𝟎𝟎% 𓏔🌷อุปกรณ์ : ครบกล่อง ของแถม 𓏔🛠ประกันสินค้าหลังการขาย 𝟑𝟎 วัน ____________________________ สั่งซื้อ : 🌷🎧彡 𝗟𝗶𝗻𝗲:@𝟴𝟱𝟬𝘂𝗰𝗱𝗶𝘃(มี@) 🦙𖠵🧦♡´ ⌇🛻💭 : นัดรับบ้านโอโลภูเขียวหรือใกล้เคียง 🍮 𓈃"
76,iPhone 14 128GB,128GB,ศูนย์,13990,100%,ประกันสินค้าหลังการขาย 30 วัน,data/images/instagram/post_076/img_1.jpg,https://www.instagram.com/mynowphone.shop/p/DVZ55EEEyZv,"❝🌷🛣️ᯓ 𝐢𝐏𝐡𝐨𝐧𝐞 𝟏𝟒 𝟏𝟐𝟖𝐆𝐁 𝐋𝐋 ꒱·🌳🍒✿. 𓈈🔖 ราคา : 𝟏𝟑,𝟗𝟗𝟎.- 🚏💖 ส่งฟรี 𓏔🪞การใช้งานปกติทุกอย่าง 𓏔🎀สแกนหน้าได้ จอมีทรูโทน 𓏔🏁มือ 𝟐 มีรอยตามการใช้งาน 𓏔☁️รีเซ็ตเครื่องได้ ไม่ติดไอคราว 𓏔🔋สุขภาพแบต 𝟏𝟎𝟎% 𓏔🌷อุปกรณ์ : ครบกล่อง ของแถม 𓏔🛠ประกันสินค้าหลังการขาย 𝟑𝟎 วัน ____________________________ สั่งซื้อ : 🌷🎧彡 𝗟𝗶𝗻𝗲:@𝟴𝟱𝟬𝘂𝗰𝗱𝗶𝘃(มี@) 🦙𖠵🧦♡´ ⌇🛻💭 : นัดรับบ้านโอโลภูเขียวหรือใกล้เคียง 🍮 𓈃"
77,iPhone 14 P,128GB,ศูนย์,15990,100%,ประกันสินค้าหลังการขาย 30 วัน,data/images/instagram/post_077/img_1.jpg,https://www.instagram.com/mynowphone.shop/p/DVGIo_Zkxjp,"❝🌷🛣️ᯓ 𝐢𝐏𝐡𝐨𝐧𝐞 𝟏𝟒 𝐏𝐫𝐨 𝟏𝟐𝟖𝐆𝐁 𝐋𝐋 ꒱·🌳🍒✿. 𓈈🔖 ราคา : 𝟏𝟓,𝟗𝟗𝟎.- 🚏💖 ส่งฟรี 𓏔🪞การใช้งานปกติทุกอย่าง 𓏔🎀สแกนหน้าได้ จอมีทรูโทน 𓏔🏁มือ 𝟐 มีรอยตามการใช้งาน 𓏔☁️รีเซ็ตเครื่องได้ ไม่ติดไอคราว 𓏔🔋สุขภาพแบต 𝟏𝟎𝟎% 𓏔🌷อุปกรณ์ : ครบกล่อง ของแถม 𓏔🛠ประกันสินค้าหลังการขาย 𝟑𝟎 วัน ____________________________ สั่งซื้อ : 🌷🎧彡 𝗟𝗶𝗻𝗲:@𝟴𝟱𝟬𝘂𝗰𝗱𝗶𝘃(มี@) 🦙𖠵🧦♡´ ⌇🛻💭 : นัดรับบ้านโอโลภูเขียวหรือใกล้เคียง 🍮 𓈃"
78,iPhone 16 128GB,128GB,ศูนย์,23550,90%,ประกันสินค้าหลังการขาย 30 วัน,data/images/instagram/post_078/img_1.jpg,https://www.instagram.com/mynowphone.shop/p/DVGECmCk8rG,"❝🌷🛣️ᯓ 𝐢𝐏𝐡𝐨𝐧𝐞 𝟏𝟔 𝟏𝟐𝟖𝐆𝐁 𝐙𝐏 ꒱·🌳🍒✿. 𓈈🔖 ราคา : 𝟐𝟑,𝟓𝟓𝟎.- 🚏💖 ส่งฟรี ୨ৎ 🌟 วางดาวน์ : 𝟔,𝟓𝟎𝟎 ผ่อนต่อ 𝟑,𝟐𝟏𝟎*𝟏𝟐 เดือน🌟 ୨ৎ 𓏔🪞การใช้งานปกติทุกอย่าง 𓏔🎀สแกนหน้าได้ จอมีทรูโทน 𓏔🏁มือ 𝟐 มีรอยตามการใช้งาน 𓏔☁️รีเซ็ตเครื่องได้ ไม่ติดไอคราว 𓏔🔋สุขภาพแบต 𝟗𝟎% 𓏔🌷อุปกรณ์ : ครบกล่อง ของแถม 𓏔🛠ประกันสินค้าหลังการขาย 𝟑𝟎 วัน ____________________________ สั่งซื้อ : 🌷🎧彡 𝗟𝗶𝗻𝗲:@𝟴𝟱𝟬𝘂𝗰𝗱𝗶𝘃(มี@) 🦙𖠵🧦♡´ ⌇🛻💭 : นัดรับบ้านโอโลภูเขียวหรือใกล้เคียง 🍮 𓈃"
79,iPhone 15 128GB,128GB,ศูนย์,14550,100%,ประกันสินค้าหลังการขาย 15 วัน,data/images/instagram/post_079/img_1.jpg,https://www.instagram.com/mynowphone.shop/p/DU5WKKPExRq,"❝🌷🛣️ᯓ 𝐢𝐏𝐡𝐨𝐧𝐞 𝟏𝟓 𝟏𝟐𝟖𝐆𝐁 𝐋𝐋 ꒱·🌳🍒✿. 𓈈🔖 ราคา : 𝟏𝟒,𝟓𝟓𝟎.- 🚏💖 ส่งฟรี 𓏔🪞การใช้งานปกติทุกอย่าง 𓏔🎀สแกนหน้าได้ จอมีทรูโทน 𓏔🏁มือ 𝟐 มีรอยตามการใช้งาน 𓏔☁️รีเซ็ตเครื่องได้ ไม่ติดไอคราว 𓏔🔋สุขภาพแบต 𝟏𝟎𝟎% 𓏔🌷อุปกรณ์ : ครบกล่อง ของแถม 𓏔🛠ประกันสินค้าหลังการขาย 𝟏𝟓 วัน ____________________________ สั่งซื้อ : 🌷🎧彡 𝗟𝗶𝗻𝗲:@𝟴𝟱𝟬𝘂𝗰𝗱𝗶𝘃(มี@) 🦙𖠵🧦♡´ ⌇🛻💭 : นัดรับบ้านโอโลภูเขียวหรือใกล้เคียง 🍮 𓈃"
80,iPhone 13 128GB,128GB,ศูนย์,11990,100%,ประกันสินค้าหลังการขาย 15 วัน,data/images/instagram/post_080/img_1.jpg,https://www.instagram.com/mynowphone.shop/p/DU2ss0Lk3fi,"❝🌷🛣️ᯓ 𝐢𝐏𝐡𝐨𝐧𝐞 𝟏𝟑 𝟏𝟐𝟖𝐆𝐁 โมเดลนอก ꒱·🌳🍒✿. 𓈈🔖 ราคา : 𝟏𝟏,𝟗𝟗𝟎.- 🚏💖 ส่งฟรี 𓏔🪞การใช้งานปกติทุกอย่าง 𓏔🎀สแกนหน้าได้ จอมีทรูโทน 𓏔🏁มือ 𝟐 มีรอยตามการใช้งาน 𓏔☁️รีเซ็ตเครื่องได้ ไม่ติดไอคราว 𓏔🔋สุขภาพแบต 𝟏𝟎𝟎% 𓏔🌷อุปกรณ์ : ครบกล่อง ของแถม 𓏔🛠ประกันสินค้าหลังการขาย 𝟏𝟓 วัน ____________________________ สั่งซื้อ : 🌷🎧彡 𝗟𝗶𝗻𝗲:@𝟴𝟱𝟬𝘂𝗰𝗱𝗶𝘃(มี@) 🦙𖠵🧦♡´ ⌇🛻💭 : นัดรับบ้านโอโลภูเขียวหรือใกล้เคียง 🍮 𓈃"
81,iPhone 12 128GB,128GB,ศูนย์,8990,100%,ประกันสินค้าหลังการขาย 15 วัน,data/images/instagram/post_081/img_1.jpg,https://www.instagram.com/mynowphone.shop/p/DU2Kzvbk5M1,"❝🌷🛣️ᯓ 𝐢𝐏𝐡𝐨𝐧𝐞 𝟏𝟐 𝟏𝟐𝟖𝐆𝐁 𝐋𝐋 ꒱·🌳🍒✿. 𓈈🔖 ราคา : 𝟖,𝟗𝟗𝟎.- 🚏💖 ส่งฟรี 𓏔🪞การใช้งานปกติทุกอย่าง 𓏔🎀สแกนหน้าได้ จอมีทรูโทน 𓏔🏁มือ 𝟐 มีรอยตามการใช้งาน 𓏔☁️รีเซ็ตเครื่องได้ ไม่ติดไอคราว 𓏔🔋สุขภาพแบต 𝟏𝟎𝟎% 𓏔🌷อุปกรณ์ : ครบกล่อง ของแถม 𓏔🛠ประกันสินค้าหลังการขาย 𝟏𝟓 วัน ____________________________ สั่งซื้อ : 🌷🎧彡 𝗟𝗶𝗻𝗲:@𝟴𝟱𝟬𝘂𝗰𝗱𝗶𝘃(มี@) 🦙𖠵🧦♡´ ⌇🛻💭 : นัดรับบ้านโอโลภูเขียวหรือใกล้เคียง 🍮 𓈃"
82,iPhone 16 Plus 128GB,128GB,ศูนย์,21990,100%,ประกันสินค้าหลังการขาย 30 วัน,data/images/instagram/post_082/img_1.jpg,https://www.instagram.com/mynowphone.shop/p/DUxEsZUkx2v,"❝🌷🛣️ᯓ 𝐢𝐏𝐡𝐨𝐧𝐞 𝟏𝟔 𝐏𝐥𝐮𝐬 𝟏𝟐𝟖𝐆𝐁 𝐋𝐋 ꒱·🌳🍒✿. 𓈈🔖 ราคา : 𝟐𝟏,𝟗𝟗𝟎.- 🚏💖 ส่งฟรี ୨ৎ 🌟 วางดาวน์ : 𝟑,𝟗𝟎𝟎 ผ่อนต่อ 𝟑,𝟔𝟒𝟎*𝟏𝟎 เดือน🌟 ୨ৎ 𓏔🪞การใช้งานปกติทุกอย่าง 𓏔🎀สแกนหน้าได้ จอมีทรูโทน 𓏔🏁มือ 𝟐 มีรอยตามการใช้งาน 𓏔☁️รีเซ็ตเครื่องได้ ไม่ติดไอคราว 𓏔🔋สุขภาพแบต 𝟏𝟎𝟎% 𓏔🌷อุปกรณ์ : ครบกล่อง ของแถม 𓏔🛠ประกันสินค้าหลังการขาย 𝟑𝟎 วัน ____________________________ สั่งซื้อ : 🌷🎧彡 𝗟𝗶𝗻𝗲:@𝟴𝟱𝟬𝘂𝗰𝗱𝗶𝘃(มี@) 🦙𖠵🧦♡´ ⌇🛻💭 : นัดรับบ้านโอโลภูเขียวหรือใกล้เคียง 🍮 𓈃"
83,iPhone 13 P,128GB,ศูนย์,13990,100%,ประกันสินค้าหลังการขาย 30 วัน,data/images/instagram/post_083/img_1.jpg,https://www.instagram.com/mynowphone.shop/p/DUw9xMEkyEg,"❝🌷🛣️ᯓ 𝐢𝐏𝐡𝐨𝐧𝐞 𝟏𝟑 𝐏𝐫𝐨 𝟏𝟐𝟖𝐆𝐁 𝐋𝐋 ꒱·🌳🍒✿. 𓈈🔖 ราคา : 𝟏𝟑,𝟗𝟗𝟎.- 🚏💖 ส่งฟรี ୨ৎ 🌟 วางดาวน์ : 𝟐,𝟓𝟎𝟎 ผ่อนต่อ 𝟐,𝟐𝟒𝟎*𝟏𝟎 เดือน🌟 ୨ৎ 𓏔🪞การใช้งานปกติทุกอย่าง 𓏔🎀สแกนหน้าได้ จอมีทรูโทน 𓏔🏁มือ 𝟐 มีรอยตามการใช้งาน 𓏔☁️รีเซ็ตเครื่องได้ ไม่ติดไอคราว 𓏔🔋สุขภาพแบต 𝟏𝟎𝟎% 𓏔🌷อุปกรณ์ : ครบกล่อง ของแถม 𓏔🛠ประกันสินค้าหลังการขาย 𝟑𝟎 วัน ____________________________ สั่งซื้อ : 🌷🎧彡 𝗟𝗶𝗻𝗲:@𝟴𝟱𝟬𝘂𝗰𝗱𝗶𝘃(มี@) 🦙𖠵🧦♡´ ⌇🛻💭 : นัดรับบ้านโอโลภูเขียวหรือใกล้เคียง 🍮 𓈃"
84,iPhone 14 P,128GB,ศูนย์,14990,100%,ประกันสินค้าหลังการขาย 30 วัน,data/images/instagram/post_084/img_1.jpg,https://www.instagram.com/mynowphone.shop/p/DUkOvRRk_Iw,"❝🌷🛣️ᯓ 𝐢𝐏𝐡𝐨𝐧𝐞 𝟏𝟒 𝐏𝐫𝐨 𝟏𝟐𝟖𝐆𝐁 𝐋𝐋 ꒱·🌳🍒✿. 𓈈🔖 ราคา : 𝟏𝟒,𝟗𝟗𝟎.- 🚏💖 ส่งฟรี ୨ৎ 🌟 วางดาวน์ : 𝟐,𝟗𝟗𝟎 ผ่อนต่อ 𝟐,𝟒𝟗𝟎*𝟏𝟐 เดือน🌟 ୨ৎ 𓏔🪞การใช้งานปกติทุกอย่าง 𓏔🎀สแกนหน้าได้ จอมีทรูโทน 𓏔🏁มือ 𝟐 มีรอยตามการใช้งาน 𓏔☁️รีเซ็ตเครื่องได้ ไม่ติดไอคราว 𓏔🔋สุขภาพแบต 𝟏𝟎𝟎% 𓏔🌷อุปกรณ์ : ครบกล่อง ของแถม 𓏔🛠ประกันสินค้าหลังการขาย 𝟑𝟎 วัน ____________________________ สั่งซื้อ : 🌷🎧彡 𝗟𝗶𝗻𝗲:@𝟴𝟱𝟬𝘂𝗰𝗱𝗶𝘃(มี@) 🦙𖠵🧦♡´ ⌇🛻💭 : นัดรับบ้านโอโลภูเขียวหรือใกล้เคียง 🍮 𓈃"
85,iPhone 15 P,256GB,ศูนย์,20990,100%,ประกันสินค้าหลังการขาย 30 วัน,data/images/instagram/post_085/img_1.jpg,https://www.instagram.com/mynowphone.shop/p/DUkNHvcE_UD,"❝🌷🛣️ᯓ 𝐢𝐏𝐡𝐨𝐧𝐞 𝟏𝟓 𝐏𝐫𝐨𝐌𝐚𝐱 𝟐𝟓𝟔𝐆𝐁 𝐋𝐋 ꒱·🌳🍒✿. 𓈈🔖 ราคา : 𝟐𝟎,𝟗𝟗𝟎.- 🚏💖 ส่งฟรี ୨ৎ 🌟 วางดาวน์ : 𝟐,𝟗𝟗𝟎 ผ่อนต่อ 𝟑,𝟔𝟖𝟎*𝟏𝟐 เดือน🌟 ୨ৎ 𓏔🪞การใช้งานปกติทุกอย่าง 𓏔🎀สแกนหน้าได้ จอมีทรูโทน 𓏔🏁มือ 𝟐 มีรอยตามการใช้งาน 𓏔☁️รีเซ็ตเครื่องได้ ไม่ติดไอคราว 𓏔🔋สุขภาพแบต 𝟏𝟎𝟎% 𓏔🌷อุปกรณ์ : ครบกล่อง ของแถม 𓏔🛠ประกันสินค้าหลังการขาย 𝟑𝟎 วัน ____________________________ สั่งซื้อ : 🌷🎧彡 𝗟𝗶𝗻𝗲:@𝟴𝟱𝟬𝘂𝗰𝗱𝗶𝘃(มี@) 🦙𖠵🧦♡´ ⌇🛻💭 : นัดรับบ้านโอโลภูเขียวหรือใกล้เคียง 🍮 𓈃"
86,iPhone 15 P,128GB,ศูนย์,19990,100%,ประกันสินค้าหลังการขาย 30 วัน,data/images/instagram/post_086/img_1.jpg,https://www.instagram.com/mynowphone.shop/p/DUV7_gVk8Rc,"❝🌷🛣️ᯓ 𝐢𝐏𝐡𝐨𝐧𝐞 𝟏𝟓 𝐏𝐫𝐨 𝟏𝟐𝟖𝐆𝐁 𝐋𝐋 ꒱·🌳🍒✿. 𓈈🔖 ราคา : 𝟏𝟗,𝟗𝟗𝟎.- 🚏💖 ส่งฟรี ୨ৎ 🌟 วางดาวน์ : 𝟐,𝟗𝟗𝟎 ผ่อนต่อ 𝟑,𝟐𝟏𝟎*𝟏𝟐 เดือน🌟 ୨ৎ 𓏔🪞การใช้งานปกติทุกอย่าง 𓏔🎀สแกนหน้าได้ จอมีทรูโทน 𓏔🏁มือ 𝟐 มีรอยตามการใช้งาน 𓏔☁️รีเซ็ตเครื่องได้ ไม่ติดไอคราว 𓏔🔋สุขภาพแบต 𝟏𝟎𝟎% 𓏔🌷อุปกรณ์ : ครบกล่อง ของแถม 𓏔🛠ประกันสินค้าหลังการขาย 𝟑𝟎 วัน ____________________________ สั่งซื้อ : 🌷🎧彡 𝗟𝗶𝗻𝗲:@𝟴𝟱𝟬𝘂𝗰𝗱𝗶𝘃(มี@) 🦙𖠵🧦♡´ ⌇🛻💭 : นัดรับบ้านโอโลภูเขียวหรือใกล้เคียง 🍮 𓈃"
87,iPhone 15 128GB,128GB,ศูนย์,14990,100%,ประกันสินค้าหลังการขาย 15 วัน,data/images/instagram/post_087/img_1.jpg,https://www.instagram.com/mynowphone.shop/p/DUTimqGk9V_,"❝🌷🛣️ᯓ 𝐢𝐏𝐡𝐨𝐧𝐞 𝟏𝟓 𝟏𝟐𝟖𝐆𝐁 𝐋𝐋 ꒱·🌳🍒✿. 𓈈🔖 ราคา : 𝟏𝟒,𝟗𝟗𝟎.- 🚏💖 ส่งฟรี 𓏔🪞การใช้งานปกติทุกอย่าง 𓏔🎀สแกนหน้าได้ จอมีทรูโทน 𓏔🏁มือ 𝟐 มีรอยตามการใช้งาน 𓏔☁️รีเซ็ตเครื่องได้ ไม่ติดไอคราว 𓏔🔋สุขภาพแบต 𝟏𝟎𝟎% 𓏔🌷อุปกรณ์ : ครบกล่อง ของแถม 𓏔🛠ประกันสินค้าหลังการขาย 𝟏𝟓 วัน ____________________________ สั่งซื้อ : 🌷🎧彡 𝗟𝗶𝗻𝗲:@𝟴𝟱𝟬𝘂𝗰𝗱𝗶𝘃(มี@) 🦙𖠵🧦♡´ ⌇🛻💭 : นัดรับบ้านโอโลภูเขียวหรือใกล้เคียง 🍮 𓈃"
88,iPhone 14 P,128GB,ศูนย์,16990,100%,ประกันสินค้าหลังการขาย 30 วัน,data/images/instagram/post_088/img_1.jpg,https://www.instagram.com/mynowphone.shop/p/DUTeTABk5sx,"❝🌷🛣️ᯓ 𝐢𝐏𝐡𝐨𝐧𝐞 𝟏𝟒 𝐏𝐫𝐨𝐌𝐚𝐱 𝟏𝟐𝟖𝐆𝐁 𝐋𝐋 ꒱·🌳🍒✿. 𓈈🔖 ราคา : 𝟏𝟔,𝟗𝟗𝟎.- 🚏💖 ส่งฟรี 𓏔🪞การใช้งานปกติทุกอย่าง 𓏔🎀สแกนหน้าได้ จอมีทรูโทน 𓏔🏁มือ 𝟐 มีรอยตามการใช้งาน 𓏔☁️รีเซ็ตเครื่องได้ ไม่ติดไอคราว 𓏔🔋สุขภาพแบต 𝟏𝟎𝟎% 𓏔🌷อุปกรณ์ : ครบกล่อง ของแถม 𓏔🛠ประกันสินค้าหลังการขาย 𝟑𝟎 วัน ____________________________ สั่งซื้อ : 🌷🎧彡 𝗟𝗶𝗻𝗲:@𝟴𝟱𝟬𝘂𝗰𝗱𝗶𝘃(มี@) 🦙𖠵🧦♡´ ⌇🛻💭 : นัดรับบ้านโอโลภูเขียวหรือใกล้เคียง 🍮 𓈃"
89,iPhone 11 128GB TH,128GB,TH,8990,100%,ประกันสินค้าหลังการขาย 30 วัน,data/images/instagram/post_089/img_1.jpg,https://www.instagram.com/mynowphone.shop/p/DUSGyG4E1JO,"❝🌷🛣️ᯓ 𝐢𝐏𝐡𝐨𝐧𝐞 𝟏𝟏 𝟏𝟐𝟖𝐆𝐁 𝐓𝐇 ꒱·🌳🍒✿. 𓈈🔖 ราคา : 𝟖,𝟗𝟗𝟎.- 🚏💖 ส่งฟรี 𓏔🪞การใช้งานปกติทุกอย่าง 𓏔🎀สแกนหน้าได้ จอมีทรูโทน 𓏔🏁มือ 𝟐 มีรอยตามการใช้งาน 𓏔☁️รีเซ็ตเครื่องได้ ไม่ติดไอคราว 𓏔🔋สุขภาพแบต 𝟏𝟎𝟎% 𓏔🌷อุปกรณ์ : ครบกล่อง ของแถม 𓏔🛠ประกันสินค้าหลังการขาย 𝟑𝟎 วัน ____________________________ สั่งซื้อ : 🌷🎧彡 𝗟𝗶𝗻𝗲:@𝟴𝟱𝟬𝘂𝗰𝗱𝗶𝘃(มี@) 🦙𖠵🧦♡´ ⌇🛻💭 : นัดรับบ้านโอโลภูเขียวหรือใกล้เคียง 🍮 𓈃"
90,iPhone 6 16GB,16GB,ศูนย์,1990,67%,ประกันสินค้าหลังการขาย 3 วัน,data/images/instagram/post_090/img_1.jpg,https://www.instagram.com/mynowphone.shop/p/DUFZrYKk7vB,"❝🌷🛣️ᯓ 𝐢𝐏𝐡𝐨𝐧𝐞 𝟔 𝟏𝟔𝐆𝐁 𝐂𝐇 ꒱·🌳🍒✿. 𓈈🔖 ราคา : 𝟏,𝟗𝟗𝟎.- 🚏💖 ส่งฟรี 𓏔🪞การใช้งานปกติทุกอย่าง 𓏔🎀สแกนนิ้วได้ ศึกษาก่อนสั่งซื้อ 𓏔🏁มือ 𝟐 มีรอยตามการใช้งาน 𓏔☁️รีเซ็ตเครื่องได้ ไม่ติดไอคราว 𓏔🔋สุขภาพแบต 𝟔𝟕% 𓏔🌷อุปกรณ์ : ครบกล่อง ของแถม 𓏔🛠ประกันสินค้าหลังการขาย 𝟑 วัน ____________________________ สั่งซื้อ : 🌷🎧彡 𝗟𝗶𝗻𝗲:@𝟴𝟱𝟬𝘂𝗰𝗱𝗶𝘃(มี@) 🦙𖠵🧦♡´ ⌇🛻💭 : นัดรับบ้านโอโลภูเขียวหรือใกล้เคียง 🍮 𓈃"
91,iPhone,64GB,TH,4550,100%,ประกันสินค้าหลังการขาย 7 วัน,data/images/instagram/post_091/img_1.jpg,https://www.instagram.com/mynowphone.shop/p/DUFMsJsEz29,"❝🌷🛣️ᯓ 𝐢𝐏𝐡𝐨𝐧𝐞 𝐗 𝟔𝟒𝐆𝐁 𝐓𝐇 ꒱·🌳🍒✿. 𓈈🔖 ราคา : 𝟒,𝟓𝟓𝟎.- 🚏💖 ส่งฟรี 𓏔🪞การใช้งานปกติทุกอย่าง 𓏔🎀สแกนหน้าได้ จอมีทรูโทน 𓏔🏁มือ 𝟐 มีรอยตามการใช้งาน 𓏔☁️รีเซ็ตเครื่องได้ ไม่ติดไอคราว 𓏔🔋สุขภาพแบต 𝟏𝟎𝟎% 𓏔🌷อุปกรณ์ : ครบกล่อง ของแถม 𓏔🛠ประกันสินค้าหลังการขาย 𝟕 วัน ____________________________ สั่งซื้อ : 🌷🎧彡 𝗟𝗶𝗻𝗲:@𝟴𝟱𝟬𝘂𝗰𝗱𝗶𝘃(มี@) 🦙𖠵🧦♡´ ⌇🛻💭 : นัดรับบ้านโอโลภูเขียวหรือใกล้เคียง 🍮 𓈃"
92,iPhone 7 Plus 128GB TH,128GB,TH,3990,100%,ประกันสินค้าหลังการขาย 15 วัน,data/images/instagram/post_092/img_1.jpg,https://www.instagram.com/mynowphone.shop/p/DUFC99Vk8dk,"❝🌷🛣️ᯓ 𝐢𝐏𝐡𝐨𝐧𝐞 𝟕 𝐏𝐥𝐮𝐬 𝟏𝟐𝟖𝐆𝐁 𝐓𝐇 ꒱·🌳🍒✿. 𓈈🔖 ราคา : 𝟑,𝟗𝟗𝟎.- 🚏💖 ส่งฟรี 𓏔🪞การใช้งานปกติทุกอย่าง 𓏔🎀สแกนนิ้วได้ 𝐢𝐎𝐒 𝟏𝟓.𝟕 𓏔🏁มือ 𝟐 มีรอยตามการใช้งาน 𓏔☁️รีเซ็ตเครื่องได้ ไม่ติดไอคราว 𓏔🔋สุขภาพแบต 𝟏𝟎𝟎% 𓏔🌷อุปกรณ์ : ครบกล่อง ของแถม 𓏔🛠ประกันสินค้าหลังการขาย 𝟏𝟓 วัน ____________________________ สั่งซื้อ : 🌷🎧彡 𝗟𝗶𝗻𝗲:@𝟴𝟱𝟬𝘂𝗰𝗱𝗶𝘃(มี@) 🦙𖠵🧦♡´ ⌇🛻💭 : นัดรับบ้านโอโลภูเขียวหรือใกล้เคียง 🍮 𓈃"
93,iPhone 14 Plus 128GB,128GB,ศูนย์,14990,100%,ประกันสินค้าหลังการขาย 30 วัน,data/images/instagram/post_093/img_1.jpg,https://www.instagram.com/mynowphone.shop/p/DUBcRYDk-G1,"❝🌷🛣️ᯓ 𝐢𝐏𝐡𝐨𝐧𝐞 𝟏𝟒 𝐏𝐥𝐮𝐬 𝟏𝟐𝟖𝐆𝐁 𝐋𝐋 ꒱·🌳🍒✿. 𓈈🔖 ราคา : 𝟏𝟒,𝟗𝟗𝟎.- 🚏💖 ส่งฟรี ୨ৎ 🌟 วางดาวน์ : 𝟐,𝟗𝟗𝟎 ผ่อนต่อ 𝟐,𝟏𝟓𝟎*𝟏𝟐 เดือน🌟 ୨ৎ 𓏔🪞การใช้งานปกติทุกอย่าง 𓏔🎀สแกนหน้าได้ จอมีทรูโทน 𓏔🏁มือ 𝟐 มีรอยตามการใช้งาน 𓏔☁️รีเซ็ตเครื่องได้ ไม่ติดไอคราว 𓏔🔋สุขภาพแบต 𝟏𝟎𝟎% 𓏔🌷อุปกรณ์ : ครบกล่อง ของแถม 𓏔🛠ประกันสินค้าหลังการขาย 𝟑𝟎 วัน ____________________________ สั่งซื้อ : 🌷🎧彡 𝗟𝗶𝗻𝗲:@𝟴𝟱𝟬𝘂𝗰𝗱𝗶𝘃(มี@) 🦙𖠵🧦♡´ ⌇🛻💭 : นัดรับบ้านโอโลภูเขียวหรือใกล้เคียง 🍮 𓈃"
94,โทรศัพท์มือสอง,64GB,TH,9990,83%,ประกันสินค้าหลังการขาย 20 วัน,data/images/instagram/post_094/img_1.jpg,https://www.instagram.com/mynowphone.shop/p/DUAs3CzEwDl,"❝🌷🛣️ᯓ 𝐢𝐏𝐚𝐝 𝐀𝐢𝐫𝟒 𝟔𝟒𝐆𝐁 𝐓𝐇 𝐖𝐢𝐅𝐢 ꒱·🌳🍒✿. 𓈈🔖 ราคา : 𝟗,𝟗𝟗𝟎.- 🚏💖 ส่งฟรี ⚠️ตำหนิจอไบร์ทไม่มีผลต่อการใช้งาน 𓏔🪞การใช้งานปกติทุกอย่าง 𓏔🎀สแกนนิ้วได้ จอมีทรูโทน 𓏔🏁มือ 𝟐 มีรอยตามการใช้งาน 𓏔☁️รีเซ็ตเครื่องได้ ไม่ติดไอคราว 𓏔🔋สุขภาพแบต 𝟖𝟑% 𓏔🌷อุปกรณ์ : ครบกล่อง เคส 𓏔🛠ประกันสินค้าหลังการขาย 𝟐𝟎 วัน ____________________________ สั่งซื้อ : 🌷🎧彡 𝗟𝗶𝗻𝗲:@𝟴𝟱𝟬𝘂𝗰𝗱𝗶𝘃(มี@) 🦙𖠵🧦♡´ ⌇🛻💭 : นัดรับบ้านโอโลภูเขียวหรือใกล้เคียง 🍮 𓈃"
95,iPhone 16 P,256GB,ศูนย์,31550,100%,ประกันสินค้าหลังการขาย 30 วัน,data/images/instagram/post_095/img_1.jpg,https://www.instagram.com/mynowphone.shop/p/DT-z49VE_2_,"❝🌷🛣️ᯓ 𝐢𝐏𝐡𝐨𝐧𝐞 𝟏𝟔 𝐏𝐫𝐨 𝟐𝟓𝟔𝐆𝐁 𝐙𝐏 ꒱·🌳🍒✿. 𓈈🔖 ราคา : 𝟑𝟏,𝟓𝟓𝟎.- 🚏💖 ส่งฟรี ୨ৎ 🌟 วางดาวน์ : 𝟕,𝟓𝟎𝟎 ผ่อนต่อ 𝟒,𝟑𝟔𝟑*𝟏𝟐 เดือน🌟 ୨ৎ 𓏔🪞การใช้งานปกติทุกอย่าง 𓏔🎀สแกนหน้าได้ จอมีทรูโทน 𓏔🏁มือ 𝟐 มีรอยตามการใช้งาน 𓏔☁️รีเซ็ตเครื่องได้ ไม่ติดไอคราว 𓏔🔋สุขภาพแบต 𝟏𝟎𝟎% 𓏔🌷อุปกรณ์ : ครบกล่อง ของแถม 𓏔🛠ประกันสินค้าหลังการขาย 𝟑𝟎 วัน ____________________________ สั่งซื้อ : 🌷🎧彡 𝗟𝗶𝗻𝗲:@𝟴𝟱𝟬𝘂𝗰𝗱𝗶𝘃(มี@) 🦙𖠵🧦♡´ ⌇🛻💭 : นัดรับบ้านโอโลภูเขียวหรือใกล้เคียง 🍮 𓈃"
96,iPhone 16 Plus 128GB,128GB,ศูนย์,21990,100%,ประกันสินค้าหลังการขาย 30 วัน,data/images/instagram/post_096/img_1.jpg,https://www.instagram.com/mynowphone.shop/p/DT5vQ0EE87-,"❝🌷🛣️ᯓ 𝐢𝐏𝐡𝐨𝐧𝐞 𝟏𝟔 𝐏𝐥𝐮𝐬 𝟏𝟐𝟖𝐆𝐁 𝐋𝐋 ꒱·🌳🍒✿. 𓈈🔖 ราคา : 𝟐𝟏,𝟗𝟗𝟎.- 🚏💖 ส่งฟรี ୨ৎ 🌟 วางดาวน์ : 𝟐,𝟗𝟗𝟎 ผ่อนต่อ 𝟑,𝟐𝟏𝟎*𝟏𝟎 เดือน🌟 ୨ৎ 𓏔🪞การใช้งานปกติทุกอย่าง 𓏔🎀สแกนหน้าได้ จอมีทรูโทน 𓏔🏁มือ 𝟐 มีรอยตามการใช้งาน 𓏔☁️รีเซ็ตเครื่องได้ ไม่ติดไอคราว 𓏔🔋สุขภาพแบต 𝟏𝟎𝟎% 𓏔🌷อุปกรณ์ : ครบกล่อง ของแถม 𓏔🛠ประกันสินค้าหลังการขาย 𝟑𝟎 วัน ____________________________ สั่งซื้อ : 🌷🎧彡 𝗟𝗶𝗻𝗲:@𝟴𝟱𝟬𝘂𝗰𝗱𝗶𝘃(มี@) 🦙𖠵🧦♡´ ⌇🛻💭 : นัดรับบ้านโอโลภูเขียวหรือใกล้เคียง 🍮 𓈃"
97,iPhone 15 P,128GB,ศูนย์,15990,100%,ประกันสินค้าหลังการขาย 30 วัน,data/images/instagram/post_097/img_1.jpg,https://www.instagram.com/mynowphone.shop/p/DT5ri_wE28b,"❝🌷🛣️ᯓ 𝐢𝐏𝐡𝐨𝐧𝐞 𝟏𝟓 𝐏𝐫𝐨 𝟏𝟐𝟖𝐆𝐁 𝐋𝐋 ꒱·🌳🍒✿. 𓈈🔖 ราคา : 𝟏𝟓,𝟗𝟗𝟎.- 🚏💖 ส่งฟรี 𓏔🪞การใช้งานปกติทุกอย่าง 𓏔🎀สแกนหน้าได้ จอมีทรูโทน 𓏔🏁มือ 𝟐 มีรอยตามการใช้งาน 𓏔☁️รีเซ็ตเครื่องได้ ไม่ติดไอคราว 𓏔🔋สุขภาพแบต 𝟏𝟎𝟎% 𓏔🌷อุปกรณ์ : ครบกล่อง ของแถม 𓏔🛠ประกันสินค้าหลังการขาย 𝟑𝟎 วัน ____________________________ สั่งซื้อ : 🌷🎧彡 𝗟𝗶𝗻𝗲:@𝟴𝟱𝟬𝘂𝗰𝗱𝗶𝘃(มี@) 🦙𖠵🧦♡´ ⌇🛻💭 : นัดรับบ้านโอโลภูเขียวหรือใกล้เคียง 🍮 𓈃"
98,iPhone,128GB,ศูนย์,6550,100%,ประกันสินค้าหลังการขาย 30 วัน,data/images/instagram/post_098/img_1.jpg,https://www.instagram.com/mynowphone.shop/p/DT5YPcLk4oN,"❝🌷🛣️ᯓ 𝐢𝐏𝐡𝐨𝐧𝐞 𝐗𝐫 𝟏𝟐𝟖𝐆𝐁 𝐂𝐇 ꒱·🌳🍒✿. 𓈈🔖 ราคา : 𝟔,𝟓𝟓𝟎.- 🚏💖 ส่งฟรี 𓏔🪞การใช้งานปกติทุกอย่าง 𓏔🎀สแกนหน้าได้ จอมีทรูโทน 𓏔🏁มือ 𝟐 มีรอยตามการใช้งาน 𓏔☁️รีเซ็ตเครื่องได้ ไม่ติดไอคราว 𓏔🔋สุขภาพแบต 𝟏𝟎𝟎% 𓏔🌷อุปกรณ์ : ครบกล่อง ของแถม 𓏔🛠ประกันสินค้าหลังการขาย 𝟑𝟎 วัน ____________________________ สั่งซื้อ : 🌷🎧彡 𝗟𝗶𝗻𝗲:@𝟴𝟱𝟬𝘂𝗰𝗱𝗶𝘃(มี@) 🦙𖠵🧦♡´ ⌇🛻💭 : นัดรับบ้านโอโลภูเขียวหรือใกล้เคียง 🍮 𓈃"
99,iPhone 13 P,128GB,ศูนย์,13990,100%,ประกันสินค้าหลังการขาย 30 วัน,data/images/instagram/post_099/img_1.jpg,https://www.instagram.com/mynowphone.shop/p/DT5WlvcE70y,"❝🌷🛣️ᯓ 𝐢𝐏𝐡𝐨𝐧𝐞 𝟏𝟑 𝐏𝐫𝐨 𝟏𝟐𝟖𝐆𝐁 𝐂𝐇 ꒱·🌳🍒✿. 𓈈🔖 ราคา : 𝟏𝟑,𝟗𝟗𝟎.- 🚏💖 ส่งฟรี 𓏔🪞การใช้งานปกติทุกอย่าง 𓏔🎀สแกนหน้าได้ จอมีทรูโทน 𓏔🏁มือ 𝟐 มีรอยตามการใช้งาน 𓏔☁️รีเซ็ตเครื่องได้ ไม่ติดไอคราว 𓏔🔋สุขภาพแบต 𝟏𝟎𝟎% 𓏔🌷อุปกรณ์ : ครบกล่อง ของแถม 𓏔🛠ประกันสินค้าหลังการขาย 𝟑𝟎 วัน ____________________________ สั่งซื้อ : 🌷🎧彡 𝗟𝗶𝗻𝗲:@𝟴𝟱𝟬𝘂𝗰𝗱𝗶𝘃(มี@) 🦙𖠵🧦♡´ ⌇🛻💭 : นัดรับบ้านโอโลภูเขียวหรือใกล้เคียง 🍮 𓈃"
100,iPhone 13,128GB,ศูนย์,9550,100%,ประกันสินค้าหลังการขาย 30 วัน,data/images/instagram/post_100/img_1.jpg,https://www.instagram.com/mynowphone.shop/p/DT5FXObk7A2,"❝🌷🛣️ᯓ 𝐢𝐏𝐡𝐨𝐧𝐞 𝟏𝟑 𝐌𝐢𝐧𝐢 𝟏𝟐𝟖𝐆𝐁 𝐂𝐇 ꒱·🌳🍒✿. 𓈈🔖 ราคา : 𝟗,𝟓𝟓𝟎.- 🚏💖 ส่งฟรี 𓏔🪞การใช้งานปกติทุกอย่าง 𓏔🎀สแกนหน้าได้ จอมีทรูโทน 𓏔🏁มือ 𝟐 มีรอยตามการใช้งาน 𓏔☁️รีเซ็ตเครื่องได้ ไม่ติดไอคราว 𓏔🔋สุขภาพแบต 𝟏𝟎𝟎% 𓏔🌷อุปกรณ์ : ครบกล่อง ของแถม 𓏔🛠ประกันสินค้าหลังการขาย 𝟑𝟎 วัน ____________________________ สั่งซื้อ : 🌷🎧彡 𝗟𝗶𝗻𝗲:@𝟴𝟱𝟬𝘂𝗰𝗱𝗶𝘃(มี@) 🦙𖠵🧦♡´ ⌇🛻💭 : นัดรับบ้านโอโลภูเขียวหรือใกล้เคียง 🍮 𓈃"
101,iPhone 13 P,128GB,ศูนย์,13990,100%,ประกันสินค้าหลังการขาย 30 วัน,data/images/instagram/post_101/img_1.jpg,https://www.instagram.com/mynowphone.shop/p/DTup3Ajk-Yv,"❝🌷🛣️ᯓ 𝐢𝐏𝐡𝐨𝐧𝐞 𝟏𝟑 𝐏𝐫𝐨 𝟏𝟐𝟖𝐆𝐁 𝐋𝐋 ꒱·🌳🍒✿. 𓈈🔖 ราคา : 𝟏𝟑,𝟗𝟗𝟎.- 🚏💖 ส่งฟรี ୨ৎ 🌟 วางดาวน์ : 𝟐,𝟗𝟗𝟎 ผ่อนต่อ 𝟐,𝟏𝟖𝟎*𝟗 เดือน🌟 ୨ৎ 𓏔🪞การใช้งานปกติทุกอย่าง 𓏔🎀สแกนหน้าได้ จอมีทรูโทน 𓏔🏁มือ 𝟐 มีรอยตามการใช้งาน 𓏔☁️รีเซ็ตเครื่องได้ ไม่ติดไอคราว 𓏔🔋สุขภาพแบต 𝟏𝟎𝟎% 𓏔🌷อุปกรณ์ : ครบกล่อง ของแถม 𓏔🛠ประกันสินค้าหลังการขาย 𝟑𝟎 วัน ____________________________ สั่งซื้อ : 🌷🎧彡 𝗟𝗶𝗻𝗲:@𝟴𝟱𝟬𝘂𝗰𝗱𝗶𝘃(มี@) 🦙𖠵🧦♡´ ⌇🛻💭 : นัดรับบ้านโอโลภูเขียวหรือใกล้เคียง 🍮 𓈃"
102,iPhone 12 128GB,128GB,ศูนย์,8990,100%,ประกันสินค้าหลังการขาย 30 วัน,data/images/instagram/post_102/img_1.jpg,https://www.instagram.com/mynowphone.shop/p/DTuOrwJk6zF,"❝🌷🛣️ᯓ 𝐢𝐏𝐡𝐨𝐧𝐞 𝟏𝟐 𝟏𝟐𝟖𝐆𝐁 𝐂𝐇 ꒱·🌳🍒✿. 𓈈🔖 ราคา : 𝟖,𝟗𝟗𝟎.- 🚏💖 ส่งฟรี ୨ৎ 🌟 วางดาวน์ : 𝟏,𝟗𝟗𝟎 ผ่อนต่อ 𝟏,𝟖𝟓𝟎*𝟏𝟎 เดือน🌟 ୨ৎ 𓏔🪞การใช้งานปกติทุกอย่าง 𓏔🎀สแกนหน้าได้ จอมีทรูโทน 𓏔🏁มือ 𝟐 มีรอยตามการใช้งาน 𓏔☁️รีเซ็ตเครื่องได้ ไม่ติดไอคราว 𓏔🔋สุขภาพแบต 𝟏𝟎𝟎% 𓏔🌷อุปกรณ์ : ครบกล่อง ของแถม 𓏔🛠ประกันสินค้าหลังการขาย 𝟑𝟎 วัน ____________________________ สั่งซื้อ : 🌷🎧彡 𝗟𝗶𝗻𝗲:@𝟴𝟱𝟬𝘂𝗰𝗱𝗶𝘃(มี@) 🦙𖠵🧦♡´ ⌇🛻💭 : นัดรับบ้านโอโลภูเขียวหรือใกล้เคียง 🍮 𓈃"
103,iPhone 11 128GB TH,128GB,TH,7990,100%,ประกันสินค้าหลังการขาย 30 วัน,data/images/instagram/post_103/img_1.jpg,https://www.instagram.com/mynowphone.shop/p/DTuHg5yE8RJ,"❝🌷🛣️ᯓ 𝐢𝐏𝐡𝐨𝐧𝐞 𝟏𝟏 𝟏𝟐𝟖𝐆𝐁 𝐓𝐇 ꒱·🌳🍒✿. 𓈈🔖 ราคา : 𝟕,𝟗𝟗𝟎.- 🚏💖 ส่งฟรี 𓏔🪞การใช้งานปกติทุกอย่าง 𓏔🎀สแกนหน้าได้ จอมีทรูโทน 𓏔🏁มือ 𝟐 มีรอยตามการใช้งาน 𓏔☁️รีเซ็ตเครื่องได้ ไม่ติดไอคราว 𓏔🔋สุขภาพแบต 𝟏𝟎𝟎% 𓏔🌷อุปกรณ์ : ครบกล่อง ของแถม 𓏔🛠ประกันสินค้าหลังการขาย 𝟑𝟎 วัน ____________________________ สั่งซื้อ : 🌷🎧彡 𝗟𝗶𝗻𝗲:@𝟴𝟱𝟬𝘂𝗰𝗱𝗶𝘃(มี@) 🦙𖠵🧦♡´ ⌇🛻💭 : นัดรับบ้านโอโลภูเขียวหรือใกล้เคียง 🍮 𓈃"
104,iPhone 15 P,256GB,ศูนย์,19990,100%,ประกันสินค้าหลังการขาย 30 วัน,data/images/instagram/post_104/img_1.jpg,https://www.instagram.com/mynowphone.shop/p/DTqIXNok74L,"❝🌷🛣️ᯓ 𝐢𝐏𝐡𝐨𝐧𝐞 𝟏𝟓 𝐏𝐫𝐨 𝟐𝟓𝟔𝐆𝐁 𝐋𝐋 ꒱·🌳🍒✿. 𓈈🔖 ราคา : 𝟏𝟗,𝟗𝟗𝟎.- 🚏💖 ส่งฟรี 𓏔🪞การใช้งานปกติทุกอย่าง 𓏔🎀สแกนหน้าได้ จอมีทรูโทน 𓏔🏁มือ 𝟐 มีรอยตามการใช้งาน 𓏔☁️รีเซ็ตเครื่องได้ ไม่ติดไอคราว 𓏔🔋สุขภาพแบต 𝟏𝟎𝟎% 𓏔🌷อุปกรณ์ : ครบกล่อง ของแถม 𓏔🛠ประกันสินค้าหลังการขาย 𝟑𝟎 วัน ____________________________ สั่งซื้อ : 🌷🎧彡 𝗟𝗶𝗻𝗲:@𝟴𝟱𝟬𝘂𝗰𝗱𝗶𝘃(มี@) 🦙𖠵🧦♡´ ⌇🛻💭 : นัดรับบ้านโอโลภูเขียวหรือใกล้เคียง 🍮 𓈃"
105,iPhone 12 P,128GB,ศูนย์,9990,100%,ประกันสินค้าหลังการขาย 30 วัน,data/images/instagram/post_105/img_1.jpg,https://www.instagram.com/mynowphone.shop/p/DTp-zdZkzqq,"❝🌷🛣️ᯓ 𝐢𝐏𝐡𝐨𝐧𝐞 𝟏𝟐 𝐏𝐫𝐨 𝟏𝟐𝟖𝐆𝐁 โมเดลนอก ꒱·🌳🍒✿. 𓈈🔖 ราคา : 𝟗,𝟗𝟗𝟎.- 🚏💖 ส่งฟรี ୨ৎ 🌟 วางดาวน์ : 𝟐,𝟓𝟎𝟎 ผ่อนต่อ 𝟏,𝟐𝟓𝟎*𝟏𝟎 เดือน🌟 ୨ৎ 𓏔🪞การใช้งานปกติทุกอย่าง 𓏔🎀สแกนหน้าได้ จอมีทรูโทน 𓏔🏁มือ 𝟐 มีรอยตามการใช้งาน 𓏔☁️รีเซ็ตเครื่องได้ ไม่ติดไอคราว 𓏔🔋สุขภาพแบต 𝟏𝟎𝟎% 𓏔🌷อุปกรณ์ : ครบกล่อง ของแถม 𓏔🛠ประกันสินค้าหลังการขาย 𝟑𝟎 วัน ____________________________ สั่งซื้อ : 🌷🎧彡 𝗟𝗶𝗻𝗲:@𝟴𝟱𝟬𝘂𝗰𝗱𝗶𝘃(มี@) 🦙𖠵🧦♡´ ⌇🛻💭 : นัดรับบ้านโอโลภูเขียวหรือใกล้เคียง 🍮 𓈃"
106,iPhone 14 P,128GB,ศูนย์,17990,100%,ประกันสินค้าหลังการขาย 30 วัน,data/images/instagram/post_106/img_1.jpg,https://www.instagram.com/mynowphone.shop/p/DTp5774k3jK,"❝🌷🛣️ᯓ 𝐢𝐏𝐡𝐨𝐧𝐞 𝟏𝟒 𝐏𝐫𝐨𝐌𝐚𝐱 𝟏𝟐𝟖𝐆𝐁 𝐋𝐋 ꒱·🌳🍒✿. 𓈈🔖 ราคา : 𝟏𝟕,𝟗𝟗𝟎.- 🚏💖 ส่งฟรี ୨ৎ 🌟 วางดาวน์ : 𝟑,𝟗𝟎𝟎 ผ่อนต่อ 𝟐,𝟗𝟖𝟎*𝟏𝟎 เดือน🌟 ୨ৎ 𓏔🪞การใช้งานปกติทุกอย่าง 𓏔🎀สแกนหน้าได้ จอมีทรูโทน 𓏔🏁มือ 𝟐 มีรอยตามการใช้งาน 𓏔☁️รีเซ็ตเครื่องได้ ไม่ติดไอคราว 𓏔🔋สุขภาพแบต 𝟏𝟎𝟎% 𓏔🌷อุปกรณ์ : ครบกล่อง ของแถม 𓏔🛠ประกันสินค้าหลังการขาย 𝟑𝟎 วัน ____________________________ สั่งซื้อ : 🌷🎧彡 𝗟𝗶𝗻𝗲:@𝟴𝟱𝟬𝘂𝗰𝗱𝗶𝘃(มี@) 🦙𖠵🧦♡´ ⌇🛻💭 : นัดรับบ้านโอโลภูเขียวหรือใกล้เคียง 🍮 𓈃"
107,iPhone 15 P,256GB,ศูนย์,20990,99%,ประกันสินค้าหลังการขาย 15 วัน,data/images/instagram/post_107/img_1.jpg,https://www.instagram.com/mynowphone.shop/p/DTnVcWCk5rk,"❝🌷🛣️ᯓ 𝐢𝐏𝐡𝐨𝐧𝐞 𝟏𝟓 𝐏𝐫𝐨𝐌𝐚𝐱 𝟐𝟓𝟔𝐆𝐁 𝐋𝐋 ꒱·🌳🍒✿. 𓈈🔖 ราคา : 𝟐𝟎,𝟗𝟗𝟎.- 🚏💖 ส่งฟรี 𓏔🪞การใช้งานปกติทุกอย่าง 𓏔🎀สแกนหน้าได้ จอมีทรูโทน 𓏔🏁มือ 𝟐 มีรอยตามการใช้งาน 𓏔☁️รีเซ็ตเครื่องได้ ไม่ติดไอคราว 𓏔🔋สุขภาพแบต 𝟗𝟗% 𓏔🌷อุปกรณ์ : ครบกล่อง ของแถม 𓏔🛠ประกันสินค้าหลังการขาย 𝟏𝟓 วัน ____________________________ สั่งซื้อ : 🌷🎧彡 𝗟𝗶𝗻𝗲:@𝟴𝟱𝟬𝘂𝗰𝗱𝗶𝘃(มี@) 🦙𖠵🧦♡´ ⌇🛻💭 : นัดรับบ้านโอโลภูเขียวหรือใกล้เคียง 🍮 𓈃"
108,iPhone 14 128GB,128GB,ศูนย์,13990,100%,ประกันสินค้าหลังการขาย 15 วัน,data/images/instagram/post_108/img_1.jpg,https://www.instagram.com/mynowphone.shop/p/DTnKthsE3DQ,"❝🌷🛣️ᯓ 𝐢𝐏𝐡𝐨𝐧𝐞 𝟏𝟒 𝟏𝟐𝟖𝐆𝐁 𝐋𝐋 ꒱·🌳🍒✿. 𓈈🔖 ราคา : 𝟏𝟑,𝟗𝟗𝟎.- 🚏💖 ส่งฟรี 𓏔🪞การใช้งานปกติทุกอย่าง 𓏔🎀สแกนหน้าได้ จอมีทรูโทน 𓏔🏁มือ 𝟐 มีรอยตามการใช้งาน 𓏔☁️รีเซ็ตเครื่องได้ ไม่ติดไอคราว 𓏔🔋สุขภาพแบต 𝟏𝟎𝟎% 𓏔🌷อุปกรณ์ : ครบกล่อง ของแถม 𓏔🛠ประกันสินค้าหลังการขาย 𝟏𝟓 วัน ____________________________ สั่งซื้อ : 🌷🎧彡 𝗟𝗶𝗻𝗲:@𝟴𝟱𝟬𝘂𝗰𝗱𝗶𝘃(มี@) 🦙𖠵🧦♡´ ⌇🛻💭 : นัดรับบ้านโอโลภูเขียวหรือใกล้เคียง 🍮 𓈃"
109,iPhone 13 128GB,128GB,ศูนย์,11550,100%,ประกันสินค้าหลังการขาย 15 วัน,data/images/instagram/post_109/img_1.jpg,https://www.instagram.com/mynowphone.shop/p/DTnCRKrE2tO,"❝🌷🛣️ᯓ 𝐢𝐏𝐡𝐨𝐧𝐞 𝟏𝟑 𝟏𝟐𝟖𝐆𝐁 𝐋𝐋 ꒱·🌳🍒✿. 𓈈🔖 ราคา : 𝟏𝟏,𝟓𝟓𝟎.- 🚏💖 ส่งฟรี 𓏔🪞การใช้งานปกติทุกอย่าง 𓏔🎀สแกนหน้าได้ จอมีทรูโทน 𓏔🏁มือ 𝟐 มีรอยตามการใช้งาน 𓏔☁️รีเซ็ตเครื่องได้ ไม่ติดไอคราว 𓏔🔋สุขภาพแบต 𝟏𝟎𝟎% 𓏔🌷อุปกรณ์ : ครบกล่อง ของแถม 𓏔🛠ประกันสินค้าหลังการขาย 𝟏𝟓 วัน ____________________________ สั่งซื้อ : 🌷🎧彡 𝗟𝗶𝗻𝗲:@𝟴𝟱𝟬𝘂𝗰𝗱𝗶𝘃(มี@) 🦙𖠵🧦♡´ ⌇🛻💭 : นัดรับบ้านโอโลภูเขียวหรือใกล้เคียง 🍮 𓈃"
110,iPhone,256GB,TH,6550,100%,ประกันสินค้าหลังการขาย 15 วัน,data/images/instagram/post_110/img_1.jpg,https://www.instagram.com/mynowphone.shop/p/DTlBbK3E34f,"❝🌷🛣️ᯓ 𝐢𝐏𝐡𝐨𝐧𝐞 𝐗 𝟐𝟓𝟔𝐆𝐁 𝐓𝐇 ꒱·🌳🍒✿. 𓈈🔖 ราคา : 𝟔,𝟓𝟓𝟎.- 🚏💖 ส่งฟรี 𓏔🪞การใช้งานปกติทุกอย่าง 𓏔🎀สแกนหน้าได้ จอไม่มีทรูโทน 𓏔🏁มือ 𝟐 มีรอยตามการใช้งาน 𓏔☁️รีเซ็ตเครื่องได้ ไม่ติดไอคราว 𓏔🔋สุขภาพแบต 𝟏𝟎𝟎% 𓏔🌷อุปกรณ์ : ครบกล่อง ของแถม 𓏔🛠ประกันสินค้าหลังการขาย 𝟏𝟓 วัน ____________________________ สั่งซื้อ : 🌷🎧彡 𝗟𝗶𝗻𝗲:@𝟴𝟱𝟬𝘂𝗰𝗱𝗶𝘃(มี@) 🦙𖠵🧦♡´ ⌇🛻💭 : นัดรับบ้านโอโลภูเขียวหรือใกล้เคียง 🍮 𓈃"
111,iPhone 15 128GB,128GB,ศูนย์,14990,100%,ประกันสินค้าหลังการขาย 15 วัน,data/images/instagram/post_111/img_1.jpg,https://www.instagram.com/mynowphone.shop/p/DTk-SQqE1ue,"❝🌷🛣️ᯓ 𝐢𝐏𝐡𝐨𝐧𝐞 𝟏𝟓 𝟏𝟐𝟖𝐆𝐁 𝐋𝐋 ꒱·🌳🍒✿. 𓈈🔖 ราคา : 𝟏𝟒,𝟗𝟗𝟎.- 🚏💖 ส่งฟรี 𓏔🪞การใช้งานปกติทุกอย่าง 𓏔🎀สแกนหน้าได้ จอมีทรูโทน 𓏔🏁มือ 𝟐 มีรอยตามการใช้งาน 𓏔☁️รีเซ็ตเครื่องได้ ไม่ติดไอคราว 𓏔🔋สุขภาพแบต 𝟏𝟎𝟎% 𓏔🌷อุปกรณ์ : ครบกล่อง ของแถม 𓏔🛠ประกันสินค้าหลังการขาย 𝟏𝟓 วัน ____________________________ สั่งซื้อ : 🌷🎧彡 𝗟𝗶𝗻𝗲:@𝟴𝟱𝟬𝘂𝗰𝗱𝗶𝘃(มี@) 🦙𖠵🧦♡´ ⌇🛻💭 : นัดรับบ้านโอโลภูเขียวหรือใกล้เคียง 🍮 𓈃"
112,iPhone 12 P,128GB,ศูนย์,10990,100%,ประกันสินค้าหลังการขาย 15 วัน,data/images/instagram/post_112/img_1.jpg,https://www.instagram.com/mynowphone.shop/p/DTk8lt_E6Wn,"❝🌷🛣️ᯓ 𝐢𝐏𝐡𝐨𝐧𝐞 𝟏𝟐 𝐏𝐫𝐨𝐌𝐚𝐱 𝟏𝟐𝟖𝐆𝐁 𝐋𝐋 ꒱·🌳🍒✿. 𓈈🔖 ราคา : 𝟏𝟎,𝟗𝟗𝟎.- 🚏💖 ส่งฟรี 𓏔🪞การใช้งานปกติทุกอย่าง 𓏔🎀สแกนหน้าได้ จอมีทรูโทน 𓏔🏁มือ 𝟐 มีรอยตามการใช้งาน 𓏔☁️รีเซ็ตเครื่องได้ ไม่ติดไอคราว 𓏔🔋สุขภาพแบต 𝟏𝟎𝟎% 𓏔🌷อุปกรณ์ : ครบกล่อง ของแถม 𓏔🛠ประกันสินค้าหลังการขาย 𝟏𝟓 วัน ____________________________ สั่งซื้อ : 🌷🎧彡 𝗟𝗶𝗻𝗲:@𝟴𝟱𝟬𝘂𝗰𝗱𝗶𝘃(มี@) 🦙𖠵🧦♡´ ⌇🛻💭 : นัดรับบ้านโอโลภูเขียวหรือใกล้เคียง 🍮 𓈃"
113,iPhone 13 P,256GB,TH,14990,74%,ประกันสินค้าหลังการขาย 30 วัน,data/images/instagram/post_113/img_1.jpg,https://www.instagram.com/mynowphone.shop/p/DTiSDCxEwAU,"❝🌷🛣️ᯓ 𝐢𝐏𝐡𝐨𝐧𝐞 𝟏𝟑 𝐏𝐫𝐨 𝟐𝟓𝟔𝐆𝐁 𝐓𝐇 ꒱·🌳🍒✿. 𓈈🔖 ราคา : 𝟏𝟒,𝟗𝟗𝟎.- 🚏💖 ส่งฟรี ୨ৎ 🌟 วางดาวน์ : 𝟒,𝟗𝟎𝟎 ผ่อนต่อ 𝟐,𝟑𝟖𝟎*𝟏𝟎 เดือน🌟 ୨ৎ 𓏔🪞การใช้งานปกติทุกอย่าง 𓏔🎀สแกนหน้าได้ จอมีทรูโทน 𓏔🏁มือ 𝟐 มีรอยตามการใช้งาน 𓏔☁️รีเซ็ตเครื่องได้ ไม่ติดไอคราว 𓏔🔋สุขภาพแบต 𝟕𝟒% 𓏔🌷อุปกรณ์ : ครบกล่อง ของแถม 𓏔🛠ประกันสินค้าหลังการขาย 𝟑𝟎 วัน ____________________________ สั่งซื้อ : 🌷🎧彡 𝗟𝗶𝗻𝗲:@𝟴𝟱𝟬𝘂𝗰𝗱𝗶𝘃(มี@) 🦙𖠵🧦♡´ ⌇🛻💭 : นัดรับบ้านโอโลภูเขียวหรือใกล้เคียง 🍮 𓈃"
114,iPhone 15 P,256GB,ศูนย์,18990,77%,ประกันสินค้าหลังการขาย 30 วัน,data/images/instagram/post_114/img_1.jpg,https://www.instagram.com/mynowphone.shop/p/DTh-mYfk9AQ,"❝🌷🛣️ᯓ 𝐢𝐏𝐡𝐨𝐧𝐞 𝟏𝟓 𝐏𝐫𝐨 𝟐𝟓𝟔𝐆𝐁 𝐙𝐏 ꒱·🌳🍒✿. 𓈈🔖 ราคา : 𝟏𝟖,𝟗𝟗𝟎.- 🚏💖 ส่งฟรี 𓏔🪞การใช้งานปกติทุกอย่าง 𓏔🎀สแกนหน้าได้ จอมีทรูโทน 𓏔🏁มือ 𝟐 มีรอยตามการใช้งาน 𓏔☁️รีเซ็ตเครื่องได้ ไม่ติดไอคราว 𓏔🔋สุขภาพแบต 𝟕𝟕% 𓏔🌷อุปกรณ์ : ครบกล่อง ของแถม 𓏔🛠ประกันสินค้าหลังการขาย 𝟑𝟎 วัน ____________________________ สั่งซื้อ : 🌷🎧彡 𝗟𝗶𝗻𝗲:@𝟴𝟱𝟬𝘂𝗰𝗱𝗶𝘃(มี@) 🦙𖠵🧦♡´ ⌇🛻💭 : นัดรับบ้านโอโลภูเขียวหรือใกล้เคียง 🍮 𓈃"
115,iPhone 16 P,256GB,ศูนย์,29550,95%,ประกันสินค้าหลังการขาย 30 วัน,data/images/instagram/post_115/img_1.jpg,https://www.instagram.com/mynowphone.shop/p/DThwjAJEwjl,"❝🌷🛣️ᯓ 𝐢𝐏𝐡𝐨𝐧𝐞 𝟏𝟔 𝐏𝐫𝐨 𝟐𝟓𝟔𝐆𝐁 𝐙𝐏/𝐀 ꒱·🌳🍒✿. 𓈈🔖 ราคา : 𝟐𝟗,𝟓𝟓𝟎.- 🚏💖 ส่งฟรี ୨ৎ 🌟 วางดาวน์ : 𝟕,𝟗𝟎𝟎 ผ่อนต่อ 𝟒,𝟒𝟖𝟎*𝟏𝟎 เดือน🌟 ୨ৎ 𓏔🪞การใช้งานปกติทุกอย่าง 𓏔🎀สแกนหน้าได้ จอมีทรูโทน 𓏔🏁มือ 𝟐 มีรอยตามการใช้งาน 𓏔☁️รีเซ็ตเครื่องได้ ไม่ติดไอคราว 𓏔🔋สุขภาพแบต 𝟗𝟓% 𓏔🌷อุปกรณ์ : ครบกล่อง ของแถม 𓏔🛠ประกันสินค้าหลังการขาย 𝟑𝟎 วัน ____________________________ สั่งซื้อ : 🌷🎧彡 𝗟𝗶𝗻𝗲:@𝟴𝟱𝟬𝘂𝗰𝗱𝗶𝘃(มี@) 🦙𖠵🧦♡´ ⌇🛻💭 : นัดรับบ้านโอโลภูเขียวหรือใกล้เคียง 🍮 𓈃"
116,iPhone 16 P,512GB,ศูนย์,34990,93%,ประกันสินค้าหลังการขาย 15 วัน,data/images/instagram/post_116/img_1.jpg,https://www.instagram.com/mynowphone.shop/p/DTcHACMk7JA,"❝🌷🛣️ᯓ 𝐢𝐏𝐡𝐨𝐧𝐞 𝟏𝟔 𝐏𝐫𝐨𝐌𝐚𝐱 𝟓𝟏𝟐𝐆𝐁 𝐙𝐏/𝐀 ꒱·🌳🍒✿. 𓈈🔖 ราคา : 𝟑𝟒,𝟗𝟗𝟎.- 🚏💖 ส่งฟรี ୨ৎ 🌟 วางดาวน์ : 𝟏𝟑,𝟗𝟔𝟎 ผ่อนต่อ 𝟑,𝟖𝟗𝟗*𝟏𝟐 เดือน🌟 ୨ৎ 𓏔🪞การใช้งานปกติทุกอย่าง 𓏔🎀สแกนหน้าได้ จอมีทรูโทน 𓏔🏁มือ 𝟐 มีรอยตามการใช้งาน 𓏔☁️รีเซ็ตเครื่องได้ ไม่ติดไอคราว 𓏔🔋สุขภาพแบต 𝟗𝟑% 𓏔🌷อุปกรณ์ : ครบกล่อง ของแถม 𓏔🛠ประกันสินค้าหลังการขาย 𝟏𝟓 วัน ____________________________ สั่งซื้อ : 🌷🎧彡 𝗟𝗶𝗻𝗲:@𝟴𝟱𝟬𝘂𝗰𝗱𝗶𝘃(มี@) 🦙𖠵🧦♡´ ⌇🛻💭 : นัดรับบ้านโอโลภูเขียวหรือใกล้เคียง 🍮 𓈃"
117,โทรศัพท์มือสอง,64GB,TH,9990,-,ประกันสินค้าหลังการขาย 15 วัน,data/images/instagram/post_117/img_1.jpg,https://www.instagram.com/mynowphone.shop/p/DTb5A66E23F,"❝🌷🛣️ᯓ 𝐢𝐏𝐚𝐝 𝐆𝐞𝐧𝟗 𝟔𝟒𝐆𝐁 𝐓𝐇 𝐖𝐢𝐅𝐢 ꒱·🌳🍒✿. 𓈈🔖 ราคา : 𝟗,𝟗𝟗𝟎.- 🚏💖 ส่งฟรี ୨ৎ 🌟 วางดาวน์ : 𝟐,𝟓𝟐𝟎 ผ่อนต่อ 𝟏,𝟓𝟎𝟎*𝟏𝟐 เดือน🌟 ୨ৎ 𓏔🪞การใช้งานปกติทุกอย่าง 𓏔🎀สแกนนิ้วได้ จอมีทรูโทน 𓏔🏁มือ 𝟐 มีรอยตามการใช้งาน 𓏔☁️รีเซ็ตเครื่องได้ ไม่ติดไอคราว 𓏔🔋สุขภาพแบตอึด 𓏔🌷อุปกรณ์ : ครบกล่อง เคส 𓏔🛠ประกันสินค้าหลังการขาย 𝟏𝟓 วัน ____________________________ สั่งซื้อ : 🌷🎧彡 𝗟𝗶𝗻𝗲:@𝟴𝟱𝟬𝘂𝗰𝗱𝗶𝘃(มี@) 🦙𖠵🧦♡´ ⌇🛻💭 : นัดรับบ้านโอโลภูเขียวหรือใกล้เคียง 🍮 𓈃"
118,iPhone 15 128GB,128GB,ศูนย์,15990,100%,ประกันสินค้าหลังการขาย 30 วัน,data/images/instagram/post_118/img_1.jpg,https://www.instagram.com/mynowphone.shop/p/DTYHzNjE-76,"❝🌷🛣️ᯓ 𝐢𝐏𝐡𝐨𝐧𝐞 𝟏𝟓 𝟏𝟐𝟖𝐆𝐁 𝐋𝐋 ꒱·🌳🍒✿. 𓈈🔖 ราคา : 𝟏𝟓,𝟗𝟗𝟎.- 🚏💖 ส่งฟรี ୨ৎ 🌟 วางดาวน์ : 𝟐,𝟓𝟎𝟎 ผ่อนต่อ 𝟐,𝟐𝟔𝟎*𝟏𝟐 เดือน🌟 ୨ৎ 𓏔🪞การใช้งานปกติทุกอย่าง 𓏔🎀สแกนหน้าได้ จอมีทรูโทน 𓏔🏁มือ 𝟐 มีรอยตามการใช้งาน 𓏔☁️รีเซ็ตเครื่องได้ ไม่ติดไอคราว 𓏔🔋สุขภาพแบต 𝟏𝟎𝟎% 𓏔🌷อุปกรณ์ : ครบกล่อง ของแถม 𓏔🛠ประกันสินค้าหลังการขาย 𝟑𝟎 วัน ____________________________ สั่งซื้อ : 🌷🎧彡 𝗟𝗶𝗻𝗲:@𝟴𝟱𝟬𝘂𝗰𝗱𝗶𝘃(มี@) 🦙𖠵🧦♡´ ⌇🛻💭 : นัดรับบ้านโอโลภูเขียวหรือใกล้เคียง 🍮 𓈃"
119,iPhone 11 P,256GB,TH,10990,-,ประกันสินค้าหลังการขาย 30 วัน,data/images/instagram/post_119/img_1.jpg,https://www.instagram.com/mynowphone.shop/p/DTYDlUSE1kp,"❝🌷🛣️ᯓ 𝐢𝐏𝐡𝐨𝐧𝐞 𝟏𝟏 𝐏𝐫𝐨𝐌𝐚𝐱 𝟐𝟓𝟔𝐆𝐁 𝐓𝐇 ꒱·🌳🍒✿. 𓈈🔖 ราคา : 𝟏𝟎,𝟗𝟗𝟎.- 🚏💖 ส่งฟรี 𓏔🪞การใช้งานปกติทุกอย่าง 𓏔🎀สแกนหน้าได้ จอมีทรูโทน 𓏔🏁มือ 𝟐 มีรอยตามการใช้งาน 𓏔☁️รีเซ็ตเครื่องได้ ไม่ติดไอคราว 𓏔🔋สุขภาพแบต 𝟗𝟗-𝟏𝟎𝟎% 𓏔🌷อุปกรณ์ : ครบกล่อง ของแถม 𓏔🛠ประกันสินค้าหลังการขาย 𝟑𝟎 วัน ____________________________ สั่งซื้อ : 🌷🎧彡 𝗟𝗶𝗻𝗲:@𝟴𝟱𝟬𝘂𝗰𝗱𝗶𝘃(มี@) 🦙𖠵🧦♡´ ⌇🛻💭 : นัดรับบ้านโอโลภูเขียวหรือใกล้เคียง 🍮 𓈃"
120,iPhone 14 128GB,128GB,ศูนย์,13990,100%,ประกันสินค้าหลังการขาย 30 วัน,data/images/instagram/post_120/img_1.jpg,https://www.instagram.com/mynowphone.shop/p/DTYAZyoE2SY,"❝🌷🛣️ᯓ 𝐢𝐏𝐡𝐨𝐧𝐞 𝟏𝟒 𝟏𝟐𝟖𝐆𝐁 𝐋𝐋 ꒱·🌳🍒✿. 𓈈🔖 ราคา : 𝟏𝟑,𝟗𝟗𝟎.- 🚏💖 ส่งฟรี 𓏔🪞การใช้งานปกติทุกอย่าง 𓏔🎀สแกนหน้าได้ จอมีทรูโทน 𓏔🏁มือ 𝟐 มีรอยตามการใช้งาน 𓏔☁️รีเซ็ตเครื่องได้ ไม่ติดไอคราว 𓏔🔋สุขภาพแบต 𝟏𝟎𝟎% 𓏔🌷อุปกรณ์ : ครบกล่อง ของแถม 𓏔🛠ประกันสินค้าหลังการขาย 𝟑𝟎 วัน ____________________________ สั่งซื้อ : 🌷🎧彡 𝗟𝗶𝗻𝗲:@𝟴𝟱𝟬𝘂𝗰𝗱𝗶𝘃(มี@) 🦙𖠵🧦♡´ ⌇🛻💭 : นัดรับบ้านโอโลภูเขียวหรือใกล้เคียง 🍮 𓈃"
121,iPhone 14 P,128GB,ศูนย์,17990,100%,ประกันสินค้าหลังการขาย 30 วัน,data/images/instagram/post_121/img_1.jpg,https://www.instagram.com/mynowphone.shop/p/DTXjEqCk1mV,"❝🌷🛣️ᯓ 𝐢𝐏𝐡𝐨𝐧𝐞 𝟏𝟒 𝐏𝐫𝐨𝐌𝐚𝐱 𝟏𝟐𝟖𝐆𝐁 𝐋𝐋 ꒱·🌳🍒✿. 𓈈🔖 ราคา : 𝟏𝟕,𝟗𝟗𝟎.- 🚏💖 ส่งฟรี ୨ৎ 🌟 วางดาวน์ : 𝟑,𝟗𝟎𝟎 ผ่อนต่อ 𝟐,𝟔𝟒𝟎*𝟏𝟐 เดือน🌟 ୨ৎ 𓏔🪞การใช้งานปกติทุกอย่าง 𓏔🎀สแกนหน้าได้ จอมีทรูโทน 𓏔🏁มือ 𝟐 มีรอยตามการใช้งาน 𓏔☁️รีเซ็ตเครื่องได้ ไม่ติดไอคราว 𓏔🔋สุขภาพแบต 𝟏𝟎𝟎% 𓏔🌷อุปกรณ์ : ครบกล่อง ของแถม 𓏔🛠ประกันสินค้าหลังการขาย 𝟑𝟎 วัน ____________________________ สั่งซื้อ : 🌷🎧彡 𝗟𝗶𝗻𝗲:@𝟴𝟱𝟬𝘂𝗰𝗱𝗶𝘃(มี@) 🦙𖠵🧦♡´ ⌇🛻💭 : นัดรับบ้านโอโลภูเขียวหรือใกล้เคียง 🍮 𓈃"
122,iPhone 6s 32GB,32GB,ศูนย์,1990,100%,ประกันสินค้าหลังการขาย 5 วัน,data/images/instagram/post_122/img_1.jpg,https://www.instagram.com/mynowphone.shop/p/DTXeOUCk-tx,"❝🌷🛣️ᯓ 𝐢𝐏𝐡𝐨𝐧𝐞 𝟔𝐬 𝟑𝟐𝐆𝐁 𝐋𝐋 ꒱·🌳🍒✿. 𓈈🔖 ราคา : 𝟏,𝟗𝟗𝟎.- 🚏💖 ส่งฟรี 𓏔🪞การใช้งานปกติทุกอย่าง 𓏔🎀สแกนนิ้วได้ ศึกษาก่อนสั่งซื้อ 𓏔🏁มือ 𝟐 มีรอยตามการใช้งาน 𓏔☁️รีเซ็ตเครื่องได้ ไม่ติดไอคราว 𓏔🔋สุขภาพแบต 𝟏𝟎𝟎% 𓏔🌷อุปกรณ์ : เคส ชุดชาร์จ 𓏔🛠ประกันสินค้าหลังการขาย 𝟓 วัน ____________________________ สั่งซื้อ : 🌷🎧彡 𝗟𝗶𝗻𝗲:@𝟴𝟱𝟬𝘂𝗰𝗱𝗶𝘃(มี@) 🦙𖠵🧦♡´ ⌇🛻💭 : นัดรับบ้านโอโลภูเขียวหรือใกล้เคียง 🍮 𓈃"
123,iPhone 7 Plus 32GB TH,32GB,TH,2990,100%,ประกันสินค้าหลังการขาย 7 วัน,data/images/instagram/post_123/img_1.jpg,https://www.instagram.com/mynowphone.shop/p/DTXYT2Ck9me,"❝🌷🛣️ᯓ 𝐢𝐏𝐡𝐨𝐧𝐞 𝟕 𝐏𝐥𝐮𝐬 𝟑𝟐𝐆𝐁 𝐓𝐇 ꒱·🌳🍒✿. 𓈈🔖 ราคา : 𝟐,𝟗𝟗𝟎.- 🚏💖 ส่งฟรี ⚠️เครื่องบายพาสรีไม่ลบ⚠️ 𓏔🪞การใช้งานปกติทุกอย่าง 𓏔🎀สแกนนิ้วได้ หน้าจอ 𝟓.𝟓 นิ้ว 𓏔🏁มือ 𝟐 มีรอยตามการใช้งาน 𓏔☁️รีเซ็ตเครื่องได้ ไม่ติดไอคราว 𓏔🔋สุขภาพแบต 𝟏𝟎𝟎% 𓏔🌷อุปกรณ์ : เคส ชุดชาร์จ 𓏔🛠ประกันสินค้าหลังการขาย 𝟕 วัน ____________________________ สั่งซื้อ : 🌷🎧彡 𝗟𝗶𝗻𝗲:@𝟴𝟱𝟬𝘂𝗰𝗱𝗶𝘃(มี@) 🦙𖠵🧦♡´ ⌇🛻💭 : นัดรับบ้านโอโลภูเขียวหรือใกล้เคียง 🍮 𓈃"
124,iPhone 12 P,128GB,ศูนย์,9990,100%,ประกันสินค้าหลังการขาย 30 วัน,data/images/instagram/post_124/img_1.jpg,https://www.instagram.com/mynowphone.shop/p/DTUlrDCE-bt,"❝🌷🛣️ᯓ 𝐢𝐏𝐡𝐨𝐧𝐞 𝟏𝟐 𝐏𝐫𝐨 𝟏𝟐𝟖𝐆𝐁 𝐂𝐇/𝐀 ꒱·🌳🍒✿. 𓈈🔖 ราคา : 𝟗,𝟗𝟗𝟎.- 🚏💖 ส่งฟรี ⚠️ มีตำหนิตามรูปไม่มีผลต่อการใช้งาน ⚠️ 𓏔🪞การใช้งานปกติทุกอย่าง 𓏔🎀สแกนหน้าได้ จอมีทรูโทน 𓏔🏁มือ 𝟐 มีรอยตามการใช้งาน 𓏔☁️รีเซ็ตเครื่องได้ ไม่ติดไอคราว 𓏔🔋สุขภาพแบต 𝟏𝟎𝟎% 𓏔🌷อุปกรณ์ : ครบกล่อง ของแถม 𓏔🛠ประกันสินค้าหลังการขาย 𝟑𝟎 วัน ____________________________ สั่งซื้อ : 🌷🎧彡 𝗟𝗶𝗻𝗲:@𝟴𝟱𝟬𝘂𝗰𝗱𝗶𝘃(มี@) 🦙𖠵🧦♡´ ⌇🛻💭 : นัดรับบ้านโอโลภูเขียวหรือใกล้เคียง 🍮 𓈃"
125,iPhone 15 P,128GB,ศูนย์,17990,100%,ประกันสินค้าหลังการขาย 30 วัน,data/images/instagram/post_125/img_1.jpg,https://www.instagram.com/mynowphone.shop/p/DTUffdjkz8o,"❝🌷🛣️ᯓ 𝐢𝐏𝐡𝐨𝐧𝐞 𝟏𝟓 𝐏𝐫𝐨 𝟏𝟐𝟖𝐆𝐁 𝐂𝐇/𝐀 ꒱·🌳🍒✿. 𓈈🔖 ราคา : 𝟏𝟕,𝟗𝟗𝟎.- 🚏💖 ส่งฟรี 𓏔🪞การใช้งานปกติทุกอย่าง 𓏔🎀สแกนหน้าได้ จอมีทรูโทน 𓏔🏁มือ 𝟐 มีรอยตามการใช้งาน 𓏔☁️รีเซ็ตเครื่องได้ ไม่ติดไอคราว 𓏔🔋สุขภาพแบต 𝟏𝟎𝟎% 𓏔🌷อุปกรณ์ : ครบกล่อง ของแถม 𓏔🛠ประกันสินค้าหลังการขาย 𝟑𝟎 วัน ____________________________ สั่งซื้อ : 🌷🎧彡 𝗟𝗶𝗻𝗲:@𝟴𝟱𝟬𝘂𝗰𝗱𝗶𝘃(มี@) 🦙𖠵🧦♡´ ⌇🛻💭 : นัดรับบ้านโอโลภูเขียวหรือใกล้เคียง 🍮 𓈃"
126,iPhone 8 64GB,64GB,ศูนย์,2500,90%,ประกันสินค้าหลังการขาย 7 วัน,data/images/instagram/post_126/img_1.jpg,https://www.instagram.com/mynowphone.shop/p/DTUSwLak6J-,"❝🌷🛣️ᯓ 𝐢𝐏𝐡𝐨𝐧𝐞 𝟖 𝟔𝟒𝐆𝐁 𝐋𝐋 ꒱·🌳🍒✿. 𓈈🔖 ราคา : 𝟐,𝟓𝟎𝟎.- 🚏💖 ส่งฟรี 𓏔🪞การใช้งานปกติทุกอย่าง 𓏔⚠️ไม่สแกนนิ้ว จอไม่มีทรูโทน 𓏔🏁มือ 𝟐 มีรอยตามการใช้งาน 𓏔☁️รีเซ็ตเครื่องได้ ไม่ติดไอคราว 𓏔🔋สุขภาพแบต 𝟗𝟎% 𓏔🌷อุปกรณ์ : เคส ชุดชาร์จ 𓏔🛠ประกันสินค้าหลังการขาย 𝟕 วัน ____________________________ สั่งซื้อ : 🌷🎧彡 𝗟𝗶𝗻𝗲:@𝟴𝟱𝟬𝘂𝗰𝗱𝗶𝘃(มี@) 🦙𖠵🧦♡´ ⌇🛻💭 : นัดรับบ้านโอโลภูเขียวหรือใกล้เคียง 🍮 𓈃"
127,โทรศัพท์มือสอง,64GB,TH,11990,100%,ประกันสินค้าหลังการขาย 20 วัน,data/images/instagram/post_127/img_1.jpg,https://www.instagram.com/mynowphone.shop/p/DTPnGVtEz-J,"❝🌷🛣️ᯓ 𝐢𝐏𝐚𝐝 𝐀𝐢𝐫𝟒 𝟔𝟒𝐆𝐁 𝐓𝐇 𝐰𝐢𝐟𝐢 ꒱·🌳🍒✿. 𓈈🔖 ราคา : 𝟏𝟏,𝟗𝟗𝟎.- 🚏💖 ส่งฟรี 𓏔🪞การใช้งานปกติทุกอย่าง 𓏔🎀สแกนนิ้วได้ จอมีทรูโทน 𓏔🏁มือ 𝟐 มีรอยตามการใช้งาน 𓏔☁️รีเซ็ตเครื่องได้ ไม่ติดไอคราว 𓏔🔋สุขภาพแบต 𝟏𝟎𝟎% 𓏔🌷อุปกรณ์ : ครบกล่อง เคส 𓏔🛠ประกันสินค้าหลังการขาย 𝟐𝟎 วัน ____________________________ สั่งซื้อ : 🌷🎧彡 𝗟𝗶𝗻𝗲:@𝟴𝟱𝟬𝘂𝗰𝗱𝗶𝘃(มี@) 🦙𖠵🧦♡´ ⌇🛻💭 : นัดรับบ้านโอโลภูเขียวหรือใกล้เคียง 🍮 𓈃"
128,iPhone 14 P,128GB,ศูนย์,17990,100%,ประกันสินค้าหลังการขาย 30 วัน,data/images/instagram/post_128/img_1.jpg,https://www.instagram.com/mynowphone.shop/p/DTPVn7uk2-e,"❝🌷🛣️ᯓ 𝐢𝐏𝐡𝐨𝐧𝐞 𝟏𝟒 𝐏𝐫𝐨𝐌𝐚𝐱 𝟏𝟐𝟖𝐆𝐁 𝐋𝐋 ꒱·🌳🍒✿. 𓈈🔖 ราคา : 𝟏𝟕,𝟗𝟗𝟎.- 🚏💖 ส่งฟรี 𓏔🪞การใช้งานปกติทุกอย่าง 𓏔🎀สแกนหน้าได้ จอมีทรูโทน 𓏔🏁มือ 𝟐 มีรอยตามการใช้งาน 𓏔☁️รีเซ็ตเครื่องได้ ไม่ติดไอคราว 𓏔🔋สุขภาพแบต 𝟏𝟎𝟎% 𓏔🌷อุปกรณ์ : ครบกล่อง ของแถม 𓏔🛠ประกันสินค้าหลังการขาย 𝟑𝟎 วัน ____________________________ สั่งซื้อ : 🌷🎧彡 𝗟𝗶𝗻𝗲:@𝟴𝟱𝟬𝘂𝗰𝗱𝗶𝘃(มี@) 🦙𖠵🧦♡´ ⌇🛻💭 : นัดรับบ้านโอโลภูเขียวหรือใกล้เคียง 🍮 𓈃"
129,iPhone 12 P,128GB,ศูนย์,128,100%,ประกันสินค้าหลังการขาย 30 วัน,data/images/instagram/post_129/img_1.jpg,https://www.instagram.com/mynowphone.shop/p/DTO4YVtk3sF,"❝🌷🛣️ᯓ 𝐢𝐏𝐡𝐨𝐧𝐞 𝟏𝟐 𝐏𝐫𝐨𝐌𝐚𝐱 โมเดลนอก ꒱·🌳🍒✿. 𓈈🔖 ราคา : 𝟏𝟐𝟖𝐆𝐁 𝟏𝟎,𝟗𝟗𝟎.- | 𝟐𝟓𝟔𝐆𝐁 𝟏𝟐,𝟓𝟓𝟎.- 🚏💖 ส่งฟรี 𓏔🪞การใช้งานปกติทุกอย่าง 𓏔🎀สแกนหน้าได้ จอมีทรูโทน 𓏔🏁มือ 𝟐 มีรอยตามการใช้งาน 𓏔☁️รีเซ็ตเครื่องได้ ไม่ติดไอคราว 𓏔🔋สุขภาพแบต 𝟏𝟎𝟎% 𓏔🌷อุปกรณ์ : ครบกล่อง ของแถม 𓏔🛠ประกันสินค้าหลังการขาย 𝟑𝟎 วัน ____________________________ สั่งซื้อ : 🌷🎧彡 𝗟𝗶𝗻𝗲:@𝟴𝟱𝟬𝘂𝗰𝗱𝗶𝘃(มี@) 🦙𖠵🧦♡´ ⌇🛻💭 : นัดรับบ้านโอโลภูเขียวหรือใกล้เคียง 🍮 𓈃"
130,iPhone,64GB,TH,6990,-,ประกันสินค้าหลังการขาย 30 วัน,data/images/instagram/post_130/img_1.jpg,https://www.instagram.com/mynowphone.shop/p/DTN9Q1Zkw9U,"❝🌷🛣️ᯓ 𝐢𝐏𝐡𝐨𝐧𝐞 𝐗𝐫 𝟔𝟒𝐆𝐁 𝐓𝐇 ꒱·🌳🍒✿. 𓈈🔖 ราคา : 𝟔,𝟗𝟗𝟎.- 🚏💖 ส่งฟรี 𓏔🪞การใช้งานปกติทุกอย่าง 𓏔🎀สแกนหน้าได้ จอมีทรูโทน 𓏔🏁มือ 𝟐 มีรอยตามการใช้งาน 𓏔☁️รีเซ็ตเครื่องได้ ไม่ติดไอคราว 𓏔🔋สุขภาพแบต 𝟖𝟗-𝟏𝟎𝟎% 𓏔🌷อุปกรณ์ : ครบกล่อง ของแถม 𓏔🛠ประกันสินค้าหลังการขาย 𝟑𝟎 วัน ____________________________ สั่งซื้อ : 🌷🎧彡 𝗟𝗶𝗻𝗲:@𝟴𝟱𝟬𝘂𝗰𝗱𝗶𝘃(มี@) 🦙𖠵🧦♡´ ⌇🛻💭 : นัดรับบ้านโอโลภูเขียวหรือใกล้เคียง 🍮 𓈃"
131,iPhone 11,64GB,ศูนย์,64,100%,ประกันสินค้าหลังการขาย 30 วัน,data/images/instagram/post_131/img_1.jpg,https://www.instagram.com/mynowphone.shop/p/DTN7oaUkwbR,"❝🌷🛣️ᯓ 𝐢𝐏𝐡𝐨𝐧𝐞 𝟏𝟏 โมเดลไทย ꒱·🌳🍒✿. 𓈈🔖 ราคา : 𝟔𝟒𝐆𝐁 𝟔,𝟗𝟗𝟎 𝟕,𝟗𝟗𝟎 | 𝟏𝟐𝟖𝐆𝐁 𝟕,𝟗𝟗𝟎.- 🚏💖 ส่งฟรี 𓏔🪞การใช้งานปกติทุกอย่าง 𓏔🎀สแกนหน้าได้ จอมีทรูโทน 𓏔🏁มือ 𝟐 มีรอยตามการใช้งาน 𓏔☁️รีเซ็ตเครื่องได้ ไม่ติดไอคราว 𓏔🔋สุขภาพแบต 𝟏𝟎𝟎% 𓏔🌷อุปกรณ์ : ครบกล่อง ของแถม 𓏔🛠ประกันสินค้าหลังการขาย 𝟑𝟎 วัน ____________________________ สั่งซื้อ : 🌷🎧彡 𝗟𝗶𝗻𝗲:@𝟴𝟱𝟬𝘂𝗰𝗱𝗶𝘃(มี@) 🦙𖠵🧦♡´ ⌇🛻💭 : นัดรับบ้านโอโลภูเขียวหรือใกล้เคียง 🍮 𓈃"
132,iPhone 13 P,128GB,ศูนย์,14990,100%,ประกันสินค้าหลังการขาย 30 วัน,data/images/instagram/post_132/img_1.jpg,https://www.instagram.com/mynowphone.shop/p/DTN5zhUk8qA,"❝🌷🛣️ᯓ 𝐢𝐏𝐡𝐨𝐧𝐞 𝟏𝟑 𝐏𝐫𝐨𝐌𝐚𝐱 𝟏𝟐𝟖𝐆𝐁 โมเดลนอก ꒱·🌳🍒✿. 𓈈🔖 ราคา : 𝟏𝟒,𝟗𝟗𝟎.- 🚏💖 ส่งฟรี 𓏔🪞การใช้งานปกติทุกอย่าง 𓏔🎀สแกนหน้าได้ จอมีทรูโทน 𓏔🏁มือ 𝟐 มีรอยตามการใช้งาน 𓏔☁️รีเซ็ตเครื่องได้ ไม่ติดไอคราว 𓏔🔋สุขภาพแบต 𝟏𝟎𝟎% 𓏔🌷อุปกรณ์ : ครบกล่อง ของแถม 𓏔🛠ประกันสินค้าหลังการขาย 𝟑𝟎 วัน ____________________________ สั่งซื้อ : 🌷🎧彡 𝗟𝗶𝗻𝗲:@𝟴𝟱𝟬𝘂𝗰𝗱𝗶𝘃(มี@) 🦙𖠵🧦♡´ ⌇🛻💭 : นัดรับบ้านโอโลภูเขียวหรือใกล้เคียง 🍮 𓈃"
133,iPhone 11 P,256GB,TH,9350,100%,ประกันสินค้าหลังการขาย 30 วัน,data/images/instagram/post_133/img_1.jpg,https://www.instagram.com/mynowphone.shop/p/DTNoEcfEw0H,"❝🌷🛣️ᯓ 𝐢𝐏𝐡𝐨𝐧𝐞 𝟏𝟏 𝐏𝐫𝐨 𝟐𝟓𝟔𝐆𝐁 𝐓𝐇 ꒱·🌳🍒✿. 𓈈🔖 ราคา : 𝟗,𝟑𝟓𝟎.- 🚏💖 ส่งฟรี 𓏔🪞การใช้งานปกติทุกอย่าง 𓏔🎀สแกนหน้าได้ จอมีทรูโทน 𓏔🏁มือ 𝟐 มีรอยตามการใช้งาน 𓏔☁️รีเซ็ตเครื่องได้ ไม่ติดไอคราว 𓏔🔋สุขภาพแบต 𝟏𝟎𝟎% 𓏔🌷อุปกรณ์ : ครบกล่อง ของแถม 𓏔🛠ประกันสินค้าหลังการขาย 𝟑𝟎 วัน ____________________________ สั่งซื้อ : 🌷🎧彡 𝗟𝗶𝗻𝗲:@𝟴𝟱𝟬𝘂𝗰𝗱𝗶𝘃(มี@) 🦙𖠵🧦♡´ ⌇🛻💭 : นัดรับบ้านโอโลภูเขียวหรือใกล้เคียง 🍮 𓈃"
134,iPhone 15 Plus 128GB,128GB,ศูนย์,15990,100%,ประกันสินค้าหลังการขาย 30 วัน,data/images/instagram/post_134/img_1.jpg,https://www.instagram.com/mynowphone.shop/p/DTNYkLxkzy0,"❝🌷🛣️ᯓ 𝐢𝐏𝐡𝐨𝐧𝐞 𝟏𝟓 𝐏𝐥𝐮𝐬 𝟏𝟐𝟖𝐆𝐁 โมเดลนอก ꒱·🌳🍒✿. 𓈈🔖 ราคา : 𝟏𝟓,𝟗𝟗𝟎.- 🚏💖 ส่งฟรี ୨ৎ 🌟 วางดาวน์ : 𝟑,𝟓𝟎𝟎 ผ่อนต่อ 𝟐,𝟗𝟗𝟎*𝟏𝟎 เดือน🌟 ୨ৎ 𓏔🪞การใช้งานปกติทุกอย่าง 𓏔🎀สแกนหน้าได้ จอมีทรูโทน 𓏔🏁มือ 𝟐 มีรอยตามการใช้งาน 𓏔☁️รีเซ็ตเครื่องได้ ไม่ติดไอคราว 𓏔🔋สุขภาพแบต 𝟏𝟎𝟎% 𓏔🌷อุปกรณ์ : ครบกล่อง ของแถม 𓏔🛠ประกันสินค้าหลังการขาย 𝟑𝟎 วัน ____________________________ สั่งซื้อ : 🌷🎧彡 𝗟𝗶𝗻𝗲:@𝟴𝟱𝟬𝘂𝗰𝗱𝗶𝘃(มี@) 🦙𖠵🧦♡´ ⌇🛻💭 : นัดรับบ้านโอโลภูเขียวหรือใกล้เคียง 🍮 𓈃"
135,iPhone 16 128GB,128GB,ศูนย์,19990,100%,ประกันสินค้าหลังการขาย 30 วัน,data/images/instagram/post_135/img_1.jpg,https://www.instagram.com/mynowphone.shop/p/DTM_mzdExDB,"❝🌷🛣️ᯓ 𝐢𝐏𝐡𝐨𝐧𝐞 𝟏𝟔 𝟏𝟐𝟖𝐆𝐁 โมเดลนอก ꒱·🌳🍒✿. 𓈈🔖 ราคา : 𝟏𝟗,𝟗𝟗𝟎.- 🚏💖 ส่งฟรี ୨ৎ 🌟 วางดาวน์ : 𝟒,𝟗𝟗𝟎 ผ่อนต่อ 𝟑,𝟎𝟖𝟎*𝟏𝟎 เดือน🌟 ୨ৎ 𓏔🪞การใช้งานปกติทุกอย่าง 𓏔🎀สแกนหน้าได้ จอมีทรูโทน 𓏔🏁มือ 𝟐 มีรอยตามการใช้งาน 𓏔☁️รีเซ็ตเครื่องได้ ไม่ติดไอคราว 𓏔🔋สุขภาพแบต 𝟏𝟎𝟎% 𓏔🌷อุปกรณ์ : ครบกล่อง ของแถม 𓏔🛠ประกันสินค้าหลังการขาย 𝟑𝟎 วัน ____________________________ สั่งซื้อ : 🌷🎧彡 𝗟𝗶𝗻𝗲:@𝟴𝟱𝟬𝘂𝗰𝗱𝗶𝘃(มี@) 🦙𖠵🧦♡´ ⌇🛻💭 : นัดรับบ้านโอโลภูเขียวหรือใกล้เคียง 🍮 𓈃"
136,iPhone 15 P,128GB,ศูนย์,17990,100%,ประกันสินค้าหลังการขาย 30 วัน,data/images/instagram/post_136/img_1.jpg,https://www.instagram.com/mynowphone.shop/p/DTLYM8BE6fi,"❝🌷🛣️ᯓ 𝐢𝐏𝐡𝐨𝐧𝐞 𝟏𝟓 𝐏𝐫𝐨 𝟏𝟐𝟖𝐆𝐁 𝐋𝐋 ꒱·🌳🍒✿. 𓈈🔖 ราคา : 𝟏𝟕,𝟗𝟗𝟎.- 🚏💖 ส่งฟรี ୨ৎ 🌟 วางดาวน์ : 𝟑,𝟗𝟎𝟎 ผ่อนต่อ 𝟑,𝟑𝟖𝟎*𝟏𝟎 เดือน🌟 ୨ৎ 𓏔🪞การใช้งานปกติทุกอย่าง 𓏔🎀สแกนหน้าได้ จอมีทรูโทน 𓏔🏁มือ 𝟐 มีรอยตามการใช้งาน 𓏔☁️รีเซ็ตเครื่องได้ ไม่ติดไอคราว 𓏔🔋สุขภาพแบต 𝟏𝟎𝟎% 𓏔🌷อุปกรณ์ : ครบกล่อง ของแถม 𓏔🛠ประกันสินค้าหลังการขาย 𝟑𝟎 วัน ____________________________ สั่งซื้อ : 🌷🎧彡 𝗟𝗶𝗻𝗲:@𝟴𝟱𝟬𝘂𝗰𝗱𝗶𝘃(มี@) 🦙𖠵🧦♡´ ⌇🛻💭 : นัดรับบ้านโอโลภูเขียวหรือใกล้เคียง 🍮 𓈃"
137,iPhone 14 P,128GB,ศูนย์,15990,100%,ประกันสินค้าหลังการขาย 30 วัน,data/images/instagram/post_137/img_1.jpg,https://www.instagram.com/mynowphone.shop/p/DTLT_spk-Ut,"❝🌷🛣️ᯓ 𝐢𝐏𝐡𝐨𝐧𝐞 𝟏𝟒 𝐏𝐫𝐨 𝟏𝟐𝟖𝐆𝐁 โมเดลนอก ꒱·🌳🍒✿. 𓈈🔖 ราคา : 𝟏𝟓,𝟗𝟗𝟎.- 🚏💖 ส่งฟรี ୨ৎ 🌟 วางดาวน์ : 𝟑,𝟗𝟎𝟎 ผ่อนต่อ 𝟐,𝟗𝟒𝟎*𝟏𝟎 เดือน🌟 ୨ৎ 𓏔🪞การใช้งานปกติทุกอย่าง 𓏔🎀สแกนหน้าได้ จอมีทรูโทน 𓏔🏁มือ 𝟐 มีรอยตามการใช้งาน 𓏔☁️รีเซ็ตเครื่องได้ ไม่ติดไอคราว 𓏔🔋สุขภาพแบต 𝟏𝟎𝟎% 𓏔🌷อุปกรณ์ : ครบกล่อง ของแถม 𓏔🛠ประกันสินค้าหลังการขาย 𝟑𝟎 วัน ____________________________ สั่งซื้อ : 🌷🎧彡 𝗟𝗶𝗻𝗲:@𝟴𝟱𝟬𝘂𝗰𝗱𝗶𝘃(มี@) 🦙𖠵🧦♡´ ⌇🛻💭 : นัดรับบ้านโอโลภูเขียวหรือใกล้เคียง 🍮 𓈃"
138,iPhone 13 P,128GB,ศูนย์,13990,100%,ประกันสินค้าหลังการขาย 30 วัน,data/images/instagram/post_138/img_1.jpg,https://www.instagram.com/mynowphone.shop/p/DTLRCNBE4sq,"❝🌷🛣️ᯓ 𝐢𝐏𝐡𝐨𝐧𝐞 𝟏𝟑 𝐏𝐫𝐨 𝟏𝟐𝟖𝐆𝐁 𝐋𝐋 ꒱·🌳🍒✿. 𓈈🔖 ราคา : 𝟏𝟑,𝟗𝟗𝟎.- 🚏💖 ส่งฟรี ୨ৎ 🌟 วางดาวน์ : 𝟑,𝟓𝟎𝟎 ผ่อนต่อ 𝟐,𝟐𝟒𝟎*𝟏𝟎 เดือน🌟 ୨ৎ 𓏔🪞การใช้งานปกติทุกอย่าง 𓏔🎀สแกนหน้าได้ จอมีทรูโทน 𓏔🏁มือ 𝟐 มีรอยตามการใช้งาน 𓏔☁️รีเซ็ตเครื่องได้ ไม่ติดไอคราว 𓏔🔋สุขภาพแบต 𝟏𝟎𝟎% 𓏔🌷อุปกรณ์ : ครบกล่อง ของแถม 𓏔🛠ประกันสินค้าหลังการขาย 𝟑𝟎 วัน ____________________________ สั่งซื้อ : 🌷🎧彡 𝗟𝗶𝗻𝗲:@𝟴𝟱𝟬𝘂𝗰𝗱𝗶𝘃(มี@) 🦙𖠵🧦♡´ ⌇🛻💭 : นัดรับบ้านโอโลภูเขียวหรือใกล้เคียง 🍮 𓈃"
139,iPhone 15 P,256GB,ศูนย์,19990,100%,ประกันสินค้าหลังการขาย 30 วัน,data/images/instagram/post_139/img_1.jpg,https://www.instagram.com/mynowphone.shop/p/DTKemjdkxZW,"❝🌷🛣️ᯓ 𝐢𝐏𝐡𝐨𝐧𝐞 𝟏𝟓 𝐏𝐫𝐨𝐌𝐚𝐱 𝟐𝟓𝟔𝐆𝐁 𝐋𝐋 ꒱·🌳🍒✿. 𓈈🔖 ราคา : 𝟏𝟗,𝟗𝟗𝟎.- 🚏💖 ส่งฟรี ୨ৎ 🌟 วางดาวน์ : 𝟒,𝟗𝟗𝟎 ผ่อนต่อ 𝟑,𝟐𝟒𝟎*𝟏𝟐 เดือน🌟 ୨ৎ 𓏔🪞การใช้งานปกติทุกอย่าง 𓏔🎀สแกนหน้าได้ จอมีทรูโทน 𓏔🏁มือ 𝟐 มีรอยตามการใช้งาน 𓏔☁️รีเซ็ตเครื่องได้ ไม่ติดไอคราว 𓏔🔋สุขภาพแบต 𝟏𝟎𝟎% 𓏔🌷อุปกรณ์ : ครบกล่อง ของแถม 𓏔🛠ประกันสินค้าหลังการขาย 𝟑𝟎 วัน ____________________________ สั่งซื้อ : 🌷🎧彡 𝗟𝗶𝗻𝗲:@𝟴𝟱𝟬𝘂𝗰𝗱𝗶𝘃(มี@) 🦙𖠵🧦♡´ ⌇🛻💭 : นัดรับบ้านโอโลภูเขียวหรือใกล้เคียง 🍮 𓈃"
140,iPhone 12 P,128GB,ศูนย์,128,100%,ประกันสินค้าหลังการขาย 30 วัน,data/images/instagram/post_140/img_1.jpg,https://www.instagram.com/mynowphone.shop/p/DTKLtKZk0HR,"❝🌷🛣️ᯓ 𝐢𝐏𝐡𝐨𝐧𝐞 𝟏𝟐 𝐏𝐫𝐨𝐌𝐚𝐱 โมเดลนอก ꒱·🌳🍒✿. 𓈈🔖 ราคา : 𝟏𝟐𝟖𝐆𝐁 𝟏𝟎,𝟗𝟗𝟎 | 𝟐𝟓𝟔𝐆𝐁 𝟏𝟐,𝟓𝟓𝟎.- 🚏💖 ส่งฟรี ୨ৎ 🌟 𝟏𝟐𝟖𝐆𝐁 วางดาวน์ : 𝟑,𝟗𝟗𝟎 ผ่อนต่อ 𝟏,𝟓𝟎𝟎*𝟏𝟐 เดือน🌟 ୨ৎ ୨ৎ 🌟𝟐𝟓𝟔𝐆𝐁 วางดาวน์ : 𝟑,𝟗𝟗𝟎 ผ่อนต่อ 𝟏,𝟔𝟐𝟎*𝟏𝟐 เดือน🌟 ୨ৎ 𓏔🪞การใช้งานปกติทุกอย่าง 𓏔🎀สแกนหน้าได้ จอมีทรูโทน 𓏔🏁มือ 𝟐 มีรอยตามการใช้งาน 𓏔☁️รีเซ็ตเครื่องได้ ไม่ติดไอคราว 𓏔🔋สุขภาพแบต 𝟏𝟎𝟎% 𓏔🌷อุปกรณ์ : ครบกล่อง ของแถม 𓏔🛠ประกันสินค้าหลังการขาย 𝟑𝟎 วัน ____________________________ สั่งซื้อ : 🌷🎧彡 𝗟𝗶𝗻𝗲:@𝟴𝟱𝟬𝘂𝗰𝗱𝗶𝘃(มี@) 🦙𖠵🧦♡´ ⌇🛻💭 : นัดรับบ้านโอโลภูเขียวหรือใกล้เคียง 🍮 𓈃"
141,iPhone 14 P,128GB,ศูนย์,17550,100%,ประกันสินค้าหลังการขาย 30 วัน,data/images/instagram/post_141/img_1.jpg,https://www.instagram.com/mynowphone.shop/p/DTJwv8Uk5d4,"❝🌷🛣️ᯓ 𝐢𝐏𝐡𝐨𝐧𝐞 𝟏𝟒 𝐏𝐫𝐨𝐌𝐚𝐱 𝟏𝟐𝟖𝐆𝐁 𝐋𝐋 ꒱·🌳🍒✿. 𓈈🔖 ราคา : 𝟏𝟕,𝟓𝟓𝟎.- 🚏💖 ส่งฟรี ୨ৎ 🌟 วางดาวน์ : 𝟑,𝟗𝟗𝟎 ผ่อนต่อ 𝟐,𝟔𝟐𝟎*𝟏𝟐 เดือน🌟 ୨ৎ 𓏔🪞การใช้งานปกติทุกอย่าง 𓏔🎀สแกนหน้าได้ จอมีทรูโทน 𓏔🏁มือ 𝟐 มีรอยตามการใช้งาน 𓏔☁️รีเซ็ตเครื่องได้ ไม่ติดไอคราว 𓏔🔋สุขภาพแบต 𝟏𝟎𝟎% 𓏔🌷อุปกรณ์ : ครบกล่อง ของแถม 𓏔🛠ประกันสินค้าหลังการขาย 𝟑𝟎 วัน ____________________________ สั่งซื้อ : 🌷🎧彡 𝗟𝗶𝗻𝗲:@𝟴𝟱𝟬𝘂𝗰𝗱𝗶𝘃(มี@) 🦙𖠵🧦♡´ ⌇🛻💭 : นัดรับบ้านโอโลภูเขียวหรือใกล้เคียง 🍮 𓈃"
142,iPhone,64GB,TH,6990,-,ประกันสินค้าหลังการขาย 30 วัน,data/images/instagram/post_142/img_1.jpg,https://www.instagram.com/mynowphone.shop/p/DTIuXUZExSP,"❝🌷🛣️ᯓ 𝐢𝐏𝐡𝐨𝐧𝐞 𝐗𝐫 𝟔𝟒𝐆𝐁 𝐓𝐇 ꒱·🌳🍒✿. 𓈈🔖 ราคา : 𝟔,𝟗𝟗𝟎.- 🚏💖 ส่งฟรี 𓏔🪞การใช้งานปกติทุกอย่าง 𓏔🎀สแกนหน้าได้ จอมีทรูโทน 𓏔🏁มือ 𝟐 มีรอยตามการใช้งาน 𓏔☁️รีเซ็ตเครื่องได้ ไม่ติดไอคราว 𓏔🔋สุขภาพแบต 𝟖𝟗-𝟏𝟎𝟎% 𓏔🌷อุปกรณ์ : ครบกล่อง ของแถม 𓏔🛠ประกันสินค้าหลังการขาย 𝟑𝟎 วัน ____________________________ สั่งซื้อ : 🌷🎧彡 𝗟𝗶𝗻𝗲:@𝟴𝟱𝟬𝘂𝗰𝗱𝗶𝘃(มี@) 🦙𖠵🧦♡´ ⌇🛻💭 : นัดรับบ้านโอโลภูเขียวหรือใกล้เคียง 🍮 𓈃"
143,iPhone 12 P,128GB,ศูนย์,11550,100%,ประกันสินค้าหลังการขาย 30 วัน,data/images/instagram/post_143/img_1.jpg,https://www.instagram.com/mynowphone.shop/p/DTIqVn7k4DU,"❝🌷🛣️ᯓ 𝐢𝐏𝐡𝐨𝐧𝐞 𝟏𝟐 𝐏𝐫𝐨 𝟏𝟐𝟖𝐆𝐁 𝐋𝐋 ꒱·🌳🍒✿. 𓈈🔖 ราคา : 𝟏𝟏,𝟓𝟓𝟎.- 🚏💖 ส่งฟรี ୨ৎ 🌟 วางดาวน์ : 𝟐,𝟓𝟓𝟎 ผ่อนต่อ 𝟏,𝟐𝟓𝟎*𝟏𝟎 เดือน🌟 ୨ৎ 𓏔🪞การใช้งานปกติทุกอย่าง 𓏔🎀สแกนหน้าได้ จอมีทรูโทน 𓏔🏁มือ 𝟐 มีรอยตามการใช้งาน 𓏔☁️รีเซ็ตเครื่องได้ ไม่ติดไอคราว 𓏔🔋สุขภาพแบต 𝟏𝟎𝟎% 𓏔🌷อุปกรณ์ : ครบกล่อง ของแถม 𓏔🛠ประกันสินค้าหลังการขาย 𝟑𝟎 วัน ____________________________ สั่งซื้อ : 🌷🎧彡 𝗟𝗶𝗻𝗲:@𝟴𝟱𝟬𝘂𝗰𝗱𝗶𝘃(มี@) 🦙𖠵🧦♡´ ⌇🛻💭 : นัดรับบ้านโอโลภูเขียวหรือใกล้เคียง 🍮 𓈃"
144,iPhone 15 Plus 128GB,128GB,ศูนย์,15990,100%,ประกันสินค้าหลังการขาย 30 วัน,data/images/instagram/post_144/img_1.jpg,https://www.instagram.com/mynowphone.shop/p/DTHhmaUE-oF,"❝🌷🛣️ᯓ 𝐢𝐏𝐡𝐨𝐧𝐞 𝟏𝟓 𝐏𝐥𝐮𝐬 𝟏𝟐𝟖𝐆𝐁 𝐋𝐋 ꒱·🌳🍒✿. 𓈈🔖 ราคา : 𝟏𝟓,𝟗𝟗𝟎.- 🚏💖 ส่งฟรี ୨ৎ 🌟 วางดาวน์ : 𝟒,𝟗𝟗𝟎 ผ่อนต่อ 𝟐,𝟐𝟒𝟎*𝟏𝟐 เดือน🌟 ୨ৎ 𓏔🪞การใช้งานปกติทุกอย่าง 𓏔🎀สแกนหน้าได้ จอมีทรูโทน 𓏔🏁มือ 𝟐 มีรอยตามการใช้งาน 𓏔☁️รีเซ็ตเครื่องได้ ไม่ติดไอคราว 𓏔🔋สุขภาพแบต 𝟏𝟎𝟎% 𓏔🌷อุปกรณ์ : ครบกล่อง ของแถม 𓏔🛠ประกันสินค้าหลังการขาย 𝟑𝟎 วัน ____________________________ สั่งซื้อ : 🌷🎧彡 𝗟𝗶𝗻𝗲:@𝟴𝟱𝟬𝘂𝗰𝗱𝗶𝘃(มี@) 🦙𖠵🧦♡´ ⌇🛻💭 : นัดรับบ้านโอโลภูเขียวหรือใกล้เคียง 🍮 𓈃"
145,iPhone 13 P,128GB,ศูนย์,14990,100%,ประกันสินค้าหลังการขาย 30 วัน,data/images/instagram/post_145/img_1.jpg,https://www.instagram.com/mynowphone.shop/p/DTHfjTDk9T3,"❝🌷🛣️ᯓ 𝐢𝐏𝐡𝐨𝐧𝐞 𝟏𝟑 𝐏𝐫𝐨𝐌𝐚𝐱 𝟏𝟐𝟖𝐆𝐁 𝐋𝐋 ꒱·🌳🍒✿. 𓈈🔖 ราคา : 𝟏𝟒,𝟗𝟗𝟎.- 🚏💖 ส่งฟรี ୨ৎ 🌟 วางดาวน์ : 𝟑,𝟗𝟗𝟎 ผ่อนต่อ 𝟏,𝟖𝟕𝟎*𝟏𝟐 เดือน🌟 ୨ৎ 𓏔🪞การใช้งานปกติทุกอย่าง 𓏔🎀สแกนหน้าได้ จอมีทรูโทน 𓏔🏁มือ 𝟐 มีรอยตามการใช้งาน 𓏔☁️รีเซ็ตเครื่องได้ ไม่ติดไอคราว 𓏔🔋สุขภาพแบต 𝟏𝟎𝟎% 𓏔🌷อุปกรณ์ : ครบกล่อง ของแถม 𓏔🛠ประกันสินค้าหลังการขาย 𝟑𝟎 วัน ____________________________ สั่งซื้อ : 🌷🎧彡 𝗟𝗶𝗻𝗲:@𝟴𝟱𝟬𝘂𝗰𝗱𝗶𝘃(มี@) 🦙𖠵🧦♡´ ⌇🛻💭 : นัดรับบ้านโอโลภูเขียวหรือใกล้เคียง 🍮 𓈃"
146,iPhone 14 Plus 128GB,128GB,ศูนย์,13990,100%,ประกันสินค้าหลังการขาย 30 วัน,data/images/instagram/post_146/img_1.jpg,https://www.instagram.com/mynowphone.shop/p/DTHczNAE3da,"❝🌷🛣️ᯓ 𝐢𝐏𝐡𝐨𝐧𝐞 𝟏𝟒 𝐏𝐥𝐮𝐬 𝟏𝟐𝟖𝐆𝐁 𝐋𝐋 ꒱·🌳🍒✿. 𓈈🔖 ราคา : 𝟏𝟑,𝟗𝟗𝟎.- 🚏💖 ส่งฟรี ୨ৎ 🌟 วางดาวน์ : 𝟑,𝟗𝟗𝟎 ผ่อนต่อ 𝟏,𝟖𝟕𝟎*𝟏𝟐 เดือน🌟 ୨ৎ 𓏔🪞การใช้งานปกติทุกอย่าง 𓏔🎀สแกนหน้าได้ จอมีทรูโทน 𓏔🏁มือ 𝟐 มีรอยตามการใช้งาน 𓏔☁️รีเซ็ตเครื่องได้ ไม่ติดไอคราว 𓏔🔋สุขภาพแบต 𝟏𝟎𝟎% 𓏔🌷อุปกรณ์ : ครบกล่อง ของแถม 𓏔🛠ประกันสินค้าหลังการขาย 𝟑𝟎 วัน ____________________________ สั่งซื้อ : 🌷🎧彡 𝗟𝗶𝗻𝗲:@𝟴𝟱𝟬𝘂𝗰𝗱𝗶𝘃(มี@) 🦙𖠵🧦♡´ ⌇🛻💭 : นัดรับบ้านโอโลภูเขียวหรือใกล้เคียง 🍮 𓈃"
147,iPhone 16 Plus 128GB,128GB,ศูนย์,19990,100%,ประกันสินค้าหลังการขาย 30 วัน,data/images/instagram/post_147/img_1.jpg,https://www.instagram.com/mynowphone.shop/p/DTGMtLqkzoz,"❝🌷🛣️ᯓ 𝐢𝐏𝐡𝐨𝐧𝐞 𝟏𝟔 𝐏𝐥𝐮𝐬 𝟏𝟐𝟖𝐆𝐁 𝐋𝐋 ꒱·🌳🍒✿. 𓈈🔖 ราคา : 𝟏𝟗,𝟗𝟗𝟎.- 🚏💖 ส่งฟรี ୨ৎ 🌟 วางดาวน์ : 𝟓,𝟗𝟗𝟎 ผ่อนต่อ 𝟐,𝟕𝟒𝟎*𝟏𝟐 เดือน🌟 ୨ৎ 𓏔🪞การใช้งานปกติทุกอย่าง 𓏔🎀สแกนหน้าได้ จอมีทรูโทน 𓏔🏁มือ 𝟐 มีรอยตามการใช้งาน 𓏔☁️รีเซ็ตเครื่องได้ ไม่ติดไอคราว 𓏔🔋สุขภาพแบต 𝟏𝟎𝟎% 𓏔🌷อุปกรณ์ : ครบกล่อง ของแถม 𓏔🛠ประกันสินค้าหลังการขาย 𝟑𝟎 วัน ____________________________ สั่งซื้อ : 🌷🎧彡 𝗟𝗶𝗻𝗲:@𝟴𝟱𝟬𝘂𝗰𝗱𝗶𝘃(มี@) 🦙𖠵🧦♡´ ⌇🛻💭 : นัดรับบ้านโอโลภูเขียวหรือใกล้เคียง 🍮 𓈃"
148,iPhone 16 P,256GB,ศูนย์,23550,100%,ประกันสินค้าหลังการขาย 30 วัน,data/images/instagram/post_148/img_1.jpg,https://www.instagram.com/mynowphone.shop/p/DTGKiALk6b9,"❝🌷🛣️ᯓ 𝐢𝐏𝐡𝐨𝐧𝐞 𝟏𝟔 𝐏𝐫𝐨𝐌𝐚𝐱 𝟐𝟓𝟔𝐆𝐁 𝐋𝐋 ꒱·🌳🍒✿. 𓈈🔖 ราคา : 𝟐𝟑,𝟓𝟓𝟎.- 🚏💖 ส่งฟรี ୨ৎ 🌟 วางดาวน์ : 𝟔,𝟗𝟗𝟎 ผ่อนต่อ 𝟑,𝟗𝟗𝟎*𝟏𝟐 เดือน🌟 ୨ৎ 𓏔🪞การใช้งานปกติทุกอย่าง 𓏔🎀สแกนหน้าได้ จอมีทรูโทน 𓏔🏁มือ 𝟐 มีรอยตามการใช้งาน 𓏔☁️รีเซ็ตเครื่องได้ ไม่ติดไอคราว 𓏔🔋สุขภาพแบต 𝟏𝟎𝟎% 𓏔🌷อุปกรณ์ : ครบกล่อง ของแถม 𓏔🛠ประกันสินค้าหลังการขาย 𝟑𝟎 วัน ____________________________ สั่งซื้อ : 🌷🎧彡 𝗟𝗶𝗻𝗲:@𝟴𝟱𝟬𝘂𝗰𝗱𝗶𝘃(มี@) 🦙𖠵🧦♡´ ⌇🛻💭 : นัดรับบ้านโอโลภูเขียวหรือใกล้เคียง 🍮 𓈃"
149,iPhone 13 256GB,256GB,ศูนย์,11990,100%,ประกันสินค้าหลังการขาย 30 วัน,data/images/instagram/post_149/img_1.jpg,https://www.instagram.com/mynowphone.shop/p/DTFuX7Dk0NE,"❝🌷🛣️ᯓ 𝐢𝐏𝐡𝐨𝐧𝐞 𝟏𝟑 𝟐𝟓𝟔𝐆𝐁 𝐂𝐇 ꒱·🌳🍒✿. 𓈈🔖 ราคา : 𝟏𝟏,𝟗𝟗𝟎.- 🚏💖 ส่งฟรี ୨ৎ 🌟 วางดาวน์ : 𝟑,𝟗𝟗𝟎 ผ่อนต่อ 𝟏,𝟓𝟎𝟎*𝟏𝟐 เดือน🌟 ୨ৎ 𓏔🪞การใช้งานปกติทุกอย่าง 𓏔🎀สแกนหน้าได้ จอมีทรูโทน 𓏔🏁มือ 𝟐 มีรอยตามการใช้งาน 𓏔☁️รีเซ็ตเครื่องได้ ไม่ติดไอคราว 𓏔🔋สุขภาพแบต 𝟏𝟎𝟎% 𓏔🌷อุปกรณ์ : ครบกล่อง ของแถม 𓏔🛠ประกันสินค้าหลังการขาย 𝟑𝟎 วัน ____________________________ สั่งซื้อ : 🌷🎧彡 𝗟𝗶𝗻𝗲:@𝟴𝟱𝟬𝘂𝗰𝗱𝗶𝘃(มี@) 🦙𖠵🧦♡´ ⌇🛻💭 : นัดรับบ้านโอโลภูเขียวหรือใกล้เคียง 🍮 𓈃"
150,iPhone 7 32GB TH,32GB,TH,3990,100%,ประกันสินค้าหลังการขาย 7 วัน,data/images/instagram/post_150/img_1.jpg,https://www.instagram.com/mynowphone.shop/p/DTDLFFdk3PI,"❝🌷🛣️ᯓ 𝐢𝐏𝐡𝐨𝐧𝐞 𝟕 𝟑𝟐𝐆𝐁 𝐓𝐇 ꒱·🌳🍒✿. 𓈈🔖 ราคา : 𝟑,𝟗𝟗𝟎.- 🚏💖 ส่งฟรี 𓏔🪞การใช้งานปกติทุกอย่าง 𓏔🎀สแกนนิ้วได้ อัพ iOS ต่อไม่ได้ 𓏔🏁มือ 𝟐 มีรอยตามการใช้งาน 𓏔☁️รีเซ็ตเครื่องได้ ไม่ติดไอคราว 𓏔🔋สุขภาพแบต 𝟏𝟎𝟎% 𓏔🌷อุปกรณ์ : ไม่มีกล่อง แถมสายชาร์จ 𓏔🛠ประกันสินค้าหลังการขาย 𝟕 วัน ____________________________ สั่งซื้อ : 🌷🎧彡 𝗟𝗶𝗻𝗲:@𝟴𝟱𝟬𝘂𝗰𝗱𝗶𝘃(มี@) 🦙𖠵🧦♡´ ⌇🛻💭 : นัดรับบ้านโอโลภูเขียวหรือใกล้เคียง 🍮 𓈃"
151,iPhone 6 Plus 16GB TH,16GB,TH,1990,-,ประกันสินค้าหลังการขาย 14 วัน,data/images/instagram/post_151/img_1.jpg,https://www.instagram.com/mynowphone.shop/p/DTC0LZDk5wk,"❝🌷🛣️ᯓ 𝐢𝐏𝐡𝐨𝐧𝐞 𝟔 𝐏𝐥𝐮𝐬 𝟏𝟔𝐆𝐁 𝐓𝐇 ꒱·🌳🍒✿. 𓈈🔖 ราคา : 𝟏,𝟗𝟗𝟎.- 🚏💖 ส่งฟรี 𓏔🪞การใช้งานปกติทุกอย่าง 𓏔⚠️ไม่สแกนนิ้ว ศึกษาก่อนสั่งซื้อ 𓏔🏁มือ 𝟐 มีรอยตามการใช้งาน 𓏔☁️รีเซ็ตเครื่องได้ ไม่ติดไอคราว 𓏔🔋สุขภาพแบต 𝟗𝟎-𝟏𝟎𝟎% 𓏔🌷อุปกรณ์ : ไม่มีกล่อง แถมสายชาร์จ 𓏔🛠ประกันสินค้าหลังการขาย 𝟏𝟒 วัน ____________________________ สั่งซื้อ : 🌷🎧彡 𝗟𝗶𝗻𝗲:@𝟴𝟱𝟬𝘂𝗰𝗱𝗶𝘃(มี@) 🦙𖠵🧦♡´ ⌇🛻💭 : นัดรับบ้านโอโลภูเขียวหรือใกล้เคียง 🍮 𓈃"
152,iPhone 14 P,128GB,ศูนย์,17990,100%,ประกันสินค้าหลังการขาย 30 วัน,data/images/instagram/post_152/img_1.jpg,https://www.instagram.com/mynowphone.shop/p/DTCgHPPk7_j,"❝🌷🛣️ᯓ 𝐢𝐏𝐡𝐨𝐧𝐞 𝟏𝟒 𝐏𝐫𝐨𝐌𝐚𝐱 𝟏𝟐𝟖𝐆𝐁 𝐋𝐋 ꒱·🌳🍒✿. 𓈈🔖 ราคา : 𝟏𝟕,𝟗𝟗𝟎.- 🚏💖 ส่งฟรี ୨ৎ 🌟 วางดาวน์ : 𝟐,𝟗𝟎𝟎 ผ่อนต่อ 𝟐,𝟔𝟐𝟎*𝟏𝟎 เดือน🌟 ୨ৎ 𓏔🪞การใช้งานปกติทุกอย่าง 𓏔🎀สแกนหน้าได้ จอมีทรูโทน 𓏔🏁มือ 𝟐 มีรอยตามการใช้งาน 𓏔☁️รีเซ็ตเครื่องได้ ไม่ติดไอคราว 𓏔🔋สุขภาพแบต 𝟏𝟎𝟎% 𓏔🌷อุปกรณ์ : ครบกล่อง ของแถม 𓏔🛠ประกันสินค้าหลังการขาย 𝟑𝟎 วัน ____________________________ สั่งซื้อ : 🌷🎧彡 𝗟𝗶𝗻𝗲:@𝟴𝟱𝟬𝘂𝗰𝗱𝗶𝘃(มี@) 🦙𖠵🧦♡´ ⌇🛻💭 : นัดรับบ้านโอโลภูเขียวหรือใกล้เคียง 🍮 𓈃"
153,iPhone,256GB,ศูนย์,4550,88%,ประกันสินค้าหลังการขาย 7 วัน,data/images/instagram/post_153/img_1.jpg,https://www.instagram.com/mynowphone.shop/p/DTAfTCWk8Ue,"❝🌷🛣️ᯓ 𝐢𝐏𝐡𝐨𝐧𝐞 𝐗𝐒 𝟐𝟓𝟔𝐆𝐁 𝐋𝐋 ꒱·🌳🍒✿. 𓈈🔖 ราคา : 𝟒,𝟓𝟓𝟎.- 🚏💖 ส่งฟรี 𓏔🪞การใช้งานปกติทุกอย่าง 𓏔⚠️ไม่สแกนหน้า จอไม่มีทรูโทน 𓏔🏁มือ 𝟐 มีรอยตามการใช้งาน 𓏔☁️รีเซ็ตเครื่องได้ ไม่ติดไอคราว 𓏔🔋สุขภาพแบต 𝟖𝟖% 𓏔🌷อุปกรณ์ : ครบกล่อง ของแถม 𓏔🛠ประกันสินค้าหลังการขาย 𝟕 วัน ____________________________ สั่งซื้อ : 🌷🎧彡 𝗟𝗶𝗻𝗲:@𝟴𝟱𝟬𝘂𝗰𝗱𝗶𝘃(มี@) 🦙𖠵🧦♡´ ⌇🛻💭 : นัดรับบ้านโอโลภูเขียวหรือใกล้เคียง 🍮 𓈃"
154,iPhone 15 P,-,ศูนย์,21550,100%,ประกันสินค้าหลังการขาย 30 วัน,data/images/instagram/post_154/img_1.jpg,https://www.instagram.com/mynowphone.shop/p/DTAOof0kwQn,"❝🌷🛣️ᯓ 𝐢𝐏𝐡𝐨𝐧𝐞 𝟏𝟓 𝐏𝐫𝐨𝐌𝐚𝐱 𝟐𝟓𝟔 𝐋𝐋 ꒱·🌳🍒✿. 𓈈🔖 ราคา : 𝟐𝟏,𝟓𝟓𝟎.- 🚏💖 ส่งฟรี ୨ৎ 🌟 วางดาวน์ : 𝟐,𝟗𝟎𝟎 ผ่อนต่อ 𝟑,𝟐𝟒𝟎*𝟏𝟎 เดือน🌟 ୨ৎ 𓏔🪞การใช้งานปกติทุกอย่าง 𓏔🎀สแกนหน้าได้ จอมีทรูโทน 𓏔🏁มือ 𝟐 มีรอยตามการใช้งาน 𓏔☁️รีเซ็ตเครื่องได้ ไม่ติดไอคราว 𓏔🔋สุขภาพแบต 𝟏𝟎𝟎% 𓏔🌷อุปกรณ์ : ครบกล่อง ของแถม 𓏔🛠ประกันสินค้าหลังการขาย 𝟑𝟎 วัน ____________________________ สั่งซื้อ : 🌷🎧彡 𝗟𝗶𝗻𝗲:@𝟴𝟱𝟬𝘂𝗰𝗱𝗶𝘃(มี@) 🦙𖠵🧦♡´ ⌇🛻💭 : นัดรับบ้านโอโลภูเขียวหรือใกล้เคียง 🍮 𓈃"
155,iPhone 14 128GB,128GB,ศูนย์,13990,100%,ประกันสินค้าหลังการขาย 15 วัน,data/images/instagram/post_155/img_1.jpg,https://www.instagram.com/mynowphone.shop/p/DS_4QMdEzEL,"❝🌷🛣️ᯓ 𝐢𝐏𝐡𝐨𝐧𝐞 𝟏𝟒 𝟏𝟐𝟖𝐆𝐁 𝐂𝐇 ꒱·🌳🍒✿. 𓈈🔖 ราคา : 𝟏𝟑,𝟗𝟗𝟎.- 🚏💖 ส่งฟรี ୨ৎ 🌟 วางดาวน์ : 𝟏,𝟗𝟗𝟎 ผ่อนต่อ𝟏,𝟖𝟗𝟎*𝟏𝟐 เดือน🌟 ୨ৎ 𓏔🪞การใช้งานปกติทุกอย่าง 𓏔🎀สแกนหน้าได้ จอมีทรูโทน 𓏔🏁มือ 𝟐 มีรอยตามการใช้งาน 𓏔☁️รีเซ็ตเครื่องได้ ไม่ติดไอคราว 𓏔🔋สุขภาพแบต 𝟏𝟎𝟎% 𓏔🌷อุปกรณ์ : ครบกล่อง ของแถม 𓏔🛠ประกันสินค้าหลังการขาย 𝟏𝟓 วัน ____________________________ สั่งซื้อ : 🌷🎧彡 𝗟𝗶𝗻𝗲:@𝟴𝟱𝟬𝘂𝗰𝗱𝗶𝘃(มี@) 🦙𖠵🧦♡´ ⌇🛻💭 : นัดรับบ้านโอโลภูเขียวหรือใกล้เคียง 🍮 𓈃"
156,iPhone 14 P,128GB,ศูนย์,15990,100%,ประกันสินค้าหลังการขาย 30 วัน,data/images/instagram/post_156/img_1.jpg,https://www.instagram.com/mynowphone.shop/p/DS9Xmvyk2gN,"❝🌷🛣️ᯓ 𝐢𝐏𝐡𝐨𝐧𝐞 𝟏𝟒 𝐏𝐫𝐨 𝟏𝟐𝟖𝐆𝐁 𝐋𝐋 ꒱·🌳🍒✿. 𓈈🔖 ราคา : 𝟏𝟓,𝟗𝟗𝟎.- 🚏💖 ส่งฟรี ୨ৎ 🌟 วางดาวน์ : 𝟐,𝟓𝟎𝟎 ผ่อนต่อ 𝟐,𝟔𝟐𝟎*𝟏𝟎 เดือน🌟 ୨ৎ 𓏔🪞การใช้งานปกติทุกอย่าง 𓏔🎀สแกนหน้าได้ จอมีทรูโทน 𓏔🏁มือ 𝟐 มีรอยตามการใช้งาน 𓏔☁️รีเซ็ตเครื่องได้ ไม่ติดไอคราว 𓏔🔋สุขภาพแบต 𝟏𝟎𝟎% 𓏔🌷อุปกรณ์ : ครบกล่อง ของแถม 𓏔🛠ประกันสินค้าหลังการขาย 𝟑𝟎 วัน ____________________________ สั่งซื้อ : 🌷🎧彡 𝗟𝗶𝗻𝗲:@𝟴𝟱𝟬𝘂𝗰𝗱𝗶𝘃(มี@) 🦙𖠵🧦♡´ ⌇🛻💭 : นัดรับบ้านโอโลภูเขียวหรือใกล้เคียง 🍮 𓈃"
157,iPhone 11 128GB TH,128GB,TH,7990,100%,ประกันสินค้าหลังการขาย 15 วัน,data/images/instagram/post_157/img_1.jpg,https://www.instagram.com/mynowphone.shop/p/DS5OGoFE-us,"❝🌷🛣️ᯓ 𝐢𝐏𝐡𝐨𝐧𝐞 𝟏𝟏 𝟏𝟐𝟖𝐆𝐁 𝐓𝐇 ꒱·🌳🍒✿. 𓈈🔖 ราคา : 𝟕,𝟗𝟗𝟎.- 🚏💖 ส่งฟรี 𓏔🪞การใช้งานปกติทุกอย่าง 𓏔🎀สแกนหน้าได้ จอมีทรูโทน 𓏔🏁มือ 𝟐 มีรอยตามการใช้งาน 𓏔☁️รีเซ็ตเครื่องได้ ไม่ติดไอคราว 𓏔🔋สุขภาพแบต 𝟏𝟎𝟎% 𓏔🌷อุปกรณ์ : ครบกล่อง ของแถม 𓏔🛠ประกันสินค้าหลังการขาย 𝟏𝟓 วัน ____________________________ สั่งซื้อ : 🌷🎧彡 𝗟𝗶𝗻𝗲:@𝟴𝟱𝟬𝘂𝗰𝗱𝗶𝘃(มี@) 🦙𖠵🧦♡´ ⌇🛻💭 : นัดรับบ้านโอโลภูเขียวหรือใกล้เคียง 🍮 𓈃"
158,iPhone 14 P,128GB,ศูนย์,17550,100%,ประกันสินค้าหลังการขาย 15 วัน,data/images/instagram/post_158/img_1.jpg,https://www.instagram.com/mynowphone.shop/p/DS5GyB-E8pW,"❝🌷🛣️ᯓ 𝐢𝐏𝐡𝐨𝐧𝐞 𝟏𝟒 𝐏𝐫𝐨𝐌𝐚𝐱 𝟏𝟐𝟖𝐆𝐁 𝐋𝐋 ꒱·🌳🍒✿. 𓈈🔖 ราคา : 𝟏𝟕,𝟓𝟓𝟎.- 🚏💖 ส่งฟรี 𓏔🪞การใช้งานปกติทุกอย่าง 𓏔🎀สแกนหน้าได้ จอมีทรูโทน 𓏔🏁มือ 𝟐 มีรอยตามการใช้งาน 𓏔☁️รีเซ็ตเครื่องได้ ไม่ติดไอคราว 𓏔🔋สุขภาพแบต 𝟏𝟎𝟎% 𓏔🌷อุปกรณ์ : ครบกล่อง ของแถม 𓏔🛠ประกันสินค้าหลังการขาย 𝟏𝟓 วัน ____________________________ สั่งซื้อ : 🌷🎧彡 𝗟𝗶𝗻𝗲:@𝟴𝟱𝟬𝘂𝗰𝗱𝗶𝘃(มี@) 🦙𖠵🧦♡´ ⌇🛻💭 : นัดรับบ้านโอโลภูเขียวหรือใกล้เคียง 🍮 𓈃"
159,โทรศัพท์มือสอง,128GB,TH,11990,100%,ประกันศูนย์ถึง 02/07/69,data/images/instagram/post_159/img_1.jpg,https://www.instagram.com/mynowphone.shop/p/DS5AJ3Kk-3i,"❝🌷🛣️ᯓ 𝐢𝐏𝐚𝐝 𝐆𝐞𝐧𝟏𝟏 𝟏𝟐𝟖𝐆𝐁 𝐓𝐇 ꒱·🌳🍒✿. 𓈈🔖 ราคา : 𝟏𝟏,𝟗𝟗𝟎.- 🚏💖 ส่งฟรี ୨ৎ 🌟 วางดาวน์ : 𝟑,𝟓𝟎𝟎 ผ่อนต่อ 𝟏,𝟗𝟔𝟎*𝟏𝟎 เดือน🌟 ୨ৎ 𓏔🪞การใช้งานปกติทุกอย่าง 𓏔🎀สแกนนิ้วได้ จอมีทรูโทน 𓏔🏁มือ 𝟐 มีรอยตามการใช้งาน 𓏔☁️รีเซ็ตเครื่องได้ ไม่ติดไอคราว 𓏔🔋สุขภาพแบต 𝟏𝟎𝟎% 𓏔🌷อุปกรณ์ : ครบกล่อง สายชาร์จ 𓏔🛠ประกันศูนย์ถึง 𝟎𝟐/𝟎𝟕/𝟔𝟗 ____________________________ สั่งซื้อ : 🌷🎧彡 𝗟𝗶𝗻𝗲:@𝟴𝟱𝟬𝘂𝗰𝗱𝗶𝘃(มี@) 🦙𖠵🧦♡´ ⌇🛻💭 : นัดรับบ้านโอโลภูเขียวหรือใกล้เคียง 🍮 𓈃"
160,iPhone 14 Plus 128GB,128GB,ศูนย์,13990,100%,ประกันสินค้าหลังการขาย 30 วัน,data/images/instagram/post_160/img_1.jpg,https://www.instagram.com/mynowphone.shop/p/DS4FuwXkx5m,"❝🌷🛣️ᯓ 𝐢𝐏𝐡𝐨𝐧𝐞 𝟏𝟒 𝐏𝐥𝐮𝐬 𝟏𝟐𝟖𝐆𝐁 𝐋𝐋 ꒱·🌳🍒✿. 𓈈🔖 ราคา : 𝟏𝟑,𝟗𝟗𝟎.- 🚏💖 ส่งฟรี ୨ৎ 🌟 วางดาวน์ : 𝟐𝟓𝟓𝟎 ผ่อนต่อ 𝟐,𝟐𝟓𝟎*𝟏𝟎 เดือน🌟 ୨ৎ 𓏔🪞การใช้งานปกติทุกอย่าง 𓏔🎀สแกนหน้าได้ จอมีทรูโทน 𓏔🏁มือ 𝟐 มีรอยตามการใช้งาน 𓏔☁️รีเซ็ตเครื่องได้ ไม่ติดไอคราว 𓏔🔋สุขภาพแบต 𝟏𝟎𝟎% 𓏔🌷อุปกรณ์ : ครบกล่อง ของแถม 𓏔🛠ประกันสินค้าหลังการขาย 𝟑𝟎 วัน ____________________________ สั่งซื้อ : 🌷🎧彡 𝗟𝗶𝗻𝗲:@𝟴𝟱𝟬𝘂𝗰𝗱𝗶𝘃(มี@) 🦙𖠵🧦♡´ ⌇🛻💭 : นัดรับบ้านโอโลภูเขียวหรือใกล้เคียง 🍮 𓈃"
161,iPhone 15 P,128GB,ศูนย์,19990,100%,ประกันสินค้าหลังการขาย 30 วัน,data/images/instagram/post_161/img_1.jpg,https://www.instagram.com/mynowphone.shop/p/DS4CGhtkziH,"❝🌷🛣️ᯓ 𝐢𝐏𝐡𝐨𝐧𝐞 𝟏𝟓 𝐏𝐫𝐨 𝟏𝟐𝟖𝐆𝐁 𝐋𝐋 ꒱·🌳🍒✿. 𓈈🔖 ราคา : 𝟏𝟗,𝟗𝟗𝟎.- 🚏💖 ส่งฟรี ୨ৎ 🌟 วางดาวน์ : 𝟑,𝟓𝟎𝟎 ผ่อนต่อ 𝟐,𝟗𝟖𝟎*𝟏𝟎 เดือน🌟 ୨ৎ 𓏔🪞การใช้งานปกติทุกอย่าง 𓏔🎀สแกนหน้าได้ จอมีทรูโทน 𓏔🏁มือ 𝟐 มีรอยตามการใช้งาน 𓏔☁️รีเซ็ตเครื่องได้ ไม่ติดไอคราว 𓏔🔋สุขภาพแบต 𝟏𝟎𝟎% 𓏔🌷อุปกรณ์ : ครบกล่อง ของแถม 𓏔🛠ประกันสินค้าหลังการขาย 𝟑𝟎 วัน ____________________________ สั่งซื้อ : 🌷🎧彡 𝗟𝗶𝗻𝗲:@𝟴𝟱𝟬𝘂𝗰𝗱𝗶𝘃(มี@) 🦙𖠵🧦♡´ ⌇🛻💭 : นัดรับบ้านโอโลภูเขียวหรือใกล้เคียง 🍮 𓈃"
162,iPhone 11 P,256GB,TH,9350,100%,ประกันสินค้าหลังการขาย 15 วัน,data/images/instagram/post_162/img_1.jpg,https://www.instagram.com/mynowphone.shop/p/DS2AHnXExVn,"❝🌷🛣️ᯓ 𝐢𝐏𝐡𝐨𝐧𝐞 𝟏𝟏 𝐏𝐫𝐨 𝟐𝟓𝟔𝐆𝐁 𝐓𝐇 ꒱·🌳🍒✿. 𓈈🔖 ราคา : 𝟗,𝟑𝟓𝟎.- 🚏💖 ส่งฟรี 𓏔🪞การใช้งานปกติทุกอย่าง 𓏔🎀สแกนหน้าได้ จอมีทรูโทน 𓏔🏁มือ 𝟐 มีรอยตามการใช้งาน 𓏔☁️รีเซ็ตเครื่องได้ ไม่ติดไอคราว 𓏔🔋สุขภาพแบต 𝟏𝟎𝟎% 𓏔🌷อุปกรณ์ : ครบกล่อง ของแถม 𓏔🛠ประกันสินค้าหลังการขาย 𝟏𝟓 วัน ____________________________ สั่งซื้อ : 🌷🎧彡 𝗟𝗶𝗻𝗲:@𝟴𝟱𝟬𝘂𝗰𝗱𝗶𝘃(มี@) 🦙𖠵🧦♡´ ⌇🛻💭 : นัดรับบ้านโอโลภูเขียวหรือใกล้เคียง 🍮 𓈃"
163,iPhone 13 128GB,128GB,ศูนย์,10990,100%,ประกันสินค้าหลังการขาย 15 วัน,data/images/instagram/post_163/img_1.jpg,https://www.instagram.com/mynowphone.shop/p/DS1z43JkySD,"❝🌷🛣️ᯓ 𝐢𝐏𝐡𝐨𝐧𝐞 𝟏𝟑 𝟏𝟐𝟖𝐆𝐁 𝐂𝐇 ꒱·🌳🍒✿. 𓈈🔖 ราคา : 𝟏𝟎,𝟗𝟗𝟎 .- 🚏💖 ส่งฟรี 𓏔🪞การใช้งานปกติทุกอย่าง 𓏔🎀สแกนหน้าได้ จอมีทรูโทน 𓏔🏁มือ 𝟐 มีรอยตามการใช้งาน 𓏔☁️รีเซ็ตเครื่องได้ ไม่ติดไอคราว 𓏔🔋สุขภาพแบต 𝟏𝟎𝟎% 𓏔🌷อุปกรณ์ : ครบกล่อง ของแถม 𓏔🛠ประกันสินค้าหลังการขาย 𝟏𝟓 วัน ____________________________ สั่งซื้อ : 🌷🎧彡 𝗟𝗶𝗻𝗲:@𝟴𝟱𝟬𝘂𝗰𝗱𝗶𝘃(มี@) 🦙𖠵🧦♡´ ⌇🛻💭 : นัดรับบ้านโอโลภูเขียวหรือใกล้เคียง 🍮 𓈃"
164,iPhone 13 P,128GB,ศูนย์,13550,100%,ประกันสินค้าหลังการขาย 15 วัน,data/images/instagram/post_164/img_1.jpg,https://www.instagram.com/mynowphone.shop/p/DS1xORlE3rf,"❝🌷🛣️ᯓ 𝐢𝐏𝐡𝐨𝐧𝐞 𝟏𝟑 𝐏𝐫𝐨 𝟏𝟐𝟖𝐆𝐁 𝐂𝐇 ꒱·🌳🍒✿. 𓈈🔖 ราคา : 𝟏𝟑,𝟓𝟓𝟎.- 🚏💖 ส่งฟรี 𓏔🪞การใช้งานปกติทุกอย่าง 𓏔🎀สแกนหน้าได้ จอมีทรูโทน 𓏔🏁มือ 𝟐 มีรอยตามการใช้งาน 𓏔☁️รีเซ็ตเครื่องได้ ไม่ติดไอคราว 𓏔🔋สุขภาพแบต 𝟏𝟎𝟎% 𓏔🌷อุปกรณ์ : ครบกล่อง ของแถม 𓏔🛠ประกันสินค้าหลังการขาย 𝟏𝟓 วัน ____________________________ สั่งซื้อ : 🌷🎧彡 𝗟𝗶𝗻𝗲:@𝟴𝟱𝟬𝘂𝗰𝗱𝗶𝘃(มี@) 🦙𖠵🧦♡´ ⌇🛻💭 : นัดรับบ้านโอโลภูเขียวหรือใกล้เคียง 🍮 𓈃"
165,iPhone 13 P,128GB,ศูนย์,14990,100%,ประกันสินค้าหลังการขาย 30 วัน,data/images/instagram/post_165/img_1.jpg,https://www.instagram.com/mynowphone.shop/p/DS0I-kPE90h,"❝🌷🛣️ᯓ 𝐢𝐏𝐡𝐨𝐧𝐞 𝟏𝟑 𝐏𝐫𝐨𝐌𝐚𝐱 𝟏𝟐𝟖𝐆𝐁 𝐋𝐋 ꒱·🌳🍒✿. 𓈈🔖 ราคา : 𝟏𝟒,𝟗𝟗𝟎.- 🚏💖 ส่งฟรี ୨ৎ 🌟 วางดาวน์ : 𝟐,𝟗𝟎𝟎 ผ่อนต่อ 𝟏,𝟖𝟕𝟎*𝟏𝟎 เดือน🌟 ୨ৎ 𓏔🪞การใช้งานปกติทุกอย่าง 𓏔🎀สแกนหน้าได้ จอมีทรูโทน 𓏔🏁มือ 𝟐 มีรอยตามการใช้งาน 𓏔☁️รีเซ็ตเครื่องได้ ไม่ติดไอคราว 𓏔🔋สุขภาพแบต 𝟏𝟎𝟎% 𓏔🌷อุปกรณ์ : ครบกล่อง ของแถม 𓏔🛠ประกันสินค้าหลังการขาย 𝟑𝟎 วัน ____________________________ สั่งซื้อ : 🌷🎧彡 𝗟𝗶𝗻𝗲:@𝟴𝟱𝟬𝘂𝗰𝗱𝗶𝘃(มี@) 🦙𖠵🧦♡´ ⌇🛻💭 : นัดรับบ้านโอโลภูเขียวหรือใกล้เคียง 🍮 𓈃"
166,iPhone 12 128GB,128GB,ศูนย์,9350,100%,ประกันสินค้าหลังการขาย 30 วัน,data/images/instagram/post_166/img_1.jpg,https://www.instagram.com/mynowphone.shop/p/DSzd4OaE5ZA,"❝🌷🛣️ᯓ 𝐢𝐏𝐡𝐨𝐧𝐞 𝟏𝟐 𝟏𝟐𝟖𝐆𝐁 𝐋𝐋 ꒱·🌳🍒✿. 𓈈🔖 ราคา : 𝟗,𝟑𝟓𝟎.- 🚏💖 ส่งฟรี ୨ৎ 🌟 วางดาวน์ : 𝟏,𝟓𝟎𝟎 ผ่อนต่อ 𝟏,𝟏𝟐𝟎*𝟏𝟎 เดือน🌟 ୨ৎ 𓏔🪞การใช้งานปกติทุกอย่าง 𓏔🎀สแกนหน้าได้ จอมีทรูโทน 𓏔🏁มือ 𝟐 มีรอยตามการใช้งาน 𓏔☁️รีเซ็ตเครื่องได้ ไม่ติดไอคราว 𓏔🔋สุขภาพแบต 𝟏𝟎𝟎% 𓏔🌷อุปกรณ์ : ครบกล่อง ของแถม 𓏔🛠ประกันสินค้าหลังการขาย 𝟑𝟎 วัน ____________________________ สั่งซื้อ : 🌷🎧彡 𝗟𝗶𝗻𝗲:@𝟴𝟱𝟬𝘂𝗰𝗱𝗶𝘃(มี@) 🦙𖠵🧦♡´ ⌇🛻💭 : นัดรับบ้านโอโลภูเขียวหรือใกล้เคียง 🍮 𓈃"
167,iPhone 15 Plus 128GB,128GB,ศูนย์,15990,100%,ประกันสินค้าหลังการขาย 30 วัน,data/images/instagram/post_167/img_1.jpg,https://www.instagram.com/mynowphone.shop/p/DSzFK4NE8Tq,"❝🌷🛣️ᯓ 𝐢𝐏𝐡𝐨𝐧𝐞 𝟏𝟓 𝐏𝐥𝐮𝐬 𝟏𝟐𝟖𝐆𝐁 𝐋𝐋 ꒱·🌳🍒✿. 𓈈🔖 ราคา : 𝟏𝟓,𝟗𝟗𝟎.- 🚏💖 ส่งฟรี ୨ৎ 🌟 วางดาวน์ : 𝟐,𝟗𝟎𝟎 ผ่อนต่อ 𝟐,𝟐𝟓𝟎*𝟏𝟎 เดือน🌟 ୨ৎ 𓏔🪞การใช้งานปกติทุกอย่าง 𓏔🎀สแกนหน้าได้ จอมีทรูโทน 𓏔🏁มือ 𝟐 มีรอยตามการใช้งาน 𓏔☁️รีเซ็ตเครื่องได้ ไม่ติดไอคราว 𓏔🔋สุขภาพแบต 𝟏𝟎𝟎% 𓏔🌷อุปกรณ์ : ครบกล่อง ของแถม 𓏔🛠ประกันสินค้าหลังการขาย 𝟑𝟎 วัน ____________________________ สั่งซื้อ : 🌷🎧彡 𝗟𝗶𝗻𝗲:@𝟴𝟱𝟬𝘂𝗰𝗱𝗶𝘃(มี@) 🦙𖠵🧦♡´ ⌇🛻💭 : นัดรับบ้านโอโลภูเขียวหรือใกล้เคียง 🍮 𓈃"
168,iPhone 12 P,128GB,ศูนย์,12550,100%,ประกันสินค้าหลังการขาย 30 วัน,data/images/instagram/post_168/img_1.jpg,https://www.instagram.com/mynowphone.shop/p/DSuQXynkxA6,"❝🌷🛣️ᯓ 𝐢𝐏𝐡𝐨𝐧𝐞 𝟏𝟐 𝐏𝐫𝐨𝐌𝐚𝐱 𝟏𝟐𝟖𝐆𝐁 โมเดลนอก ꒱·🌳🍒✿. 𓈈🔖 ราคา : 𝟏𝟐,𝟓𝟓𝟎.- 🚏💖 ส่งฟรี ୨ৎ 🌟 วางดาวน์ : 𝟐,𝟎𝟎𝟎 ผ่อนต่อ 𝟐,𝟐𝟒𝟎*𝟏𝟎 เดือน🌟 ୨ৎ 𓏔🪞การใช้งานปกติทุกอย่าง 𓏔🎀สแกนหน้าได้ จอมีทรูโทน 𓏔🏁มือ 𝟐 มีรอยตามการใช้งาน 𓏔☁️รีเซ็ตเครื่องได้ ไม่ติดไอคราว 𓏔🔋สุขภาพแบต 𝟏𝟎𝟎% 𓏔🌷อุปกรณ์ : ครบกล่อง ของแถม 𓏔🛠ประกันสินค้าหลังการขาย 𝟑𝟎 วัน ____________________________ สั่งซื้อ : 🌷🎧彡 𝗟𝗶𝗻𝗲:@𝟴𝟱𝟬𝘂𝗰𝗱𝗶𝘃(มี@) 🦙𖠵🧦♡´ ⌇🛻💭 : นัดรับบ้านโอโลภูเขียวหรือใกล้เคียง 🍮 𓈃"
169,iPhone 15 P,128GB,ศูนย์,19990,100%,ประกันสินค้าหลังการขาย 30 วัน,data/images/instagram/post_169/img_1.jpg,https://www.instagram.com/mynowphone.shop/p/DSuBdaFk_DD,"❝🌷🛣️ᯓ 𝐢𝐏𝐡𝐨𝐧𝐞 𝟏𝟓 𝐏𝐫𝐨 𝟏𝟐𝟖𝐆𝐁 𝐋𝐋 ꒱·🌳🍒✿. 𓈈🔖 ราคา : 𝟏𝟗,𝟗𝟗𝟎.- 🚏💖 ส่งฟรี ୨ৎ 🌟 วางดาวน์ : 𝟐,𝟓𝟓𝟎 ผ่อนต่อ 𝟑,𝟔𝟒𝟎*𝟏𝟎 เดือน🌟 ୨ৎ 𓏔🪞การใช้งานปกติทุกอย่าง 𓏔🎀สแกนหน้าได้ จอมีทรูโทน 𓏔🏁มือ 𝟐 มีรอยตามการใช้งาน 𓏔☁️รีเซ็ตเครื่องได้ ไม่ติดไอคราว 𓏔🔋สุขภาพแบต 𝟏𝟎𝟎% 𓏔🌷อุปกรณ์ : ครบกล่อง ของแถม 𓏔🛠ประกันสินค้าหลังการขาย 𝟑𝟎 วัน ____________________________ สั่งซื้อ : 🌷🎧彡 𝗟𝗶𝗻𝗲:@𝟴𝟱𝟬𝘂𝗰𝗱𝗶𝘃(มี@) 🦙𖠵🧦♡´ ⌇🛻💭 : นัดรับบ้านโอโลภูเขียวหรือใกล้เคียง 🍮 𓈃"
170,iPhone 16 P,256GB,ศูนย์,21990,100%,ประกันสินค้าหลังการขาย 30 วัน,data/images/instagram/post_170/img_1.jpg,https://www.instagram.com/mynowphone.shop/p/DSt4q6oE0QD,"❝🌷🛣️ᯓ 𝐢𝐏𝐡𝐨𝐧𝐞 𝟏𝟔 𝐏𝐫𝐨𝐌𝐚𝐱 𝟐𝟓𝟔𝐆𝐁 𝐋𝐋 ꒱·🌳🍒✿. 𓈈🔖 ราคา : 𝟐𝟏,𝟗𝟗𝟎.- 🚏💖 ส่งฟรี 𓏔🪞การใช้งานปกติทุกอย่าง 𓏔🎀สแกนหน้าได้ จอมีทรูโทน 𓏔🏁มือ 𝟐 มีรอยตามการใช้งาน 𓏔☁️รีเซ็ตเครื่องได้ ไม่ติดไอคราว 𓏔🔋สุขภาพแบต 𝟏𝟎𝟎% 𓏔🌷อุปกรณ์ : ครบกล่อง เคส 𓏔🛠ประกันสินค้าหลังการขาย 𝟑𝟎 วัน ____________________________ สั่งซื้อ : 🌷🎧彡 𝗟𝗶𝗻𝗲:@𝟴𝟱𝟬𝘂𝗰𝗱𝗶𝘃(มี@) 🦙𖠵🧦♡´ ⌇🛻💭 : นัดรับบ้านโอโลภูเขียวหรือใกล้เคียง 🍮 𓈃"
171,iPhone 15 P,256GB,ศูนย์,19990,100%,ประกันสินค้าหลังการขาย 30 วัน,data/images/instagram/post_171/img_1.jpg,https://www.instagram.com/mynowphone.shop/p/DSpaei3k_tN,"❝🌷🛣️ᯓ 𝐢𝐏𝐡𝐨𝐧𝐞 𝟏𝟓 𝐏𝐫𝐨𝐌𝐚𝐱 𝟐𝟓𝟔𝐆𝐁 𝐋𝐋 ꒱·🌳🍒✿. 𓈈🔖 ราคา : 𝟏𝟗,𝟗𝟗𝟎.- 🚏💖 ส่งฟรี 𓏔🪞การใช้งานปกติทุกอย่าง 𓏔🎀สแกนหน้าได้ จอมีทรูโทน 𓏔🏁มือ 𝟐 มีรอยตามการใช้งาน 𓏔☁️รีเซ็ตเครื่องได้ ไม่ติดไอคราว 𓏔🔋สุขภาพแบต 𝟏𝟎𝟎% 𓏔🌷อุปกรณ์ : ครบกล่อง เคส 𓏔🛠ประกันสินค้าหลังการขาย 𝟑𝟎 วัน ____________________________ สั่งซื้อ : 🌷🎧彡 𝗟𝗶𝗻𝗲:@𝟴𝟱𝟬𝘂𝗰𝗱𝗶𝘃(มี@) 🦙𖠵🧦♡´ ⌇🛻💭 : นัดรับบ้านโอโลภูเขียวหรือใกล้เคียง 🍮 𓈃"
172,iPhone 14 P,128GB,ศูนย์,14990,100%,ประกันสินค้าหลังการขาย 30 วัน,data/images/instagram/post_172/img_1.jpg,https://www.instagram.com/mynowphone.shop/p/DSpDZYbEw_e,"❝🌷🛣️ᯓ 𝐢𝐏𝐡𝐨𝐧𝐞 𝟏𝟒 𝐏𝐫𝐨 𝟏𝟐𝟖𝐆𝐁 𝐋𝐋 ꒱·🌳🍒✿. 𓈈🔖 ราคา : 𝟏𝟒,𝟗𝟗𝟎.- 🚏💖 ส่งฟรี 𓏔🪞การใช้งานปกติทุกอย่าง 𓏔🎀สแกนหน้าได้ จอมีทรูโทน 𓏔🏁มือ 𝟐 มีรอยตามการใช้งาน 𓏔☁️รีเซ็ตเครื่องได้ ไม่ติดไอคราว 𓏔🔋สุขภาพแบต 𝟏𝟎𝟎% 𓏔🌷อุปกรณ์ : ครบกล่อง เคส 𓏔🛠ประกันสินค้าหลังการขาย 𝟑𝟎 วัน ____________________________ สั่งซื้อ : 🌷🎧彡 𝗟𝗶𝗻𝗲:@𝟴𝟱𝟬𝘂𝗰𝗱𝗶𝘃(มี@) 🦙𖠵🧦♡´ ⌇🛻💭 : นัดรับบ้านโอโลภูเขียวหรือใกล้เคียง 🍮 𓈃"
173,iPhone 13 P,128GB,ศูนย์,14990,100%,ประกันสินค้าหลังการขาย 30 วัน,data/images/instagram/post_173/img_1.jpg,https://www.instagram.com/mynowphone.shop/p/DSo7l_BEwyW,"❝🌷🛣️ᯓ 𝐢𝐏𝐡𝐨𝐧𝐞 𝟏𝟑 𝐏𝐫𝐨𝐌𝐚𝐱 𝟏𝟐𝟖𝐆𝐁 𝐋𝐋 ꒱·🌳🍒✿. 𓈈🔖 ราคา : 𝟏𝟒,𝟗𝟗𝟎.- 🚏💖 ส่งฟรี 𓏔🪞การใช้งานปกติทุกอย่าง 𓏔🎀สแกนหน้าได้ จอมีทรูโทน 𓏔🏁มือ 𝟐 มีรอยตามการใช้งาน 𓏔☁️รีเซ็ตเครื่องได้ ไม่ติดไอคราว 𓏔🔋สุขภาพแบต 𝟏𝟎𝟎% 𓏔🌷อุปกรณ์ : ครบกล่อง เคส 𓏔🛠ประกันสินค้าหลังการขาย 𝟑𝟎 วัน ____________________________ สั่งซื้อ : 🌷🎧彡 𝗟𝗶𝗻𝗲:@𝟴𝟱𝟬𝘂𝗰𝗱𝗶𝘃(มี@) 🦙𖠵🧦♡´ ⌇🛻💭 : นัดรับบ้านโอโลภูเขียวหรือใกล้เคียง 🍮 𓈃"
174,iPhone,64GB,ศูนย์,4990,77%,ประกันสินค้าหลังการขาย 7 วัน,data/images/instagram/post_174/img_1.jpg,https://www.instagram.com/mynowphone.shop/p/DSj6VVQkyKI,"❝🌷🛣️ᯓ 𝐢𝐏𝐡𝐨𝐧𝐞 𝐗𝐒 𝟔𝟒𝐆𝐁 𝐋𝐋 ꒱·🌳🍒✿. 𓈈🔖 ราคา : 𝟒,𝟗𝟗𝟎.- 🚏💖 ส่งฟรี 𓏔🪞การใช้งานปกติทุกอย่าง 𓏔⚠️ไม่สแกนหน้า จอมีทรูโทน 𓏔🏁มือ 𝟐 มีรอยตามการใช้งาน 𓏔☁️รีเซ็ตเครื่องได้ ไม่ติดไอคราว 𓏔🔋สุขภาพแบต 𝟕𝟕% 𓏔🌷อุปกรณ์ : ครบกล่อง เคส 𓏔🛠ประกันสินค้าหลังการขาย 𝟕 วัน ____________________________ สั่งซื้อ : 🌷🎧彡 𝗟𝗶𝗻𝗲:@𝟴𝟱𝟬𝘂𝗰𝗱𝗶𝘃(มี@) 🦙𖠵🧦♡´ ⌇🛻💭 : นัดรับบ้านโอโลภูเขียวหรือใกล้เคียง 🍮 𓈃"
175,iPhone 8 64GB,64GB,ศูนย์,2550,96%,ประกันสินค้าหลังการขาย 7 วัน,data/images/instagram/post_175/img_1.jpg,https://www.instagram.com/mynowphone.shop/p/DSjyzLbEw0c,"❝🌷🛣️ᯓ 𝐢𝐏𝐡𝐨𝐧𝐞 𝟖 𝟔𝟒𝐆𝐁 𝐋𝐋 ꒱·🌳🍒✿. 𓈈🔖 ราคา : 𝟐,𝟓𝟓𝟎.- 🚏💖 ส่งฟรี 𓏔🪞การใช้งานปกติทุกอย่าง 𓏔⚠️ไม่สแกนนิ้ว จอไม่มีทรูโทน 𓏔🏁มือ 𝟐 มีรอยตามการใช้งาน 𓏔☁️รีเซ็ตเครื่องได้ ไม่ติดไอคราว 𓏔🔋สุขภาพแบต 𝟗𝟔% 𓏔🌷อุปกรณ์ : เคส ชุดชาร์จ ไม่มีกล่อง 𓏔🛠ประกันสินค้าหลังการขาย 𝟕 วัน ____________________________ สั่งซื้อ : 🌷🎧彡 𝗟𝗶𝗻𝗲:@𝟴𝟱𝟬𝘂𝗰𝗱𝗶𝘃(มี@) 🦙𖠵🧦♡´ ⌇🛻💭 : นัดรับบ้านโอโลภูเขียวหรือใกล้เคียง 🍮 𓈃"
176,โทรศัพท์มือสอง,64GB,TH,10550,88%,ประกันสินค้าหลังการขาย 20 วัน,data/images/instagram/post_176/img_1.jpg,https://www.instagram.com/mynowphone.shop/p/DSjrjnSk7wW,"❝🌷🛣️ᯓ 𝐢𝐏𝐚𝐝 𝐆𝐞𝐧𝟏𝟎 𝟔𝟒𝐆𝐁 𝐓𝐇 𝐖𝐢𝐅𝐢 ꒱·🌳🍒✿. 𓈈🔖 ราคา : 𝟏𝟎,𝟓𝟓𝟎.- 🚏💖 ส่งฟรี ୨ৎ 🌟 วางดาวน์ : 𝟐,𝟗𝟎𝟎 ผ่อนต่อ 𝟏,𝟔𝟖𝟎*𝟏𝟎 เดือน🌟 ୨ৎ 𓏔🪞การใช้งานปกติทุกอย่าง 𓏔🎀สแกนนิ้วได้ จอมีทรูโทน 𓏔🏁มือ 𝟐 มีรอยตามการใช้งาน 𓏔☁️รีเซ็ตเครื่องได้ ไม่ติดไอคราว 𓏔🔋สุขภาพแบต 𝟖𝟖% 𓏔🌷อุปกรณ์ : ครบกล่อง เคส 𓏔🛠ประกันสินค้าหลังการขาย 𝟐𝟎 วัน ____________________________ สั่งซื้อ : 🌷🎧彡 𝗟𝗶𝗻𝗲:@𝟴𝟱𝟬𝘂𝗰𝗱𝗶𝘃(มี@) 🦙𖠵🧦♡´ ⌇🛻💭 : นัดรับบ้านโอโลภูเขียวหรือใกล้เคียง 🍮 𓈃"
177,iPhone 15 P,256GB,ศูนย์,21550,100%,ประกันสินค้าหลังการขาย 30 วัน,data/images/instagram/post_177/img_1.jpg,https://www.instagram.com/mynowphone.shop/p/DShFApTE4zW,"❝🌷🛣️ᯓ 𝐢𝐏𝐡𝐨𝐧𝐞 𝟏𝟓 𝐏𝐫𝐨𝐌𝐚𝐱 𝟐𝟓𝟔𝐆𝐁 𝐋𝐋 ꒱·🌳🍒✿. 𓈈🔖 ราคา : 𝟐𝟏,𝟓𝟓𝟎.- 🚏💖 ส่งฟรี ୨ৎ 🌟 วางดาวน์ : 𝟑,𝟗𝟎𝟎 ผ่อนต่อ 𝟑,𝟖𝟕𝟎*𝟏𝟎 เดือน🌟 ୨ৎ 𓏔🪞การใช้งานปกติทุกอย่าง 𓏔🎀สแกนหน้าได้ จอมีทรูโทน 𓏔🏁มือ 𝟐 มีรอยตามการใช้งาน 𓏔☁️รีเซ็ตเครื่องได้ ไม่ติดไอคราว 𓏔🔋สุขภาพแบต 𝟏𝟎𝟎% 𓏔🌷อุปกรณ์ : ครบกล่อง เคส 𓏔🛠ประกันสินค้าหลังการขาย 𝟑𝟎 วัน ____________________________ สั่งซื้อ : 🌷🎧彡 𝗟𝗶𝗻𝗲:@𝟴𝟱𝟬𝘂𝗰𝗱𝗶𝘃(มี@) 🦙𖠵🧦♡´ ⌇🛻💭 : นัดรับบ้านโอโลภูเขียวหรือใกล้เคียง 🍮 𓈃"
178,iPhone 16 128GB,128GB,ศูนย์,19990,100%,ประกันสินค้าหลังการขาย 30 วัน,data/images/instagram/post_178/img_1.jpg,https://www.instagram.com/mynowphone.shop/p/DSg_UaVk7A0,"❝🌷🛣️ᯓ 𝐢𝐏𝐡𝐨𝐧𝐞 𝟏𝟔 𝟏𝟐𝟖𝐆𝐁 𝐋𝐋 ꒱·🌳🍒✿. 𓈈🔖 ราคา : 𝟏𝟗,𝟗𝟗𝟎.- 🚏💖 ส่งฟรี ୨ৎ 🌟 วางดาวน์ : 𝟑,𝟗𝟎𝟎 ผ่อนต่อ 𝟐,𝟗𝟖𝟎*𝟏𝟎 เดือน🌟 ୨ৎ 𓏔🪞การใช้งานปกติทุกอย่าง 𓏔🎀สแกนหน้าได้ จอมีทรูโทน 𓏔🏁มือ 𝟐 มีรอยตามการใช้งาน 𓏔☁️รีเซ็ตเครื่องได้ ไม่ติดไอคราว 𓏔🔋สุขภาพแบต 𝟏𝟎𝟎% 𓏔🌷อุปกรณ์ : ครบกล่อง เคส 𓏔🛠ประกันสินค้าหลังการขาย 𝟑𝟎 วัน ____________________________ สั่งซื้อ : 🌷🎧彡 𝗟𝗶𝗻𝗲:@𝟴𝟱𝟬𝘂𝗰𝗱𝗶𝘃(มี@) 🦙𖠵🧦♡´ ⌇🛻💭 : นัดรับบ้านโอโลภูเขียวหรือใกล้เคียง 🍮 𓈃"
179,iPhone 14 128GB,128GB,ศูนย์,13990,100%,ประกันสินค้าหลังการขาย 30 วัน,data/images/instagram/post_179/img_1.jpg,https://www.instagram.com/mynowphone.shop/p/DSgyGvRE77l,"❝🌷🛣️ᯓ 𝐢𝐏𝐡𝐨𝐧𝐞 𝟏𝟒 𝟏𝟐𝟖𝐆𝐁 𝐋𝐋 ꒱·🌳🍒✿. 𓈈🔖 ราคา : 𝟏𝟑,𝟗𝟗𝟎.- 🚏💖 ส่งฟรี ୨ৎ 🌟 วางดาวน์ : 𝟏,𝟗𝟎𝟎 ผ่อนต่อ 𝟏,𝟗𝟖𝟎*𝟏𝟎 เดือน🌟 ୨ৎ 𓏔🪞การใช้งานปกติทุกอย่าง 𓏔🎀สแกนหน้าได้ จอมีทรูโทน 𓏔🏁มือ 𝟐 มีรอยตามการใช้งาน 𓏔☁️รีเซ็ตเครื่องได้ ไม่ติดไอคราว 𓏔🔋สุขภาพแบต 𝟏𝟎𝟎% 𓏔🌷อุปกรณ์ : ครบกล่อง เคส 𓏔🛠ประกันสินค้าหลังการขาย 𝟑𝟎 วัน ____________________________ สั่งซื้อ : 🌷🎧彡 𝗟𝗶𝗻𝗲:@𝟴𝟱𝟬𝘂𝗰𝗱𝗶𝘃(มี@) 🦙𖠵🧦♡´ ⌇🛻💭 : นัดรับบ้านโอโลภูเขียวหรือใกล้เคียง 🍮 𓈃"
180,iPhone 7 Plus 32GB TH,32GB,TH,2990,93%,ประกันสินค้าหลังการขาย 7 วัน,data/images/instagram/post_180/img_1.jpg,https://www.instagram.com/mynowphone.shop/p/DSdD46Tk4EO,"❝🌷🛣️ᯓ 𝐢𝐏𝐡𝐨𝐧𝐞 𝟕 𝐏𝐥𝐮𝐬 𝟑𝟐𝐆𝐁 𝐓𝐇 ꒱·🌳🍒✿. 𓈈🔖 ราคา : 𝟐,𝟗𝟗𝟎.- 🚏💖 ส่งฟรี ⚠️เครื่องบายพาสรีไม่ลบ⚠️ 𓏔🪞การใช้งานปกติทุกอย่าง 𓏔🎀สแกนนิ้วได้ หน้าจอ 𝟓.𝟓 นิ้ว 𓏔🏁มือ 𝟐 มีรอยตามการใช้งาน 𓏔☁️รีเซ็ตเครื่องได้ ไม่ติดไอคราว 𓏔🔋สุขภาพแบต 𝟗𝟑% 𓏔🌷อุปกรณ์ : ครบกล่อง สาวชาร์จ 𓏔🛠ประกันสินค้าหลังการขาย 𝟕 วัน ____________________________ สั่งซื้อ : 🌷🎧彡 𝗟𝗶𝗻𝗲:@𝟴𝟱𝟬𝘂𝗰𝗱𝗶𝘃(มี@) 🦙𖠵🧦♡´ ⌇🛻💭 : นัดรับบ้านโอโลภูเขียวหรือใกล้เคียง 🍮 𓈃"
181,iPhone 8 Plus 64GB TH,64GB,TH,3990,76%,ประกันสินค้าหลังการขาย 10 วัน,data/images/instagram/post_181/img_1.jpg,https://www.instagram.com/mynowphone.shop/p/DSc-TRPk4O7,"❝🌷🛣️ᯓ 𝐢𝐏𝐡𝐨𝐧𝐞 𝟖 𝐏𝐥𝐮𝐬 𝟔𝟒𝐆𝐁 𝐓𝐇 ꒱·🌳🍒✿. 𓈈🔖 ราคา : 𝟑,𝟗𝟗𝟎.- 🚏💖 ส่งฟรี ⚠️เครื่องบายพาสรีไม่ลบ⚠️ 𓏔🪞การใช้งานปกติทุกอย่าง 𓏔⚠️ไม่สแกนนิ้ว จอไม่มีทรูโทน 𓏔🏁มือ 𝟐 มีรอยตามการใช้งาน 𓏔☁️รีเซ็ตเครื่องได้ ไม่ติดไอคราว 𓏔🔋สุขภาพแบต 𝟕𝟔% 𓏔🌷อุปกรณ์ : ครบกล่อง สาวชาร์จ 𓏔🛠ประกันสินค้าหลังการขาย 𝟏𝟎 วัน ____________________________ สั่งซื้อ : 🌷🎧彡 𝗟𝗶𝗻𝗲:@𝟴𝟱𝟬𝘂𝗰𝗱𝗶𝘃(มี@) 🦙𖠵🧦♡´ ⌇🛻💭 : นัดรับบ้านโอโลภูเขียวหรือใกล้เคียง 🍮 𓈃"
182,iPhone 12 P,128GB,ศูนย์,12550,100%,ประกันสินค้าหลังการขาย 15 วัน,data/images/instagram/post_182/img_1.jpg,https://www.instagram.com/mynowphone.shop/p/DSc55NeE4cd,"❝🌷🛣️ᯓ 𝐢𝐏𝐡𝐨𝐧𝐞 𝟏𝟐 𝐏𝐫𝐨𝐌𝐚𝐱 𝟏𝟐𝟖𝐆𝐁 𝐋𝐋 ꒱·🌳🍒✿. 𓈈🔖 ราคา : 𝟏𝟐,𝟓𝟓𝟎.- 🚏💖 ส่งฟรี 𓏔🪞การใช้งานปกติทุกอย่าง 𓏔🎀สแกนหน้าได้ จอมีทรูโทน 𓏔🏁มือ 𝟐 มีรอยตามการใช้งาน 𓏔☁️รีเซ็ตเครื่องได้ ไม่ติดไอคราว 𓏔🔋สุขภาพแบต 𝟏𝟎𝟎% 𓏔🌷อุปกรณ์ : ครบกล่อง เคส 𓏔🛠ประกันสินค้าหลังการขาย 𝟏𝟓 วัน ____________________________ สั่งซื้อ : 🌷🎧彡 𝗟𝗶𝗻𝗲:@𝟴𝟱𝟬𝘂𝗰𝗱𝗶𝘃(มี@) 🦙𖠵🧦♡´ ⌇🛻💭 : นัดรับบ้านโอโลภูเขียวหรือใกล้เคียง 🍮 𓈃"
183,iPhone,256GB,TH,6550,100%,ประกันสินค้าหลังการขาย 15 วัน,data/images/instagram/post_183/img_1.jpg,https://www.instagram.com/mynowphone.shop/p/DSb9Xe-E_mh,"❝🌷🛣️ᯓ 𝐢𝐏𝐡𝐨𝐧𝐞 𝐗 𝟐𝟓𝟔𝐆𝐁 𝐓𝐇 ꒱·🌳🍒✿. 𓈈🔖 ราคา : 𝟔,𝟓𝟓𝟎.- 🚏💖 ส่งฟรี 𓏔🪞การใช้งานปกติทุกอย่าง 𓏔🎀สแกนหน้าได้ จอมีทรูโทน 𓏔🏁มือ 𝟐 มีรอยตามการใช้งาน 𓏔☁️รีเซ็ตเครื่องได้ ไม่ติดไอคราว 𓏔🔋สุขภาพแบต 𝟏𝟎𝟎% 𓏔🌷อุปกรณ์ : ครบกล่อง เคส 𓏔🛠ประกันสินค้าหลังการขาย 𝟏𝟓 วัน ____________________________ สั่งซื้อ : 🌷🎧彡 𝗟𝗶𝗻𝗲:@𝟴𝟱𝟬𝘂𝗰𝗱𝗶𝘃(มี@) 🦙𖠵🧦♡´ ⌇🛻💭 : นัดรับบ้านโอโลภูเขียวหรือใกล้เคียง 🍮 𓈃"
184,iPhone 14 Plus 128GB,128GB,ศูนย์,14990,100%,ประกันสินค้าหลังการขาย 30 วัน,data/images/instagram/post_184/img_1.jpg,https://www.instagram.com/mynowphone.shop/p/DSb8QV7E3sj,"❝🌷🛣️ᯓ 𝐢𝐏𝐡𝐨𝐧𝐞 𝟏𝟒 𝐏𝐥𝐮𝐬 𝟏𝟐𝟖𝐆𝐁 𝐋𝐋 ꒱·🌳🍒✿. 𓈈🔖 ราคา : 𝟏𝟒,𝟗𝟗𝟎.- 🚏💖 ส่งฟรี ୨ৎ 🌟 วางดาวน์ : 𝟐,𝟗𝟎𝟎 ผ่อนต่อ 𝟏,𝟖𝟕𝟎*𝟏𝟎 เดือน🌟 ୨ৎ 𓏔🪞การใช้งานปกติทุกอย่าง 𓏔🎀สแกนหน้าได้ จอมีทรูโทน 𓏔🏁มือ 𝟐 มีรอยตามการใช้งาน 𓏔☁️รีเซ็ตเครื่องได้ ไม่ติดไอคราว 𓏔🔋สุขภาพแบต 𝟏𝟎𝟎% 𓏔🌷อุปกรณ์ : ครบกล่อง เคส 𓏔🛠ประกันสินค้าหลังการขาย 𝟑𝟎 วัน ____________________________ สั่งซื้อ : 🌷🎧彡 𝗟𝗶𝗻𝗲:@𝟴𝟱𝟬𝘂𝗰𝗱𝗶𝘃(มี@) 🦙𖠵🧦♡´ ⌇🛻💭 : นัดรับบ้านโอโลภูเขียวหรือใกล้เคียง 🍮 𓈃"
185,iPhone 15 128GB,128GB,ศูนย์,14990,100%,ประกันสินค้าหลังการขาย 30 วัน,data/images/instagram/post_185/img_1.jpg,https://www.instagram.com/mynowphone.shop/p/DSbzV7UExMa,"❝🌷🛣️ᯓ 𝐢𝐏𝐡𝐨𝐧𝐞 𝟏𝟓 𝟏𝟐𝟖𝐆𝐁 𝐋𝐋 ꒱·🌳🍒✿. 𓈈🔖 ราคา : 𝟏𝟒,𝟗𝟗𝟎.- 🚏💖 ส่งฟรี ୨ৎ 🌟 วางดาวน์ : 𝟐,𝟗𝟎𝟎 ผ่อนต่อ 𝟐,𝟏𝟐𝟎*𝟏𝟎 เดือน🌟 ୨ৎ 𓏔🪞การใช้งานปกติทุกอย่าง 𓏔🎀สแกนหน้าได้ จอมีทรูโทน 𓏔🏁มือ 𝟐 มีรอยตามการใช้งาน 𓏔☁️รีเซ็ตเครื่องได้ ไม่ติดไอคราว 𓏔🔋สุขภาพแบต 𝟏𝟎𝟎% 𓏔🌷อุปกรณ์ : ครบกล่อง เคส 𓏔🛠ประกันสินค้าหลังการขาย 𝟑𝟎 วัน ____________________________ สั่งซื้อ : 🌷🎧彡 𝗟𝗶𝗻𝗲:@𝟴𝟱𝟬𝘂𝗰𝗱𝗶𝘃(มี@) 🦙𖠵🧦♡´ ⌇🛻💭 : นัดรับบ้านโอโลภูเขียวหรือใกล้เคียง 🍮 𓈃"
186,iPhone 13 128GB,128GB,ศูนย์,12550,100%,ประกันสินค้าหลังการขาย 30 วัน,data/images/instagram/post_186/img_1.jpg,https://www.instagram.com/mynowphone.shop/p/DSaktsxkwqd,"❝🌷🛣️ᯓ 𝐢𝐏𝐡𝐨𝐧𝐞 𝟏𝟑 𝟏𝟐𝟖𝐆𝐁 𝐋𝐋 ꒱·🌳🍒✿. 𓈈🔖 ราคา : 𝟏𝟐,𝟓𝟓𝟎.- 🚏💖 ส่งฟรี ୨ৎ 🌟 วางดาวน์ : 𝟐,𝟗𝟎𝟎 ผ่อนต่อ 𝟏,𝟓𝟎𝟎*𝟏𝟎 เดือน🌟 ୨ৎ 𓏔🪞การใช้งานปกติทุกอย่าง 𓏔🎀สแกนหน้าได้ จอมีทรูโทน 𓏔🏁มือ 𝟐 มีรอยตามการใช้งาน 𓏔☁️รีเซ็ตเครื่องได้ ไม่ติดไอคราว 𓏔🔋สุขภาพแบต 𝟏𝟎𝟎% 𓏔🌷อุปกรณ์ : ครบกล่อง เคส 𓏔🛠ประกันสินค้าหลังการขาย 𝟑𝟎 วัน ____________________________ สั่งซื้อ : 🌷🎧彡 𝗟𝗶𝗻𝗲:@𝟴𝟱𝟬𝘂𝗰𝗱𝗶𝘃(มี@) 🦙𖠵🧦♡´ ⌇🛻💭 : นัดรับบ้านโอโลภูเขียวหรือใกล้เคียง 🍮 𓈃"
187,iPhone 13 P,128GB,ศูนย์,15990,100%,ประกันสินค้าหลังการขาย 30 วัน,data/images/instagram/post_187/img_1.jpg,https://www.instagram.com/mynowphone.shop/p/DSajUFWE-6B,"❝🌷🛣️ᯓ 𝐢𝐏𝐡𝐨𝐧𝐞 𝟏𝟑 𝐏𝐫𝐨 𝟏𝟐𝟖𝐆𝐁 𝐋𝐋 ꒱·🌳🍒✿. 𓈈🔖 ราคา : 𝟏𝟓,𝟗𝟗𝟎.- 🚏💖 ส่งฟรี ୨ৎ 🌟 วางดาวน์ : 𝟐,𝟗𝟎𝟎 ผ่อนต่อ 𝟏,𝟔𝟐𝟎*𝟏𝟎 เดือน🌟 ୨ৎ 𓏔🪞การใช้งานปกติทุกอย่าง 𓏔🎀สแกนหน้าได้ จอมีทรูโทน 𓏔🏁มือ 𝟐 มีรอยตามการใช้งาน 𓏔☁️รีเซ็ตเครื่องได้ ไม่ติดไอคราว 𓏔🔋สุขภาพแบต 𝟏𝟎𝟎% 𓏔🌷อุปกรณ์ : ครบกล่อง เคส 𓏔🛠ประกันสินค้าหลังการขาย 𝟑𝟎 วัน ____________________________ สั่งซื้อ : 🌷🎧彡 𝗟𝗶𝗻𝗲:@𝟴𝟱𝟬𝘂𝗰𝗱𝗶𝘃(มี@) 🦙𖠵🧦♡´ ⌇🛻💭 : นัดรับบ้านโอโลภูเขียวหรือใกล้เคียง 🍮 𓈃"
188,iPhone 11 128HB TH,-,TH,8990,100%,ประกันสินค้าหลังการขาย 30 วัน,data/images/instagram/post_188/img_1.jpg,https://www.instagram.com/mynowphone.shop/p/DSahF_3k-Vn,"❝🌷🛣️ᯓ 𝐢𝐏𝐡𝐨𝐧𝐞 𝟏𝟏 𝟏𝟐𝟖𝐇𝐁 𝐓𝐇 ꒱·🌳🍒✿. 𓈈🔖 ราคา : 𝟖,𝟗𝟗𝟎.- 🚏💖 ส่งฟรี 𓏔🪞การใช้งานปกติทุกอย่าง 𓏔🎀สแกนหน้าได้ จอมีทรูโทน 𓏔🏁มือ 𝟐 มีรอยตามการใช้งาน 𓏔☁️รีเซ็ตเครื่องได้ ไม่ติดไอคราว 𓏔🔋สุขภาพแบต 𝟏𝟎𝟎% 𓏔🌷อุปกรณ์ : ครบกล่อง เคส 𓏔🛠ประกันสินค้าหลังการขาย 𝟑𝟎 วัน ____________________________ สั่งซื้อ : 🌷🎧彡 𝗟𝗶𝗻𝗲:@𝟴𝟱𝟬𝘂𝗰𝗱𝗶𝘃(มี@) 🦙𖠵🧦♡´ ⌇🛻💭 : นัดรับบ้านโอโลภูเขียวหรือใกล้เคียง 🍮 𓈃"
189,iPhone 16 P,128GB,ศูนย์,28990,97%,ประกันสินค้าศูนย์ 25 มีนาคม 69,data/images/instagram/post_189/img_1.jpg,https://www.instagram.com/mynowphone.shop/p/DSX7l_JE7ze,"❝🌷🛣️ᯓ 𝐢𝐏𝐡𝐨𝐧𝐞 𝟏𝟔 𝐏𝐫𝐨 𝟏𝟐𝟖𝐆𝐁 𝐋𝐋 ꒱·🌳🍒✿. 𓈈🔖 ราคา : 𝟐𝟖,𝟗𝟗𝟎.- 🚏💖 ส่งฟรี ୨ৎ 🌟 วางดาวน์ : 𝟕,𝟗𝟎𝟎 ผ่อนต่อ 𝟑,𝟖𝟒𝟎*𝟏𝟎 เดือน🌟 ୨ৎ 𓏔🪞การใช้งานปกติทุกอย่าง 𓏔🎀สแกนหน้าได้ จอมีทรูโทน 𓏔🏁มือ 𝟐 มีรอยตามการใช้งาน 𓏔☁️รีเซ็ตเครื่องได้ ไม่ติดไอคราว 𓏔🔋สุขภาพแบต 𝟗𝟕% 𓏔🌷อุปกรณ์ : สายชาร์จ เคส 𓏔🛠ประกันสินค้าศูนย์ 𝟐𝟓 มีนาคม 𝟔𝟗 ____________________________ สั่งซื้อ : 🌷🎧彡 𝗟𝗶𝗻𝗲:@𝟴𝟱𝟬𝘂𝗰𝗱𝗶𝘃(มี@) 🦙𖠵🧦♡´ ⌇🛻💭 : นัดรับบ้านโอโลภูเขียวหรือใกล้เคียง 🍮 𓈃"
190,iPhone 13 P,128GB,ศูนย์,15990,100%,ประกันสินค้าหลังการขาย 30 วัน,data/images/instagram/post_190/img_1.jpg,https://www.instagram.com/mynowphone.shop/p/DSX2WmTE8gV,"❝🌷🛣️ᯓ 𝐢𝐏𝐡𝐨𝐧𝐞 𝟏𝟑 𝐏𝐫𝐨𝐌𝐚𝐱 𝟏𝟐𝟖𝐆𝐁 𝐋𝐋 ꒱·🌳🍒✿. 𓈈🔖 ราคา : 𝟏𝟓,𝟗𝟗𝟎.- 🚏💖 ส่งฟรี 𓏔🪞การใช้งานปกติทุกอย่าง 𓏔🎀สแกนหน้าได้ จอมีทรูโทน 𓏔🏁มือ 𝟐 มีรอยตามการใช้งาน 𓏔☁️รีเซ็ตเครื่องได้ ไม่ติดไอคราว 𓏔🔋สุขภาพแบต 𝟏𝟎𝟎% 𓏔🌷อุปกรณ์ : ครบกล่อง เคส 𓏔🛠ประกันสินค้าหลังการขาย 𝟑𝟎 วัน ____________________________ สั่งซื้อ : 🌷🎧彡 𝗟𝗶𝗻𝗲:@𝟴𝟱𝟬𝘂𝗰𝗱𝗶𝘃(มี@) 🦙𖠵🧦♡´ ⌇🛻💭 : นัดรับบ้านโอโลภูเขียวหรือใกล้เคียง 🍮 𓈃"
191,iPhone 11 P,256GB,TH,9350,100%,ประกันสินค้าหลังการขาย 30 วัน,data/images/instagram/post_191/img_1.jpg,https://www.instagram.com/mynowphone.shop/p/DSXed5IE_pb,"❝🌷🛣️ᯓ 𝐢𝐏𝐡𝐨𝐧𝐞 𝟏𝟏 𝐏𝐫𝐨 𝟐𝟓𝟔𝐆𝐁 𝐓𝐇 ꒱·🌳🍒✿. 𓈈🔖 ราคา : 𝟗,𝟑𝟓𝟎.- 🚏💖 ส่งฟรี 𓏔🪞การใช้งานปกติทุกอย่าง 𓏔🎀สแกนหน้าได้ จอมีทรูโทน 𓏔🏁มือ 𝟐 มีรอยตามการใช้งาน 𓏔☁️รีเซ็ตเครื่องได้ ไม่ติดไอคราว 𓏔🔋สุขภาพแบต 𝟏𝟎𝟎% 𓏔🌷อุปกรณ์ : ครบกล่อง เคส 𓏔🛠ประกันสินค้าหลังการขาย 𝟑𝟎 วัน ____________________________ สั่งซื้อ : 🌷🎧彡 𝗟𝗶𝗻𝗲:@𝟴𝟱𝟬𝘂𝗰𝗱𝗶𝘃(มี@) 🦙𖠵🧦♡´ ⌇🛻💭 : นัดรับบ้านโอโลภูเขียวหรือใกล้เคียง 🍮 𓈃"
192,iPhone 16 P,256GB,ศูนย์,23550,100%,ประกันสินค้าหลังการขาย 30 วัน,data/images/instagram/post_192/img_1.jpg,https://www.instagram.com/mynowphone.shop/p/DSVAq1mE1lb,"❝🌷🛣️ᯓ 𝐢𝐏𝐡𝐨𝐧𝐞 𝟏𝟔 𝐏𝐫𝐨𝐌𝐚𝐱 𝟐𝟓𝟔𝐆𝐁 𝐋𝐋 ꒱·🌳🍒✿. 𓈈🔖 ราคา : 𝟐𝟑,𝟓𝟓𝟎.- 🚏💖 ส่งฟรี ୨ৎ 🌟 วางดาวน์ : 𝟒,𝟗𝟎𝟎 ผ่อนต่อ 𝟒,𝟖𝟗𝟎*𝟏𝟎 เดือน🌟 ୨ৎ 𓏔🪞การใช้งานปกติทุกอย่าง 𓏔🎀สแกนหน้าได้ จอมีทรูโทน 𓏔🏁มือ 𝟐 มีรอยตามการใช้งาน 𓏔☁️รีเซ็ตเครื่องได้ ไม่ติดไอคราว 𓏔🔋สุขภาพแบต 𝟏𝟎𝟎% 𓏔🌷อุปกรณ์ : ครบกล่อง เคส 𓏔🛠ประกันสินค้าหลังการขาย 𝟑𝟎 วัน ____________________________ สั่งซื้อ : 🌷🎧彡 𝗟𝗶𝗻𝗲:@𝟴𝟱𝟬𝘂𝗰𝗱𝗶𝘃(มี@) 🦙𖠵🧦♡´ ⌇🛻💭 : นัดรับบ้านโอโลภูเขียวหรือใกล้เคียง 🍮 𓈃"
193,iPhone 14 P,128GB,ศูนย์,17990,100%,ประกันสินค้าหลังการขาย 30 วัน,data/images/instagram/post_193/img_1.jpg,https://www.instagram.com/mynowphone.shop/p/DSU69GOkwbO,"❝🌷🛣️ᯓ 𝐢𝐏𝐡𝐨𝐧𝐞 𝟏𝟒 𝐏𝐫𝐨𝐌𝐚𝐱 𝟏𝟐𝟖𝐆𝐁 𝐋𝐋 ꒱·🌳🍒✿. 𓈈🔖 ราคา : 𝟏𝟕,𝟗𝟗𝟎.- 🚏💖 ส่งฟรี ୨ৎ 🌟 วางดาวน์ : 𝟏,𝟗𝟎𝟎 ผ่อนต่อ 𝟑,𝟐𝟐𝟎*𝟏𝟎 เดือน🌟 ୨ৎ 𓏔🪞การใช้งานปกติทุกอย่าง 𓏔🎀สแกนหน้าได้ จอมีทรูโทน 𓏔🏁มือ 𝟐 มีรอยตามการใช้งาน 𓏔☁️รีเซ็ตเครื่องได้ ไม่ติดไอคราว 𓏔🔋สุขภาพแบต 𝟏𝟎𝟎% 𓏔🌷อุปกรณ์ : ครบกล่อง เคส 𓏔🛠ประกันสินค้าหลังการขาย 𝟑𝟎 วัน ____________________________ สั่งซื้อ : 🌷🎧彡 𝗟𝗶𝗻𝗲:@𝟴𝟱𝟬𝘂𝗰𝗱𝗶𝘃(มี@) 🦙𖠵🧦♡´ ⌇🛻💭 : นัดรับบ้านโอโลภูเขียวหรือใกล้เคียง 🍮 𓈃"
194,iPhone 14 P,128GB,ศูนย์,15990,100%,ประกันสินค้าหลังการขาย 30 วัน,data/images/instagram/post_194/img_1.jpg,https://www.instagram.com/mynowphone.shop/p/DSUjE-8k4V9,"❝🌷🛣️ᯓ 𝐢𝐏𝐡𝐨𝐧𝐞 𝟏𝟒 𝐏𝐫𝐨 𝟏𝟐𝟖𝐆𝐁 𝐋𝐋 ꒱·🌳🍒✿. 𓈈🔖 ราคา : 𝟏𝟓,𝟗𝟗𝟎.- 🚏💖 ส่งฟรี ୨ৎ 🌟 วางดาวน์ : 𝟏,𝟗𝟎𝟎 ผ่อนต่อ 𝟑,𝟎𝟖𝟎*𝟏𝟎 เดือน🌟 ୨ৎ 𓏔🪞การใช้งานปกติทุกอย่าง 𓏔🎀สแกนหน้าได้ จอมีทรูโทน 𓏔🏁มือ 𝟐 มีรอยตามการใช้งาน 𓏔☁️รีเซ็ตเครื่องได้ ไม่ติดไอคราว 𓏔🔋สุขภาพแบต 𝟏𝟎𝟎% 𓏔🌷อุปกรณ์ : ครบกล่อง เคส 𓏔🛠ประกันสินค้าหลังการขาย 𝟑𝟎 วัน ____________________________ สั่งซื้อ : 🌷🎧彡 𝗟𝗶𝗻𝗲:@𝟴𝟱𝟬𝘂𝗰𝗱𝗶𝘃(มี@) 🦙𖠵🧦♡´ ⌇🛻💭 : นัดรับบ้านโอโลภูเขียวหรือใกล้เคียง 🍮 𓈃"
195,iPhone 13 128GB TH,128GB,TH,14990,100%,ประกันสินค้าหลังการขาย 30 วัน,data/images/instagram/post_195/img_1.jpg,https://www.instagram.com/mynowphone.shop/p/DSPyvhEE_T4,"❝🌷🛣️ᯓ 𝐢𝐏𝐡𝐨𝐧𝐞 𝟏𝟑 𝟏𝟐𝟖𝐆𝐁 𝐓𝐇 ꒱·🌳🍒✿. 𓈈🔖 ราคา : 𝟏𝟒,𝟗𝟗𝟎.- 🚏💖 ส่งฟรี ୨ৎ 🌟 วางดาวน์ : 𝟑,𝟗𝟗𝟎 ผ่อนต่อ 𝟐,𝟎𝟎𝟎*𝟏𝟎 เดือน🌟 ୨ৎ 𓏔🪞การใช้งานปกติทุกอย่าง 𓏔🎀สแกนหน้าได้ จอมีทรูโทน 𓏔🏁มือ 𝟐 มีรอยตามการใช้งาน 𓏔☁️รีเซ็ตเครื่องได้ ไม่ติดไอคราว 𓏔🔋สุขภาพแบต 𝟏𝟎𝟎% 𓏔🌷อุปกรณ์ : ครบกล่อง เคส 𓏔🛠ประกันสินค้าหลังการขาย 𝟑𝟎 วัน ____________________________ สั่งซื้อ : 🌷🎧彡 𝗟𝗶𝗻𝗲:@𝟴𝟱𝟬𝘂𝗰𝗱𝗶𝘃(มี@) 🦙𖠵🧦♡´ ⌇🛻💭 : นัดรับบ้านโอโลภูเขียวหรือใกล้เคียง 🍮 𓈃"
196,iPhone 12 64GB TH,64GB,TH,9550,87%,ประกันสินค้าหลังการขาย 30 วัน,data/images/instagram/post_196/img_1.jpg,https://www.instagram.com/mynowphone.shop/p/DSPLwxBkwLq,"❝🌷🛣️ᯓ 𝐢𝐏𝐡𝐨𝐧𝐞 𝟏𝟐 𝟔𝟒𝐆𝐁 𝐓𝐇 ꒱·🌳🍒✿. 𓈈🔖 ราคา : 𝟗,𝟓𝟓𝟎.- 🚏💖 ส่งฟรี ୨ৎ 🌟 วางดาวน์ : 𝟏,𝟎𝟎𝟎 ผ่อนต่อ 𝟏,𝟗𝟖𝟎*𝟖 เดือน🌟 ୨ৎ 𓏔🪞การใช้งานปกติทุกอย่าง 𓏔🎀สแกนหน้าได้ จอมีทรูโทน 𓏔🏁มือ 𝟐 มีรอยตามการใช้งาน 𓏔☁️รีเซ็ตเครื่องได้ ไม่ติดไอคราว 𓏔🔋สุขภาพแบต 𝟖𝟕% 𓏔🌷อุปกรณ์ : ครบกล่อง เคส 𓏔🛠ประกันสินค้าหลังการขาย 𝟑𝟎 วัน ____________________________ สั่งซื้อ : 🌷🎧彡 𝗟𝗶𝗻𝗲:@𝟴𝟱𝟬𝘂𝗰𝗱𝗶𝘃(มี@) 🦙𖠵🧦♡´ ⌇🛻💭 : นัดรับบ้านโอโลภูเขียวหรือใกล้เคียง 🍮 𓈃"
197,iPhone 15 P,256GB,ศูนย์,21550,100%,ประกันสินค้าหลังการขาย 30 วัน,data/images/instagram/post_197/img_1.jpg,https://www.instagram.com/mynowphone.shop/p/DSNiOZZkyQI,"❝🌷🛣️ᯓ 𝐢𝐏𝐡𝐨𝐧𝐞 𝟏𝟓 𝐏𝐫𝐨𝐌𝐚𝐱 𝟐𝟓𝟔𝐆𝐁 𝐋𝐋 ꒱·🌳🍒✿. 𓈈🔖 ราคา : 𝟐𝟏,𝟓𝟓𝟎.- 🚏💖 ส่งฟรี ୨ৎ 🌟 วางดาวน์ : 𝟐,𝟗𝟗𝟎 ผ่อนต่อ 𝟑,𝟖𝟕𝟎*𝟏𝟎 เดือน🌟 ୨ৎ 𓏔🪞การใช้งานปกติทุกอย่าง 𓏔🎀สแกนหน้าได้ จอมีทรูโทน 𓏔🏁มือ 𝟐 มีรอยตามการใช้งาน 𓏔☁️รีเซ็ตเครื่องได้ ไม่ติดไอคราว 𓏔🔋สุขภาพแบต 𝟏𝟎𝟎% 𓏔🌷อุปกรณ์ : ครบกล่อง เคส 𓏔🛠ประกันสินค้าหลังการขาย 𝟑𝟎 วัน ____________________________ สั่งซื้อ : 🌷🎧彡 𝗟𝗶𝗻𝗲:@𝟴𝟱𝟬𝘂𝗰𝗱𝗶𝘃(มี@) 🦙𖠵🧦♡´ ⌇🛻💭 : นัดรับบ้านโอโลภูเขียวหรือใกล้เคียง 🍮 𓈃"
198,iPhone 11 P,256GB,TH,10990,100%,ประกันสินค้าหลังการขาย 30 วัน,data/images/instagram/post_198/img_1.jpg,https://www.instagram.com/mynowphone.shop/p/DSNWnDRE7W4,"❝🌷🛣️ᯓ 𝐢𝐏𝐡𝐨𝐧𝐞 𝟏𝟏 𝐏𝐫𝐨𝐌𝐚𝐱 𝟐𝟓𝟔𝐆𝐁 𝐓𝐇 ꒱·🌳🍒✿. 𓈈🔖 ราคา : 𝟏𝟎,𝟗𝟗𝟎.- 🚏💖 ส่งฟรี 𓏔🪞การใช้งานปกติทุกอย่าง 𓏔🎀สแกนหน้าได้ จอมีทรูโทน 𓏔🏁มือ 𝟐 มีรอยตามการใช้งาน 𓏔☁️รีเซ็ตเครื่องได้ ไม่ติดไอคราว 𓏔🔋สุขภาพแบต 𝟏𝟎𝟎% 𓏔🌷อุปกรณ์ : ครบกล่อง เคส 𓏔🛠ประกันสินค้าหลังการขาย 𝟑𝟎 วัน ____________________________ สั่งซื้อ : 🌷🎧彡 𝗟𝗶𝗻𝗲:@𝟴𝟱𝟬𝘂𝗰𝗱𝗶𝘃(มี@) 🦙𖠵🧦♡´ ⌇🛻💭 : นัดรับบ้านโอโลภูเขียวหรือใกล้เคียง 🍮 𓈃"
199,iPhone 16 128GB,128GB,ศูนย์,19990,100%,ประกันสินค้าหลังการขาย 30 วัน,data/images/instagram/post_199/img_1.jpg,https://www.instagram.com/mynowphone.shop/p/DSNAbnOE8tI,"❝🌷🛣️ᯓ 𝐢𝐏𝐡𝐨𝐧𝐞 𝟏𝟔 𝟏𝟐𝟖𝐆𝐁 𝐋𝐋 ꒱·🌳🍒✿. 𓈈🔖 ราคา : 𝟏𝟗,𝟗𝟗𝟎.- 🚏💖 ส่งฟรี ୨ৎ 🌟 วางดาวน์ : 𝟒,𝟗𝟗𝟎 ผ่อนต่อ 𝟐,𝟕𝟓𝟎*𝟏𝟎 เดือน🌟 ୨ৎ 𓏔🪞การใช้งานปกติทุกอย่าง 𓏔🎀สแกนหน้าได้ จอมีทรูโทน 𓏔🏁มือ 𝟐 มีรอยตามการใช้งาน 𓏔☁️รีเซ็ตเครื่องได้ ไม่ติดไอคราว 𓏔🔋สุขภาพแบต 𝟏𝟎𝟎% 𓏔🌷อุปกรณ์ : ครบกล่อง เคส 𓏔🛠ประกันสินค้าหลังการขาย 𝟑𝟎 วัน ____________________________ สั่งซื้อ : 🌷🎧彡 𝗟𝗶𝗻𝗲:@𝟴𝟱𝟬𝘂𝗰𝗱𝗶𝘃(มี@) 🦙𖠵🧦♡´ ⌇🛻💭 : นัดรับบ้านโอโลภูเขียวหรือใกล้เคียง 🍮 𓈃"
200,iPhone 14 128GB,128GB,ศูนย์,13990,100%,ประกันสินค้าหลังการขาย 15 วัน,data/images/instagram/post_200/img_1.jpg,https://www.instagram.com/mynowphone.shop/p/DSJ4kpvE5UM,"❝🌷🛣️ᯓ 𝐢𝐏𝐡𝐨𝐧𝐞 𝟏𝟒 𝟏𝟐𝟖𝐆𝐁 𝐋𝐋 ꒱·🌳🍒✿. 𓈈🔖 ราคา : 𝟏𝟑,𝟗𝟗𝟎.- 🚏💖 ส่งฟรี ୨ৎ 🌟 วางดาวน์ : 𝟗𝟗𝟎 ผ่อนต่อ 𝟐,𝟐𝟒𝟎*𝟏𝟎 เดือน🌟 ୨ৎ 𓏔🪞การใช้งานปกติทุกอย่าง 𓏔🎀สแกนหน้าได้ จอมีทรูโทน 𓏔🏁มือ 𝟐 มีรอยตามการใช้งาน 𓏔☁️รีเซ็ตเครื่องได้ ไม่ติดไอคราว 𓏔🔋สุขภาพแบต 𝟏𝟎𝟎% 𓏔🌷อุปกรณ์ : ครบกล่อง เคส 𓏔🛠ประกันสินค้าหลังการขาย 𝟏𝟓 วัน ____________________________ สั่งซื้อ : 🌷🎧彡 𝗟𝗶𝗻𝗲:@𝟴𝟱𝟬𝘂𝗰𝗱𝗶𝘃(มี@) 🦙𖠵🧦♡´ ⌇🛻💭 : นัดรับบ้านโอโลภูเขียวหรือใกล้เคียง 🍮 𓈃"
201,iPhone 15 128GB,128GB,ศูนย์,16550,100%,ประกันสินค้าหลังการขาย 15 วัน,data/images/instagram/post_201/img_1.jpg,https://www.instagram.com/mynowphone.shop/p/DSJ0tWQk4bU,"❝🌷🛣️ᯓ 𝐢𝐏𝐡𝐨𝐧𝐞 𝟏𝟓 𝟏𝟐𝟖𝐆𝐁 𝐋𝐋 ꒱·🌳🍒✿. 𓈈🔖 ราคา : 𝟏𝟔,𝟓𝟓𝟎.- 🚏💖 ส่งฟรี ୨ৎ 🌟 วางดาวน์ : 𝟗𝟗𝟎 ผ่อนต่อ 𝟐,𝟔𝟔𝟎*𝟏𝟎 เดือน🌟 ୨ৎ 𓏔🪞การใช้งานปกติทุกอย่าง 𓏔🎀สแกนหน้าได้ จอมีทรูโทน 𓏔🏁มือ 𝟐 มีรอยตามการใช้งาน 𓏔☁️รีเซ็ตเครื่องได้ ไม่ติดไอคราว 𓏔🔋สุขภาพแบต 𝟏𝟎𝟎% 𓏔🌷อุปกรณ์ : ครบกล่อง เคส 𓏔🛠ประกันสินค้าหลังการขาย 𝟏𝟓 วัน ____________________________ สั่งซื้อ : 🌷🎧彡 𝗟𝗶𝗻𝗲:@𝟴𝟱𝟬𝘂𝗰𝗱𝗶𝘃(มี@) 🦙𖠵🧦♡´ ⌇🛻💭 : นัดรับบ้านโอโลภูเขียวหรือใกล้เคียง 🍮 𓈃"
202,iPhone 15 P,256GB,ศูนย์,22990,100%,ประกันสินค้าหลังการขาย 15 วัน,data/images/instagram/post_202/img_1.jpg,https://www.instagram.com/mynowphone.shop/p/DSJxNo_k6H-,"❝🌷🛣️ᯓ 𝐢𝐏𝐡𝐨𝐧𝐞 𝟏𝟓 𝐏𝐫𝐨𝐌𝐚𝐱 𝟐𝟓𝟔𝐆𝐁 𝐋𝐋 ꒱·🌳🍒✿. 𓈈🔖 ราคา : 𝟐𝟐,𝟗𝟗𝟎.- 🚏💖 ส่งฟรี ୨ৎ 🌟 วางดาวน์ : 𝟗𝟗𝟎 ผ่อนต่อ 𝟒,𝟐𝟒𝟎*𝟏𝟎 เดือน🌟 ୨ৎ 𓏔🪞การใช้งานปกติทุกอย่าง 𓏔🎀สแกนหน้าได้ จอมีทรูโทน 𓏔🏁มือ 𝟐 มีรอยตามการใช้งาน 𓏔☁️รีเซ็ตเครื่องได้ ไม่ติดไอคราว 𓏔🔋สุขภาพแบต 𝟏𝟎𝟎% 𓏔🌷อุปกรณ์ : ครบกล่อง เคส 𓏔🛠ประกันสินค้าหลังการขาย 𝟏𝟓 วัน ____________________________ สั่งซื้อ : 🌷🎧彡 𝗟𝗶𝗻𝗲:@𝟴𝟱𝟬𝘂𝗰𝗱𝗶𝘃(มี@) 🦙𖠵🧦♡´ ⌇🛻💭 : นัดรับบ้านโอโลภูเขียวหรือใกล้เคียง 🍮 𓈃"
203,iPhone 13 P,128GB,ศูนย์,13990,100%,ประกันสินค้าหลังการขาย 15 วัน,data/images/instagram/post_203/img_1.jpg,https://www.instagram.com/mynowphone.shop/p/DSGHBfkE3JM,"❝🌷🛣️ᯓ 𝐢𝐏𝐡𝐨𝐧𝐞 𝟏𝟑 𝐏𝐫𝐨𝐌𝐚𝐱 𝟏𝟐𝟖𝐆𝐁 𝐋𝐋 ꒱·🌳🍒✿. 𓈈🔖 ราคา : 𝟏𝟑,𝟗𝟗𝟎.- 🚏💖 ส่งฟรี ⚠️กล่องไม่ตรงรุ่นนะคะ⚠️ 𓏔🪞การใช้งานปกติทุกอย่าง 𓏔🎀สแกนหน้าได้ จอมีทรูโทน 𓏔🏁มือ 𝟐 มีรอยตามการใช้งาน 𓏔☁️รีเซ็ตเครื่องได้ ไม่ติดไอคราว 𓏔🔋สุขภาพแบต 𝟏𝟎𝟎% 𓏔🌷อุปกรณ์ : ครบกล่อง เคส 𓏔🛠ประกันสินค้าหลังการขาย 𝟏𝟓 วัน ____________________________ สั่งซื้อ : 🌷🎧彡 𝗟𝗶𝗻𝗲:@𝟴𝟱𝟬𝘂𝗰𝗱𝗶𝘃(มี@) 🦙𖠵🧦♡´ ⌇🛻💭 : นัดรับบ้านโอโลภูเขียวหรือใกล้เคียง 🍮 𓈃"
204,iPhone 14 Plus 128GB,128GB,ศูนย์,12990,100%,ประกันสินค้าหลังการขาย 15 วัน,data/images/instagram/post_204/img_1.jpg,https://www.instagram.com/mynowphone.shop/p/DSGFfyRE91h,"❝🌷🛣️ᯓ 𝐢𝐏𝐡𝐨𝐧𝐞 𝟏𝟒 𝐏𝐥𝐮𝐬 𝟏𝟐𝟖𝐆𝐁 𝐋𝐋 ꒱·🌳🍒✿. 𓈈🔖 ราคา : 𝟏𝟐,𝟗𝟗𝟎.- 🚏💖 ส่งฟรี ⚠️มีตำหนิรูปสุดท้าย ขอคนรับได้คั้บ⚠️ 𓏔🪞การใช้งานปกติทุกอย่าง 𓏔🎀สแกนหน้าได้ จอมีทรูโทน 𓏔🏁มือ 𝟐 มีรอยตามการใช้งาน 𓏔☁️รีเซ็ตเครื่องได้ ไม่ติดไอคราว 𓏔🔋สุขภาพแบต 𝟏𝟎𝟎% 𓏔🌷อุปกรณ์ : ครบกล่อง เคส 𓏔🛠ประกันสินค้าหลังการขาย 𝟏𝟓 วัน ____________________________ สั่งซื้อ : 🌷🎧彡 𝗟𝗶𝗻𝗲:@𝟴𝟱𝟬𝘂𝗰𝗱𝗶𝘃(มี@) 🦙𖠵🧦♡´ ⌇🛻💭 : นัดรับบ้านโอโลภูเขียวหรือใกล้เคียง 🍮 𓈃"
205,iPhone 11 64GB TH,64GB,TH,6990,100%,ประกันสินค้าหลังการขาย 15 วัน,data/images/instagram/post_205/img_1.jpg,https://www.instagram.com/mynowphone.shop/p/DSE7fIuk3BO,"❝🌷🛣️ᯓ 𝐢𝐏𝐡𝐨𝐧𝐞 𝟏𝟏 𝟔𝟒𝐆𝐁 𝐓𝐇 ꒱·🌳🍒✿. 𓈈🔖 ราคา : 𝟔,𝟗𝟗𝟎.- 🚏💖 ส่งฟรี 𓏔🪞การใช้งานปกติทุกอย่าง 𓏔🎀สแกนหน้าได้ จอมีทรูโทน 𓏔🏁มือ 𝟐 มีรอยตามการใช้งาน 𓏔☁️รีเซ็ตเครื่องได้ ไม่ติดไอคราว 𓏔🔋สุขภาพแบต 𝟏𝟎𝟎% 𓏔🌷อุปกรณ์ : ครบกล่อง เคส 𓏔🛠ประกันสินค้าหลังการขาย 𝟏𝟓 วัน ____________________________ สั่งซื้อ : 🌷🎧彡 𝗟𝗶𝗻𝗲:@𝟴𝟱𝟬𝘂𝗰𝗱𝗶𝘃(มี@) 🦙𖠵🧦♡´ ⌇🛻💭 : นัดรับบ้านโอโลภูเขียวหรือใกล้เคียง 🍮 𓈃"
206,iPhone 15 Plus 128GB,128GB,ศูนย์,16550,100%,ประกันสินค้าหลังการขาย 30 วัน,data/images/instagram/post_206/img_1.jpg,https://www.instagram.com/mynowphone.shop/p/DSExnUAE_wG,"❝🌷🛣️ᯓ 𝐢𝐏𝐡𝐨𝐧𝐞 𝟏𝟓 𝐏𝐥𝐮𝐬 𝟏𝟐𝟖𝐆𝐁 𝐋𝐋 ꒱·🌳🍒✿. 𓈈🔖 ราคา : 𝟏𝟔,𝟓𝟓𝟎.- 🚏💖 ส่งฟรี ୨ৎ 🌟 วางดาวน์ : 𝟐,𝟗𝟎𝟎 ผ่อนต่อ 𝟑,𝟐𝟒𝟎*𝟏𝟎 เดือน🌟 ୨ৎ 𓏔🪞การใช้งานปกติทุกอย่าง 𓏔🎀สแกนหน้าได้ จอมีทรูโทน 𓏔🏁มือ 𝟐 มีรอยตามการใช้งาน 𓏔☁️รีเซ็ตเครื่องได้ ไม่ติดไอคราว 𓏔🔋สุขภาพแบต 𝟏𝟎𝟎% 𓏔🌷อุปกรณ์ : ครบกล่อง เคส 𓏔🛠ประกันสินค้าหลังการขาย 𝟑𝟎 วัน ____________________________ สั่งซื้อ : 🌷🎧彡 𝗟𝗶𝗻𝗲:@𝟴𝟱𝟬𝘂𝗰𝗱𝗶𝘃(มี@) 🦙𖠵🧦♡´ ⌇🛻💭 : นัดรับบ้านโอโลภูเขียวหรือใกล้เคียง 🍮 𓈃"
207,iPhone 15 P,256GB,ศูนย์,21550,100%,ประกันสินค้าหลังการขาย 30 วัน,data/images/instagram/post_207/img_1.jpg,https://www.instagram.com/mynowphone.shop/p/DSEpVDuEwNP,"❝🌷🛣️ᯓ 𝐢𝐏𝐡𝐨𝐧𝐞 𝟏𝟓 𝐏𝐫𝐨𝐌𝐚𝐱 𝟐𝟓𝟔𝐆𝐁 𝐋𝐋 ꒱·🌳🍒✿. 𓈈🔖 ราคา : 𝟐𝟏,𝟓𝟓𝟎.- 🚏💖 ส่งฟรี ୨ৎ 🌟 วางดาวน์ : 𝟑,𝟗𝟎𝟎 ผ่อนต่อ 𝟑,𝟖𝟕𝟎*𝟏𝟎 เดือน🌟 ୨ৎ 𓏔🪞การใช้งานปกติทุกอย่าง 𓏔🎀สแกนหน้าได้ จอมีทรูโทน 𓏔🏁มือ 𝟐 มีรอยตามการใช้งาน 𓏔☁️รีเซ็ตเครื่องได้ ไม่ติดไอคราว 𓏔🔋สุขภาพแบต 𝟏𝟎𝟎% 𓏔🌷อุปกรณ์ : ครบกล่อง เคส 𓏔🛠ประกันสินค้าหลังการขาย 𝟑𝟎 วัน ____________________________ สั่งซื้อ : 🌷🎧彡 𝗟𝗶𝗻𝗲:@𝟴𝟱𝟬𝘂𝗰𝗱𝗶𝘃(มี@) 🦙𖠵🧦♡´ ⌇🛻💭 : นัดรับบ้านโอโลภูเขียวหรือใกล้เคียง 🍮 𓈃"
208,iPhone 15 128GB,128GB,ศูนย์,15990,100%,ประกันสินค้าหลังการขาย 30 วัน,data/images/instagram/post_208/img_1.jpg,https://www.instagram.com/mynowphone.shop/p/DSCEMytkzd6,"❝🌷🛣️ᯓ 𝐢𝐏𝐡𝐨𝐧𝐞 𝟏𝟓 𝟏𝟐𝟖𝐆𝐁 𝐋𝐋 ꒱·🌳🍒✿. 𓈈🔖 ราคา : 𝟏𝟓,𝟗𝟗𝟎.- 🚏💖 ส่งฟรี ୨ৎ 🌟 วางดาวน์ : 𝟐,𝟓𝟎𝟎 ผ่อนต่อ 𝟐,𝟕𝟓𝟎*𝟏𝟎 เดือน🌟 ୨ৎ 𓏔🪞การใช้งานปกติทุกอย่าง 𓏔🎀สแกนหน้าได้ จอมีทรูโทน 𓏔🏁มือ 𝟐 มีรอยตามการใช้งาน 𓏔☁️รีเซ็ตเครื่องได้ ไม่ติดไอคราว 𓏔🔋สุขภาพแบต 𝟏𝟎𝟎% 𓏔🌷อุปกรณ์ : ครบกล่อง เคส 𓏔🛠ประกันสินค้าหลังการขาย 𝟑𝟎 วัน ____________________________ สั่งซื้อ : 🌷🎧彡 𝗟𝗶𝗻𝗲:@𝟴𝟱𝟬𝘂𝗰𝗱𝗶𝘃(มี@) 🦙𖠵🧦♡´ ⌇🛻💭 : นัดรับบ้านโอโลภูเขียวหรือใกล้เคียง 🍮 𓈃"
209,iPhone 14 P,128GB,ศูนย์,15990,100%,ประกันสินค้าหลังการขาย 30 วัน,data/images/instagram/post_209/img_1.jpg,https://www.instagram.com/mynowphone.shop/p/DSAsboYk0qc,"❝🌷🛣️ᯓ 𝐢𝐏𝐡𝐨𝐧𝐞 𝟏𝟒 𝐏𝐫𝐨 𝟏𝟐𝟖𝐆𝐁 𝐋𝐋 ꒱·🌳🍒✿. 𓈈🔖 ราคา : 𝟏𝟓,𝟗𝟗𝟎.- 🚏💖 ส่งฟรี ୨ৎ 🌟 วางดาวน์ : 𝟐,𝟓𝟎𝟎 ผ่อนต่อ 𝟐,𝟕𝟓𝟎*𝟏𝟎 เดือน🌟 ୨ৎ 𓏔🪞การใช้งานปกติทุกอย่าง 𓏔🎀สแกนหน้าได้ จอมีทรูโทน 𓏔🏁มือ 𝟐 มีรอยตามการใช้งาน 𓏔☁️รีเซ็ตเครื่องได้ ไม่ติดไอคราว 𓏔🔋สุขภาพแบต 𝟏𝟎𝟎% 𓏔🌷อุปกรณ์ : ครบกล่อง เคส 𓏔🛠ประกันสินค้าหลังการขาย 𝟑𝟎 วัน ____________________________ สั่งซื้อ : 🌷🎧彡 𝗟𝗶𝗻𝗲:@𝟴𝟱𝟬𝘂𝗰𝗱𝗶𝘃(มี@) 🦙𖠵🧦♡´ ⌇🛻💭 : นัดรับบ้านโอโลภูเขียวหรือใกล้เคียง 🍮 𓈃"
210,iPhone 12 128GB,128GB,ศูนย์,9550,100%,ประกันสินค้าหลังการขาย 30 วัน,data/images/instagram/post_210/img_1.jpg,https://www.instagram.com/mynowphone.shop/p/DSAePIakwo6,"❝🌷🛣️ᯓ 𝐢𝐏𝐡𝐨𝐧𝐞 𝟏𝟐 𝟏𝟐𝟖𝐆𝐁 โมเดลนอก ꒱·🌳🍒✿. 𓈈🔖 ราคา : 𝟗,𝟓𝟓𝟎.- 🚏💖 ส่งฟรี ୨ৎ 🌟 วางดาวน์ : 𝟏,𝟎𝟎𝟎 ผ่อนต่อ 𝟏,𝟔𝟐𝟎*𝟏𝟎 เดือน🌟 ୨ৎ 𓏔🪞การใช้งานปกติทุกอย่าง 𓏔🎀สแกนหน้าได้ จอมีทรูโทน 𓏔🏁มือ 𝟐 มีรอยตามการใช้งาน 𓏔☁️รีเซ็ตเครื่องได้ ไม่ติดไอคราว 𓏔🔋สุขภาพแบต 𝟏𝟎𝟎% 𓏔🌷อุปกรณ์ : ครบกล่อง เคส 𓏔🛠ประกันสินค้าหลังการขาย 𝟑𝟎 วัน ____________________________ สั่งซื้อ : 🌷🎧彡 𝗟𝗶𝗻𝗲:@𝟴𝟱𝟬𝘂𝗰𝗱𝗶𝘃(มี@) 🦙𖠵🧦♡´ ⌇🛻💭 : นัดรับบ้านโอโลภูเขียวหรือใกล้เคียง 🍮 𓈃"
211,iPhone 13 128GB,128GB,ศูนย์,10990,100%,ประกันสินค้าหลังการขาย 30 วัน,data/images/instagram/post_211/img_1.jpg,https://www.instagram.com/mynowphone.shop/p/DR9JH38k-Ez,"❝🌷🛣️ᯓ 𝐢𝐏𝐡𝐨𝐧𝐞 𝟏𝟑 𝟏𝟐𝟖𝐆𝐁 𝐂𝐇 ꒱·🌳🍒✿. 𓈈🔖 ราคา : 𝟏𝟎,𝟗𝟗𝟎.- 🚏💖 ส่งฟรี ୨ৎ 🌟 วางดาวน์ : 𝟏,𝟖𝟗𝟎 ผ่อนต่อ 𝟏,𝟖𝟐𝟎*𝟏𝟎 เดือน🌟 ୨ৎ 𓏔🪞การใช้งานปกติทุกอย่าง 𓏔🎀สแกนหน้าได้ จอมีทรูโทน 𓏔🏁มือ 𝟐 มีรอยตามการใช้งาน 𓏔☁️รีเซ็ตเครื่องได้ ไม่ติดไอคราว 𓏔🔋สุขภาพแบต 𝟏𝟎𝟎% 𓏔🌷อุปกรณ์ : ครบกล่อง เคส 𓏔🛠ประกันสินค้าหลังการขาย 𝟑𝟎 วัน ____________________________ สั่งซื้อ : 🌷🎧彡 𝗟𝗶𝗻𝗲:@𝟴𝟱𝟬𝘂𝗰𝗱𝗶𝘃(มี@) 🦙𖠵🧦♡´ ⌇🛻💭 : นัดรับบ้านโอโลภูเขียวหรือใกล้เคียง 🍮 𓈃"
212,iPhone 15 P,256GB,ศูนย์,21550,100%,ประกันสินค้าหลังการขาย 30 วัน,data/images/instagram/post_212/img_1.jpg,https://www.instagram.com/mynowphone.shop/p/DR89Zwikxvf,"❝🌷🛣️ᯓ 𝐢𝐏𝐡𝐨𝐧𝐞 𝟏𝟓 𝐏𝐫𝐨𝐌𝐚𝐱 𝟐𝟓𝟔𝐆𝐁 𝐋𝐋 ꒱·🌳🍒✿. 𓈈🔖 ราคา : 𝟐𝟏,𝟓𝟓𝟎.- 🚏💖 ส่งฟรี ୨ৎ 🌟 วางดาวน์ : 𝟐,𝟗𝟗𝟎 ผ่อนต่อ 𝟑,𝟕𝟕𝟎*𝟏𝟎 เดือน🌟 ୨ৎ 𓏔🪞การใช้งานปกติทุกอย่าง 𓏔🎀สแกนหน้าได้ จอมีทรูโทน 𓏔🏁มือ 𝟐 มีรอยตามการใช้งาน 𓏔☁️รีเซ็ตเครื่องได้ ไม่ติดไอคราว 𓏔🔋สุขภาพแบต 𝟏𝟎𝟎% 𓏔🌷อุปกรณ์ : ครบกล่อง เคส 𓏔🛠ประกันสินค้าหลังการขาย 𝟑𝟎 วัน ____________________________ สั่งซื้อ : 🌷🎧彡 𝗟𝗶𝗻𝗲:@𝟴𝟱𝟬𝘂𝗰𝗱𝗶𝘃(มี@) 🦙𖠵🧦♡´ ⌇🛻💭 : นัดรับบ้านโอโลภูเขียวหรือใกล้เคียง 🍮 𓈃"
213,iPhone 16 128GB,128GB,ศูนย์,19990,100%,ประกันสินค้าหลังการขาย 30 วัน,data/images/instagram/post_213/img_1.jpg,https://www.instagram.com/mynowphone.shop/p/DR82KVwE-QI,"❝🌷🛣️ᯓ 𝐢𝐏𝐡𝐨𝐧𝐞 𝟏𝟔 𝟏𝟐𝟖𝐆𝐁 𝐋𝐋 ꒱·🌳🍒✿. 𓈈🔖 ราคา : 𝟏𝟗,𝟗𝟗𝟎.- 🚏💖 ส่งฟรี ୨ৎ 🌟 วางดาวน์ : 𝟐,𝟗𝟗𝟎 ผ่อนต่อ 𝟑,𝟎𝟖𝟎*𝟏𝟎 เดือน🌟 ୨ৎ 𓏔🪞การใช้งานปกติทุกอย่าง 𓏔🎀สแกนหน้าได้ จอมีทรูโทน 𓏔🏁มือ 𝟐 มีรอยตามการใช้งาน 𓏔☁️รีเซ็ตเครื่องได้ ไม่ติดไอคราว 𓏔🔋สุขภาพแบต 𝟏𝟎𝟎% 𓏔🌷อุปกรณ์ : ครบกล่อง เคส 𓏔🛠ประกันสินค้าหลังการขาย 𝟑𝟎 วัน ____________________________ สั่งซื้อ : 🌷🎧彡 𝗟𝗶𝗻𝗲:@𝟴𝟱𝟬𝘂𝗰𝗱𝗶𝘃(มี@) 🦙𖠵🧦♡´ ⌇🛻💭 : นัดรับบ้านโอโลภูเขียวหรือใกล้เคียง 🍮 𓈃"
214,iPhone,64GB,TH,5990,100%,ประกันสินค้าหลังการขาย 30 วัน,data/images/instagram/post_214/img_1.jpg,https://www.instagram.com/mynowphone.shop/p/DR7p79Dk8T8,"❝🌷🛣️ᯓ 𝐢𝐏𝐡𝐨𝐧𝐞 𝐗𝐫 𝟔𝟒𝐆𝐁 𝐓𝐇 ꒱·🌳🍒✿. 𓈈🔖 ราคา : 𝟓,𝟗𝟗𝟎.- 🚏💖 ส่งฟรี 𓏔🪞การใช้งานปกติทุกอย่าง 𓏔🎀สแกนหน้าได้ จอมีทรูโทน 𓏔🏁มือ 𝟐 มีรอยตามการใช้งาน 𓏔☁️รีเซ็ตเครื่องได้ ไม่ติดไอคราว 𓏔🔋สุขภาพแบต 𝟏𝟎𝟎% 𓏔🌷อุปกรณ์ : ครบกล่อง เคส ฟิล์ม 𓏔🛠ประกันสินค้าหลังการขาย 𝟑𝟎 วัน ____________________________ สั่งซื้อ : 🌷🎧彡 𝗟𝗶𝗻𝗲:@𝟴𝟱𝟬𝘂𝗰𝗱𝗶𝘃(มี@) 🦙𖠵🧦♡´ ⌇🛻💭 : นัดรับบ้านโอโลภูเขียวหรือใกล้เคียง 🍮 𓈃"
215,iPhone 11 P,64GB,TH,9990,100%,ประกันสินค้าหลังการขาย 30 วัน,data/images/instagram/post_215/img_1.jpg,https://www.instagram.com/mynowphone.shop/p/DR7lYOgk5n0,"❝🌷🛣️ᯓ 𝐢𝐏𝐡𝐨𝐧𝐞 𝟏𝟏 𝐏𝐫𝐨𝐌𝐚𝐱 𝟔𝟒𝐆𝐁 𝐓𝐇 ꒱·🌳🍒✿. 𓈈🔖 ราคา : 𝟗,𝟗𝟗𝟎.- 🚏💖 ส่งฟรี 𓏔🪞การใช้งานปกติทุกอย่าง 𓏔🎀สแกนหน้าได้ จอมีทรูโทน 𓏔🏁มือ 𝟐 มีรอยตามการใช้งาน 𓏔☁️รีเซ็ตเครื่องได้ ไม่ติดไอคราว 𓏔🔋สุขภาพแบต 𝟏𝟎𝟎% 𓏔🌷อุปกรณ์ : ครบกล่อง เคส ฟิล์ม 𓏔🛠ประกันสินค้าหลังการขาย 𝟑𝟎 วัน ____________________________ สั่งซื้อ : 🌷🎧彡 𝗟𝗶𝗻𝗲:@𝟴𝟱𝟬𝘂𝗰𝗱𝗶𝘃(มี@) 🦙𖠵🧦♡´ ⌇🛻💭 : นัดรับบ้านโอโลภูเขียวหรือใกล้เคียง 🍮 𓈃"
216,iPhone,128GB,TH,6550,100%,ประกันสินค้าหลังการขาย 30 วัน,data/images/instagram/post_216/img_1.jpg,https://www.instagram.com/mynowphone.shop/p/DR7i8lDE-18,"❝🌷🛣️ᯓ 𝐢𝐏𝐡𝐨𝐧𝐞 𝐗𝐑 𝟏𝟐𝟖𝐆𝐁 𝐓𝐇 แปลงบอดี้ ꒱·🌳🍒✿. 𓈈🔖 ราคา : 𝟔,𝟓𝟓𝟎.- 🚏💖 ส่งฟรี 𓏔🪞การใช้งานปกติทุกอย่าง 𓏔🎀สแกนหน้าได้ จอมีทรูโทน 𓏔🏁มือ 𝟐 มีรอยตามการใช้งาน 𓏔☁️รีเซ็ตเครื่องได้ ไม่ติดไอคราว 𓏔🔋สุขภาพแบต 𝟏𝟎𝟎% 𓏔🌷อุปกรณ์ : ครบกล่อง 𓏔🛠ประกันสินค้าหลังการขาย 𝟑𝟎 วัน ____________________________ สั่งซื้อ : 🌷🎧彡 𝗟𝗶𝗻𝗲:@𝟴𝟱𝟬𝘂𝗰𝗱𝗶𝘃(มี@) 🦙𖠵🧦♡´ ⌇🛻💭 : นัดรับบ้านโอโลภูเขียวหรือใกล้เคียง 🍮 𓈃"
217,iPhone 15 18GB,18GB,ศูนย์,14990,100%,ประกันสินค้าหลังการขาย 30 วัน,data/images/instagram/post_217/img_1.jpg,https://www.instagram.com/mynowphone.shop/p/DR6tbFQE7ZQ,"❝🌷🛣️ᯓ 𝐢𝐏𝐡𝐨𝐧𝐞 𝟏𝟓 𝟏𝟖𝐆𝐁 𝐋𝐋 ꒱·🌳🍒✿. 𓈈🔖 ราคา : 𝟏𝟒,𝟗𝟗𝟎.- 🚏💖 ส่งฟรี ୨ৎ 🌟 วางดาวน์ : 𝟏𝟗𝟗𝟎 ผ่อนต่อ 𝟐,𝟑𝟕𝟎*𝟏𝟎 เดือน🌟 ୨ৎ 𓏔🪞การใช้งานปกติทุกอย่าง 𓏔🎀สแกนหน้าได้ จอมีทรูโทน 𓏔🏁มือ 𝟐 มีรอยตามการใช้งาน 𓏔☁️รีเซ็ตเครื่องได้ ไม่ติดไอคราว 𓏔🔋สุขภาพแบต 𝟏𝟎𝟎% 𓏔🌷อุปกรณ์ : ครบกล่อง เคส ฟิล์ม 𓏔🛠ประกันสินค้าหลังการขาย 𝟑𝟎 วัน ____________________________ สั่งซื้อ : 🌷🎧彡 𝗟𝗶𝗻𝗲:@𝟴𝟱𝟬𝘂𝗰𝗱𝗶𝘃(มี@) 🦙𖠵🧦♡´ ⌇🛻💭 : นัดรับบ้านโอโลภูเขียวหรือใกล้เคียง 🍮 𓈃"
218,iPhone 14 P,128GB,ศูนย์,15990,100%,ประกันสินค้าหลังการขาย 30 วัน,data/images/instagram/post_218/img_1.jpg,https://www.instagram.com/mynowphone.shop/p/DR6oSDgE8pV,"❝🌷🛣️ᯓ 𝐢𝐏𝐡𝐨𝐧𝐞 𝟏𝟒 𝐏𝐫𝐨 𝟏𝟐𝟖𝐆𝐁 𝐋𝐋 ꒱·🌳🍒✿. 𓈈🔖 ราคา : 𝟏𝟓,𝟗𝟗𝟎.- 🚏💖 ส่งฟรี 𓏔🪞การใช้งานปกติทุกอย่าง 𓏔🎀สแกนหน้าได้ จอมีทรูโทน 𓏔🏁มือ 𝟐 มีรอยตามการใช้งาน 𓏔☁️รีเซ็ตเครื่องได้ ไม่ติดไอคราว 𓏔🔋สุขภาพแบต 𝟏𝟎𝟎% 𓏔🌷อุปกรณ์ : ครบกล่อง เคส 𓏔🛠ประกันสินค้าหลังการขาย 𝟑𝟎 วัน ____________________________ สั่งซื้อ : 🌷🎧彡 𝗟𝗶𝗻𝗲:@𝟴𝟱𝟬𝘂𝗰𝗱𝗶𝘃(มี@) 🦙𖠵🧦♡´ ⌇🛻💭 : นัดรับบ้านโอโลภูเขียวหรือใกล้เคียง 🍮 𓈃"
219,iPhone 16 P,128GB,ศูนย์,31550,98%,ประกันสินค้าศูนย์เหลือ 19 กรกฎาคม 69,data/images/instagram/post_219/img_1.jpg,https://www.instagram.com/mynowphone.shop/p/DR6gDWpE6OM,"❝🌷🛣️ᯓ 𝐢𝐏𝐡𝐨𝐧𝐞 𝟏𝟔 𝐏𝐫𝐨 𝟏𝟐𝟖𝐆𝐁 𝐙𝐏 ꒱·🌳🍒✿. 𓈈🔖 ราคา : 𝟑𝟏,𝟓𝟓𝟎.- 🚏💖 ส่งฟรี ୨ৎ 🌟 วางดาวน์ : 𝟗,𝟗𝟕𝟓 ผ่อนต่อ 𝟑,𝟒𝟎𝟎*𝟏𝟐 เดือน🌟 ୨ৎ 𓏔🪞การใช้งานปกติทุกอย่าง 𓏔🎀สแกนหน้าได้ จอมีทรูโทน 𓏔🏁มือ 𝟐 มีรอยตามการใช้งาน 𓏔☁️รีเซ็ตเครื่องได้ ไม่ติดไอคราว 𓏔🔋สุขภาพแบต 𝟗𝟖% 𓏔🌷อุปกรณ์ : ครบกล่องตรงอีมี่ 𓏔🛠ประกันสินค้าศูนย์เหลือ 𝟏𝟗 กรกฎาคม 𝟔𝟗 ____________________________ สั่งซื้อ : 🌷🎧彡 𝗟𝗶𝗻𝗲:@𝟴𝟱𝟬𝘂𝗰𝗱𝗶𝘃(มี@) 🦙𖠵🧦♡´ ⌇🛻💭 : นัดรับบ้านโอโลภูเขียวหรือใกล้เคียง 🍮 𓈃"
220,iPhone 14 P,128GB,ศูนย์,19990,100%,ประกันสินค้าหลังการขาย 15 วัน,data/images/instagram/post_220/img_1.jpg,https://www.instagram.com/mynowphone.shop/p/DR3p75qEzaM,"❝🌷🛣️ᯓ 𝐢𝐏𝐡𝐨𝐧𝐞 𝟏𝟒 𝐏𝐫𝐨𝐌𝐚𝐱 𝟏𝟐𝟖𝐆𝐁 𝐋𝐋 ꒱·🌳🍒✿. 𓈈🔖 ราคา : 𝟏𝟗,𝟗𝟗𝟎.- 🚏💖 ส่งฟรี ୨ৎ 🌟 วางดาวน์ : 𝟗𝟗𝟎 ผ่อนต่อ 𝟑,𝟒𝟐𝟎*𝟏𝟐 เดือน🌟 ୨ৎ 𓏔🪞การใช้งานปกติทุกอย่าง 𓏔🎀สแกนหน้าได้ จอมีทรูโทน 𓏔🏁มือ 𝟐 มีรอยตามการใช้งาน 𓏔☁️รีเซ็ตเครื่องได้ ไม่ติดไอคราว 𓏔🔋สุขภาพแบต 𝟏𝟎𝟎% 𓏔🌷อุปกรณ์ : ครบกล่อง เคส 𓏔🛠ประกันสินค้าหลังการขาย 𝟏𝟓 วัน ____________________________ สั่งซื้อ : 🌷🎧彡 𝗟𝗶𝗻𝗲:@𝟴𝟱𝟬𝘂𝗰𝗱𝗶𝘃(มี@) 🦙𖠵🧦♡´ ⌇🛻💭 : นัดรับบ้านโอโลภูเขียวหรือใกล้เคียง 🍮 𓈃"
221,iPhone 13 P,128GB,ศูนย์,15990,100%,ประกันสินค้าหลังการขาย 15 วัน,data/images/instagram/post_221/img_1.jpg,https://www.instagram.com/mynowphone.shop/p/DR1YZiKE1eK,"❝🌷🛣️ᯓ 𝐢𝐏𝐡𝐨𝐧𝐞 𝟏𝟑 𝐏𝐫𝐨𝐌𝐚𝐱 𝟏𝟐𝟖𝐆𝐁 𝐋𝐋 ꒱·🌳🍒✿. 𓈈🔖 ราคา : 𝟏𝟓,𝟗𝟗𝟎.- 🚏💖 ส่งฟรี ୨ৎ 🌟 วางดาวน์ : 𝟗𝟗𝟎 ผ่อนต่อ 𝟐,𝟓𝟓𝟎*𝟏𝟐 เดือน🌟 ୨ৎ 𓏔🪞การใช้งานปกติทุกอย่าง 𓏔🎀สแกนหน้าได้ จอมีทรูโทน 𓏔🏁มือ 𝟐 มีรอยตามการใช้งาน 𓏔☁️รีเซ็ตเครื่องได้ ไม่ติดไอคราว 𓏔🔋สุขภาพแบต 𝟏𝟎𝟎% 𓏔🌷อุปกรณ์ : ครบกล่อง เคส 𓏔🛠ประกันสินค้าหลังการขาย 𝟏𝟓 วัน ____________________________ สั่งซื้อ : 🌷🎧彡 𝗟𝗶𝗻𝗲:@𝟴𝟱𝟬𝘂𝗰𝗱𝗶𝘃(มี@) 🦙𖠵🧦♡´ ⌇🛻💭 : นัดรับบ้านโอโลภูเขียวหรือใกล้เคียง 🍮 𓈃"
222,iPhone 15 P,256GB,ศูนย์,22990,100%,ประกันสินค้าหลังการขาย 15 วัน,data/images/instagram/post_222/img_1.jpg,https://www.instagram.com/mynowphone.shop/p/DR1FloAE2hG,"❝🌷🛣️ᯓ 𝐢𝐏𝐡𝐨𝐧𝐞 𝟏𝟓 𝐏𝐫𝐨𝐌𝐚𝐱 𝟐𝟓𝟔𝐆𝐁 𝐋𝐋 ꒱·🌳🍒✿. 𓈈🔖 ราคา : 𝟐𝟐,𝟗𝟗𝟎.- 🚏💖 ส่งฟรี ୨ৎ 🌟 วางดาวน์ : 𝟗𝟗𝟎 ผ่อนต่อ 𝟒,𝟐𝟑𝟎*𝟏𝟐 เดือน🌟 ୨ৎ 𓏔🪞การใช้งานปกติทุกอย่าง 𓏔🎀สแกนหน้าได้ จอมีทรูโทน 𓏔🏁มือ 𝟐 มีรอยตามการใช้งาน 𓏔☁️รีเซ็ตเครื่องได้ ไม่ติดไอคราว 𓏔🔋สุขภาพแบต 𝟏𝟎𝟎% 𓏔🌷อุปกรณ์ : ครบกล่อง เคส 𓏔🛠ประกันสินค้าหลังการขาย 𝟏𝟓 วัน ____________________________ สั่งซื้อ : 🌷🎧彡 𝗟𝗶𝗻𝗲:@𝟴𝟱𝟬𝘂𝗰𝗱𝗶𝘃(มี@) 🦙𖠵🧦♡´ ⌇🛻💭 : นัดรับบ้านโอโลภูเขียวหรือใกล้เคียง 🍮 𓈃"
223,iPhone 13 128GB,128GB,ศูนย์,11990,100%,ประกันสินค้าหลังการขาย 15 วัน,data/images/instagram/post_223/img_1.jpg,https://www.instagram.com/mynowphone.shop/p/DR08xdtk_Az,"❝🌷🛣️ᯓ 𝐢𝐏𝐡𝐨𝐧𝐞 𝟏𝟑 𝟏𝟐𝟖𝐆𝐁 โมเดลนอก ꒱·🌳🍒✿. 𓈈🔖 ราคา : 𝟏𝟏,𝟗𝟗𝟎.- 🚏💖 ส่งฟรี 𓏔🪞การใช้งานปกติทุกอย่าง 𓏔🎀สแกนหน้าได้ จอมีทรูโทน 𓏔🏁มือ 𝟐 มีรอยตามการใช้งาน 𓏔☁️รีเซ็ตเครื่องได้ ไม่ติดไอคราว 𓏔🔋สุขภาพแบต 𝟏𝟎𝟎% 𓏔🌷อุปกรณ์ : ครบกล่อง เคส 𓏔🛠ประกันสินค้าหลังการขาย 𝟏𝟓 วัน ____________________________ สั่งซื้อ : 🌷🎧彡 𝗟𝗶𝗻𝗲:@𝟴𝟱𝟬𝘂𝗰𝗱𝗶𝘃(มี@) 🦙𖠵🧦♡´ ⌇🛻💭 : นัดรับบ้านโอโลภูเขียวหรือใกล้เคียง 🍮 𓈃"
224,iPhone 14 Plus 128GB,128GB,ศูนย์,14550,100%,ประกันสินค้าหลังการขาย 15 วัน,data/images/instagram/post_224/img_1.jpg,https://www.instagram.com/mynowphone.shop/p/DRwbRArkzTG,"❝🌷🛣️ᯓ 𝐢𝐏𝐡𝐨𝐧𝐞 𝟏𝟒 𝐏𝐥𝐮𝐬 𝟏𝟐𝟖𝐆𝐁 𝐋𝐋 ꒱·🌳🍒✿. 𓈈🔖 : ราคา : 𝟏𝟒,𝟓𝟓𝟎.- 🚏💖 ส่งฟรี 𓏔🪞การใช้งานปกติทุกอย่าง 𓏔🎀สแกนหน้าได้ จอมีทรูโทน 𓏔🏁มือ 𝟐 มีรอยตามการใช้งาน 𓏔☁️รีเซ็ตเครื่องได้ ไม่ติดไอคราว 𓏔🔋สุขภาพแบต 𝟏𝟎𝟎% 𓏔🌷อุปกรณ์ : ครบกล่อง เคส 𓏔🛠ประกันสินค้าหลังการขาย 𝟏𝟓 วัน ____________________________ สั่งซื้อ : 🌷🎧彡 𝗟𝗶𝗻𝗲:@𝟴𝟱𝟬𝘂𝗰𝗱𝗶𝘃(มี@) 🦙𖠵🧦♡´ ⌇🛻💭 : นัดรับบ้านโอโลภูเขียวหรือใกล้เคียง 🍮 𓈃"
225,iPhone,64GB,TH,5550,100%,ประกันสินค้าหลังการขาย 15 วัน,data/images/instagram/post_225/img_1.jpg,https://www.instagram.com/mynowphone.shop/p/DRv__gFk-Gt,"❝🌷🛣️ᯓ 𝐢𝐏𝐡𝐨𝐧𝐞 𝐗 𝟔𝟒𝐆𝐁 𝐓𝐇 ꒱·🌳🍒✿. 𓈈🔖 : ราคา : 𝟓,𝟓𝟓𝟎.- 🚏💖 ส่งฟรี 𓏔🪞การใช้งานปกติทุกอย่าง 𓏔🎀สแกนหน้าได้ จอมีทรูโทน 𓏔🏁มือ 𝟐 มีรอยตามการใช้งาน 𓏔☁️รีเซ็ตเครื่องได้ ไม่ติดไอคราว 𓏔🔋สุขภาพแบต 𝟏𝟎𝟎% 𓏔🌷อุปกรณ์ : ครบกล่อง เคส 𓏔🛠ประกันสินค้าหลังการขาย 𝟏𝟓 วัน ____________________________ สั่งซื้อ : 🌷🎧彡 𝗟𝗶𝗻𝗲:@𝟴𝟱𝟬𝘂𝗰𝗱𝗶𝘃(มี@) 🦙𖠵🧦♡´ ⌇🛻💭 : นัดรับบ้านโอโลภูเขียวหรือใกล้เคียง 🍮 𓈃"
226,iPhone 15 128GB,128GB,ศูนย์,16550,100%,ประกันสินค้าหลังการขาย 15 วัน,data/images/instagram/post_226/img_1.jpg,https://www.instagram.com/mynowphone.shop/p/DRv-CzpE_rD,"❝🌷🛣️ᯓ 𝐢𝐏𝐡𝐨𝐧𝐞 𝟏𝟓 𝟏𝟐𝟖𝐆𝐁 โมเดลนอก ꒱·🌳🍒✿. 𓈈🔖 ราคา : 𝟏𝟔,𝟓𝟓𝟎.- 🚏💖 ส่งฟรี 𓏔🪞การใช้งานปกติทุกอย่าง 𓏔🎀สแกนหน้าได้ จอมีทรูโทน 𓏔🏁มือ 𝟐 มีรอยตามการใช้งาน 𓏔☁️รีเซ็ตเครื่องได้ ไม่ติดไอคราว 𓏔🔋สุขภาพแบต 𝟏𝟎𝟎% 𓏔🌷อุปกรณ์ : ครบกล่อง เคส 𓏔🛠ประกันสินค้าหลังการขาย 𝟏𝟓 วัน ____________________________ สั่งซื้อ : 🌷🎧彡 𝗟𝗶𝗻𝗲:@𝟴𝟱𝟬𝘂𝗰𝗱𝗶𝘃(มี@) 🦙𖠵🧦♡´ ⌇🛻💭 : นัดรับบ้านโอโลภูเขียวหรือใกล้เคียง 🍮 𓈃"
227,iPhone 16 Plus 128GB,128GB,ศูนย์,21990,100%,ประกันสินค้าหลังการขาย 30 วัน,data/images/instagram/post_227/img_1.jpg,https://www.instagram.com/mynowphone.shop/p/DRo58yUk2ZC,"❝🌷🛣️ᯓ 𝐢𝐏𝐡𝐨𝐧𝐞 𝟏𝟔 𝐏𝐥𝐮𝐬 𝟏𝟐𝟖𝐆𝐁 𝐋𝐋 ꒱·🌳🍒✿. 𓈈🔖 ราคา : 𝟐𝟏,𝟗𝟗𝟎.- 🚏💖 ส่งฟรี 𓏔🪞การใช้งานปกติทุกอย่าง 𓏔🎀สแกนหน้าได้ จอมีทรูโทน 𓏔🏁มือ 𝟐 มีรอยตามการใช้งาน 𓏔☁️รีเซ็ตเครื่องได้ ไม่ติดไอคราว 𓏔🔋สุขภาพแบต 𝟏𝟎𝟎% 𓏔🌷อุปกรณ์ : ครบกล่อง เคส 𓏔🛠ประกันสินค้าหลังการขาย 𝟑𝟎 วัน ____________________________ สั่งซื้อ : 🌷🎧彡 𝗟𝗶𝗻𝗲:@𝟴𝟱𝟬𝘂𝗰𝗱𝗶𝘃(มี@) 🦙𖠵🧦♡´ ⌇🛻💭 : นัดรับบ้านโอโลภูเขียวหรือใกล้เคียง 🍮 𓈃"
228,โทรศัพท์มือสอง,64GB,TH,11990,100%,ประกันศูนย์ไทย 21/04/2569,data/images/instagram/post_228/img_1.jpg,https://www.instagram.com/mynowphone.shop/p/DRoloIDk2_h,"❝🌷🛣️ᯓ 𝐢𝐏𝐚𝐝 𝐆𝐞𝐧𝟏𝟎 𝐰𝐢𝐟𝐢 𝟔𝟒𝐆𝐁 𝐓𝐇 ꒱·🌳🍒✿. 𓈈🔖 : ราคา : 𝟏𝟏,𝟗𝟗𝟎.- 🚏💖 ส่งฟรี 𓏔🪞การใช้งานปกติทุกอย่าง 𓏔🎀สแกนนิ้วได้ จอมีทรูโทน 𓏔🏁มือ 𝟐 มีรอยตามการใช้งาน 𓏔☁️รีเซ็ตเครื่องได้ ไม่ติดไอคราว 𓏔🔋สุขภาพแบต 𝟏𝟎𝟎% 𓏔🌷อุปกรณ์ : ไม่มีกล่อง แถมชุดชาร์จ 𓏔🛠ประกันศูนย์ไทย 𝟐𝟏/𝟎𝟒/𝟐𝟓𝟔𝟗 ____________________________ สั่งซื้อ : 🌷🎧彡 𝗟𝗶𝗻𝗲:@𝟴𝟱𝟬𝘂𝗰𝗱𝗶𝘃(มี@) 🦙𖠵🧦♡´ ⌇🛻💭 : นัดรับบ้านโอโลภูเขียวหรือใกล้เคียง 🍮 𓈃"
